<?xml version="1.0" encoding="UTF-8"?>
<kml xmlns="http://www.opengis.net/kml/2.2" xmlns:gx="http://www.google.com/kml/ext/2.2" xmlns:kml="http://www.opengis.net/kml/2.2" xmlns:atom="http://www.w3.org/2005/Atom">
<Document>
<Style id="route_n">
<IconStyle>
<Icon>
<href>http://maps.google.com/mapfiles/kml/paddle/blu-blank.png</href>
</Icon>
</IconStyle>
</Style>
<StyleMap id="route">
<Pair>
<key>normal</key>
<styleUrl>#route_n</styleUrl>
</Pair>
<Pair>
<key>highlight</key>
<styleUrl>#route_h</styleUrl>
</Pair>
</StyleMap>
<Style id="route_h">
<IconStyle>
<scale>1.2</scale>
<Icon>
<href>http://maps.google.com/mapfiles/kml/paddle/blu-blank.png</href>
</Icon>
</IconStyle>
</Style>
<Folder>
<name>Routes</name>
<Folder>
<name>甲府バイパス上り・甲府昭和IC入口</name>
<Folder>
<name>Points</name>
<Placemark>
<name>DG0120</name>
<TimeStamp><when>2026-08-02T09:07:20Z</when></TimeStamp>
<styleUrl>#route</styleUrl>
<Point>
<coordinates>138.542387,35.645316,267.894000</coordinates>
</Point>
<ExtendedData>
	<Data name="IconNumber">
		<value>901001</value>
	</Data>
</ExtendedData>
</Placemark>
<Placemark>
<name>JI0002</name>
<TimeStamp><when>2026-08-02T09:07:30Z</when></TimeStamp>
<styleUrl>#route</styleUrl>
<Point>
<coordinates>138.542679,35.645182,-0.001000</coordinates>
</Point>
<ExtendedData>
	<Data name="IconNumber">
		<value>901001</value>
	</Data>
</ExtendedData>
</Placemark>
<Placemark>
<name>JI0003</name>
<TimeStamp><when>2026-08-02T09:07:40Z</when></TimeStamp>
<styleUrl>#route</styleUrl>
<Point>
<coordinates>138.542791,35.645127,-0.001000</coordinates>
</Point>
<ExtendedData>
	<Data name="IconNumber">
		<value>901001</value>
	</Data>
</ExtendedData>
</Placemark>
<Placemark>
<name>JI0004</name>
<TimeStamp><when>2026-08-02T09:07:50Z</when></TimeStamp>
<styleUrl>#route</styleUrl>
<Point>
<coordinates>138.542909,35.645084,-0.001000</coordinates>
</Point>
<ExtendedData>
	<Data name="IconNumber">
		<value>901001</value>
	</Data>
</ExtendedData>
</Placemark>
<Placemark>
<name>JI0005</name>
<TimeStamp><when>2026-08-02T09:08:00Z</when></TimeStamp>
<styleUrl>#route</styleUrl>
<Point>
<coordinates>138.543011,35.645071,-0.001000</coordinates>
</Point>
<ExtendedData>
	<Data name="IconNumber">
		<value>901001</value>
	</Data>
</ExtendedData>
</Placemark>
<Placemark>
<name>JI0006</name>
<TimeStamp><when>2026-08-02T09:08:10Z</when></TimeStamp>
<styleUrl>#route</styleUrl>
<Point>
<coordinates>138.543097,35.645071,-0.001000</coordinates>
</Point>
<ExtendedData>
	<Data name="IconNumber">
		<value>901001</value>
	</Data>
</ExtendedData>
</Placemark>
<Placemark>
<name>JI0007</name>
<TimeStamp><when>2026-08-02T09:08:20Z</when></TimeStamp>
<styleUrl>#route</styleUrl>
<Point>
<coordinates>138.543215,35.645096,-0.001000</coordinates>
</Point>
<ExtendedData>
	<Data name="IconNumber">
		<value>901001</value>
	</Data>
</ExtendedData>
</Placemark>
<Placemark>
<name>JI0008</name>
<TimeStamp><when>2026-08-02T09:08:30Z</when></TimeStamp>
<styleUrl>#route</styleUrl>
<Point>
<coordinates>138.543290,35.645131,-0.001000</coordinates>
</Point>
<ExtendedData>
	<Data name="IconNumber">
		<value>901001</value>
	</Data>
</ExtendedData>
</Placemark>
<Placemark>
<name>JI0009</name>
<TimeStamp><when>2026-08-02T09:08:40Z</when></TimeStamp>
<styleUrl>#route</styleUrl>
<Point>
<coordinates>138.543381,35.645195,-0.001000</coordinates>
</Point>
<ExtendedData>
	<Data name="IconNumber">
		<value>901001</value>
	</Data>
</ExtendedData>
</Placemark>
<Placemark>
<name>JI0010</name>
<TimeStamp><when>2026-08-02T09:08:50Z</when></TimeStamp>
<styleUrl>#route</styleUrl>
<Point>
<coordinates>138.543457,35.645302,-0.001000</coordinates>
</Point>
<ExtendedData>
	<Data name="IconNumber">
		<value>901001</value>
	</Data>
</ExtendedData>
</Placemark>
<Placemark>
<name>JI0011</name>
<TimeStamp><when>2026-08-02T09:09:00Z</when></TimeStamp>
<styleUrl>#route</styleUrl>
<Point>
<coordinates>138.543473,35.645410,-0.001000</coordinates>
</Point>
<ExtendedData>
	<Data name="IconNumber">
		<value>901001</value>
	</Data>
</ExtendedData>
</Placemark>
<Placemark>
<name>JI0012</name>
<TimeStamp><when>2026-08-02T09:09:10Z</when></TimeStamp>
<styleUrl>#route</styleUrl>
<Point>
<coordinates>138.543467,35.645487,-0.001000</coordinates>
</Point>
<ExtendedData>
	<Data name="IconNumber">
		<value>901001</value>
	</Data>
</ExtendedData>
</Placemark>
<Placemark>
<name>JI0013</name>
<TimeStamp><when>2026-08-02T09:09:20Z</when></TimeStamp>
<styleUrl>#route</styleUrl>
<Point>
<coordinates>138.543440,35.645573,-0.001000</coordinates>
</Point>
<ExtendedData>
	<Data name="IconNumber">
		<value>901001</value>
	</Data>
</ExtendedData>
</Placemark>
<Placemark>
<name>JI0014</name>
<TimeStamp><when>2026-08-02T09:09:30Z</when></TimeStamp>
<styleUrl>#route</styleUrl>
<Point>
<coordinates>138.543381,35.645663,-0.001000</coordinates>
</Point>
<ExtendedData>
	<Data name="IconNumber">
		<value>901001</value>
	</Data>
</ExtendedData>
</Placemark>
<Placemark>
<name>JI0015</name>
<TimeStamp><when>2026-08-02T09:09:40Z</when></TimeStamp>
<styleUrl>#route</styleUrl>
<Point>
<coordinates>138.543322,35.645714,-0.001000</coordinates>
</Point>
<ExtendedData>
	<Data name="IconNumber">
		<value>901001</value>
	</Data>
</ExtendedData>
</Placemark>
<Placemark>
<name>JI0016</name>
<TimeStamp><when>2026-08-02T09:09:50Z</when></TimeStamp>
<styleUrl>#route</styleUrl>
<Point>
<coordinates>138.543242,35.645770,-0.001000</coordinates>
</Point>
<ExtendedData>
	<Data name="IconNumber">
		<value>901001</value>
	</Data>
</ExtendedData>
</Placemark>
<Placemark>
<name>JI0017</name>
<TimeStamp><when>2026-08-02T09:10:00Z</when></TimeStamp>
<styleUrl>#route</styleUrl>
<Point>
<coordinates>138.543161,35.645800,-0.001000</coordinates>
</Point>
<ExtendedData>
	<Data name="IconNumber">
		<value>901001</value>
	</Data>
</ExtendedData>
</Placemark>
<Placemark>
<name>JI0018</name>
<TimeStamp><when>2026-08-02T09:10:10Z</when></TimeStamp>
<styleUrl>#route</styleUrl>
<Point>
<coordinates>138.543054,35.645830,-0.001000</coordinates>
</Point>
<ExtendedData>
	<Data name="IconNumber">
		<value>901001</value>
	</Data>
</ExtendedData>
</Placemark>
<Placemark>
<name>JI0019</name>
<TimeStamp><when>2026-08-02T09:10:20Z</when></TimeStamp>
<styleUrl>#route</styleUrl>
<Point>
<coordinates>138.542942,35.645843,-0.001000</coordinates>
</Point>
<ExtendedData>
	<Data name="IconNumber">
		<value>901001</value>
	</Data>
</ExtendedData>
</Placemark>
<Placemark>
<name>JI0020</name>
<TimeStamp><when>2026-08-02T09:10:30Z</when></TimeStamp>
<styleUrl>#route</styleUrl>
<Point>
<coordinates>138.542824,35.645839,-0.001000</coordinates>
</Point>
<ExtendedData>
	<Data name="IconNumber">
		<value>901001</value>
	</Data>
</ExtendedData>
</Placemark>
<Placemark>
<name>JI0021</name>
<TimeStamp><when>2026-08-02T09:10:40Z</when></TimeStamp>
<styleUrl>#route</styleUrl>
<Point>
<coordinates>138.542689,35.645813,-0.001000</coordinates>
</Point>
<ExtendedData>
	<Data name="IconNumber">
		<value>901001</value>
	</Data>
</ExtendedData>
</Placemark>
<Placemark>
<name>JI0022</name>
<TimeStamp><when>2026-08-02T09:10:50Z</when></TimeStamp>
<styleUrl>#route</styleUrl>
<Point>
<coordinates>138.542566,35.645770,-0.001000</coordinates>
</Point>
<ExtendedData>
	<Data name="IconNumber">
		<value>901001</value>
	</Data>
</ExtendedData>
</Placemark>
<Placemark>
<name>JI0023</name>
<TimeStamp><when>2026-08-02T09:11:00Z</when></TimeStamp>
<styleUrl>#route</styleUrl>
<Point>
<coordinates>138.542469,35.645727,-0.001000</coordinates>
</Point>
<ExtendedData>
	<Data name="IconNumber">
		<value>901001</value>
	</Data>
</ExtendedData>
</Placemark>
<Placemark>
<name>JI0024</name>
<TimeStamp><when>2026-08-02T09:11:10Z</when></TimeStamp>
<styleUrl>#route</styleUrl>
<Point>
<coordinates>138.542384,35.645680,-0.001000</coordinates>
</Point>
<ExtendedData>
	<Data name="IconNumber">
		<value>901001</value>
	</Data>
</ExtendedData>
</Placemark>
<Placemark>
<name>JI0025</name>
<TimeStamp><when>2026-08-02T09:11:20Z</when></TimeStamp>
<styleUrl>#route</styleUrl>
<Point>
<coordinates>138.542287,35.645620,-0.001000</coordinates>
</Point>
<ExtendedData>
	<Data name="IconNumber">
		<value>901001</value>
	</Data>
</ExtendedData>
</Placemark>
<Placemark>
<name>JI0026</name>
<TimeStamp><when>2026-08-02T09:11:30Z</when></TimeStamp>
<styleUrl>#route</styleUrl>
<Point>
<coordinates>138.542207,35.645560,-0.001000</coordinates>
</Point>
<ExtendedData>
	<Data name="IconNumber">
		<value>901001</value>
	</Data>
</ExtendedData>
</Placemark>
<Placemark>
<name>JI0027</name>
<TimeStamp><when>2026-08-02T09:11:40Z</when></TimeStamp>
<styleUrl>#route</styleUrl>
<Point>
<coordinates>138.541826,35.645234,-0.001000</coordinates>
</Point>
<ExtendedData>
	<Data name="IconNumber">
		<value>901001</value>
	</Data>
</ExtendedData>
</Placemark>
<Placemark>
<name>JI0028</name>
<TimeStamp><when>2026-08-02T09:11:50Z</when></TimeStamp>
<styleUrl>#route</styleUrl>
<Point>
<coordinates>138.541606,35.645049,-0.001000</coordinates>
</Point>
<ExtendedData>
	<Data name="IconNumber">
		<value>901001</value>
	</Data>
</ExtendedData>
</Placemark>
<Placemark>
<name>JI0029</name>
<TimeStamp><when>2026-08-02T09:12:00Z</when></TimeStamp>
<styleUrl>#route</styleUrl>
<Point>
<coordinates>138.541434,35.644908,-0.001000</coordinates>
</Point>
<ExtendedData>
	<Data name="IconNumber">
		<value>901001</value>
	</Data>
</ExtendedData>
</Placemark>
<Placemark>
<name>JI0030</name>
<TimeStamp><when>2026-08-02T09:12:10Z</when></TimeStamp>
<styleUrl>#route</styleUrl>
<Point>
<coordinates>138.541155,35.644710,-0.001000</coordinates>
</Point>
<ExtendedData>
	<Data name="IconNumber">
		<value>901001</value>
	</Data>
</ExtendedData>
</Placemark>
<Placemark>
<name>AC0008</name>
<TimeStamp><when>2026-08-02T09:12:20Z</when></TimeStamp>
<styleUrl>#route</styleUrl>
<Point>
<coordinates>138.540285,35.644160,265.103000</coordinates>
</Point>
<ExtendedData>
	<Data name="IconNumber">
		<value>901001</value>
	</Data>
</ExtendedData>
</Placemark>
</Folder>
<Placemark>
<name>Path</name>
<Style>
<LineStyle>
 <color>ff0000ff</color>
 <width>2</width>
</LineStyle>
</Style>
<LineString>
<tessellate>1</tessellate>
<coordinates>
138.542387,35.645316,267.894000
138.542679,35.645182,-0.001000
138.542791,35.645127,-0.001000
138.542909,35.645084,-0.001000
138.543011,35.645071,-0.001000
138.543097,35.645071,-0.001000
138.543215,35.645096,-0.001000
138.543290,35.645131,-0.001000
138.543381,35.645195,-0.001000
138.543457,35.645302,-0.001000
138.543473,35.645410,-0.001000
138.543467,35.645487,-0.001000
138.543440,35.645573,-0.001000
138.543381,35.645663,-0.001000
138.543322,35.645714,-0.001000
138.543242,35.645770,-0.001000
138.543161,35.645800,-0.001000
138.543054,35.645830,-0.001000
138.542942,35.645843,-0.001000
138.542824,35.645839,-0.001000
138.542689,35.645813,-0.001000
138.542566,35.645770,-0.001000
138.542469,35.645727,-0.001000
138.542384,35.645680,-0.001000
138.542287,35.645620,-0.001000
138.542207,35.645560,-0.001000
138.541826,35.645234,-0.001000
138.541606,35.645049,-0.001000
138.541434,35.644908,-0.001000
138.541155,35.644710,-0.001000
138.540285,35.644160,265.103000
</coordinates>
</LineString>
</Placemark>
</Folder>
<Folder>
<name>甲府徳行立体北</name>
<Folder>
<name>Points</name>
<Placemark>
<name>JH0001</name>
<TimeStamp><when>2026-08-02T09:05:04Z</when></TimeStamp>
<styleUrl>#route</styleUrl>
<Point>
<coordinates>138.540758,35.648517,-0.001000</coordinates>
</Point>
<ExtendedData>
	<Data name="IconNumber">
		<value>901001</value>
	</Data>
</ExtendedData>
</Placemark>
<Placemark>
<name>JH0002</name>
<TimeStamp><when>2026-08-02T09:05:14Z</when></TimeStamp>
<styleUrl>#route</styleUrl>
<Point>
<coordinates>138.540941,35.648379,-0.001000</coordinates>
</Point>
<ExtendedData>
	<Data name="IconNumber">
		<value>901001</value>
	</Data>
</ExtendedData>
</Placemark>
<Placemark>
<name>JH0003</name>
<TimeStamp><when>2026-08-02T09:05:24Z</when></TimeStamp>
<styleUrl>#route</styleUrl>
<Point>
<coordinates>138.541016,35.648302,-0.001000</coordinates>
</Point>
<ExtendedData>
	<Data name="IconNumber">
		<value>901001</value>
	</Data>
</ExtendedData>
</Placemark>
<Placemark>
<name>JH0004</name>
<TimeStamp><when>2026-08-02T09:05:34Z</when></TimeStamp>
<styleUrl>#route</styleUrl>
<Point>
<coordinates>138.541048,35.648242,-0.001000</coordinates>
</Point>
<ExtendedData>
	<Data name="IconNumber">
		<value>901001</value>
	</Data>
</ExtendedData>
</Placemark>
<Placemark>
<name>JH0005</name>
<TimeStamp><when>2026-08-02T09:05:44Z</when></TimeStamp>
<styleUrl>#route</styleUrl>
<Point>
<coordinates>138.541059,35.648174,-0.001000</coordinates>
</Point>
<ExtendedData>
	<Data name="IconNumber">
		<value>901001</value>
	</Data>
</ExtendedData>
</Placemark>
<Placemark>
<name>JH0006</name>
<TimeStamp><when>2026-08-02T09:05:54Z</when></TimeStamp>
<styleUrl>#route</styleUrl>
<Point>
<coordinates>138.541053,35.648105,-0.001000</coordinates>
</Point>
<ExtendedData>
	<Data name="IconNumber">
		<value>901001</value>
	</Data>
</ExtendedData>
</Placemark>
<Placemark>
<name>JH0007</name>
<TimeStamp><when>2026-08-02T09:06:04Z</when></TimeStamp>
<styleUrl>#route</styleUrl>
<Point>
<coordinates>138.541032,35.648028,-0.001000</coordinates>
</Point>
<ExtendedData>
	<Data name="IconNumber">
		<value>901001</value>
	</Data>
</ExtendedData>
</Placemark>
<Placemark>
<name>JH0008</name>
<TimeStamp><when>2026-08-02T09:06:14Z</when></TimeStamp>
<styleUrl>#route</styleUrl>
<Point>
<coordinates>138.540984,35.647950,-0.001000</coordinates>
</Point>
<ExtendedData>
	<Data name="IconNumber">
		<value>901001</value>
	</Data>
</ExtendedData>
</Placemark>
<Placemark>
<name>JH0009</name>
<TimeStamp><when>2026-08-02T09:06:24Z</when></TimeStamp>
<styleUrl>#route</styleUrl>
<Point>
<coordinates>138.540914,35.647882,-0.001000</coordinates>
</Point>
<ExtendedData>
	<Data name="IconNumber">
		<value>901001</value>
	</Data>
</ExtendedData>
</Placemark>
<Placemark>
<name>JH0010</name>
<TimeStamp><when>2026-08-02T09:06:34Z</when></TimeStamp>
<styleUrl>#route</styleUrl>
<Point>
<coordinates>138.540667,35.647684,-0.001000</coordinates>
</Point>
<ExtendedData>
	<Data name="IconNumber">
		<value>901001</value>
	</Data>
</ExtendedData>
</Placemark>
<Placemark>
<name>JH0011</name>
<TimeStamp><when>2026-08-02T09:06:44Z</when></TimeStamp>
<styleUrl>#route</styleUrl>
<Point>
<coordinates>138.540501,35.647513,-0.001000</coordinates>
</Point>
<ExtendedData>
	<Data name="IconNumber">
		<value>901001</value>
	</Data>
</ExtendedData>
</Placemark>
<Placemark>
<name>JH0012</name>
<TimeStamp><when>2026-08-02T09:06:54Z</when></TimeStamp>
<styleUrl>#route</styleUrl>
<Point>
<coordinates>138.540195,35.647264,-0.001000</coordinates>
</Point>
<ExtendedData>
	<Data name="IconNumber">
		<value>901001</value>
	</Data>
</ExtendedData>
</Placemark>
<Placemark>
<name>JH0013</name>
<TimeStamp><when>2026-08-02T09:07:04Z</when></TimeStamp>
<styleUrl>#route</styleUrl>
<Point>
<coordinates>138.540114,35.647186,-0.001000</coordinates>
</Point>
<ExtendedData>
	<Data name="IconNumber">
		<value>901001</value>
	</Data>
</ExtendedData>
</Placemark>
<Placemark>
<name>DG0119</name>
<TimeStamp><when>2026-08-02T09:07:14Z</when></TimeStamp>
<styleUrl>#route</styleUrl>
<Point>
<coordinates>138.540038,35.647076,269.307000</coordinates>
</Point>
<ExtendedData>
	<Data name="IconNumber">
		<value>901001</value>
	</Data>
</ExtendedData>
</Placemark>
</Folder>
<Placemark>
<name>Path</name>
<Style>
<LineStyle>
 <color>ff0000ff</color>
 <width>2</width>
</LineStyle>
</Style>
<LineString>
<tessellate>1</tessellate>
<coordinates>
138.540758,35.648517,-0.001000
138.540941,35.648379,-0.001000
138.541016,35.648302,-0.001000
138.541048,35.648242,-0.001000
138.541059,35.648174,-0.001000
138.541053,35.648105,-0.001000
138.541032,35.648028,-0.001000
138.540984,35.647950,-0.001000
138.540914,35.647882,-0.001000
138.540667,35.647684,-0.001000
138.540501,35.647513,-0.001000
138.540195,35.647264,-0.001000
138.540114,35.647186,-0.001000
138.540038,35.647076,269.307000
</coordinates>
</LineString>
</Placemark>
</Folder>
<Folder>
<name>甲府国道52号上石田改良</name>
<Folder>
<name>Points</name>
<Placemark>
<name>CK0059</name>
<TimeStamp><when>2026-08-02T09:02:36Z</when></TimeStamp>
<styleUrl>#route</styleUrl>
<Point>
<coordinates>138.549914,35.657922,269.296000</coordinates>
</Point>
<ExtendedData>
	<Data name="IconNumber">
		<value>901001</value>
	</Data>
</ExtendedData>
</Placemark>
<Placemark>
<name>JG0002</name>
<TimeStamp><when>2026-08-02T09:02:46Z</when></TimeStamp>
<styleUrl>#route</styleUrl>
<Point>
<coordinates>138.549422,35.658010,-0.001000</coordinates>
</Point>
<ExtendedData>
	<Data name="IconNumber">
		<value>901001</value>
	</Data>
</ExtendedData>
</Placemark>
<Placemark>
<name>JG0003</name>
<TimeStamp><when>2026-08-02T09:02:56Z</when></TimeStamp>
<styleUrl>#route</styleUrl>
<Point>
<coordinates>138.549074,35.658068,-0.001000</coordinates>
</Point>
<ExtendedData>
	<Data name="IconNumber">
		<value>901001</value>
	</Data>
</ExtendedData>
</Placemark>
<Placemark>
<name>JG0004</name>
<TimeStamp><when>2026-08-02T09:03:06Z</when></TimeStamp>
<styleUrl>#route</styleUrl>
<Point>
<coordinates>138.548847,35.658113,-0.001000</coordinates>
</Point>
<ExtendedData>
	<Data name="IconNumber">
		<value>901001</value>
	</Data>
</ExtendedData>
</Placemark>
<Placemark>
<name>JG0005</name>
<TimeStamp><when>2026-08-02T09:03:16Z</when></TimeStamp>
<styleUrl>#route</styleUrl>
<Point>
<coordinates>138.548637,35.658156,-0.001000</coordinates>
</Point>
<ExtendedData>
	<Data name="IconNumber">
		<value>901001</value>
	</Data>
</ExtendedData>
</Placemark>
<Placemark>
<name>JG0006</name>
<TimeStamp><when>2026-08-02T09:03:26Z</when></TimeStamp>
<styleUrl>#route</styleUrl>
<Point>
<coordinates>138.548499,35.658188,-0.001000</coordinates>
</Point>
<ExtendedData>
	<Data name="IconNumber">
		<value>901001</value>
	</Data>
</ExtendedData>
</Placemark>
<Placemark>
<name>JG0007</name>
<TimeStamp><when>2026-08-02T09:03:36Z</when></TimeStamp>
<styleUrl>#route</styleUrl>
<Point>
<coordinates>138.548260,35.658253,-0.001000</coordinates>
</Point>
<ExtendedData>
	<Data name="IconNumber">
		<value>901001</value>
	</Data>
</ExtendedData>
</Placemark>
<Placemark>
<name>JG0008</name>
<TimeStamp><when>2026-08-02T09:03:46Z</when></TimeStamp>
<styleUrl>#route</styleUrl>
<Point>
<coordinates>138.548106,35.658298,-0.001000</coordinates>
</Point>
<ExtendedData>
	<Data name="IconNumber">
		<value>901001</value>
	</Data>
</ExtendedData>
</Placemark>
<Placemark>
<name>JG0009</name>
<TimeStamp><when>2026-08-02T09:03:56Z</when></TimeStamp>
<styleUrl>#route</styleUrl>
<Point>
<coordinates>138.547964,35.658343,-0.001000</coordinates>
</Point>
<ExtendedData>
	<Data name="IconNumber">
		<value>901001</value>
	</Data>
</ExtendedData>
</Placemark>
<Placemark>
<name>JG0010</name>
<TimeStamp><when>2026-08-02T09:04:06Z</when></TimeStamp>
<styleUrl>#route</styleUrl>
<Point>
<coordinates>138.547859,35.658376,-0.001000</coordinates>
</Point>
<ExtendedData>
	<Data name="IconNumber">
		<value>901001</value>
	</Data>
</ExtendedData>
</Placemark>
<Placemark>
<name>JG0011</name>
<TimeStamp><when>2026-08-02T09:04:16Z</when></TimeStamp>
<styleUrl>#route</styleUrl>
<Point>
<coordinates>138.547730,35.658428,-0.001000</coordinates>
</Point>
<ExtendedData>
	<Data name="IconNumber">
		<value>901001</value>
	</Data>
</ExtendedData>
</Placemark>
<Placemark>
<name>JG0012</name>
<TimeStamp><when>2026-08-02T09:04:26Z</when></TimeStamp>
<styleUrl>#route</styleUrl>
<Point>
<coordinates>138.547568,35.658486,-0.001000</coordinates>
</Point>
<ExtendedData>
	<Data name="IconNumber">
		<value>901001</value>
	</Data>
</ExtendedData>
</Placemark>
<Placemark>
<name>JG0013</name>
<TimeStamp><when>2026-08-02T09:04:36Z</when></TimeStamp>
<styleUrl>#route</styleUrl>
<Point>
<coordinates>138.547361,35.658557,-0.001000</coordinates>
</Point>
<ExtendedData>
	<Data name="IconNumber">
		<value>901001</value>
	</Data>
</ExtendedData>
</Placemark>
<Placemark>
<name>FX0060</name>
<TimeStamp><when>2026-08-02T09:04:46Z</when></TimeStamp>
<styleUrl>#route</styleUrl>
<Point>
<coordinates>138.547011,35.658701,-0.001000</coordinates>
</Point>
<ExtendedData>
	<Data name="IconNumber">
		<value>901001</value>
	</Data>
</ExtendedData>
</Placemark>
</Folder>
<Placemark>
<name>Path</name>
<Style>
<LineStyle>
 <color>ff0000ff</color>
 <width>2</width>
</LineStyle>
</Style>
<LineString>
<tessellate>1</tessellate>
<coordinates>
138.549914,35.657922,269.296000
138.549422,35.658010,-0.001000
138.549074,35.658068,-0.001000
138.548847,35.658113,-0.001000
138.548637,35.658156,-0.001000
138.548499,35.658188,-0.001000
138.548260,35.658253,-0.001000
138.548106,35.658298,-0.001000
138.547964,35.658343,-0.001000
138.547859,35.658376,-0.001000
138.547730,35.658428,-0.001000
138.547568,35.658486,-0.001000
138.547361,35.658557,-0.001000
138.547011,35.658701,-0.001000
</coordinates>
</LineString>
</Placemark>
</Folder>
<Folder>
<name>甲府富士見通り北・中央病院東</name>
<Folder>
<name>Points</name>
<Placemark>
<name>JG0005</name>
<TimeStamp><when>2026-08-02T09:00:22Z</when></TimeStamp>
<styleUrl>#route</styleUrl>
<Point>
<coordinates>138.553478,35.678314,-0.001000</coordinates>
</Point>
<ExtendedData>
	<Data name="IconNumber">
		<value>901001</value>
	</Data>
</ExtendedData>
</Placemark>
<Placemark>
<name>JF0002</name>
<TimeStamp><when>2026-08-02T09:00:32Z</when></TimeStamp>
<styleUrl>#route</styleUrl>
<Point>
<coordinates>138.553431,35.678101,-0.001000</coordinates>
</Point>
<ExtendedData>
	<Data name="IconNumber">
		<value>901001</value>
	</Data>
</ExtendedData>
</Placemark>
<Placemark>
<name>JF0003</name>
<TimeStamp><when>2026-08-02T09:00:42Z</when></TimeStamp>
<styleUrl>#route</styleUrl>
<Point>
<coordinates>138.553409,35.677976,-0.001000</coordinates>
</Point>
<ExtendedData>
	<Data name="IconNumber">
		<value>901001</value>
	</Data>
</ExtendedData>
</Placemark>
<Placemark>
<name>JF0004</name>
<TimeStamp><when>2026-08-02T09:00:52Z</when></TimeStamp>
<styleUrl>#route</styleUrl>
<Point>
<coordinates>138.553399,35.677865,-0.001000</coordinates>
</Point>
<ExtendedData>
	<Data name="IconNumber">
		<value>901001</value>
	</Data>
</ExtendedData>
</Placemark>
<Placemark>
<name>JF0005</name>
<TimeStamp><when>2026-08-02T09:01:02Z</when></TimeStamp>
<styleUrl>#route</styleUrl>
<Point>
<coordinates>138.553383,35.677663,-0.001000</coordinates>
</Point>
<ExtendedData>
	<Data name="IconNumber">
		<value>901001</value>
	</Data>
</ExtendedData>
</Placemark>
<Placemark>
<name>JF0006</name>
<TimeStamp><when>2026-08-02T09:01:12Z</when></TimeStamp>
<styleUrl>#route</styleUrl>
<Point>
<coordinates>138.553249,35.676895,-0.001000</coordinates>
</Point>
<ExtendedData>
	<Data name="IconNumber">
		<value>901001</value>
	</Data>
</ExtendedData>
</Placemark>
<Placemark>
<name>JF0007</name>
<TimeStamp><when>2026-08-02T09:01:22Z</when></TimeStamp>
<styleUrl>#route</styleUrl>
<Point>
<coordinates>138.553190,35.676616,-0.001000</coordinates>
</Point>
<ExtendedData>
	<Data name="IconNumber">
		<value>901001</value>
	</Data>
</ExtendedData>
</Placemark>
<Placemark>
<name>JF0008</name>
<TimeStamp><when>2026-08-02T09:01:32Z</when></TimeStamp>
<styleUrl>#route</styleUrl>
<Point>
<coordinates>138.553034,35.675805,-0.001000</coordinates>
</Point>
<ExtendedData>
	<Data name="IconNumber">
		<value>901001</value>
	</Data>
</ExtendedData>
</Placemark>
<Placemark>
<name>JF0009</name>
<TimeStamp><when>2026-08-02T09:01:42Z</when></TimeStamp>
<styleUrl>#route</styleUrl>
<Point>
<coordinates>138.552964,35.675376,-0.001000</coordinates>
</Point>
<ExtendedData>
	<Data name="IconNumber">
		<value>901001</value>
	</Data>
</ExtendedData>
</Placemark>
<Placemark>
<name>JF0010</name>
<TimeStamp><when>2026-08-02T09:01:52Z</when></TimeStamp>
<styleUrl>#route</styleUrl>
<Point>
<coordinates>138.552905,35.675032,-0.001000</coordinates>
</Point>
<ExtendedData>
	<Data name="IconNumber">
		<value>901001</value>
	</Data>
</ExtendedData>
</Placemark>
<Placemark>
<name>JF0011</name>
<TimeStamp><when>2026-08-02T09:02:02Z</when></TimeStamp>
<styleUrl>#route</styleUrl>
<Point>
<coordinates>138.552766,35.674251,-0.001000</coordinates>
</Point>
<ExtendedData>
	<Data name="IconNumber">
		<value>901001</value>
	</Data>
</ExtendedData>
</Placemark>
<Placemark>
<name>JF0012</name>
<TimeStamp><when>2026-08-02T09:02:12Z</when></TimeStamp>
<styleUrl>#route</styleUrl>
<Point>
<coordinates>138.552755,35.674140,-0.001000</coordinates>
</Point>
<ExtendedData>
	<Data name="IconNumber">
		<value>901001</value>
	</Data>
</ExtendedData>
</Placemark>
<Placemark>
<name>JF0013</name>
<TimeStamp><when>2026-08-02T09:02:22Z</when></TimeStamp>
<styleUrl>#route</styleUrl>
<Point>
<coordinates>138.552744,35.674011,-0.001000</coordinates>
</Point>
<ExtendedData>
	<Data name="IconNumber">
		<value>901001</value>
	</Data>
</ExtendedData>
</Placemark>
<Placemark>
<name>JF0014</name>
<TimeStamp><when>2026-08-02T09:02:32Z</when></TimeStamp>
<styleUrl>#route</styleUrl>
<Point>
<coordinates>138.552734,35.673732,-0.001000</coordinates>
</Point>
<ExtendedData>
	<Data name="IconNumber">
		<value>901001</value>
	</Data>
</ExtendedData>
</Placemark>
<Placemark>
<name>JF0015</name>
<TimeStamp><when>2026-08-02T09:02:42Z</when></TimeStamp>
<styleUrl>#route</styleUrl>
<Point>
<coordinates>138.552750,35.673564,-0.001000</coordinates>
</Point>
<ExtendedData>
	<Data name="IconNumber">
		<value>901001</value>
	</Data>
</ExtendedData>
</Placemark>
<Placemark>
<name>JF0016</name>
<TimeStamp><when>2026-08-02T09:02:52Z</when></TimeStamp>
<styleUrl>#route</styleUrl>
<Point>
<coordinates>138.552771,35.673341,-0.001000</coordinates>
</Point>
<ExtendedData>
	<Data name="IconNumber">
		<value>901001</value>
	</Data>
</ExtendedData>
</Placemark>
<Placemark>
<name>JF0017</name>
<TimeStamp><when>2026-08-02T09:03:02Z</when></TimeStamp>
<styleUrl>#route</styleUrl>
<Point>
<coordinates>138.552809,35.673144,-0.001000</coordinates>
</Point>
<ExtendedData>
	<Data name="IconNumber">
		<value>901001</value>
	</Data>
</ExtendedData>
</Placemark>
<Placemark>
<name>JF0018</name>
<TimeStamp><when>2026-08-02T09:03:12Z</when></TimeStamp>
<styleUrl>#route</styleUrl>
<Point>
<coordinates>138.552846,35.672998,-0.001000</coordinates>
</Point>
<ExtendedData>
	<Data name="IconNumber">
		<value>901001</value>
	</Data>
</ExtendedData>
</Placemark>
<Placemark>
<name>JF0019</name>
<TimeStamp><when>2026-08-02T09:03:22Z</when></TimeStamp>
<styleUrl>#route</styleUrl>
<Point>
<coordinates>138.552916,35.672818,-0.001000</coordinates>
</Point>
<ExtendedData>
	<Data name="IconNumber">
		<value>901001</value>
	</Data>
</ExtendedData>
</Placemark>
<Placemark>
<name>JF0020</name>
<TimeStamp><when>2026-08-02T09:03:32Z</when></TimeStamp>
<styleUrl>#route</styleUrl>
<Point>
<coordinates>138.552953,35.672702,-0.001000</coordinates>
</Point>
<ExtendedData>
	<Data name="IconNumber">
		<value>901001</value>
	</Data>
</ExtendedData>
</Placemark>
<Placemark>
<name>JF0021</name>
<TimeStamp><when>2026-08-02T09:03:42Z</when></TimeStamp>
<styleUrl>#route</styleUrl>
<Point>
<coordinates>138.553071,35.672444,-0.001000</coordinates>
</Point>
<ExtendedData>
	<Data name="IconNumber">
		<value>901001</value>
	</Data>
</ExtendedData>
</Placemark>
<Placemark>
<name>JF0022</name>
<TimeStamp><when>2026-08-02T09:03:52Z</when></TimeStamp>
<styleUrl>#route</styleUrl>
<Point>
<coordinates>138.553152,35.672294,-0.001000</coordinates>
</Point>
<ExtendedData>
	<Data name="IconNumber">
		<value>901001</value>
	</Data>
</ExtendedData>
</Placemark>
<Placemark>
<name>AZ0410</name>
<TimeStamp><when>2026-08-02T09:04:02Z</when></TimeStamp>
<styleUrl>#route</styleUrl>
<Point>
<coordinates>138.553284,35.672088,274.977000</coordinates>
</Point>
<ExtendedData>
	<Data name="IconNumber">
		<value>901001</value>
	</Data>
</ExtendedData>
</Placemark>
</Folder>
<Placemark>
<name>Path</name>
<Style>
<LineStyle>
 <color>ff0000ff</color>
 <width>2</width>
</LineStyle>
</Style>
<LineString>
<tessellate>1</tessellate>
<coordinates>
138.553478,35.678314,-0.001000
138.553431,35.678101,-0.001000
138.553409,35.677976,-0.001000
138.553399,35.677865,-0.001000
138.553383,35.677663,-0.001000
138.553249,35.676895,-0.001000
138.553190,35.676616,-0.001000
138.553034,35.675805,-0.001000
138.552964,35.675376,-0.001000
138.552905,35.675032,-0.001000
138.552766,35.674251,-0.001000
138.552755,35.674140,-0.001000
138.552744,35.674011,-0.001000
138.552734,35.673732,-0.001000
138.552750,35.673564,-0.001000
138.552771,35.673341,-0.001000
138.552809,35.673144,-0.001000
138.552846,35.672998,-0.001000
138.552916,35.672818,-0.001000
138.552953,35.672702,-0.001000
138.553071,35.672444,-0.001000
138.553152,35.672294,-0.001000
138.553284,35.672088,274.977000
</coordinates>
</LineString>
</Placemark>
</Folder>
<Folder>
<name>甲府緑が丘・総合グランド入口</name>
<Folder>
<name>Points</name>
<Placemark>
<name>JD0033</name>
<TimeStamp><when>2026-08-02T08:57:45Z</when></TimeStamp>
<styleUrl>#route</styleUrl>
<Point>
<coordinates>138.559853,35.680671,-0.001000</coordinates>
</Point>
<ExtendedData>
	<Data name="IconNumber">
		<value>901001</value>
	</Data>
</ExtendedData>
</Placemark>
<Placemark>
<name>JE0002</name>
<TimeStamp><when>2026-08-02T08:57:55Z</when></TimeStamp>
<styleUrl>#route</styleUrl>
<Point>
<coordinates>138.559813,35.680104,-0.001000</coordinates>
</Point>
<ExtendedData>
	<Data name="IconNumber">
		<value>901001</value>
	</Data>
</ExtendedData>
</Placemark>
<Placemark>
<name>JE0003</name>
<TimeStamp><when>2026-08-02T08:58:05Z</when></TimeStamp>
<styleUrl>#route</styleUrl>
<Point>
<coordinates>138.559784,35.679895,-0.001000</coordinates>
</Point>
<ExtendedData>
	<Data name="IconNumber">
		<value>901001</value>
	</Data>
</ExtendedData>
</Placemark>
<Placemark>
<name>JE0004</name>
<TimeStamp><when>2026-08-02T08:58:15Z</when></TimeStamp>
<styleUrl>#route</styleUrl>
<Point>
<coordinates>138.559756,35.679715,-0.001000</coordinates>
</Point>
<ExtendedData>
	<Data name="IconNumber">
		<value>901001</value>
	</Data>
</ExtendedData>
</Placemark>
<Placemark>
<name>JE0005</name>
<TimeStamp><when>2026-08-02T08:58:25Z</when></TimeStamp>
<styleUrl>#route</styleUrl>
<Point>
<coordinates>138.559727,35.679582,-0.001000</coordinates>
</Point>
<ExtendedData>
	<Data name="IconNumber">
		<value>901001</value>
	</Data>
</ExtendedData>
</Placemark>
<Placemark>
<name>JE0006</name>
<TimeStamp><when>2026-08-02T08:58:35Z</when></TimeStamp>
<styleUrl>#route</styleUrl>
<Point>
<coordinates>138.559659,35.679392,-0.001000</coordinates>
</Point>
<ExtendedData>
	<Data name="IconNumber">
		<value>901001</value>
	</Data>
</ExtendedData>
</Placemark>
<Placemark>
<name>JE0007</name>
<TimeStamp><when>2026-08-02T08:58:45Z</when></TimeStamp>
<styleUrl>#route</styleUrl>
<Point>
<coordinates>138.559369,35.678556,-0.001000</coordinates>
</Point>
<ExtendedData>
	<Data name="IconNumber">
		<value>901001</value>
	</Data>
</ExtendedData>
</Placemark>
<Placemark>
<name>JE0008</name>
<TimeStamp><when>2026-08-02T08:58:55Z</when></TimeStamp>
<styleUrl>#route</styleUrl>
<Point>
<coordinates>138.559064,35.677740,-0.001000</coordinates>
</Point>
<ExtendedData>
	<Data name="IconNumber">
		<value>901001</value>
	</Data>
</ExtendedData>
</Placemark>
<Placemark>
<name>JE0009</name>
<TimeStamp><when>2026-08-02T08:59:05Z</when></TimeStamp>
<styleUrl>#route</styleUrl>
<Point>
<coordinates>138.558946,35.677418,-0.001000</coordinates>
</Point>
<ExtendedData>
	<Data name="IconNumber">
		<value>901001</value>
	</Data>
</ExtendedData>
</Placemark>
<Placemark>
<name>JE0010</name>
<TimeStamp><when>2026-08-02T08:59:15Z</when></TimeStamp>
<styleUrl>#route</styleUrl>
<Point>
<coordinates>138.558785,35.676976,-0.001000</coordinates>
</Point>
<ExtendedData>
	<Data name="IconNumber">
		<value>901001</value>
	</Data>
</ExtendedData>
</Placemark>
<Placemark>
<name>CK0073</name>
<TimeStamp><when>2026-08-02T08:59:25Z</when></TimeStamp>
<styleUrl>#route</styleUrl>
<Point>
<coordinates>138.558680,35.676745,283.306000</coordinates>
</Point>
<ExtendedData>
	<Data name="IconNumber">
		<value>901001</value>
	</Data>
</ExtendedData>
</Placemark>
</Folder>
<Placemark>
<name>Path</name>
<Style>
<LineStyle>
 <color>ff0000ff</color>
 <width>2</width>
</LineStyle>
</Style>
<LineString>
<tessellate>1</tessellate>
<coordinates>
138.559853,35.680671,-0.001000
138.559813,35.680104,-0.001000
138.559784,35.679895,-0.001000
138.559756,35.679715,-0.001000
138.559727,35.679582,-0.001000
138.559659,35.679392,-0.001000
138.559369,35.678556,-0.001000
138.559064,35.677740,-0.001000
138.558946,35.677418,-0.001000
138.558785,35.676976,-0.001000
138.558680,35.676745,283.306000
</coordinates>
</LineString>
</Placemark>
</Folder>
<Folder>
<name>甲府北新駐在所前・緑が丘スポーツ公園</name>
<Folder>
<name>Points</name>
<Placemark>
<name>JD0008</name>
<TimeStamp><when>2026-08-02T08:54:20Z</when></TimeStamp>
<styleUrl>#route</styleUrl>
<Point>
<coordinates>138.565070,35.678397,-1.000000</coordinates>
</Point>
<ExtendedData>
	<Data name="IconNumber">
		<value>901001</value>
	</Data>
</ExtendedData>
</Placemark>
<Placemark>
<name>JD0002</name>
<TimeStamp><when>2026-08-02T08:54:30Z</when></TimeStamp>
<styleUrl>#route</styleUrl>
<Point>
<coordinates>138.564992,35.678444,-0.001000</coordinates>
</Point>
<ExtendedData>
	<Data name="IconNumber">
		<value>901001</value>
	</Data>
</ExtendedData>
</Placemark>
<Placemark>
<name>JD0003</name>
<TimeStamp><when>2026-08-02T08:54:40Z</when></TimeStamp>
<styleUrl>#route</styleUrl>
<Point>
<coordinates>138.564730,35.678667,-0.001000</coordinates>
</Point>
<ExtendedData>
	<Data name="IconNumber">
		<value>901001</value>
	</Data>
</ExtendedData>
</Placemark>
<Placemark>
<name>JD0004</name>
<TimeStamp><when>2026-08-02T08:54:50Z</when></TimeStamp>
<styleUrl>#route</styleUrl>
<Point>
<coordinates>138.564472,35.678877,-0.001000</coordinates>
</Point>
<ExtendedData>
	<Data name="IconNumber">
		<value>901001</value>
	</Data>
</ExtendedData>
</Placemark>
<Placemark>
<name>JD0005</name>
<TimeStamp><when>2026-08-02T08:55:00Z</when></TimeStamp>
<styleUrl>#route</styleUrl>
<Point>
<coordinates>138.564064,35.679225,-0.001000</coordinates>
</Point>
<ExtendedData>
	<Data name="IconNumber">
		<value>901001</value>
	</Data>
</ExtendedData>
</Placemark>
<Placemark>
<name>JD0006</name>
<TimeStamp><when>2026-08-02T08:55:10Z</when></TimeStamp>
<styleUrl>#route</styleUrl>
<Point>
<coordinates>138.563920,35.679337,-0.001000</coordinates>
</Point>
<ExtendedData>
	<Data name="IconNumber">
		<value>901001</value>
	</Data>
</ExtendedData>
</Placemark>
<Placemark>
<name>JD0007</name>
<TimeStamp><when>2026-08-02T08:55:20Z</when></TimeStamp>
<styleUrl>#route</styleUrl>
<Point>
<coordinates>138.563737,35.679461,-0.001000</coordinates>
</Point>
<ExtendedData>
	<Data name="IconNumber">
		<value>901001</value>
	</Data>
</ExtendedData>
</Placemark>
<Placemark>
<name>JD0008</name>
<TimeStamp><when>2026-08-02T08:55:30Z</when></TimeStamp>
<styleUrl>#route</styleUrl>
<Point>
<coordinates>138.563624,35.679525,-0.001000</coordinates>
</Point>
<ExtendedData>
	<Data name="IconNumber">
		<value>901001</value>
	</Data>
</ExtendedData>
</Placemark>
<Placemark>
<name>JD0009</name>
<TimeStamp><when>2026-08-02T08:55:40Z</when></TimeStamp>
<styleUrl>#route</styleUrl>
<Point>
<coordinates>138.563313,35.679680,-0.001000</coordinates>
</Point>
<ExtendedData>
	<Data name="IconNumber">
		<value>901001</value>
	</Data>
</ExtendedData>
</Placemark>
<Placemark>
<name>JD0010</name>
<TimeStamp><when>2026-08-02T08:55:50Z</when></TimeStamp>
<styleUrl>#route</styleUrl>
<Point>
<coordinates>138.563152,35.679766,-0.001000</coordinates>
</Point>
<ExtendedData>
	<Data name="IconNumber">
		<value>901001</value>
	</Data>
</ExtendedData>
</Placemark>
<Placemark>
<name>JD0011</name>
<TimeStamp><when>2026-08-02T08:56:00Z</when></TimeStamp>
<styleUrl>#route</styleUrl>
<Point>
<coordinates>138.563088,35.679809,-0.001000</coordinates>
</Point>
<ExtendedData>
	<Data name="IconNumber">
		<value>901001</value>
	</Data>
</ExtendedData>
</Placemark>
<Placemark>
<name>JD0012</name>
<TimeStamp><when>2026-08-02T08:56:10Z</when></TimeStamp>
<styleUrl>#route</styleUrl>
<Point>
<coordinates>138.563061,35.679860,-0.001000</coordinates>
</Point>
<ExtendedData>
	<Data name="IconNumber">
		<value>901001</value>
	</Data>
</ExtendedData>
</Placemark>
<Placemark>
<name>JD0013</name>
<TimeStamp><when>2026-08-02T08:56:20Z</when></TimeStamp>
<styleUrl>#route</styleUrl>
<Point>
<coordinates>138.563013,35.680049,-0.001000</coordinates>
</Point>
<ExtendedData>
	<Data name="IconNumber">
		<value>901001</value>
	</Data>
</ExtendedData>
</Placemark>
<Placemark>
<name>JD0014</name>
<TimeStamp><when>2026-08-02T08:56:30Z</when></TimeStamp>
<styleUrl>#route</styleUrl>
<Point>
<coordinates>138.562954,35.680392,-0.001000</coordinates>
</Point>
<ExtendedData>
	<Data name="IconNumber">
		<value>901001</value>
	</Data>
</ExtendedData>
</Placemark>
<Placemark>
<name>JD0015</name>
<TimeStamp><when>2026-08-02T08:56:40Z</when></TimeStamp>
<styleUrl>#route</styleUrl>
<Point>
<coordinates>138.562932,35.680435,-0.001000</coordinates>
</Point>
<ExtendedData>
	<Data name="IconNumber">
		<value>901001</value>
	</Data>
</ExtendedData>
</Placemark>
<Placemark>
<name>JD0016</name>
<TimeStamp><when>2026-08-02T08:56:50Z</when></TimeStamp>
<styleUrl>#route</styleUrl>
<Point>
<coordinates>138.562884,35.680465,-0.001000</coordinates>
</Point>
<ExtendedData>
	<Data name="IconNumber">
		<value>901001</value>
	</Data>
</ExtendedData>
</Placemark>
<Placemark>
<name>JD0017</name>
<TimeStamp><when>2026-08-02T08:57:00Z</when></TimeStamp>
<styleUrl>#route</styleUrl>
<Point>
<coordinates>138.562820,35.680478,-0.001000</coordinates>
</Point>
<ExtendedData>
	<Data name="IconNumber">
		<value>901001</value>
	</Data>
</ExtendedData>
</Placemark>
<Placemark>
<name>JD0018</name>
<TimeStamp><when>2026-08-02T08:57:10Z</when></TimeStamp>
<styleUrl>#route</styleUrl>
<Point>
<coordinates>138.562702,35.680504,-0.001000</coordinates>
</Point>
<ExtendedData>
	<Data name="IconNumber">
		<value>901001</value>
	</Data>
</ExtendedData>
</Placemark>
<Placemark>
<name>JD0019</name>
<TimeStamp><when>2026-08-02T08:57:20Z</when></TimeStamp>
<styleUrl>#route</styleUrl>
<Point>
<coordinates>138.562294,35.680594,-0.001000</coordinates>
</Point>
<ExtendedData>
	<Data name="IconNumber">
		<value>901001</value>
	</Data>
</ExtendedData>
</Placemark>
<Placemark>
<name>JD0020</name>
<TimeStamp><when>2026-08-02T08:57:30Z</when></TimeStamp>
<styleUrl>#route</styleUrl>
<Point>
<coordinates>138.562058,35.680646,-0.001000</coordinates>
</Point>
<ExtendedData>
	<Data name="IconNumber">
		<value>901001</value>
	</Data>
</ExtendedData>
</Placemark>
<Placemark>
<name>JD0021</name>
<TimeStamp><when>2026-08-02T08:57:40Z</when></TimeStamp>
<styleUrl>#route</styleUrl>
<Point>
<coordinates>138.561527,35.680779,-0.001000</coordinates>
</Point>
<ExtendedData>
	<Data name="IconNumber">
		<value>901001</value>
	</Data>
</ExtendedData>
</Placemark>
<Placemark>
<name>JD0022</name>
<TimeStamp><when>2026-08-02T08:57:50Z</when></TimeStamp>
<styleUrl>#route</styleUrl>
<Point>
<coordinates>138.561388,35.680688,-0.001000</coordinates>
</Point>
<ExtendedData>
	<Data name="IconNumber">
		<value>901001</value>
	</Data>
</ExtendedData>
</Placemark>
<Placemark>
<name>JD0023</name>
<TimeStamp><when>2026-08-02T08:58:00Z</when></TimeStamp>
<styleUrl>#route</styleUrl>
<Point>
<coordinates>138.561302,35.680637,-0.001000</coordinates>
</Point>
<ExtendedData>
	<Data name="IconNumber">
		<value>901001</value>
	</Data>
</ExtendedData>
</Placemark>
<Placemark>
<name>JD0024</name>
<TimeStamp><when>2026-08-02T08:58:10Z</when></TimeStamp>
<styleUrl>#route</styleUrl>
<Point>
<coordinates>138.561216,35.680598,-0.001000</coordinates>
</Point>
<ExtendedData>
	<Data name="IconNumber">
		<value>901001</value>
	</Data>
</ExtendedData>
</Placemark>
<Placemark>
<name>JD0025</name>
<TimeStamp><when>2026-08-02T08:58:20Z</when></TimeStamp>
<styleUrl>#route</styleUrl>
<Point>
<coordinates>138.561114,35.680564,-0.001000</coordinates>
</Point>
<ExtendedData>
	<Data name="IconNumber">
		<value>901001</value>
	</Data>
</ExtendedData>
</Placemark>
<Placemark>
<name>JD0026</name>
<TimeStamp><when>2026-08-02T08:58:30Z</when></TimeStamp>
<styleUrl>#route</styleUrl>
<Point>
<coordinates>138.560948,35.680521,-0.001000</coordinates>
</Point>
<ExtendedData>
	<Data name="IconNumber">
		<value>901001</value>
	</Data>
</ExtendedData>
</Placemark>
<Placemark>
<name>JD0027</name>
<TimeStamp><when>2026-08-02T08:58:40Z</when></TimeStamp>
<styleUrl>#route</styleUrl>
<Point>
<coordinates>138.560840,35.680504,-0.001000</coordinates>
</Point>
<ExtendedData>
	<Data name="IconNumber">
		<value>901001</value>
	</Data>
</ExtendedData>
</Placemark>
<Placemark>
<name>JD0028</name>
<TimeStamp><when>2026-08-02T08:58:50Z</when></TimeStamp>
<styleUrl>#route</styleUrl>
<Point>
<coordinates>138.560728,35.680500,-0.001000</coordinates>
</Point>
<ExtendedData>
	<Data name="IconNumber">
		<value>901001</value>
	</Data>
</ExtendedData>
</Placemark>
<Placemark>
<name>JD0029</name>
<TimeStamp><when>2026-08-02T08:59:00Z</when></TimeStamp>
<styleUrl>#route</styleUrl>
<Point>
<coordinates>138.560637,35.680500,-0.001000</coordinates>
</Point>
<ExtendedData>
	<Data name="IconNumber">
		<value>901001</value>
	</Data>
</ExtendedData>
</Placemark>
<Placemark>
<name>JD0030</name>
<TimeStamp><when>2026-08-02T08:59:10Z</when></TimeStamp>
<styleUrl>#route</styleUrl>
<Point>
<coordinates>138.560524,35.680512,-0.001000</coordinates>
</Point>
<ExtendedData>
	<Data name="IconNumber">
		<value>901001</value>
	</Data>
</ExtendedData>
</Placemark>
<Placemark>
<name>JD0031</name>
<TimeStamp><when>2026-08-02T08:59:20Z</when></TimeStamp>
<styleUrl>#route</styleUrl>
<Point>
<coordinates>138.560347,35.680547,-0.001000</coordinates>
</Point>
<ExtendedData>
	<Data name="IconNumber">
		<value>901001</value>
	</Data>
</ExtendedData>
</Placemark>
<Placemark>
<name>JD0032</name>
<TimeStamp><when>2026-08-02T08:59:30Z</when></TimeStamp>
<styleUrl>#route</styleUrl>
<Point>
<coordinates>138.560111,35.680611,-0.001000</coordinates>
</Point>
<ExtendedData>
	<Data name="IconNumber">
		<value>901001</value>
	</Data>
</ExtendedData>
</Placemark>
<Placemark>
<name>JD0033</name>
<TimeStamp><when>2026-08-02T08:59:40Z</when></TimeStamp>
<styleUrl>#route</styleUrl>
<Point>
<coordinates>138.559853,35.680671,-0.001000</coordinates>
</Point>
<ExtendedData>
	<Data name="IconNumber">
		<value>901001</value>
	</Data>
</ExtendedData>
</Placemark>
<Placemark>
<name>JD0034</name>
<TimeStamp><when>2026-08-02T08:59:50Z</when></TimeStamp>
<styleUrl>#route</styleUrl>
<Point>
<coordinates>138.559868,35.680833,-0.001000</coordinates>
</Point>
<ExtendedData>
	<Data name="IconNumber">
		<value>901001</value>
	</Data>
</ExtendedData>
</Placemark>
<Placemark>
<name>JD0035</name>
<TimeStamp><when>2026-08-02T09:00:00Z</when></TimeStamp>
<styleUrl>#route</styleUrl>
<Point>
<coordinates>138.559875,35.680930,-0.001000</coordinates>
</Point>
<ExtendedData>
	<Data name="IconNumber">
		<value>901001</value>
	</Data>
</ExtendedData>
</Placemark>
<Placemark>
<name>JD0036</name>
<TimeStamp><when>2026-08-02T09:00:10Z</when></TimeStamp>
<styleUrl>#route</styleUrl>
<Point>
<coordinates>138.559889,35.681027,-0.001000</coordinates>
</Point>
<ExtendedData>
	<Data name="IconNumber">
		<value>901001</value>
	</Data>
</ExtendedData>
</Placemark>
<Placemark>
<name>JD0037</name>
<TimeStamp><when>2026-08-02T09:00:20Z</when></TimeStamp>
<styleUrl>#route</styleUrl>
<Point>
<coordinates>138.559911,35.681139,-0.001000</coordinates>
</Point>
<ExtendedData>
	<Data name="IconNumber">
		<value>901001</value>
	</Data>
</ExtendedData>
</Placemark>
<Placemark>
<name>JD0038</name>
<TimeStamp><when>2026-08-02T09:00:30Z</when></TimeStamp>
<styleUrl>#route</styleUrl>
<Point>
<coordinates>138.559946,35.681282,-0.001000</coordinates>
</Point>
<ExtendedData>
	<Data name="IconNumber">
		<value>901001</value>
	</Data>
</ExtendedData>
</Placemark>
<Placemark>
<name>JD0039</name>
<TimeStamp><when>2026-08-02T09:00:40Z</when></TimeStamp>
<styleUrl>#route</styleUrl>
<Point>
<coordinates>138.560032,35.681554,-0.001000</coordinates>
</Point>
<ExtendedData>
	<Data name="IconNumber">
		<value>901001</value>
	</Data>
</ExtendedData>
</Placemark>
<Placemark>
<name>JD0040</name>
<TimeStamp><when>2026-08-02T09:00:50Z</when></TimeStamp>
<styleUrl>#route</styleUrl>
<Point>
<coordinates>138.560132,35.681874,-0.001000</coordinates>
</Point>
<ExtendedData>
	<Data name="IconNumber">
		<value>901001</value>
	</Data>
</ExtendedData>
</Placemark>
<Placemark>
<name>JD0041</name>
<TimeStamp><when>2026-08-02T09:01:00Z</when></TimeStamp>
<styleUrl>#route</styleUrl>
<Point>
<coordinates>138.560218,35.682158,-0.001000</coordinates>
</Point>
<ExtendedData>
	<Data name="IconNumber">
		<value>901001</value>
	</Data>
</ExtendedData>
</Placemark>
<Placemark>
<name>JD0042</name>
<TimeStamp><when>2026-08-02T09:01:10Z</when></TimeStamp>
<styleUrl>#route</styleUrl>
<Point>
<coordinates>138.560329,35.682512,-0.001000</coordinates>
</Point>
<ExtendedData>
	<Data name="IconNumber">
		<value>901001</value>
	</Data>
</ExtendedData>
</Placemark>
<Placemark>
<name>JD0043</name>
<TimeStamp><when>2026-08-02T09:01:20Z</when></TimeStamp>
<styleUrl>#route</styleUrl>
<Point>
<coordinates>138.560411,35.682773,-0.001000</coordinates>
</Point>
<ExtendedData>
	<Data name="IconNumber">
		<value>901001</value>
	</Data>
</ExtendedData>
</Placemark>
<Placemark>
<name>JD0044</name>
<TimeStamp><when>2026-08-02T09:01:30Z</when></TimeStamp>
<styleUrl>#route</styleUrl>
<Point>
<coordinates>138.560483,35.683016,-0.001000</coordinates>
</Point>
<ExtendedData>
	<Data name="IconNumber">
		<value>901001</value>
	</Data>
</ExtendedData>
</Placemark>
<Placemark>
<name>JD0045</name>
<TimeStamp><when>2026-08-02T09:01:40Z</when></TimeStamp>
<styleUrl>#route</styleUrl>
<Point>
<coordinates>138.560544,35.683222,-0.001000</coordinates>
</Point>
<ExtendedData>
	<Data name="IconNumber">
		<value>901001</value>
	</Data>
</ExtendedData>
</Placemark>
<Placemark>
<name>JD0046</name>
<TimeStamp><when>2026-08-02T09:01:50Z</when></TimeStamp>
<styleUrl>#route</styleUrl>
<Point>
<coordinates>138.560615,35.683448,-0.001000</coordinates>
</Point>
<ExtendedData>
	<Data name="IconNumber">
		<value>901001</value>
	</Data>
</ExtendedData>
</Placemark>
<Placemark>
<name>JD0047</name>
<TimeStamp><when>2026-08-02T09:02:00Z</when></TimeStamp>
<styleUrl>#route</styleUrl>
<Point>
<coordinates>138.560662,35.683611,-0.001000</coordinates>
</Point>
<ExtendedData>
	<Data name="IconNumber">
		<value>901001</value>
	</Data>
</ExtendedData>
</Placemark>
<Placemark>
<name>JD0048</name>
<TimeStamp><when>2026-08-02T09:02:10Z</when></TimeStamp>
<styleUrl>#route</styleUrl>
<Point>
<coordinates>138.560708,35.683777,-0.001000</coordinates>
</Point>
<ExtendedData>
	<Data name="IconNumber">
		<value>901001</value>
	</Data>
</ExtendedData>
</Placemark>
<Placemark>
<name>JD0049</name>
<TimeStamp><when>2026-08-02T09:02:20Z</when></TimeStamp>
<styleUrl>#route</styleUrl>
<Point>
<coordinates>138.560762,35.683957,-0.001000</coordinates>
</Point>
<ExtendedData>
	<Data name="IconNumber">
		<value>901001</value>
	</Data>
</ExtendedData>
</Placemark>
<Placemark>
<name>JD0050</name>
<TimeStamp><when>2026-08-02T09:02:30Z</when></TimeStamp>
<styleUrl>#route</styleUrl>
<Point>
<coordinates>138.560815,35.684123,-0.001000</coordinates>
</Point>
<ExtendedData>
	<Data name="IconNumber">
		<value>901001</value>
	</Data>
</ExtendedData>
</Placemark>
<Placemark>
<name>JD0051</name>
<TimeStamp><when>2026-08-02T09:02:40Z</when></TimeStamp>
<styleUrl>#route</styleUrl>
<Point>
<coordinates>138.560873,35.684300,-0.001000</coordinates>
</Point>
<ExtendedData>
	<Data name="IconNumber">
		<value>901001</value>
	</Data>
</ExtendedData>
</Placemark>
</Folder>
<Placemark>
<name>Path</name>
<Style>
<LineStyle>
 <color>ff0000ff</color>
 <width>2</width>
</LineStyle>
</Style>
<LineString>
<tessellate>1</tessellate>
<coordinates>
138.565070,35.678397,-1.000000
138.564992,35.678444,-0.001000
138.564730,35.678667,-0.001000
138.564472,35.678877,-0.001000
138.564064,35.679225,-0.001000
138.563920,35.679337,-0.001000
138.563737,35.679461,-0.001000
138.563624,35.679525,-0.001000
138.563313,35.679680,-0.001000
138.563152,35.679766,-0.001000
138.563088,35.679809,-0.001000
138.563061,35.679860,-0.001000
138.563013,35.680049,-0.001000
138.562954,35.680392,-0.001000
138.562932,35.680435,-0.001000
138.562884,35.680465,-0.001000
138.562820,35.680478,-0.001000
138.562702,35.680504,-0.001000
138.562294,35.680594,-0.001000
138.562058,35.680646,-0.001000
138.561527,35.680779,-0.001000
138.561388,35.680688,-0.001000
138.561302,35.680637,-0.001000
138.561216,35.680598,-0.001000
138.561114,35.680564,-0.001000
138.560948,35.680521,-0.001000
138.560840,35.680504,-0.001000
138.560728,35.680500,-0.001000
138.560637,35.680500,-0.001000
138.560524,35.680512,-0.001000
138.560347,35.680547,-0.001000
138.560111,35.680611,-0.001000
138.559853,35.680671,-0.001000
138.559868,35.680833,-0.001000
138.559875,35.680930,-0.001000
138.559889,35.681027,-0.001000
138.559911,35.681139,-0.001000
138.559946,35.681282,-0.001000
138.560032,35.681554,-0.001000
138.560132,35.681874,-0.001000
138.560218,35.682158,-0.001000
138.560329,35.682512,-0.001000
138.560411,35.682773,-0.001000
138.560483,35.683016,-0.001000
138.560544,35.683222,-0.001000
138.560615,35.683448,-0.001000
138.560662,35.683611,-0.001000
138.560708,35.683777,-0.001000
138.560762,35.683957,-0.001000
138.560815,35.684123,-0.001000
138.560873,35.684300,-0.001000
</coordinates>
</LineString>
</Placemark>
</Folder>
<Folder>
<name>昇仙峡県営駐車場・千代田小</name>
<Folder>
<name>Points</name>
<Placemark>
<name>XC0120</name>
<TimeStamp><when>2026-08-02T08:44:33Z</when></TimeStamp>
<styleUrl>#route</styleUrl>
<Point>
<coordinates>138.566068,35.738719,-0.001000</coordinates>
</Point>
<ExtendedData>
	<Data name="IconNumber">
		<value>901001</value>
	</Data>
</ExtendedData>
</Placemark>
<Placemark>
<name>JC0002</name>
<TimeStamp><when>2026-08-02T08:44:43Z</when></TimeStamp>
<styleUrl>#route</styleUrl>
<Point>
<coordinates>138.565690,35.738319,-0.001000</coordinates>
</Point>
<ExtendedData>
	<Data name="IconNumber">
		<value>901001</value>
	</Data>
</ExtendedData>
</Placemark>
<Placemark>
<name>JC0003</name>
<TimeStamp><when>2026-08-02T08:44:53Z</when></TimeStamp>
<styleUrl>#route</styleUrl>
<Point>
<coordinates>138.565218,35.737757,-0.001000</coordinates>
</Point>
<ExtendedData>
	<Data name="IconNumber">
		<value>901001</value>
	</Data>
</ExtendedData>
</Placemark>
<Placemark>
<name>JC0004</name>
<TimeStamp><when>2026-08-02T08:45:03Z</when></TimeStamp>
<styleUrl>#route</styleUrl>
<Point>
<coordinates>138.564767,35.737375,-0.001000</coordinates>
</Point>
<ExtendedData>
	<Data name="IconNumber">
		<value>901001</value>
	</Data>
</ExtendedData>
</Placemark>
<Placemark>
<name>JC0005</name>
<TimeStamp><when>2026-08-02T08:45:13Z</when></TimeStamp>
<styleUrl>#route</styleUrl>
<Point>
<coordinates>138.564681,35.737272,-0.001000</coordinates>
</Point>
<ExtendedData>
	<Data name="IconNumber">
		<value>901001</value>
	</Data>
</ExtendedData>
</Placemark>
<Placemark>
<name>JC0006</name>
<TimeStamp><when>2026-08-02T08:45:23Z</when></TimeStamp>
<styleUrl>#route</styleUrl>
<Point>
<coordinates>138.564628,35.737135,-0.001000</coordinates>
</Point>
<ExtendedData>
	<Data name="IconNumber">
		<value>901001</value>
	</Data>
</ExtendedData>
</Placemark>
<Placemark>
<name>JC0007</name>
<TimeStamp><when>2026-08-02T08:45:33Z</when></TimeStamp>
<styleUrl>#route</styleUrl>
<Point>
<coordinates>138.564553,35.736895,-0.001000</coordinates>
</Point>
<ExtendedData>
	<Data name="IconNumber">
		<value>901001</value>
	</Data>
</ExtendedData>
</Placemark>
<Placemark>
<name>JC0008</name>
<TimeStamp><when>2026-08-02T08:45:43Z</when></TimeStamp>
<styleUrl>#route</styleUrl>
<Point>
<coordinates>138.564510,35.736706,-0.001000</coordinates>
</Point>
<ExtendedData>
	<Data name="IconNumber">
		<value>901001</value>
	</Data>
</ExtendedData>
</Placemark>
<Placemark>
<name>JC0009</name>
<TimeStamp><when>2026-08-02T08:45:53Z</when></TimeStamp>
<styleUrl>#route</styleUrl>
<Point>
<coordinates>138.564370,35.736036,-0.001000</coordinates>
</Point>
<ExtendedData>
	<Data name="IconNumber">
		<value>901001</value>
	</Data>
</ExtendedData>
</Placemark>
<Placemark>
<name>JC0010</name>
<TimeStamp><when>2026-08-02T08:46:03Z</when></TimeStamp>
<styleUrl>#route</styleUrl>
<Point>
<coordinates>138.563850,35.733697,-0.001000</coordinates>
</Point>
<ExtendedData>
	<Data name="IconNumber">
		<value>901001</value>
	</Data>
</ExtendedData>
</Placemark>
<Placemark>
<name>JC0011</name>
<TimeStamp><when>2026-08-02T08:46:13Z</when></TimeStamp>
<styleUrl>#route</styleUrl>
<Point>
<coordinates>138.563737,35.733337,-0.001000</coordinates>
</Point>
<ExtendedData>
	<Data name="IconNumber">
		<value>901001</value>
	</Data>
</ExtendedData>
</Placemark>
<Placemark>
<name>JC0012</name>
<TimeStamp><when>2026-08-02T08:46:23Z</when></TimeStamp>
<styleUrl>#route</styleUrl>
<Point>
<coordinates>138.563608,35.733152,-0.001000</coordinates>
</Point>
<ExtendedData>
	<Data name="IconNumber">
		<value>901001</value>
	</Data>
</ExtendedData>
</Placemark>
<Placemark>
<name>JC0013</name>
<TimeStamp><when>2026-08-02T08:46:33Z</when></TimeStamp>
<styleUrl>#route</styleUrl>
<Point>
<coordinates>138.563490,35.733032,-0.001000</coordinates>
</Point>
<ExtendedData>
	<Data name="IconNumber">
		<value>901001</value>
	</Data>
</ExtendedData>
</Placemark>
<Placemark>
<name>JC0014</name>
<TimeStamp><when>2026-08-02T08:46:43Z</when></TimeStamp>
<styleUrl>#route</styleUrl>
<Point>
<coordinates>138.562879,35.732582,-0.001000</coordinates>
</Point>
<ExtendedData>
	<Data name="IconNumber">
		<value>901001</value>
	</Data>
</ExtendedData>
</Placemark>
<Placemark>
<name>JC0015</name>
<TimeStamp><when>2026-08-02T08:46:53Z</when></TimeStamp>
<styleUrl>#route</styleUrl>
<Point>
<coordinates>138.562471,35.732054,-0.001000</coordinates>
</Point>
<ExtendedData>
	<Data name="IconNumber">
		<value>901001</value>
	</Data>
</ExtendedData>
</Placemark>
<Placemark>
<name>JC0016</name>
<TimeStamp><when>2026-08-02T08:47:03Z</when></TimeStamp>
<styleUrl>#route</styleUrl>
<Point>
<coordinates>138.562310,35.731874,-0.001000</coordinates>
</Point>
<ExtendedData>
	<Data name="IconNumber">
		<value>901001</value>
	</Data>
</ExtendedData>
</Placemark>
<Placemark>
<name>JC0017</name>
<TimeStamp><when>2026-08-02T08:47:13Z</when></TimeStamp>
<styleUrl>#route</styleUrl>
<Point>
<coordinates>138.562176,35.731745,-0.001000</coordinates>
</Point>
<ExtendedData>
	<Data name="IconNumber">
		<value>901001</value>
	</Data>
</ExtendedData>
</Placemark>
<Placemark>
<name>JC0018</name>
<TimeStamp><when>2026-08-02T08:47:23Z</when></TimeStamp>
<styleUrl>#route</styleUrl>
<Point>
<coordinates>138.561978,35.731659,-0.001000</coordinates>
</Point>
<ExtendedData>
	<Data name="IconNumber">
		<value>901001</value>
	</Data>
</ExtendedData>
</Placemark>
<Placemark>
<name>JC0019</name>
<TimeStamp><when>2026-08-02T08:47:33Z</when></TimeStamp>
<styleUrl>#route</styleUrl>
<Point>
<coordinates>138.561790,35.731642,-0.001000</coordinates>
</Point>
<ExtendedData>
	<Data name="IconNumber">
		<value>901001</value>
	</Data>
</ExtendedData>
</Placemark>
<Placemark>
<name>JC0020</name>
<TimeStamp><when>2026-08-02T08:47:43Z</when></TimeStamp>
<styleUrl>#route</styleUrl>
<Point>
<coordinates>138.561527,35.731642,-0.001000</coordinates>
</Point>
<ExtendedData>
	<Data name="IconNumber">
		<value>901001</value>
	</Data>
</ExtendedData>
</Placemark>
<Placemark>
<name>JC0021</name>
<TimeStamp><when>2026-08-02T08:47:53Z</when></TimeStamp>
<styleUrl>#route</styleUrl>
<Point>
<coordinates>138.561066,35.731710,-0.001000</coordinates>
</Point>
<ExtendedData>
	<Data name="IconNumber">
		<value>901001</value>
	</Data>
</ExtendedData>
</Placemark>
<Placemark>
<name>JC0022</name>
<TimeStamp><when>2026-08-02T08:48:03Z</when></TimeStamp>
<styleUrl>#route</styleUrl>
<Point>
<coordinates>138.560808,35.731706,-0.001000</coordinates>
</Point>
<ExtendedData>
	<Data name="IconNumber">
		<value>901001</value>
	</Data>
</ExtendedData>
</Placemark>
<Placemark>
<name>JC0023</name>
<TimeStamp><when>2026-08-02T08:48:13Z</when></TimeStamp>
<styleUrl>#route</styleUrl>
<Point>
<coordinates>138.560470,35.731633,-0.001000</coordinates>
</Point>
<ExtendedData>
	<Data name="IconNumber">
		<value>901001</value>
	</Data>
</ExtendedData>
</Placemark>
<Placemark>
<name>JC0024</name>
<TimeStamp><when>2026-08-02T08:48:23Z</when></TimeStamp>
<styleUrl>#route</styleUrl>
<Point>
<coordinates>138.560272,35.731556,-0.001000</coordinates>
</Point>
<ExtendedData>
	<Data name="IconNumber">
		<value>901001</value>
	</Data>
</ExtendedData>
</Placemark>
<Placemark>
<name>JC0025</name>
<TimeStamp><when>2026-08-02T08:48:33Z</when></TimeStamp>
<styleUrl>#route</styleUrl>
<Point>
<coordinates>138.560073,35.731444,-0.001000</coordinates>
</Point>
<ExtendedData>
	<Data name="IconNumber">
		<value>901001</value>
	</Data>
</ExtendedData>
</Placemark>
<Placemark>
<name>JC0026</name>
<TimeStamp><when>2026-08-02T08:48:43Z</when></TimeStamp>
<styleUrl>#route</styleUrl>
<Point>
<coordinates>138.559966,35.731367,-0.001000</coordinates>
</Point>
<ExtendedData>
	<Data name="IconNumber">
		<value>901001</value>
	</Data>
</ExtendedData>
</Placemark>
<Placemark>
<name>JC0027</name>
<TimeStamp><when>2026-08-02T08:48:53Z</when></TimeStamp>
<styleUrl>#route</styleUrl>
<Point>
<coordinates>138.559596,35.731054,-0.001000</coordinates>
</Point>
<ExtendedData>
	<Data name="IconNumber">
		<value>901001</value>
	</Data>
</ExtendedData>
</Placemark>
<Placemark>
<name>JC0028</name>
<TimeStamp><when>2026-08-02T08:49:03Z</when></TimeStamp>
<styleUrl>#route</styleUrl>
<Point>
<coordinates>138.559408,35.730912,-0.001000</coordinates>
</Point>
<ExtendedData>
	<Data name="IconNumber">
		<value>901001</value>
	</Data>
</ExtendedData>
</Placemark>
<Placemark>
<name>JC0029</name>
<TimeStamp><when>2026-08-02T08:49:13Z</when></TimeStamp>
<styleUrl>#route</styleUrl>
<Point>
<coordinates>138.559183,35.730771,-0.001000</coordinates>
</Point>
<ExtendedData>
	<Data name="IconNumber">
		<value>901001</value>
	</Data>
</ExtendedData>
</Placemark>
<Placemark>
<name>JC0030</name>
<TimeStamp><when>2026-08-02T08:49:23Z</when></TimeStamp>
<styleUrl>#route</styleUrl>
<Point>
<coordinates>138.558957,35.730659,-0.001000</coordinates>
</Point>
<ExtendedData>
	<Data name="IconNumber">
		<value>901001</value>
	</Data>
</ExtendedData>
</Placemark>
<Placemark>
<name>JC0031</name>
<TimeStamp><when>2026-08-02T08:49:33Z</when></TimeStamp>
<styleUrl>#route</styleUrl>
<Point>
<coordinates>138.558496,35.730483,-0.001000</coordinates>
</Point>
<ExtendedData>
	<Data name="IconNumber">
		<value>901001</value>
	</Data>
</ExtendedData>
</Placemark>
<Placemark>
<name>JC0032</name>
<TimeStamp><when>2026-08-02T08:49:43Z</when></TimeStamp>
<styleUrl>#route</styleUrl>
<Point>
<coordinates>138.558260,35.730414,-0.001000</coordinates>
</Point>
<ExtendedData>
	<Data name="IconNumber">
		<value>901001</value>
	</Data>
</ExtendedData>
</Placemark>
<Placemark>
<name>JC0033</name>
<TimeStamp><when>2026-08-02T08:49:53Z</when></TimeStamp>
<styleUrl>#route</styleUrl>
<Point>
<coordinates>138.558013,35.730372,-0.001000</coordinates>
</Point>
<ExtendedData>
	<Data name="IconNumber">
		<value>901001</value>
	</Data>
</ExtendedData>
</Placemark>
<Placemark>
<name>JC0034</name>
<TimeStamp><when>2026-08-02T08:50:03Z</when></TimeStamp>
<styleUrl>#route</styleUrl>
<Point>
<coordinates>138.557697,35.730311,-0.001000</coordinates>
</Point>
<ExtendedData>
	<Data name="IconNumber">
		<value>901001</value>
	</Data>
</ExtendedData>
</Placemark>
<Placemark>
<name>JC0035</name>
<TimeStamp><when>2026-08-02T08:50:13Z</when></TimeStamp>
<styleUrl>#route</styleUrl>
<Point>
<coordinates>138.557547,35.730273,-0.001000</coordinates>
</Point>
<ExtendedData>
	<Data name="IconNumber">
		<value>901001</value>
	</Data>
</ExtendedData>
</Placemark>
<Placemark>
<name>JC0036</name>
<TimeStamp><when>2026-08-02T08:50:23Z</when></TimeStamp>
<styleUrl>#route</styleUrl>
<Point>
<coordinates>138.557327,35.730183,-0.001000</coordinates>
</Point>
<ExtendedData>
	<Data name="IconNumber">
		<value>901001</value>
	</Data>
</ExtendedData>
</Placemark>
<Placemark>
<name>JC0037</name>
<TimeStamp><when>2026-08-02T08:50:33Z</when></TimeStamp>
<styleUrl>#route</styleUrl>
<Point>
<coordinates>138.557155,35.730080,-0.001000</coordinates>
</Point>
<ExtendedData>
	<Data name="IconNumber">
		<value>901001</value>
	</Data>
</ExtendedData>
</Placemark>
<Placemark>
<name>JC0038</name>
<TimeStamp><when>2026-08-02T08:50:43Z</when></TimeStamp>
<styleUrl>#route</styleUrl>
<Point>
<coordinates>138.557042,35.729985,-0.001000</coordinates>
</Point>
<ExtendedData>
	<Data name="IconNumber">
		<value>901001</value>
	</Data>
</ExtendedData>
</Placemark>
<Placemark>
<name>JC0039</name>
<TimeStamp><when>2026-08-02T08:50:53Z</when></TimeStamp>
<styleUrl>#route</styleUrl>
<Point>
<coordinates>138.556940,35.729874,-0.001000</coordinates>
</Point>
<ExtendedData>
	<Data name="IconNumber">
		<value>901001</value>
	</Data>
</ExtendedData>
</Placemark>
<Placemark>
<name>JC0040</name>
<TimeStamp><when>2026-08-02T08:51:03Z</when></TimeStamp>
<styleUrl>#route</styleUrl>
<Point>
<coordinates>138.556865,35.729754,-0.001000</coordinates>
</Point>
<ExtendedData>
	<Data name="IconNumber">
		<value>901001</value>
	</Data>
</ExtendedData>
</Placemark>
<Placemark>
<name>JC0041</name>
<TimeStamp><when>2026-08-02T08:51:13Z</when></TimeStamp>
<styleUrl>#route</styleUrl>
<Point>
<coordinates>138.556833,35.729642,-0.001000</coordinates>
</Point>
<ExtendedData>
	<Data name="IconNumber">
		<value>901001</value>
	</Data>
</ExtendedData>
</Placemark>
<Placemark>
<name>JC0042</name>
<TimeStamp><when>2026-08-02T08:51:23Z</when></TimeStamp>
<styleUrl>#route</styleUrl>
<Point>
<coordinates>138.556833,35.729393,-0.001000</coordinates>
</Point>
<ExtendedData>
	<Data name="IconNumber">
		<value>901001</value>
	</Data>
</ExtendedData>
</Placemark>
<Placemark>
<name>JC0043</name>
<TimeStamp><when>2026-08-02T08:51:33Z</when></TimeStamp>
<styleUrl>#route</styleUrl>
<Point>
<coordinates>138.556801,35.727110,-0.001000</coordinates>
</Point>
<ExtendedData>
	<Data name="IconNumber">
		<value>901001</value>
	</Data>
</ExtendedData>
</Placemark>
<Placemark>
<name>JC0044</name>
<TimeStamp><when>2026-08-02T08:51:43Z</when></TimeStamp>
<styleUrl>#route</styleUrl>
<Point>
<coordinates>138.556785,35.726698,-0.001000</coordinates>
</Point>
<ExtendedData>
	<Data name="IconNumber">
		<value>901001</value>
	</Data>
</ExtendedData>
</Placemark>
<Placemark>
<name>JC0045</name>
<TimeStamp><when>2026-08-02T08:51:53Z</when></TimeStamp>
<styleUrl>#route</styleUrl>
<Point>
<coordinates>138.556747,35.726535,-0.001000</coordinates>
</Point>
<ExtendedData>
	<Data name="IconNumber">
		<value>901001</value>
	</Data>
</ExtendedData>
</Placemark>
<Placemark>
<name>JC0046</name>
<TimeStamp><when>2026-08-02T08:52:03Z</when></TimeStamp>
<styleUrl>#route</styleUrl>
<Point>
<coordinates>138.556704,35.726432,-0.001000</coordinates>
</Point>
<ExtendedData>
	<Data name="IconNumber">
		<value>901001</value>
	</Data>
</ExtendedData>
</Placemark>
<Placemark>
<name>JC0047</name>
<TimeStamp><when>2026-08-02T08:52:13Z</when></TimeStamp>
<styleUrl>#route</styleUrl>
<Point>
<coordinates>138.556640,35.726337,-0.001000</coordinates>
</Point>
<ExtendedData>
	<Data name="IconNumber">
		<value>901001</value>
	</Data>
</ExtendedData>
</Placemark>
<Placemark>
<name>JC0048</name>
<TimeStamp><when>2026-08-02T08:52:23Z</when></TimeStamp>
<styleUrl>#route</styleUrl>
<Point>
<coordinates>138.556565,35.726277,-0.001000</coordinates>
</Point>
<ExtendedData>
	<Data name="IconNumber">
		<value>901001</value>
	</Data>
</ExtendedData>
</Placemark>
<Placemark>
<name>JC0049</name>
<TimeStamp><when>2026-08-02T08:52:33Z</when></TimeStamp>
<styleUrl>#route</styleUrl>
<Point>
<coordinates>138.556114,35.726059,-0.001000</coordinates>
</Point>
<ExtendedData>
	<Data name="IconNumber">
		<value>901001</value>
	</Data>
</ExtendedData>
</Placemark>
<Placemark>
<name>JC0050</name>
<TimeStamp><when>2026-08-02T08:52:43Z</when></TimeStamp>
<styleUrl>#route</styleUrl>
<Point>
<coordinates>138.555937,35.725938,-0.001000</coordinates>
</Point>
<ExtendedData>
	<Data name="IconNumber">
		<value>901001</value>
	</Data>
</ExtendedData>
</Placemark>
<Placemark>
<name>JC0051</name>
<TimeStamp><when>2026-08-02T08:52:53Z</when></TimeStamp>
<styleUrl>#route</styleUrl>
<Point>
<coordinates>138.555868,35.725792,-0.001000</coordinates>
</Point>
<ExtendedData>
	<Data name="IconNumber">
		<value>901001</value>
	</Data>
</ExtendedData>
</Placemark>
<Placemark>
<name>JC0052</name>
<TimeStamp><when>2026-08-02T08:53:03Z</when></TimeStamp>
<styleUrl>#route</styleUrl>
<Point>
<coordinates>138.555868,35.725634,-0.001000</coordinates>
</Point>
<ExtendedData>
	<Data name="IconNumber">
		<value>901001</value>
	</Data>
</ExtendedData>
</Placemark>
<Placemark>
<name>JC0053</name>
<TimeStamp><when>2026-08-02T08:53:13Z</when></TimeStamp>
<styleUrl>#route</styleUrl>
<Point>
<coordinates>138.555921,35.725432,-0.001000</coordinates>
</Point>
<ExtendedData>
	<Data name="IconNumber">
		<value>901001</value>
	</Data>
</ExtendedData>
</Placemark>
<Placemark>
<name>JC0054</name>
<TimeStamp><when>2026-08-02T08:53:23Z</when></TimeStamp>
<styleUrl>#route</styleUrl>
<Point>
<coordinates>138.556146,35.724690,-0.001000</coordinates>
</Point>
<ExtendedData>
	<Data name="IconNumber">
		<value>901001</value>
	</Data>
</ExtendedData>
</Placemark>
<Placemark>
<name>JC0055</name>
<TimeStamp><when>2026-08-02T08:53:33Z</when></TimeStamp>
<styleUrl>#route</styleUrl>
<Point>
<coordinates>138.556275,35.724445,-0.001000</coordinates>
</Point>
<ExtendedData>
	<Data name="IconNumber">
		<value>901001</value>
	</Data>
</ExtendedData>
</Placemark>
<Placemark>
<name>JC0056</name>
<TimeStamp><when>2026-08-02T08:53:43Z</when></TimeStamp>
<styleUrl>#route</styleUrl>
<Point>
<coordinates>138.556383,35.724282,-0.001000</coordinates>
</Point>
<ExtendedData>
	<Data name="IconNumber">
		<value>901001</value>
	</Data>
</ExtendedData>
</Placemark>
<Placemark>
<name>JC0057</name>
<TimeStamp><when>2026-08-02T08:53:53Z</when></TimeStamp>
<styleUrl>#route</styleUrl>
<Point>
<coordinates>138.556495,35.724170,-0.001000</coordinates>
</Point>
<ExtendedData>
	<Data name="IconNumber">
		<value>901001</value>
	</Data>
</ExtendedData>
</Placemark>
<Placemark>
<name>JC0058</name>
<TimeStamp><when>2026-08-02T08:54:03Z</when></TimeStamp>
<styleUrl>#route</styleUrl>
<Point>
<coordinates>138.556704,35.724016,-0.001000</coordinates>
</Point>
<ExtendedData>
	<Data name="IconNumber">
		<value>901001</value>
	</Data>
</ExtendedData>
</Placemark>
<Placemark>
<name>JC0059</name>
<TimeStamp><when>2026-08-02T08:54:13Z</when></TimeStamp>
<styleUrl>#route</styleUrl>
<Point>
<coordinates>138.557273,35.723621,-0.001000</coordinates>
</Point>
<ExtendedData>
	<Data name="IconNumber">
		<value>901001</value>
	</Data>
</ExtendedData>
</Placemark>
<Placemark>
<name>JC0060</name>
<TimeStamp><when>2026-08-02T08:54:23Z</when></TimeStamp>
<styleUrl>#route</styleUrl>
<Point>
<coordinates>138.557466,35.723518,-0.001000</coordinates>
</Point>
<ExtendedData>
	<Data name="IconNumber">
		<value>901001</value>
	</Data>
</ExtendedData>
</Placemark>
<Placemark>
<name>JC0061</name>
<TimeStamp><when>2026-08-02T08:54:33Z</when></TimeStamp>
<styleUrl>#route</styleUrl>
<Point>
<coordinates>138.557584,35.723479,-0.001000</coordinates>
</Point>
<ExtendedData>
	<Data name="IconNumber">
		<value>901001</value>
	</Data>
</ExtendedData>
</Placemark>
<Placemark>
<name>JC0062</name>
<TimeStamp><when>2026-08-02T08:54:43Z</when></TimeStamp>
<styleUrl>#route</styleUrl>
<Point>
<coordinates>138.557756,35.723436,-0.001000</coordinates>
</Point>
<ExtendedData>
	<Data name="IconNumber">
		<value>901001</value>
	</Data>
</ExtendedData>
</Placemark>
<Placemark>
<name>JC0063</name>
<TimeStamp><when>2026-08-02T08:54:53Z</when></TimeStamp>
<styleUrl>#route</styleUrl>
<Point>
<coordinates>138.558067,35.723411,-0.001000</coordinates>
</Point>
<ExtendedData>
	<Data name="IconNumber">
		<value>901001</value>
	</Data>
</ExtendedData>
</Placemark>
<Placemark>
<name>JC0064</name>
<TimeStamp><when>2026-08-02T08:55:03Z</when></TimeStamp>
<styleUrl>#route</styleUrl>
<Point>
<coordinates>138.559043,35.723411,-0.001000</coordinates>
</Point>
<ExtendedData>
	<Data name="IconNumber">
		<value>901001</value>
	</Data>
</ExtendedData>
</Placemark>
<Placemark>
<name>JC0065</name>
<TimeStamp><when>2026-08-02T08:55:13Z</when></TimeStamp>
<styleUrl>#route</styleUrl>
<Point>
<coordinates>138.559177,35.723393,-0.001000</coordinates>
</Point>
<ExtendedData>
	<Data name="IconNumber">
		<value>901001</value>
	</Data>
</ExtendedData>
</Placemark>
<Placemark>
<name>JC0066</name>
<TimeStamp><when>2026-08-02T08:55:23Z</when></TimeStamp>
<styleUrl>#route</styleUrl>
<Point>
<coordinates>138.559285,35.723359,-0.001000</coordinates>
</Point>
<ExtendedData>
	<Data name="IconNumber">
		<value>901001</value>
	</Data>
</ExtendedData>
</Placemark>
<Placemark>
<name>JC0067</name>
<TimeStamp><when>2026-08-02T08:55:33Z</when></TimeStamp>
<styleUrl>#route</styleUrl>
<Point>
<coordinates>138.559354,35.723303,-0.001000</coordinates>
</Point>
<ExtendedData>
	<Data name="IconNumber">
		<value>901001</value>
	</Data>
</ExtendedData>
</Placemark>
<Placemark>
<name>JC0068</name>
<TimeStamp><when>2026-08-02T08:55:43Z</when></TimeStamp>
<styleUrl>#route</styleUrl>
<Point>
<coordinates>138.559408,35.723188,-0.001000</coordinates>
</Point>
<ExtendedData>
	<Data name="IconNumber">
		<value>901001</value>
	</Data>
</ExtendedData>
</Placemark>
<Placemark>
<name>JC0069</name>
<TimeStamp><when>2026-08-02T08:55:53Z</when></TimeStamp>
<styleUrl>#route</styleUrl>
<Point>
<coordinates>138.559430,35.723059,-0.001000</coordinates>
</Point>
<ExtendedData>
	<Data name="IconNumber">
		<value>901001</value>
	</Data>
</ExtendedData>
</Placemark>
<Placemark>
<name>JC0070</name>
<TimeStamp><when>2026-08-02T08:56:03Z</when></TimeStamp>
<styleUrl>#route</styleUrl>
<Point>
<coordinates>138.559430,35.722960,-0.001000</coordinates>
</Point>
<ExtendedData>
	<Data name="IconNumber">
		<value>901001</value>
	</Data>
</ExtendedData>
</Placemark>
<Placemark>
<name>JC0071</name>
<TimeStamp><when>2026-08-02T08:56:13Z</when></TimeStamp>
<styleUrl>#route</styleUrl>
<Point>
<coordinates>138.559376,35.722844,-0.001000</coordinates>
</Point>
<ExtendedData>
	<Data name="IconNumber">
		<value>901001</value>
	</Data>
</ExtendedData>
</Placemark>
<Placemark>
<name>JC0072</name>
<TimeStamp><when>2026-08-02T08:56:23Z</when></TimeStamp>
<styleUrl>#route</styleUrl>
<Point>
<coordinates>138.559311,35.722763,-0.001000</coordinates>
</Point>
<ExtendedData>
	<Data name="IconNumber">
		<value>901001</value>
	</Data>
</ExtendedData>
</Placemark>
<Placemark>
<name>JC0073</name>
<TimeStamp><when>2026-08-02T08:56:33Z</when></TimeStamp>
<styleUrl>#route</styleUrl>
<Point>
<coordinates>138.559204,35.722685,-0.001000</coordinates>
</Point>
<ExtendedData>
	<Data name="IconNumber">
		<value>901001</value>
	</Data>
</ExtendedData>
</Placemark>
<Placemark>
<name>JC0074</name>
<TimeStamp><when>2026-08-02T08:56:43Z</when></TimeStamp>
<styleUrl>#route</styleUrl>
<Point>
<coordinates>138.558952,35.722557,-0.001000</coordinates>
</Point>
<ExtendedData>
	<Data name="IconNumber">
		<value>901001</value>
	</Data>
</ExtendedData>
</Placemark>
<Placemark>
<name>JC0075</name>
<TimeStamp><when>2026-08-02T08:56:53Z</when></TimeStamp>
<styleUrl>#route</styleUrl>
<Point>
<coordinates>138.558577,35.722424,-0.001000</coordinates>
</Point>
<ExtendedData>
	<Data name="IconNumber">
		<value>901001</value>
	</Data>
</ExtendedData>
</Placemark>
<Placemark>
<name>JC0076</name>
<TimeStamp><when>2026-08-02T08:57:03Z</when></TimeStamp>
<styleUrl>#route</styleUrl>
<Point>
<coordinates>138.558212,35.722329,-0.001000</coordinates>
</Point>
<ExtendedData>
	<Data name="IconNumber">
		<value>901001</value>
	</Data>
</ExtendedData>
</Placemark>
<Placemark>
<name>JC0077</name>
<TimeStamp><when>2026-08-02T08:57:13Z</when></TimeStamp>
<styleUrl>#route</styleUrl>
<Point>
<coordinates>138.557895,35.722196,-0.001000</coordinates>
</Point>
<ExtendedData>
	<Data name="IconNumber">
		<value>901001</value>
	</Data>
</ExtendedData>
</Placemark>
<Placemark>
<name>JC0078</name>
<TimeStamp><when>2026-08-02T08:57:23Z</when></TimeStamp>
<styleUrl>#route</styleUrl>
<Point>
<coordinates>138.557745,35.722085,-0.001000</coordinates>
</Point>
<ExtendedData>
	<Data name="IconNumber">
		<value>901001</value>
	</Data>
</ExtendedData>
</Placemark>
<Placemark>
<name>JC0079</name>
<TimeStamp><when>2026-08-02T08:57:33Z</when></TimeStamp>
<styleUrl>#route</styleUrl>
<Point>
<coordinates>138.557584,35.721921,-0.001000</coordinates>
</Point>
<ExtendedData>
	<Data name="IconNumber">
		<value>901001</value>
	</Data>
</ExtendedData>
</Placemark>
<Placemark>
<name>JC0080</name>
<TimeStamp><when>2026-08-02T08:57:43Z</when></TimeStamp>
<styleUrl>#route</styleUrl>
<Point>
<coordinates>138.557423,35.721797,-0.001000</coordinates>
</Point>
<ExtendedData>
	<Data name="IconNumber">
		<value>901001</value>
	</Data>
</ExtendedData>
</Placemark>
<Placemark>
<name>JC0081</name>
<TimeStamp><when>2026-08-02T08:57:53Z</when></TimeStamp>
<styleUrl>#route</styleUrl>
<Point>
<coordinates>138.557166,35.721651,-0.001000</coordinates>
</Point>
<ExtendedData>
	<Data name="IconNumber">
		<value>901001</value>
	</Data>
</ExtendedData>
</Placemark>
<Placemark>
<name>JC0082</name>
<TimeStamp><when>2026-08-02T08:58:03Z</when></TimeStamp>
<styleUrl>#route</styleUrl>
<Point>
<coordinates>138.556672,35.721497,-0.001000</coordinates>
</Point>
<ExtendedData>
	<Data name="IconNumber">
		<value>901001</value>
	</Data>
</ExtendedData>
</Placemark>
<Placemark>
<name>JC0083</name>
<TimeStamp><when>2026-08-02T08:58:13Z</when></TimeStamp>
<styleUrl>#route</styleUrl>
<Point>
<coordinates>138.556436,35.721402,-0.001000</coordinates>
</Point>
<ExtendedData>
	<Data name="IconNumber">
		<value>901001</value>
	</Data>
</ExtendedData>
</Placemark>
<Placemark>
<name>JC0084</name>
<TimeStamp><when>2026-08-02T08:58:23Z</when></TimeStamp>
<styleUrl>#route</styleUrl>
<Point>
<coordinates>138.556329,35.721334,-0.001000</coordinates>
</Point>
<ExtendedData>
	<Data name="IconNumber">
		<value>901001</value>
	</Data>
</ExtendedData>
</Placemark>
<Placemark>
<name>JC0085</name>
<TimeStamp><when>2026-08-02T08:58:33Z</when></TimeStamp>
<styleUrl>#route</styleUrl>
<Point>
<coordinates>138.556254,35.721265,-0.001000</coordinates>
</Point>
<ExtendedData>
	<Data name="IconNumber">
		<value>901001</value>
	</Data>
</ExtendedData>
</Placemark>
<Placemark>
<name>JC0086</name>
<TimeStamp><when>2026-08-02T08:58:43Z</when></TimeStamp>
<styleUrl>#route</styleUrl>
<Point>
<coordinates>138.556222,35.721170,-0.001000</coordinates>
</Point>
<ExtendedData>
	<Data name="IconNumber">
		<value>901001</value>
	</Data>
</ExtendedData>
</Placemark>
<Placemark>
<name>JC0087</name>
<TimeStamp><when>2026-08-02T08:58:53Z</when></TimeStamp>
<styleUrl>#route</styleUrl>
<Point>
<coordinates>138.556248,35.720883,-0.001000</coordinates>
</Point>
<ExtendedData>
	<Data name="IconNumber">
		<value>901001</value>
	</Data>
</ExtendedData>
</Placemark>
<Placemark>
<name>JC0088</name>
<TimeStamp><when>2026-08-02T08:59:03Z</when></TimeStamp>
<styleUrl>#route</styleUrl>
<Point>
<coordinates>138.556372,35.720527,-0.001000</coordinates>
</Point>
<ExtendedData>
	<Data name="IconNumber">
		<value>901001</value>
	</Data>
</ExtendedData>
</Placemark>
<Placemark>
<name>JC0089</name>
<TimeStamp><when>2026-08-02T08:59:13Z</when></TimeStamp>
<styleUrl>#route</styleUrl>
<Point>
<coordinates>138.556372,35.720347,-0.001000</coordinates>
</Point>
<ExtendedData>
	<Data name="IconNumber">
		<value>901001</value>
	</Data>
</ExtendedData>
</Placemark>
<Placemark>
<name>JC0090</name>
<TimeStamp><when>2026-08-02T08:59:23Z</when></TimeStamp>
<styleUrl>#route</styleUrl>
<Point>
<coordinates>138.556334,35.720235,-0.001000</coordinates>
</Point>
<ExtendedData>
	<Data name="IconNumber">
		<value>901001</value>
	</Data>
</ExtendedData>
</Placemark>
<Placemark>
<name>JC0091</name>
<TimeStamp><when>2026-08-02T08:59:33Z</when></TimeStamp>
<styleUrl>#route</styleUrl>
<Point>
<coordinates>138.556265,35.720158,-0.001000</coordinates>
</Point>
<ExtendedData>
	<Data name="IconNumber">
		<value>901001</value>
	</Data>
</ExtendedData>
</Placemark>
<Placemark>
<name>JC0092</name>
<TimeStamp><when>2026-08-02T08:59:43Z</when></TimeStamp>
<styleUrl>#route</styleUrl>
<Point>
<coordinates>138.556168,35.720123,-0.001000</coordinates>
</Point>
<ExtendedData>
	<Data name="IconNumber">
		<value>901001</value>
	</Data>
</ExtendedData>
</Placemark>
<Placemark>
<name>JC0093</name>
<TimeStamp><when>2026-08-02T08:59:53Z</when></TimeStamp>
<styleUrl>#route</styleUrl>
<Point>
<coordinates>138.555771,35.720115,-0.001000</coordinates>
</Point>
<ExtendedData>
	<Data name="IconNumber">
		<value>901001</value>
	</Data>
</ExtendedData>
</Placemark>
<Placemark>
<name>JC0094</name>
<TimeStamp><when>2026-08-02T09:00:03Z</when></TimeStamp>
<styleUrl>#route</styleUrl>
<Point>
<coordinates>138.555599,35.720093,-0.001000</coordinates>
</Point>
<ExtendedData>
	<Data name="IconNumber">
		<value>901001</value>
	</Data>
</ExtendedData>
</Placemark>
<Placemark>
<name>JC0095</name>
<TimeStamp><when>2026-08-02T09:00:13Z</when></TimeStamp>
<styleUrl>#route</styleUrl>
<Point>
<coordinates>138.555519,35.720020,-0.001000</coordinates>
</Point>
<ExtendedData>
	<Data name="IconNumber">
		<value>901001</value>
	</Data>
</ExtendedData>
</Placemark>
<Placemark>
<name>JC0096</name>
<TimeStamp><when>2026-08-02T09:00:23Z</when></TimeStamp>
<styleUrl>#route</styleUrl>
<Point>
<coordinates>138.555417,35.719917,-0.001000</coordinates>
</Point>
<ExtendedData>
	<Data name="IconNumber">
		<value>901001</value>
	</Data>
</ExtendedData>
</Placemark>
<Placemark>
<name>JC0097</name>
<TimeStamp><when>2026-08-02T09:00:33Z</when></TimeStamp>
<styleUrl>#route</styleUrl>
<Point>
<coordinates>138.555363,35.719836,-0.001000</coordinates>
</Point>
<ExtendedData>
	<Data name="IconNumber">
		<value>901001</value>
	</Data>
</ExtendedData>
</Placemark>
<Placemark>
<name>JC0098</name>
<TimeStamp><when>2026-08-02T09:00:43Z</when></TimeStamp>
<styleUrl>#route</styleUrl>
<Point>
<coordinates>138.555320,35.719720,-0.001000</coordinates>
</Point>
<ExtendedData>
	<Data name="IconNumber">
		<value>901001</value>
	</Data>
</ExtendedData>
</Placemark>
<Placemark>
<name>JC0099</name>
<TimeStamp><when>2026-08-02T09:00:53Z</when></TimeStamp>
<styleUrl>#route</styleUrl>
<Point>
<coordinates>138.555240,35.719325,-0.001000</coordinates>
</Point>
<ExtendedData>
	<Data name="IconNumber">
		<value>901001</value>
	</Data>
</ExtendedData>
</Placemark>
<Placemark>
<name>JC0100</name>
<TimeStamp><when>2026-08-02T09:01:03Z</when></TimeStamp>
<styleUrl>#route</styleUrl>
<Point>
<coordinates>138.555159,35.719166,-0.001000</coordinates>
</Point>
<ExtendedData>
	<Data name="IconNumber">
		<value>901001</value>
	</Data>
</ExtendedData>
</Placemark>
<Placemark>
<name>JC0101</name>
<TimeStamp><when>2026-08-02T09:01:13Z</when></TimeStamp>
<styleUrl>#route</styleUrl>
<Point>
<coordinates>138.554982,35.718973,-0.001000</coordinates>
</Point>
<ExtendedData>
	<Data name="IconNumber">
		<value>901001</value>
	</Data>
</ExtendedData>
</Placemark>
<Placemark>
<name>JC0102</name>
<TimeStamp><when>2026-08-02T09:01:23Z</when></TimeStamp>
<styleUrl>#route</styleUrl>
<Point>
<coordinates>138.554827,35.718823,-0.001000</coordinates>
</Point>
<ExtendedData>
	<Data name="IconNumber">
		<value>901001</value>
	</Data>
</ExtendedData>
</Placemark>
<Placemark>
<name>JC0103</name>
<TimeStamp><when>2026-08-02T09:01:33Z</when></TimeStamp>
<styleUrl>#route</styleUrl>
<Point>
<coordinates>138.554591,35.718587,-0.001000</coordinates>
</Point>
<ExtendedData>
	<Data name="IconNumber">
		<value>901001</value>
	</Data>
</ExtendedData>
</Placemark>
<Placemark>
<name>JC0104</name>
<TimeStamp><when>2026-08-02T09:01:43Z</when></TimeStamp>
<styleUrl>#route</styleUrl>
<Point>
<coordinates>138.554532,35.718467,-0.001000</coordinates>
</Point>
<ExtendedData>
	<Data name="IconNumber">
		<value>901001</value>
	</Data>
</ExtendedData>
</Placemark>
<Placemark>
<name>JC0105</name>
<TimeStamp><when>2026-08-02T09:01:53Z</when></TimeStamp>
<styleUrl>#route</styleUrl>
<Point>
<coordinates>138.554537,35.718325,-0.001000</coordinates>
</Point>
<ExtendedData>
	<Data name="IconNumber">
		<value>901001</value>
	</Data>
</ExtendedData>
</Placemark>
<Placemark>
<name>JC0106</name>
<TimeStamp><when>2026-08-02T09:02:03Z</when></TimeStamp>
<styleUrl>#route</styleUrl>
<Point>
<coordinates>138.554612,35.718201,-0.001000</coordinates>
</Point>
<ExtendedData>
	<Data name="IconNumber">
		<value>901001</value>
	</Data>
</ExtendedData>
</Placemark>
<Placemark>
<name>JC0107</name>
<TimeStamp><when>2026-08-02T09:02:13Z</when></TimeStamp>
<styleUrl>#route</styleUrl>
<Point>
<coordinates>138.554945,35.717862,-0.001000</coordinates>
</Point>
<ExtendedData>
	<Data name="IconNumber">
		<value>901001</value>
	</Data>
</ExtendedData>
</Placemark>
<Placemark>
<name>JC0108</name>
<TimeStamp><when>2026-08-02T09:02:23Z</when></TimeStamp>
<styleUrl>#route</styleUrl>
<Point>
<coordinates>138.555009,35.717746,-0.001000</coordinates>
</Point>
<ExtendedData>
	<Data name="IconNumber">
		<value>901001</value>
	</Data>
</ExtendedData>
</Placemark>
<Placemark>
<name>JC0109</name>
<TimeStamp><when>2026-08-02T09:02:33Z</when></TimeStamp>
<styleUrl>#route</styleUrl>
<Point>
<coordinates>138.554993,35.717643,-0.001000</coordinates>
</Point>
<ExtendedData>
	<Data name="IconNumber">
		<value>901001</value>
	</Data>
</ExtendedData>
</Placemark>
<Placemark>
<name>JC0110</name>
<TimeStamp><when>2026-08-02T09:02:43Z</when></TimeStamp>
<styleUrl>#route</styleUrl>
<Point>
<coordinates>138.554886,35.717475,-0.001000</coordinates>
</Point>
<ExtendedData>
	<Data name="IconNumber">
		<value>901001</value>
	</Data>
</ExtendedData>
</Placemark>
<Placemark>
<name>JC0111</name>
<TimeStamp><when>2026-08-02T09:02:53Z</when></TimeStamp>
<styleUrl>#route</styleUrl>
<Point>
<coordinates>138.554805,35.717424,-0.001000</coordinates>
</Point>
<ExtendedData>
	<Data name="IconNumber">
		<value>901001</value>
	</Data>
</ExtendedData>
</Placemark>
<Placemark>
<name>JC0112</name>
<TimeStamp><when>2026-08-02T09:03:03Z</when></TimeStamp>
<styleUrl>#route</styleUrl>
<Point>
<coordinates>138.554730,35.717398,-0.001000</coordinates>
</Point>
<ExtendedData>
	<Data name="IconNumber">
		<value>901001</value>
	</Data>
</ExtendedData>
</Placemark>
<Placemark>
<name>JC0113</name>
<TimeStamp><when>2026-08-02T09:03:13Z</when></TimeStamp>
<styleUrl>#route</styleUrl>
<Point>
<coordinates>138.554366,35.717390,-0.001000</coordinates>
</Point>
<ExtendedData>
	<Data name="IconNumber">
		<value>901001</value>
	</Data>
</ExtendedData>
</Placemark>
<Placemark>
<name>JC0114</name>
<TimeStamp><when>2026-08-02T09:03:23Z</when></TimeStamp>
<styleUrl>#route</styleUrl>
<Point>
<coordinates>138.554044,35.717433,-0.001000</coordinates>
</Point>
<ExtendedData>
	<Data name="IconNumber">
		<value>901001</value>
	</Data>
</ExtendedData>
</Placemark>
<Placemark>
<name>JC0115</name>
<TimeStamp><when>2026-08-02T09:03:33Z</when></TimeStamp>
<styleUrl>#route</styleUrl>
<Point>
<coordinates>138.553770,35.717441,-0.001000</coordinates>
</Point>
<ExtendedData>
	<Data name="IconNumber">
		<value>901001</value>
	</Data>
</ExtendedData>
</Placemark>
<Placemark>
<name>JC0116</name>
<TimeStamp><when>2026-08-02T09:03:43Z</when></TimeStamp>
<styleUrl>#route</styleUrl>
<Point>
<coordinates>138.553620,35.717424,-0.001000</coordinates>
</Point>
<ExtendedData>
	<Data name="IconNumber">
		<value>901001</value>
	</Data>
</ExtendedData>
</Placemark>
<Placemark>
<name>JC0117</name>
<TimeStamp><when>2026-08-02T09:03:53Z</when></TimeStamp>
<styleUrl>#route</styleUrl>
<Point>
<coordinates>138.553427,35.717372,-0.001000</coordinates>
</Point>
<ExtendedData>
	<Data name="IconNumber">
		<value>901001</value>
	</Data>
</ExtendedData>
</Placemark>
<Placemark>
<name>JC0118</name>
<TimeStamp><when>2026-08-02T09:04:03Z</when></TimeStamp>
<styleUrl>#route</styleUrl>
<Point>
<coordinates>138.553357,35.717330,-0.001000</coordinates>
</Point>
<ExtendedData>
	<Data name="IconNumber">
		<value>901001</value>
	</Data>
</ExtendedData>
</Placemark>
<Placemark>
<name>JC0119</name>
<TimeStamp><when>2026-08-02T09:04:13Z</when></TimeStamp>
<styleUrl>#route</styleUrl>
<Point>
<coordinates>138.553282,35.717248,-0.001000</coordinates>
</Point>
<ExtendedData>
	<Data name="IconNumber">
		<value>901001</value>
	</Data>
</ExtendedData>
</Placemark>
<Placemark>
<name>JC0120</name>
<TimeStamp><when>2026-08-02T09:04:23Z</when></TimeStamp>
<styleUrl>#route</styleUrl>
<Point>
<coordinates>138.553244,35.717184,-0.001000</coordinates>
</Point>
<ExtendedData>
	<Data name="IconNumber">
		<value>901001</value>
	</Data>
</ExtendedData>
</Placemark>
<Placemark>
<name>JC0121</name>
<TimeStamp><when>2026-08-02T09:04:33Z</when></TimeStamp>
<styleUrl>#route</styleUrl>
<Point>
<coordinates>138.553260,35.717055,-0.001000</coordinates>
</Point>
<ExtendedData>
	<Data name="IconNumber">
		<value>901001</value>
	</Data>
</ExtendedData>
</Placemark>
<Placemark>
<name>JC0122</name>
<TimeStamp><when>2026-08-02T09:04:43Z</when></TimeStamp>
<styleUrl>#route</styleUrl>
<Point>
<coordinates>138.553443,35.716737,-0.001000</coordinates>
</Point>
<ExtendedData>
	<Data name="IconNumber">
		<value>901001</value>
	</Data>
</ExtendedData>
</Placemark>
<Placemark>
<name>JC0123</name>
<TimeStamp><when>2026-08-02T09:04:53Z</when></TimeStamp>
<styleUrl>#route</styleUrl>
<Point>
<coordinates>138.553475,35.716613,-0.001000</coordinates>
</Point>
<ExtendedData>
	<Data name="IconNumber">
		<value>901001</value>
	</Data>
</ExtendedData>
</Placemark>
<Placemark>
<name>JC0124</name>
<TimeStamp><when>2026-08-02T09:05:03Z</when></TimeStamp>
<styleUrl>#route</styleUrl>
<Point>
<coordinates>138.553475,35.716411,-0.001000</coordinates>
</Point>
<ExtendedData>
	<Data name="IconNumber">
		<value>901001</value>
	</Data>
</ExtendedData>
</Placemark>
<Placemark>
<name>JC0125</name>
<TimeStamp><when>2026-08-02T09:05:13Z</when></TimeStamp>
<styleUrl>#route</styleUrl>
<Point>
<coordinates>138.553432,35.716222,-0.001000</coordinates>
</Point>
<ExtendedData>
	<Data name="IconNumber">
		<value>901001</value>
	</Data>
</ExtendedData>
</Placemark>
<Placemark>
<name>JC0126</name>
<TimeStamp><when>2026-08-02T09:05:23Z</when></TimeStamp>
<styleUrl>#route</styleUrl>
<Point>
<coordinates>138.553416,35.716042,-0.001000</coordinates>
</Point>
<ExtendedData>
	<Data name="IconNumber">
		<value>901001</value>
	</Data>
</ExtendedData>
</Placemark>
<Placemark>
<name>JC0127</name>
<TimeStamp><when>2026-08-02T09:05:33Z</when></TimeStamp>
<styleUrl>#route</styleUrl>
<Point>
<coordinates>138.553502,35.715690,-0.001000</coordinates>
</Point>
<ExtendedData>
	<Data name="IconNumber">
		<value>901001</value>
	</Data>
</ExtendedData>
</Placemark>
<Placemark>
<name>JC0128</name>
<TimeStamp><when>2026-08-02T09:05:43Z</when></TimeStamp>
<styleUrl>#route</styleUrl>
<Point>
<coordinates>138.553502,35.715308,-0.001000</coordinates>
</Point>
<ExtendedData>
	<Data name="IconNumber">
		<value>901001</value>
	</Data>
</ExtendedData>
</Placemark>
<Placemark>
<name>JC0129</name>
<TimeStamp><when>2026-08-02T09:05:53Z</when></TimeStamp>
<styleUrl>#route</styleUrl>
<Point>
<coordinates>138.553244,35.714192,-0.001000</coordinates>
</Point>
<ExtendedData>
	<Data name="IconNumber">
		<value>901001</value>
	</Data>
</ExtendedData>
</Placemark>
<Placemark>
<name>JC0130</name>
<TimeStamp><when>2026-08-02T09:06:03Z</when></TimeStamp>
<styleUrl>#route</styleUrl>
<Point>
<coordinates>138.553164,35.713965,-0.001000</coordinates>
</Point>
<ExtendedData>
	<Data name="IconNumber">
		<value>901001</value>
	</Data>
</ExtendedData>
</Placemark>
<Placemark>
<name>SP0159</name>
<TimeStamp><when>2026-08-02T09:06:13Z</when></TimeStamp>
<styleUrl>#route</styleUrl>
<Point>
<coordinates>138.553024,35.713424,568.055000</coordinates>
</Point>
<ExtendedData>
	<Data name="IconNumber">
		<value>901001</value>
	</Data>
</ExtendedData>
</Placemark>
</Folder>
<Placemark>
<name>Path</name>
<Style>
<LineStyle>
 <color>ff0000ff</color>
 <width>2</width>
</LineStyle>
</Style>
<LineString>
<tessellate>1</tessellate>
<coordinates>
138.566068,35.738719,-0.001000
138.565690,35.738319,-0.001000
138.565218,35.737757,-0.001000
138.564767,35.737375,-0.001000
138.564681,35.737272,-0.001000
138.564628,35.737135,-0.001000
138.564553,35.736895,-0.001000
138.564510,35.736706,-0.001000
138.564370,35.736036,-0.001000
138.563850,35.733697,-0.001000
138.563737,35.733337,-0.001000
138.563608,35.733152,-0.001000
138.563490,35.733032,-0.001000
138.562879,35.732582,-0.001000
138.562471,35.732054,-0.001000
138.562310,35.731874,-0.001000
138.562176,35.731745,-0.001000
138.561978,35.731659,-0.001000
138.561790,35.731642,-0.001000
138.561527,35.731642,-0.001000
138.561066,35.731710,-0.001000
138.560808,35.731706,-0.001000
138.560470,35.731633,-0.001000
138.560272,35.731556,-0.001000
138.560073,35.731444,-0.001000
138.559966,35.731367,-0.001000
138.559596,35.731054,-0.001000
138.559408,35.730912,-0.001000
138.559183,35.730771,-0.001000
138.558957,35.730659,-0.001000
138.558496,35.730483,-0.001000
138.558260,35.730414,-0.001000
138.558013,35.730372,-0.001000
138.557697,35.730311,-0.001000
138.557547,35.730273,-0.001000
138.557327,35.730183,-0.001000
138.557155,35.730080,-0.001000
138.557042,35.729985,-0.001000
138.556940,35.729874,-0.001000
138.556865,35.729754,-0.001000
138.556833,35.729642,-0.001000
138.556833,35.729393,-0.001000
138.556801,35.727110,-0.001000
138.556785,35.726698,-0.001000
138.556747,35.726535,-0.001000
138.556704,35.726432,-0.001000
138.556640,35.726337,-0.001000
138.556565,35.726277,-0.001000
138.556114,35.726059,-0.001000
138.555937,35.725938,-0.001000
138.555868,35.725792,-0.001000
138.555868,35.725634,-0.001000
138.555921,35.725432,-0.001000
138.556146,35.724690,-0.001000
138.556275,35.724445,-0.001000
138.556383,35.724282,-0.001000
138.556495,35.724170,-0.001000
138.556704,35.724016,-0.001000
138.557273,35.723621,-0.001000
138.557466,35.723518,-0.001000
138.557584,35.723479,-0.001000
138.557756,35.723436,-0.001000
138.558067,35.723411,-0.001000
138.559043,35.723411,-0.001000
138.559177,35.723393,-0.001000
138.559285,35.723359,-0.001000
138.559354,35.723303,-0.001000
138.559408,35.723188,-0.001000
138.559430,35.723059,-0.001000
138.559430,35.722960,-0.001000
138.559376,35.722844,-0.001000
138.559311,35.722763,-0.001000
138.559204,35.722685,-0.001000
138.558952,35.722557,-0.001000
138.558577,35.722424,-0.001000
138.558212,35.722329,-0.001000
138.557895,35.722196,-0.001000
138.557745,35.722085,-0.001000
138.557584,35.721921,-0.001000
138.557423,35.721797,-0.001000
138.557166,35.721651,-0.001000
138.556672,35.721497,-0.001000
138.556436,35.721402,-0.001000
138.556329,35.721334,-0.001000
138.556254,35.721265,-0.001000
138.556222,35.721170,-0.001000
138.556248,35.720883,-0.001000
138.556372,35.720527,-0.001000
138.556372,35.720347,-0.001000
138.556334,35.720235,-0.001000
138.556265,35.720158,-0.001000
138.556168,35.720123,-0.001000
138.555771,35.720115,-0.001000
138.555599,35.720093,-0.001000
138.555519,35.720020,-0.001000
138.555417,35.719917,-0.001000
138.555363,35.719836,-0.001000
138.555320,35.719720,-0.001000
138.555240,35.719325,-0.001000
138.555159,35.719166,-0.001000
138.554982,35.718973,-0.001000
138.554827,35.718823,-0.001000
138.554591,35.718587,-0.001000
138.554532,35.718467,-0.001000
138.554537,35.718325,-0.001000
138.554612,35.718201,-0.001000
138.554945,35.717862,-0.001000
138.555009,35.717746,-0.001000
138.554993,35.717643,-0.001000
138.554886,35.717475,-0.001000
138.554805,35.717424,-0.001000
138.554730,35.717398,-0.001000
138.554366,35.717390,-0.001000
138.554044,35.717433,-0.001000
138.553770,35.717441,-0.001000
138.553620,35.717424,-0.001000
138.553427,35.717372,-0.001000
138.553357,35.717330,-0.001000
138.553282,35.717248,-0.001000
138.553244,35.717184,-0.001000
138.553260,35.717055,-0.001000
138.553443,35.716737,-0.001000
138.553475,35.716613,-0.001000
138.553475,35.716411,-0.001000
138.553432,35.716222,-0.001000
138.553416,35.716042,-0.001000
138.553502,35.715690,-0.001000
138.553502,35.715308,-0.001000
138.553244,35.714192,-0.001000
138.553164,35.713965,-0.001000
138.553024,35.713424,568.055000
</coordinates>
</LineString>
</Placemark>
</Folder>
<Folder>
<name>甲斐鳥居坂上・宮沢橋</name>
<Folder>
<name>Points</name>
<Placemark>
<name>AI0227</name>
<TimeStamp><when>2026-08-02T08:34:42Z</when></TimeStamp>
<styleUrl>#route</styleUrl>
<Point>
<coordinates>138.523738,35.710305,-0.001000</coordinates>
</Point>
<ExtendedData>
	<Data name="IconNumber">
		<value>901001</value>
	</Data>
</ExtendedData>
</Placemark>
<Placemark>
<name>JB0002</name>
<TimeStamp><when>2026-08-02T08:34:52Z</when></TimeStamp>
<styleUrl>#route</styleUrl>
<Point>
<coordinates>138.523762,35.710485,-0.001000</coordinates>
</Point>
<ExtendedData>
	<Data name="IconNumber">
		<value>901001</value>
	</Data>
</ExtendedData>
</Placemark>
<Placemark>
<name>JB0003</name>
<TimeStamp><when>2026-08-02T08:35:02Z</when></TimeStamp>
<styleUrl>#route</styleUrl>
<Point>
<coordinates>138.523767,35.710613,-0.001000</coordinates>
</Point>
<ExtendedData>
	<Data name="IconNumber">
		<value>901001</value>
	</Data>
</ExtendedData>
</Placemark>
<Placemark>
<name>JB0004</name>
<TimeStamp><when>2026-08-02T08:35:12Z</when></TimeStamp>
<styleUrl>#route</styleUrl>
<Point>
<coordinates>138.523821,35.710944,-0.001000</coordinates>
</Point>
<ExtendedData>
	<Data name="IconNumber">
		<value>901001</value>
	</Data>
</ExtendedData>
</Placemark>
<Placemark>
<name>JB0005</name>
<TimeStamp><when>2026-08-02T08:35:22Z</when></TimeStamp>
<styleUrl>#route</styleUrl>
<Point>
<coordinates>138.523874,35.711145,-0.001000</coordinates>
</Point>
<ExtendedData>
	<Data name="IconNumber">
		<value>901001</value>
	</Data>
</ExtendedData>
</Placemark>
<Placemark>
<name>JB0006</name>
<TimeStamp><when>2026-08-02T08:35:32Z</when></TimeStamp>
<styleUrl>#route</styleUrl>
<Point>
<coordinates>138.523987,35.711364,-0.001000</coordinates>
</Point>
<ExtendedData>
	<Data name="IconNumber">
		<value>901001</value>
	</Data>
</ExtendedData>
</Placemark>
<Placemark>
<name>JB0007</name>
<TimeStamp><when>2026-08-02T08:35:42Z</when></TimeStamp>
<styleUrl>#route</styleUrl>
<Point>
<coordinates>138.524722,35.712223,-0.001000</coordinates>
</Point>
<ExtendedData>
	<Data name="IconNumber">
		<value>901001</value>
	</Data>
</ExtendedData>
</Placemark>
<Placemark>
<name>JB0008</name>
<TimeStamp><when>2026-08-02T08:35:52Z</when></TimeStamp>
<styleUrl>#route</styleUrl>
<Point>
<coordinates>138.525011,35.712682,-0.001000</coordinates>
</Point>
<ExtendedData>
	<Data name="IconNumber">
		<value>901001</value>
	</Data>
</ExtendedData>
</Placemark>
<Placemark>
<name>JB0009</name>
<TimeStamp><when>2026-08-02T08:36:02Z</when></TimeStamp>
<styleUrl>#route</styleUrl>
<Point>
<coordinates>138.525151,35.712999,-0.001000</coordinates>
</Point>
<ExtendedData>
	<Data name="IconNumber">
		<value>901001</value>
	</Data>
</ExtendedData>
</Placemark>
<Placemark>
<name>JB0010</name>
<TimeStamp><when>2026-08-02T08:36:12Z</when></TimeStamp>
<styleUrl>#route</styleUrl>
<Point>
<coordinates>138.525199,35.713180,-0.001000</coordinates>
</Point>
<ExtendedData>
	<Data name="IconNumber">
		<value>901001</value>
	</Data>
</ExtendedData>
</Placemark>
<Placemark>
<name>JB0011</name>
<TimeStamp><when>2026-08-02T08:36:22Z</when></TimeStamp>
<styleUrl>#route</styleUrl>
<Point>
<coordinates>138.525199,35.713420,-0.001000</coordinates>
</Point>
<ExtendedData>
	<Data name="IconNumber">
		<value>901001</value>
	</Data>
</ExtendedData>
</Placemark>
<Placemark>
<name>JB0012</name>
<TimeStamp><when>2026-08-02T08:36:32Z</when></TimeStamp>
<styleUrl>#route</styleUrl>
<Point>
<coordinates>138.525172,35.713677,-0.001000</coordinates>
</Point>
<ExtendedData>
	<Data name="IconNumber">
		<value>901001</value>
	</Data>
</ExtendedData>
</Placemark>
<Placemark>
<name>JB0013</name>
<TimeStamp><when>2026-08-02T08:36:42Z</when></TimeStamp>
<styleUrl>#route</styleUrl>
<Point>
<coordinates>138.525103,35.713995,-0.001000</coordinates>
</Point>
<ExtendedData>
	<Data name="IconNumber">
		<value>901001</value>
	</Data>
</ExtendedData>
</Placemark>
<Placemark>
<name>JB0014</name>
<TimeStamp><when>2026-08-02T08:36:52Z</when></TimeStamp>
<styleUrl>#route</styleUrl>
<Point>
<coordinates>138.524985,35.714360,-0.001000</coordinates>
</Point>
<ExtendedData>
	<Data name="IconNumber">
		<value>901001</value>
	</Data>
</ExtendedData>
</Placemark>
<Placemark>
<name>JB0015</name>
<TimeStamp><when>2026-08-02T08:37:02Z</when></TimeStamp>
<styleUrl>#route</styleUrl>
<Point>
<coordinates>138.524791,35.714665,-0.001000</coordinates>
</Point>
<ExtendedData>
	<Data name="IconNumber">
		<value>901001</value>
	</Data>
</ExtendedData>
</Placemark>
<Placemark>
<name>JB0016</name>
<TimeStamp><when>2026-08-02T08:37:12Z</when></TimeStamp>
<styleUrl>#route</styleUrl>
<Point>
<coordinates>138.524695,35.714832,-0.001000</coordinates>
</Point>
<ExtendedData>
	<Data name="IconNumber">
		<value>901001</value>
	</Data>
</ExtendedData>
</Placemark>
<Placemark>
<name>JB0017</name>
<TimeStamp><when>2026-08-02T08:37:22Z</when></TimeStamp>
<styleUrl>#route</styleUrl>
<Point>
<coordinates>138.524582,35.715059,-0.001000</coordinates>
</Point>
<ExtendedData>
	<Data name="IconNumber">
		<value>901001</value>
	</Data>
</ExtendedData>
</Placemark>
<Placemark>
<name>JB0018</name>
<TimeStamp><when>2026-08-02T08:37:32Z</when></TimeStamp>
<styleUrl>#route</styleUrl>
<Point>
<coordinates>138.524470,35.715343,-0.001000</coordinates>
</Point>
<ExtendedData>
	<Data name="IconNumber">
		<value>901001</value>
	</Data>
</ExtendedData>
</Placemark>
<Placemark>
<name>JB0019</name>
<TimeStamp><when>2026-08-02T08:37:42Z</when></TimeStamp>
<styleUrl>#route</styleUrl>
<Point>
<coordinates>138.524427,35.715523,-0.001000</coordinates>
</Point>
<ExtendedData>
	<Data name="IconNumber">
		<value>901001</value>
	</Data>
</ExtendedData>
</Placemark>
<Placemark>
<name>JB0020</name>
<TimeStamp><when>2026-08-02T08:37:52Z</when></TimeStamp>
<styleUrl>#route</styleUrl>
<Point>
<coordinates>138.524373,35.716081,-0.001000</coordinates>
</Point>
<ExtendedData>
	<Data name="IconNumber">
		<value>901001</value>
	</Data>
</ExtendedData>
</Placemark>
<Placemark>
<name>JB0021</name>
<TimeStamp><when>2026-08-02T08:38:02Z</when></TimeStamp>
<styleUrl>#route</styleUrl>
<Point>
<coordinates>138.524352,35.716501,-0.001000</coordinates>
</Point>
<ExtendedData>
	<Data name="IconNumber">
		<value>901001</value>
	</Data>
</ExtendedData>
</Placemark>
<Placemark>
<name>JB0022</name>
<TimeStamp><when>2026-08-02T08:38:12Z</when></TimeStamp>
<styleUrl>#route</styleUrl>
<Point>
<coordinates>138.524335,35.717214,-0.001000</coordinates>
</Point>
<ExtendedData>
	<Data name="IconNumber">
		<value>901001</value>
	</Data>
</ExtendedData>
</Placemark>
<Placemark>
<name>JB0023</name>
<TimeStamp><when>2026-08-02T08:38:22Z</when></TimeStamp>
<styleUrl>#route</styleUrl>
<Point>
<coordinates>138.524368,35.717403,-0.001000</coordinates>
</Point>
<ExtendedData>
	<Data name="IconNumber">
		<value>901001</value>
	</Data>
</ExtendedData>
</Placemark>
<Placemark>
<name>JB0024</name>
<TimeStamp><when>2026-08-02T08:38:32Z</when></TimeStamp>
<styleUrl>#route</styleUrl>
<Point>
<coordinates>138.524411,35.717583,-0.001000</coordinates>
</Point>
<ExtendedData>
	<Data name="IconNumber">
		<value>901001</value>
	</Data>
</ExtendedData>
</Placemark>
<Placemark>
<name>JB0025</name>
<TimeStamp><when>2026-08-02T08:38:42Z</when></TimeStamp>
<styleUrl>#route</styleUrl>
<Point>
<coordinates>138.524582,35.717887,-0.001000</coordinates>
</Point>
<ExtendedData>
	<Data name="IconNumber">
		<value>901001</value>
	</Data>
</ExtendedData>
</Placemark>
<Placemark>
<name>JB0026</name>
<TimeStamp><when>2026-08-02T08:38:52Z</when></TimeStamp>
<styleUrl>#route</styleUrl>
<Point>
<coordinates>138.524888,35.718192,-0.001000</coordinates>
</Point>
<ExtendedData>
	<Data name="IconNumber">
		<value>901001</value>
	</Data>
</ExtendedData>
</Placemark>
<Placemark>
<name>JB0027</name>
<TimeStamp><when>2026-08-02T08:39:02Z</when></TimeStamp>
<styleUrl>#route</styleUrl>
<Point>
<coordinates>138.525049,35.718381,-0.001000</coordinates>
</Point>
<ExtendedData>
	<Data name="IconNumber">
		<value>901001</value>
	</Data>
</ExtendedData>
</Placemark>
<Placemark>
<name>JB0028</name>
<TimeStamp><when>2026-08-02T08:39:12Z</when></TimeStamp>
<styleUrl>#route</styleUrl>
<Point>
<coordinates>138.525274,35.718600,-0.001000</coordinates>
</Point>
<ExtendedData>
	<Data name="IconNumber">
		<value>901001</value>
	</Data>
</ExtendedData>
</Placemark>
<Placemark>
<name>JB0029</name>
<TimeStamp><when>2026-08-02T08:39:22Z</when></TimeStamp>
<styleUrl>#route</styleUrl>
<Point>
<coordinates>138.525762,35.719166,-0.001000</coordinates>
</Point>
<ExtendedData>
	<Data name="IconNumber">
		<value>901001</value>
	</Data>
</ExtendedData>
</Placemark>
<Placemark>
<name>JB0030</name>
<TimeStamp><when>2026-08-02T08:39:32Z</when></TimeStamp>
<styleUrl>#route</styleUrl>
<Point>
<coordinates>138.525982,35.719531,-0.001000</coordinates>
</Point>
<ExtendedData>
	<Data name="IconNumber">
		<value>901001</value>
	</Data>
</ExtendedData>
</Placemark>
<Placemark>
<name>JB0031</name>
<TimeStamp><when>2026-08-02T08:39:42Z</when></TimeStamp>
<styleUrl>#route</styleUrl>
<Point>
<coordinates>138.526138,35.720115,-0.001000</coordinates>
</Point>
<ExtendedData>
	<Data name="IconNumber">
		<value>901001</value>
	</Data>
</ExtendedData>
</Placemark>
<Placemark>
<name>JB0032</name>
<TimeStamp><when>2026-08-02T08:39:52Z</when></TimeStamp>
<styleUrl>#route</styleUrl>
<Point>
<coordinates>138.526288,35.720707,-0.001000</coordinates>
</Point>
<ExtendedData>
	<Data name="IconNumber">
		<value>901001</value>
	</Data>
</ExtendedData>
</Placemark>
<Placemark>
<name>JB0033</name>
<TimeStamp><when>2026-08-02T08:40:02Z</when></TimeStamp>
<styleUrl>#route</styleUrl>
<Point>
<coordinates>138.526358,35.720887,-0.001000</coordinates>
</Point>
<ExtendedData>
	<Data name="IconNumber">
		<value>901001</value>
	</Data>
</ExtendedData>
</Placemark>
<Placemark>
<name>JB0034</name>
<TimeStamp><when>2026-08-02T08:40:12Z</when></TimeStamp>
<styleUrl>#route</styleUrl>
<Point>
<coordinates>138.526438,35.721016,-0.001000</coordinates>
</Point>
<ExtendedData>
	<Data name="IconNumber">
		<value>901001</value>
	</Data>
</ExtendedData>
</Placemark>
<Placemark>
<name>JB0035</name>
<TimeStamp><when>2026-08-02T08:40:22Z</when></TimeStamp>
<styleUrl>#route</styleUrl>
<Point>
<coordinates>138.527066,35.721655,-0.001000</coordinates>
</Point>
<ExtendedData>
	<Data name="IconNumber">
		<value>901001</value>
	</Data>
</ExtendedData>
</Placemark>
<Placemark>
<name>JB0036</name>
<TimeStamp><when>2026-08-02T08:40:32Z</when></TimeStamp>
<styleUrl>#route</styleUrl>
<Point>
<coordinates>138.527216,35.721840,-0.001000</coordinates>
</Point>
<ExtendedData>
	<Data name="IconNumber">
		<value>901001</value>
	</Data>
</ExtendedData>
</Placemark>
<Placemark>
<name>JB0037</name>
<TimeStamp><when>2026-08-02T08:40:42Z</when></TimeStamp>
<styleUrl>#route</styleUrl>
<Point>
<coordinates>138.527334,35.722046,-0.001000</coordinates>
</Point>
<ExtendedData>
	<Data name="IconNumber">
		<value>901001</value>
	</Data>
</ExtendedData>
</Placemark>
<Placemark>
<name>JB0038</name>
<TimeStamp><when>2026-08-02T08:40:52Z</when></TimeStamp>
<styleUrl>#route</styleUrl>
<Point>
<coordinates>138.527887,35.723591,-0.001000</coordinates>
</Point>
<ExtendedData>
	<Data name="IconNumber">
		<value>901001</value>
	</Data>
</ExtendedData>
</Placemark>
<Placemark>
<name>JB0039</name>
<TimeStamp><when>2026-08-02T08:41:02Z</when></TimeStamp>
<styleUrl>#route</styleUrl>
<Point>
<coordinates>138.527887,35.723870,-0.001000</coordinates>
</Point>
<ExtendedData>
	<Data name="IconNumber">
		<value>901001</value>
	</Data>
</ExtendedData>
</Placemark>
<Placemark>
<name>JB0040</name>
<TimeStamp><when>2026-08-02T08:41:12Z</when></TimeStamp>
<styleUrl>#route</styleUrl>
<Point>
<coordinates>138.527833,35.724067,-0.001000</coordinates>
</Point>
<ExtendedData>
	<Data name="IconNumber">
		<value>901001</value>
	</Data>
</ExtendedData>
</Placemark>
<Placemark>
<name>JB0041</name>
<TimeStamp><when>2026-08-02T08:41:22Z</when></TimeStamp>
<styleUrl>#route</styleUrl>
<Point>
<coordinates>138.527651,35.724458,-0.001000</coordinates>
</Point>
<ExtendedData>
	<Data name="IconNumber">
		<value>901001</value>
	</Data>
</ExtendedData>
</Placemark>
<Placemark>
<name>JB0042</name>
<TimeStamp><when>2026-08-02T08:41:32Z</when></TimeStamp>
<styleUrl>#route</styleUrl>
<Point>
<coordinates>138.527399,35.724844,-0.001000</coordinates>
</Point>
<ExtendedData>
	<Data name="IconNumber">
		<value>901001</value>
	</Data>
</ExtendedData>
</Placemark>
<Placemark>
<name>JB0043</name>
<TimeStamp><when>2026-08-02T08:41:42Z</when></TimeStamp>
<styleUrl>#route</styleUrl>
<Point>
<coordinates>138.527340,35.724947,-0.001000</coordinates>
</Point>
<ExtendedData>
	<Data name="IconNumber">
		<value>901001</value>
	</Data>
</ExtendedData>
</Placemark>
<Placemark>
<name>JB0044</name>
<TimeStamp><when>2026-08-02T08:41:52Z</when></TimeStamp>
<styleUrl>#route</styleUrl>
<Point>
<coordinates>138.527307,35.725080,-0.001000</coordinates>
</Point>
<ExtendedData>
	<Data name="IconNumber">
		<value>901001</value>
	</Data>
</ExtendedData>
</Placemark>
<Placemark>
<name>JB0045</name>
<TimeStamp><when>2026-08-02T08:42:02Z</when></TimeStamp>
<styleUrl>#route</styleUrl>
<Point>
<coordinates>138.527334,35.725934,-0.001000</coordinates>
</Point>
<ExtendedData>
	<Data name="IconNumber">
		<value>901001</value>
	</Data>
</ExtendedData>
</Placemark>
<Placemark>
<name>JB0046</name>
<TimeStamp><when>2026-08-02T08:42:12Z</when></TimeStamp>
<styleUrl>#route</styleUrl>
<Point>
<coordinates>138.527286,35.726063,-0.001000</coordinates>
</Point>
<ExtendedData>
	<Data name="IconNumber">
		<value>901001</value>
	</Data>
</ExtendedData>
</Placemark>
<Placemark>
<name>JB0047</name>
<TimeStamp><when>2026-08-02T08:42:22Z</when></TimeStamp>
<styleUrl>#route</styleUrl>
<Point>
<coordinates>138.526642,35.727325,-0.001000</coordinates>
</Point>
<ExtendedData>
	<Data name="IconNumber">
		<value>901001</value>
	</Data>
</ExtendedData>
</Placemark>
<Placemark>
<name>JB0048</name>
<TimeStamp><when>2026-08-02T08:42:32Z</when></TimeStamp>
<styleUrl>#route</styleUrl>
<Point>
<coordinates>138.526428,35.727689,-0.001000</coordinates>
</Point>
<ExtendedData>
	<Data name="IconNumber">
		<value>901001</value>
	</Data>
</ExtendedData>
</Placemark>
<Placemark>
<name>JB0049</name>
<TimeStamp><when>2026-08-02T08:42:42Z</when></TimeStamp>
<styleUrl>#route</styleUrl>
<Point>
<coordinates>138.526106,35.728071,-0.001000</coordinates>
</Point>
<ExtendedData>
	<Data name="IconNumber">
		<value>901001</value>
	</Data>
</ExtendedData>
</Placemark>
<Placemark>
<name>JB0050</name>
<TimeStamp><when>2026-08-02T08:42:52Z</when></TimeStamp>
<styleUrl>#route</styleUrl>
<Point>
<coordinates>138.525811,35.728393,-0.001000</coordinates>
</Point>
<ExtendedData>
	<Data name="IconNumber">
		<value>901001</value>
	</Data>
</ExtendedData>
</Placemark>
<Placemark>
<name>JB0051</name>
<TimeStamp><when>2026-08-02T08:43:02Z</when></TimeStamp>
<styleUrl>#route</styleUrl>
<Point>
<coordinates>138.525741,35.728543,-0.001000</coordinates>
</Point>
<ExtendedData>
	<Data name="IconNumber">
		<value>901001</value>
	</Data>
</ExtendedData>
</Placemark>
<Placemark>
<name>JB0052</name>
<TimeStamp><when>2026-08-02T08:43:12Z</when></TimeStamp>
<styleUrl>#route</styleUrl>
<Point>
<coordinates>138.525709,35.728646,-0.001000</coordinates>
</Point>
<ExtendedData>
	<Data name="IconNumber">
		<value>901001</value>
	</Data>
</ExtendedData>
</Placemark>
<Placemark>
<name>JB0053</name>
<TimeStamp><when>2026-08-02T08:43:22Z</when></TimeStamp>
<styleUrl>#route</styleUrl>
<Point>
<coordinates>138.525709,35.728732,-0.001000</coordinates>
</Point>
<ExtendedData>
	<Data name="IconNumber">
		<value>901001</value>
	</Data>
</ExtendedData>
</Placemark>
<Placemark>
<name>JB0054</name>
<TimeStamp><when>2026-08-02T08:43:32Z</when></TimeStamp>
<styleUrl>#route</styleUrl>
<Point>
<coordinates>138.525838,35.728998,-0.001000</coordinates>
</Point>
<ExtendedData>
	<Data name="IconNumber">
		<value>901001</value>
	</Data>
</ExtendedData>
</Placemark>
<Placemark>
<name>JB0055</name>
<TimeStamp><when>2026-08-02T08:43:42Z</when></TimeStamp>
<styleUrl>#route</styleUrl>
<Point>
<coordinates>138.525929,35.729170,-0.001000</coordinates>
</Point>
<ExtendedData>
	<Data name="IconNumber">
		<value>901001</value>
	</Data>
</ExtendedData>
</Placemark>
<Placemark>
<name>JB0056</name>
<TimeStamp><when>2026-08-02T08:43:52Z</when></TimeStamp>
<styleUrl>#route</styleUrl>
<Point>
<coordinates>138.525966,35.729281,-0.001000</coordinates>
</Point>
<ExtendedData>
	<Data name="IconNumber">
		<value>901001</value>
	</Data>
</ExtendedData>
</Placemark>
<Placemark>
<name>JB0057</name>
<TimeStamp><when>2026-08-02T08:44:02Z</when></TimeStamp>
<styleUrl>#route</styleUrl>
<Point>
<coordinates>138.525972,35.729367,-0.001000</coordinates>
</Point>
<ExtendedData>
	<Data name="IconNumber">
		<value>901001</value>
	</Data>
</ExtendedData>
</Placemark>
<Placemark>
<name>JB0058</name>
<TimeStamp><when>2026-08-02T08:44:12Z</when></TimeStamp>
<styleUrl>#route</styleUrl>
<Point>
<coordinates>138.525939,35.729487,-0.001000</coordinates>
</Point>
<ExtendedData>
	<Data name="IconNumber">
		<value>901001</value>
	</Data>
</ExtendedData>
</Placemark>
<Placemark>
<name>JB0059</name>
<TimeStamp><when>2026-08-02T08:44:22Z</when></TimeStamp>
<styleUrl>#route</styleUrl>
<Point>
<coordinates>138.525773,35.729839,-0.001000</coordinates>
</Point>
<ExtendedData>
	<Data name="IconNumber">
		<value>901001</value>
	</Data>
</ExtendedData>
</Placemark>
<Placemark>
<name>JB0060</name>
<TimeStamp><when>2026-08-02T08:44:32Z</when></TimeStamp>
<styleUrl>#route</styleUrl>
<Point>
<coordinates>138.525741,35.729934,-0.001000</coordinates>
</Point>
<ExtendedData>
	<Data name="IconNumber">
		<value>901001</value>
	</Data>
</ExtendedData>
</Placemark>
<Placemark>
<name>JB0061</name>
<TimeStamp><when>2026-08-02T08:44:42Z</when></TimeStamp>
<styleUrl>#route</styleUrl>
<Point>
<coordinates>138.525725,35.730028,-0.001000</coordinates>
</Point>
<ExtendedData>
	<Data name="IconNumber">
		<value>901001</value>
	</Data>
</ExtendedData>
</Placemark>
<Placemark>
<name>JB0062</name>
<TimeStamp><when>2026-08-02T08:44:52Z</when></TimeStamp>
<styleUrl>#route</styleUrl>
<Point>
<coordinates>138.525730,35.730157,-0.001000</coordinates>
</Point>
<ExtendedData>
	<Data name="IconNumber">
		<value>901001</value>
	</Data>
</ExtendedData>
</Placemark>
<Placemark>
<name>JB0063</name>
<TimeStamp><when>2026-08-02T08:45:02Z</when></TimeStamp>
<styleUrl>#route</styleUrl>
<Point>
<coordinates>138.525746,35.730372,-0.001000</coordinates>
</Point>
<ExtendedData>
	<Data name="IconNumber">
		<value>901001</value>
	</Data>
</ExtendedData>
</Placemark>
<Placemark>
<name>JB0064</name>
<TimeStamp><when>2026-08-02T08:45:12Z</when></TimeStamp>
<styleUrl>#route</styleUrl>
<Point>
<coordinates>138.525762,35.730543,-0.001000</coordinates>
</Point>
<ExtendedData>
	<Data name="IconNumber">
		<value>901001</value>
	</Data>
</ExtendedData>
</Placemark>
<Placemark>
<name>JB0065</name>
<TimeStamp><when>2026-08-02T08:45:22Z</when></TimeStamp>
<styleUrl>#route</styleUrl>
<Point>
<coordinates>138.525773,35.730741,-0.001000</coordinates>
</Point>
<ExtendedData>
	<Data name="IconNumber">
		<value>901001</value>
	</Data>
</ExtendedData>
</Placemark>
<Placemark>
<name>JB0066</name>
<TimeStamp><when>2026-08-02T08:45:32Z</when></TimeStamp>
<styleUrl>#route</styleUrl>
<Point>
<coordinates>138.525821,35.731101,-0.001000</coordinates>
</Point>
<ExtendedData>
	<Data name="IconNumber">
		<value>901001</value>
	</Data>
</ExtendedData>
</Placemark>
<Placemark>
<name>JB0067</name>
<TimeStamp><when>2026-08-02T08:45:42Z</when></TimeStamp>
<styleUrl>#route</styleUrl>
<Point>
<coordinates>138.525843,35.731243,-0.001000</coordinates>
</Point>
<ExtendedData>
	<Data name="IconNumber">
		<value>901001</value>
	</Data>
</ExtendedData>
</Placemark>
<Placemark>
<name>JB0068</name>
<TimeStamp><when>2026-08-02T08:45:52Z</when></TimeStamp>
<styleUrl>#route</styleUrl>
<Point>
<coordinates>138.525859,35.731466,-0.001000</coordinates>
</Point>
<ExtendedData>
	<Data name="IconNumber">
		<value>901001</value>
	</Data>
</ExtendedData>
</Placemark>
<Placemark>
<name>JB0069</name>
<TimeStamp><when>2026-08-02T08:46:02Z</when></TimeStamp>
<styleUrl>#route</styleUrl>
<Point>
<coordinates>138.525870,35.731633,-0.001000</coordinates>
</Point>
<ExtendedData>
	<Data name="IconNumber">
		<value>901001</value>
	</Data>
</ExtendedData>
</Placemark>
<Placemark>
<name>JB0070</name>
<TimeStamp><when>2026-08-02T08:46:12Z</when></TimeStamp>
<styleUrl>#route</styleUrl>
<Point>
<coordinates>138.525891,35.731912,-0.001000</coordinates>
</Point>
<ExtendedData>
	<Data name="IconNumber">
		<value>901001</value>
	</Data>
</ExtendedData>
</Placemark>
<Placemark>
<name>JB0071</name>
<TimeStamp><when>2026-08-02T08:46:22Z</when></TimeStamp>
<styleUrl>#route</styleUrl>
<Point>
<coordinates>138.525891,35.732041,-0.001000</coordinates>
</Point>
<ExtendedData>
	<Data name="IconNumber">
		<value>901001</value>
	</Data>
</ExtendedData>
</Placemark>
<Placemark>
<name>JB0072</name>
<TimeStamp><when>2026-08-02T08:46:32Z</when></TimeStamp>
<styleUrl>#route</styleUrl>
<Point>
<coordinates>138.525897,35.732307,-0.001000</coordinates>
</Point>
<ExtendedData>
	<Data name="IconNumber">
		<value>901001</value>
	</Data>
</ExtendedData>
</Placemark>
<Placemark>
<name>JB0073</name>
<TimeStamp><when>2026-08-02T08:46:42Z</when></TimeStamp>
<styleUrl>#route</styleUrl>
<Point>
<coordinates>138.525902,35.732474,-0.001000</coordinates>
</Point>
<ExtendedData>
	<Data name="IconNumber">
		<value>901001</value>
	</Data>
</ExtendedData>
</Placemark>
<Placemark>
<name>JB0074</name>
<TimeStamp><when>2026-08-02T08:46:52Z</when></TimeStamp>
<styleUrl>#route</styleUrl>
<Point>
<coordinates>138.525918,35.732629,-0.001000</coordinates>
</Point>
<ExtendedData>
	<Data name="IconNumber">
		<value>901001</value>
	</Data>
</ExtendedData>
</Placemark>
<Placemark>
<name>JB0075</name>
<TimeStamp><when>2026-08-02T08:47:02Z</when></TimeStamp>
<styleUrl>#route</styleUrl>
<Point>
<coordinates>138.525950,35.732796,-0.001000</coordinates>
</Point>
<ExtendedData>
	<Data name="IconNumber">
		<value>901001</value>
	</Data>
</ExtendedData>
</Placemark>
<Placemark>
<name>JB0076</name>
<TimeStamp><when>2026-08-02T08:47:12Z</when></TimeStamp>
<styleUrl>#route</styleUrl>
<Point>
<coordinates>138.526031,35.733152,-0.001000</coordinates>
</Point>
<ExtendedData>
	<Data name="IconNumber">
		<value>901001</value>
	</Data>
</ExtendedData>
</Placemark>
<Placemark>
<name>JB0077</name>
<TimeStamp><when>2026-08-02T08:47:22Z</when></TimeStamp>
<styleUrl>#route</styleUrl>
<Point>
<coordinates>138.526106,35.733436,-0.001000</coordinates>
</Point>
<ExtendedData>
	<Data name="IconNumber">
		<value>901001</value>
	</Data>
</ExtendedData>
</Placemark>
<Placemark>
<name>JB0078</name>
<TimeStamp><when>2026-08-02T08:47:32Z</when></TimeStamp>
<styleUrl>#route</styleUrl>
<Point>
<coordinates>138.526165,35.733590,-0.001000</coordinates>
</Point>
<ExtendedData>
	<Data name="IconNumber">
		<value>901001</value>
	</Data>
</ExtendedData>
</Placemark>
<Placemark>
<name>JB0079</name>
<TimeStamp><when>2026-08-02T08:47:42Z</when></TimeStamp>
<styleUrl>#route</styleUrl>
<Point>
<coordinates>138.526251,35.733715,-0.001000</coordinates>
</Point>
<ExtendedData>
	<Data name="IconNumber">
		<value>901001</value>
	</Data>
</ExtendedData>
</Placemark>
<Placemark>
<name>JB0080</name>
<TimeStamp><when>2026-08-02T08:47:52Z</when></TimeStamp>
<styleUrl>#route</styleUrl>
<Point>
<coordinates>138.526385,35.733796,-0.001000</coordinates>
</Point>
<ExtendedData>
	<Data name="IconNumber">
		<value>901001</value>
	</Data>
</ExtendedData>
</Placemark>
<Placemark>
<name>JB0081</name>
<TimeStamp><when>2026-08-02T08:48:02Z</when></TimeStamp>
<styleUrl>#route</styleUrl>
<Point>
<coordinates>138.528166,35.734620,-0.001000</coordinates>
</Point>
<ExtendedData>
	<Data name="IconNumber">
		<value>901001</value>
	</Data>
</ExtendedData>
</Placemark>
<Placemark>
<name>JB0082</name>
<TimeStamp><when>2026-08-02T08:48:12Z</when></TimeStamp>
<styleUrl>#route</styleUrl>
<Point>
<coordinates>138.528992,35.734998,-0.001000</coordinates>
</Point>
<ExtendedData>
	<Data name="IconNumber">
		<value>901001</value>
	</Data>
</ExtendedData>
</Placemark>
<Placemark>
<name>JB0083</name>
<TimeStamp><when>2026-08-02T08:48:22Z</when></TimeStamp>
<styleUrl>#route</styleUrl>
<Point>
<coordinates>138.530075,35.735500,-0.001000</coordinates>
</Point>
<ExtendedData>
	<Data name="IconNumber">
		<value>901001</value>
	</Data>
</ExtendedData>
</Placemark>
<Placemark>
<name>JB0084</name>
<TimeStamp><when>2026-08-02T08:48:32Z</when></TimeStamp>
<styleUrl>#route</styleUrl>
<Point>
<coordinates>138.530354,35.735693,-0.001000</coordinates>
</Point>
<ExtendedData>
	<Data name="IconNumber">
		<value>901001</value>
	</Data>
</ExtendedData>
</Placemark>
<Placemark>
<name>JB0085</name>
<TimeStamp><when>2026-08-02T08:48:42Z</when></TimeStamp>
<styleUrl>#route</styleUrl>
<Point>
<coordinates>138.530526,35.735826,-0.001000</coordinates>
</Point>
<ExtendedData>
	<Data name="IconNumber">
		<value>901001</value>
	</Data>
</ExtendedData>
</Placemark>
<Placemark>
<name>JB0086</name>
<TimeStamp><when>2026-08-02T08:48:52Z</when></TimeStamp>
<styleUrl>#route</styleUrl>
<Point>
<coordinates>138.530939,35.736225,-0.001000</coordinates>
</Point>
<ExtendedData>
	<Data name="IconNumber">
		<value>901001</value>
	</Data>
</ExtendedData>
</Placemark>
<Placemark>
<name>JB0087</name>
<TimeStamp><when>2026-08-02T08:49:02Z</when></TimeStamp>
<styleUrl>#route</styleUrl>
<Point>
<coordinates>138.531041,35.736375,-0.001000</coordinates>
</Point>
<ExtendedData>
	<Data name="IconNumber">
		<value>901001</value>
	</Data>
</ExtendedData>
</Placemark>
<Placemark>
<name>JB0088</name>
<TimeStamp><when>2026-08-02T08:49:12Z</when></TimeStamp>
<styleUrl>#route</styleUrl>
<Point>
<coordinates>138.531079,35.736526,-0.001000</coordinates>
</Point>
<ExtendedData>
	<Data name="IconNumber">
		<value>901001</value>
	</Data>
</ExtendedData>
</Placemark>
<Placemark>
<name>JB0089</name>
<TimeStamp><when>2026-08-02T08:49:22Z</when></TimeStamp>
<styleUrl>#route</styleUrl>
<Point>
<coordinates>138.531041,35.736835,-0.001000</coordinates>
</Point>
<ExtendedData>
	<Data name="IconNumber">
		<value>901001</value>
	</Data>
</ExtendedData>
</Placemark>
<Placemark>
<name>JB0090</name>
<TimeStamp><when>2026-08-02T08:49:32Z</when></TimeStamp>
<styleUrl>#route</styleUrl>
<Point>
<coordinates>138.530531,35.737637,-0.001000</coordinates>
</Point>
<ExtendedData>
	<Data name="IconNumber">
		<value>901001</value>
	</Data>
</ExtendedData>
</Placemark>
<Placemark>
<name>JB0091</name>
<TimeStamp><when>2026-08-02T08:49:42Z</when></TimeStamp>
<styleUrl>#route</styleUrl>
<Point>
<coordinates>138.530446,35.737800,-0.001000</coordinates>
</Point>
<ExtendedData>
	<Data name="IconNumber">
		<value>901001</value>
	</Data>
</ExtendedData>
</Placemark>
<Placemark>
<name>JB0092</name>
<TimeStamp><when>2026-08-02T08:49:52Z</when></TimeStamp>
<styleUrl>#route</styleUrl>
<Point>
<coordinates>138.530419,35.737933,-0.001000</coordinates>
</Point>
<ExtendedData>
	<Data name="IconNumber">
		<value>901001</value>
	</Data>
</ExtendedData>
</Placemark>
<Placemark>
<name>JB0093</name>
<TimeStamp><when>2026-08-02T08:50:02Z</when></TimeStamp>
<styleUrl>#route</styleUrl>
<Point>
<coordinates>138.530451,35.738229,-0.001000</coordinates>
</Point>
<ExtendedData>
	<Data name="IconNumber">
		<value>901001</value>
	</Data>
</ExtendedData>
</Placemark>
<Placemark>
<name>JB0094</name>
<TimeStamp><when>2026-08-02T08:50:12Z</when></TimeStamp>
<styleUrl>#route</styleUrl>
<Point>
<coordinates>138.530537,35.738620,-0.001000</coordinates>
</Point>
<ExtendedData>
	<Data name="IconNumber">
		<value>901001</value>
	</Data>
</ExtendedData>
</Placemark>
<Placemark>
<name>JB0095</name>
<TimeStamp><when>2026-08-02T08:50:22Z</when></TimeStamp>
<styleUrl>#route</styleUrl>
<Point>
<coordinates>138.530574,35.738856,-0.001000</coordinates>
</Point>
<ExtendedData>
	<Data name="IconNumber">
		<value>901001</value>
	</Data>
</ExtendedData>
</Placemark>
<Placemark>
<name>JB0096</name>
<TimeStamp><when>2026-08-02T08:50:32Z</when></TimeStamp>
<styleUrl>#route</styleUrl>
<Point>
<coordinates>138.530542,35.739933,-0.001000</coordinates>
</Point>
<ExtendedData>
	<Data name="IconNumber">
		<value>901001</value>
	</Data>
</ExtendedData>
</Placemark>
<Placemark>
<name>JB0097</name>
<TimeStamp><when>2026-08-02T08:50:42Z</when></TimeStamp>
<styleUrl>#route</styleUrl>
<Point>
<coordinates>138.530580,35.740096,-0.001000</coordinates>
</Point>
<ExtendedData>
	<Data name="IconNumber">
		<value>901001</value>
	</Data>
</ExtendedData>
</Placemark>
<Placemark>
<name>JB0098</name>
<TimeStamp><when>2026-08-02T08:50:52Z</when></TimeStamp>
<styleUrl>#route</styleUrl>
<Point>
<coordinates>138.530649,35.740251,-0.001000</coordinates>
</Point>
<ExtendedData>
	<Data name="IconNumber">
		<value>901001</value>
	</Data>
</ExtendedData>
</Placemark>
<Placemark>
<name>JB0099</name>
<TimeStamp><when>2026-08-02T08:51:02Z</when></TimeStamp>
<styleUrl>#route</styleUrl>
<Point>
<coordinates>138.530934,35.740753,-0.001000</coordinates>
</Point>
<ExtendedData>
	<Data name="IconNumber">
		<value>901001</value>
	</Data>
</ExtendedData>
</Placemark>
<Placemark>
<name>JB0100</name>
<TimeStamp><when>2026-08-02T08:51:12Z</when></TimeStamp>
<styleUrl>#route</styleUrl>
<Point>
<coordinates>138.531363,35.741641,-0.001000</coordinates>
</Point>
<ExtendedData>
	<Data name="IconNumber">
		<value>901001</value>
	</Data>
</ExtendedData>
</Placemark>
<Placemark>
<name>JB0101</name>
<TimeStamp><when>2026-08-02T08:51:22Z</when></TimeStamp>
<styleUrl>#route</styleUrl>
<Point>
<coordinates>138.531508,35.741860,-0.001000</coordinates>
</Point>
<ExtendedData>
	<Data name="IconNumber">
		<value>901001</value>
	</Data>
</ExtendedData>
</Placemark>
<Placemark>
<name>JB0102</name>
<TimeStamp><when>2026-08-02T08:51:32Z</when></TimeStamp>
<styleUrl>#route</styleUrl>
<Point>
<coordinates>138.531712,35.742113,-0.001000</coordinates>
</Point>
<ExtendedData>
	<Data name="IconNumber">
		<value>901001</value>
	</Data>
</ExtendedData>
</Placemark>
<Placemark>
<name>JB0103</name>
<TimeStamp><when>2026-08-02T08:51:42Z</when></TimeStamp>
<styleUrl>#route</styleUrl>
<Point>
<coordinates>138.531873,35.742242,-0.001000</coordinates>
</Point>
<ExtendedData>
	<Data name="IconNumber">
		<value>901001</value>
	</Data>
</ExtendedData>
</Placemark>
<Placemark>
<name>JB0104</name>
<TimeStamp><when>2026-08-02T08:51:52Z</when></TimeStamp>
<styleUrl>#route</styleUrl>
<Point>
<coordinates>138.532586,35.742559,-0.001000</coordinates>
</Point>
<ExtendedData>
	<Data name="IconNumber">
		<value>901001</value>
	</Data>
</ExtendedData>
</Placemark>
<Placemark>
<name>JB0105</name>
<TimeStamp><when>2026-08-02T08:52:02Z</when></TimeStamp>
<styleUrl>#route</styleUrl>
<Point>
<coordinates>138.532929,35.742735,-0.001000</coordinates>
</Point>
<ExtendedData>
	<Data name="IconNumber">
		<value>901001</value>
	</Data>
</ExtendedData>
</Placemark>
<Placemark>
<name>JB0106</name>
<TimeStamp><when>2026-08-02T08:52:12Z</when></TimeStamp>
<styleUrl>#route</styleUrl>
<Point>
<coordinates>138.533112,35.742860,-0.001000</coordinates>
</Point>
<ExtendedData>
	<Data name="IconNumber">
		<value>901001</value>
	</Data>
</ExtendedData>
</Placemark>
<Placemark>
<name>JB0107</name>
<TimeStamp><when>2026-08-02T08:52:22Z</when></TimeStamp>
<styleUrl>#route</styleUrl>
<Point>
<coordinates>138.533262,35.743023,-0.001000</coordinates>
</Point>
<ExtendedData>
	<Data name="IconNumber">
		<value>901001</value>
	</Data>
</ExtendedData>
</Placemark>
<Placemark>
<name>JB0108</name>
<TimeStamp><when>2026-08-02T08:52:32Z</when></TimeStamp>
<styleUrl>#route</styleUrl>
<Point>
<coordinates>138.533358,35.743186,-0.001000</coordinates>
</Point>
<ExtendedData>
	<Data name="IconNumber">
		<value>901001</value>
	</Data>
</ExtendedData>
</Placemark>
<Placemark>
<name>JB0109</name>
<TimeStamp><when>2026-08-02T08:52:42Z</when></TimeStamp>
<styleUrl>#route</styleUrl>
<Point>
<coordinates>138.533450,35.743383,-0.001000</coordinates>
</Point>
<ExtendedData>
	<Data name="IconNumber">
		<value>901001</value>
	</Data>
</ExtendedData>
</Placemark>
<Placemark>
<name>JB0110</name>
<TimeStamp><when>2026-08-02T08:52:52Z</when></TimeStamp>
<styleUrl>#route</styleUrl>
<Point>
<coordinates>138.533557,35.743521,-0.001000</coordinates>
</Point>
<ExtendedData>
	<Data name="IconNumber">
		<value>901001</value>
	</Data>
</ExtendedData>
</Placemark>
<Placemark>
<name>JB0111</name>
<TimeStamp><when>2026-08-02T08:53:02Z</when></TimeStamp>
<styleUrl>#route</styleUrl>
<Point>
<coordinates>138.533664,35.743615,-0.001000</coordinates>
</Point>
<ExtendedData>
	<Data name="IconNumber">
		<value>901001</value>
	</Data>
</ExtendedData>
</Placemark>
<Placemark>
<name>JB0112</name>
<TimeStamp><when>2026-08-02T08:53:12Z</when></TimeStamp>
<styleUrl>#route</styleUrl>
<Point>
<coordinates>138.533879,35.743710,-0.001000</coordinates>
</Point>
<ExtendedData>
	<Data name="IconNumber">
		<value>901001</value>
	</Data>
</ExtendedData>
</Placemark>
<Placemark>
<name>JB0113</name>
<TimeStamp><when>2026-08-02T08:53:22Z</when></TimeStamp>
<styleUrl>#route</styleUrl>
<Point>
<coordinates>138.534372,35.743881,-0.001000</coordinates>
</Point>
<ExtendedData>
	<Data name="IconNumber">
		<value>901001</value>
	</Data>
</ExtendedData>
</Placemark>
<Placemark>
<name>JB0114</name>
<TimeStamp><when>2026-08-02T08:53:32Z</when></TimeStamp>
<styleUrl>#route</styleUrl>
<Point>
<coordinates>138.534641,35.744036,-0.001000</coordinates>
</Point>
<ExtendedData>
	<Data name="IconNumber">
		<value>901001</value>
	</Data>
</ExtendedData>
</Placemark>
<Placemark>
<name>JB0115</name>
<TimeStamp><when>2026-08-02T08:53:42Z</when></TimeStamp>
<styleUrl>#route</styleUrl>
<Point>
<coordinates>138.535097,35.744431,-0.001000</coordinates>
</Point>
<ExtendedData>
	<Data name="IconNumber">
		<value>901001</value>
	</Data>
</ExtendedData>
</Placemark>
<Placemark>
<name>JB0116</name>
<TimeStamp><when>2026-08-02T08:53:52Z</when></TimeStamp>
<styleUrl>#route</styleUrl>
<Point>
<coordinates>138.536373,35.745422,-0.001000</coordinates>
</Point>
<ExtendedData>
	<Data name="IconNumber">
		<value>901001</value>
	</Data>
</ExtendedData>
</Placemark>
<Placemark>
<name>JB0117</name>
<TimeStamp><when>2026-08-02T08:54:02Z</when></TimeStamp>
<styleUrl>#route</styleUrl>
<Point>
<coordinates>138.536438,35.745538,-0.001000</coordinates>
</Point>
<ExtendedData>
	<Data name="IconNumber">
		<value>901001</value>
	</Data>
</ExtendedData>
</Placemark>
<Placemark>
<name>JB0118</name>
<TimeStamp><when>2026-08-02T08:54:12Z</when></TimeStamp>
<styleUrl>#route</styleUrl>
<Point>
<coordinates>138.536534,35.745933,-0.001000</coordinates>
</Point>
<ExtendedData>
	<Data name="IconNumber">
		<value>901001</value>
	</Data>
</ExtendedData>
</Placemark>
<Placemark>
<name>JB0119</name>
<TimeStamp><when>2026-08-02T08:54:22Z</when></TimeStamp>
<styleUrl>#route</styleUrl>
<Point>
<coordinates>138.536647,35.746096,-0.001000</coordinates>
</Point>
<ExtendedData>
	<Data name="IconNumber">
		<value>901001</value>
	</Data>
</ExtendedData>
</Placemark>
<Placemark>
<name>JB0120</name>
<TimeStamp><when>2026-08-02T08:54:32Z</when></TimeStamp>
<styleUrl>#route</styleUrl>
<Point>
<coordinates>138.536754,35.746186,-0.001000</coordinates>
</Point>
<ExtendedData>
	<Data name="IconNumber">
		<value>901001</value>
	</Data>
</ExtendedData>
</Placemark>
<Placemark>
<name>JB0121</name>
<TimeStamp><when>2026-08-02T08:54:42Z</when></TimeStamp>
<styleUrl>#route</styleUrl>
<Point>
<coordinates>138.536894,35.746254,-0.001000</coordinates>
</Point>
<ExtendedData>
	<Data name="IconNumber">
		<value>901001</value>
	</Data>
</ExtendedData>
</Placemark>
<Placemark>
<name>JB0122</name>
<TimeStamp><when>2026-08-02T08:54:52Z</when></TimeStamp>
<styleUrl>#route</styleUrl>
<Point>
<coordinates>138.537167,35.746293,-0.001000</coordinates>
</Point>
<ExtendedData>
	<Data name="IconNumber">
		<value>901001</value>
	</Data>
</ExtendedData>
</Placemark>
<Placemark>
<name>JB0123</name>
<TimeStamp><when>2026-08-02T08:55:02Z</when></TimeStamp>
<styleUrl>#route</styleUrl>
<Point>
<coordinates>138.537586,35.746379,-0.001000</coordinates>
</Point>
<ExtendedData>
	<Data name="IconNumber">
		<value>901001</value>
	</Data>
</ExtendedData>
</Placemark>
<Placemark>
<name>JB0124</name>
<TimeStamp><when>2026-08-02T08:55:12Z</when></TimeStamp>
<styleUrl>#route</styleUrl>
<Point>
<coordinates>138.537725,35.746430,-0.001000</coordinates>
</Point>
<ExtendedData>
	<Data name="IconNumber">
		<value>901001</value>
	</Data>
</ExtendedData>
</Placemark>
<Placemark>
<name>JB0125</name>
<TimeStamp><when>2026-08-02T08:55:22Z</when></TimeStamp>
<styleUrl>#route</styleUrl>
<Point>
<coordinates>138.537875,35.746516,-0.001000</coordinates>
</Point>
<ExtendedData>
	<Data name="IconNumber">
		<value>901001</value>
	</Data>
</ExtendedData>
</Placemark>
<Placemark>
<name>JB0126</name>
<TimeStamp><when>2026-08-02T08:55:32Z</when></TimeStamp>
<styleUrl>#route</styleUrl>
<Point>
<coordinates>138.537918,35.746594,-0.001000</coordinates>
</Point>
<ExtendedData>
	<Data name="IconNumber">
		<value>901001</value>
	</Data>
</ExtendedData>
</Placemark>
<Placemark>
<name>JB0127</name>
<TimeStamp><when>2026-08-02T08:55:42Z</when></TimeStamp>
<styleUrl>#route</styleUrl>
<Point>
<coordinates>138.537913,35.746744,-0.001000</coordinates>
</Point>
<ExtendedData>
	<Data name="IconNumber">
		<value>901001</value>
	</Data>
</ExtendedData>
</Placemark>
<Placemark>
<name>JB0128</name>
<TimeStamp><when>2026-08-02T08:55:52Z</when></TimeStamp>
<styleUrl>#route</styleUrl>
<Point>
<coordinates>138.537693,35.747280,-0.001000</coordinates>
</Point>
<ExtendedData>
	<Data name="IconNumber">
		<value>901001</value>
	</Data>
</ExtendedData>
</Placemark>
<Placemark>
<name>JB0129</name>
<TimeStamp><when>2026-08-02T08:56:02Z</when></TimeStamp>
<styleUrl>#route</styleUrl>
<Point>
<coordinates>138.537682,35.747387,-0.001000</coordinates>
</Point>
<ExtendedData>
	<Data name="IconNumber">
		<value>901001</value>
	</Data>
</ExtendedData>
</Placemark>
<Placemark>
<name>JB0130</name>
<TimeStamp><when>2026-08-02T08:56:12Z</when></TimeStamp>
<styleUrl>#route</styleUrl>
<Point>
<coordinates>138.537736,35.747521,-0.001000</coordinates>
</Point>
<ExtendedData>
	<Data name="IconNumber">
		<value>901001</value>
	</Data>
</ExtendedData>
</Placemark>
<Placemark>
<name>JB0131</name>
<TimeStamp><when>2026-08-02T08:56:22Z</when></TimeStamp>
<styleUrl>#route</styleUrl>
<Point>
<coordinates>138.537875,35.747714,-0.001000</coordinates>
</Point>
<ExtendedData>
	<Data name="IconNumber">
		<value>901001</value>
	</Data>
</ExtendedData>
</Placemark>
<Placemark>
<name>JB0132</name>
<TimeStamp><when>2026-08-02T08:56:32Z</when></TimeStamp>
<styleUrl>#route</styleUrl>
<Point>
<coordinates>138.538138,35.747975,-0.001000</coordinates>
</Point>
<ExtendedData>
	<Data name="IconNumber">
		<value>901001</value>
	</Data>
</ExtendedData>
</Placemark>
<Placemark>
<name>JB0133</name>
<TimeStamp><when>2026-08-02T08:56:42Z</when></TimeStamp>
<styleUrl>#route</styleUrl>
<Point>
<coordinates>138.538321,35.748224,-0.001000</coordinates>
</Point>
<ExtendedData>
	<Data name="IconNumber">
		<value>901001</value>
	</Data>
</ExtendedData>
</Placemark>
<Placemark>
<name>JB0134</name>
<TimeStamp><when>2026-08-02T08:56:52Z</when></TimeStamp>
<styleUrl>#route</styleUrl>
<Point>
<coordinates>138.538374,35.748375,-0.001000</coordinates>
</Point>
<ExtendedData>
	<Data name="IconNumber">
		<value>901001</value>
	</Data>
</ExtendedData>
</Placemark>
<Placemark>
<name>JB0135</name>
<TimeStamp><when>2026-08-02T08:57:02Z</when></TimeStamp>
<styleUrl>#route</styleUrl>
<Point>
<coordinates>138.538406,35.748525,-0.001000</coordinates>
</Point>
<ExtendedData>
	<Data name="IconNumber">
		<value>901001</value>
	</Data>
</ExtendedData>
</Placemark>
<Placemark>
<name>JB0136</name>
<TimeStamp><when>2026-08-02T08:57:12Z</when></TimeStamp>
<styleUrl>#route</styleUrl>
<Point>
<coordinates>138.538390,35.748791,-0.001000</coordinates>
</Point>
<ExtendedData>
	<Data name="IconNumber">
		<value>901001</value>
	</Data>
</ExtendedData>
</Placemark>
<Placemark>
<name>JB0137</name>
<TimeStamp><when>2026-08-02T08:57:22Z</when></TimeStamp>
<styleUrl>#route</styleUrl>
<Point>
<coordinates>138.538353,35.748980,-0.001000</coordinates>
</Point>
<ExtendedData>
	<Data name="IconNumber">
		<value>901001</value>
	</Data>
</ExtendedData>
</Placemark>
<Placemark>
<name>JB0138</name>
<TimeStamp><when>2026-08-02T08:57:32Z</when></TimeStamp>
<styleUrl>#route</styleUrl>
<Point>
<coordinates>138.538347,35.749130,-0.001000</coordinates>
</Point>
<ExtendedData>
	<Data name="IconNumber">
		<value>901001</value>
	</Data>
</ExtendedData>
</Placemark>
<Placemark>
<name>JB0139</name>
<TimeStamp><when>2026-08-02T08:57:42Z</when></TimeStamp>
<styleUrl>#route</styleUrl>
<Point>
<coordinates>138.538385,35.749280,-0.001000</coordinates>
</Point>
<ExtendedData>
	<Data name="IconNumber">
		<value>901001</value>
	</Data>
</ExtendedData>
</Placemark>
<Placemark>
<name>JB0140</name>
<TimeStamp><when>2026-08-02T08:57:52Z</when></TimeStamp>
<styleUrl>#route</styleUrl>
<Point>
<coordinates>138.538428,35.749362,-0.001000</coordinates>
</Point>
<ExtendedData>
	<Data name="IconNumber">
		<value>901001</value>
	</Data>
</ExtendedData>
</Placemark>
<Placemark>
<name>JB0141</name>
<TimeStamp><when>2026-08-02T08:58:02Z</when></TimeStamp>
<styleUrl>#route</styleUrl>
<Point>
<coordinates>138.538514,35.749413,-0.001000</coordinates>
</Point>
<ExtendedData>
	<Data name="IconNumber">
		<value>901001</value>
	</Data>
</ExtendedData>
</Placemark>
<Placemark>
<name>JB0142</name>
<TimeStamp><when>2026-08-02T08:58:12Z</when></TimeStamp>
<styleUrl>#route</styleUrl>
<Point>
<coordinates>138.538739,35.749443,-0.001000</coordinates>
</Point>
<ExtendedData>
	<Data name="IconNumber">
		<value>901001</value>
	</Data>
</ExtendedData>
</Placemark>
<Placemark>
<name>JB0143</name>
<TimeStamp><when>2026-08-02T08:58:22Z</when></TimeStamp>
<styleUrl>#route</styleUrl>
<Point>
<coordinates>138.539490,35.749482,-0.001000</coordinates>
</Point>
<ExtendedData>
	<Data name="IconNumber">
		<value>901001</value>
	</Data>
</ExtendedData>
</Placemark>
<Placemark>
<name>JB0144</name>
<TimeStamp><when>2026-08-02T08:58:32Z</when></TimeStamp>
<styleUrl>#route</styleUrl>
<Point>
<coordinates>138.539629,35.749529,-0.001000</coordinates>
</Point>
<ExtendedData>
	<Data name="IconNumber">
		<value>901001</value>
	</Data>
</ExtendedData>
</Placemark>
<Placemark>
<name>JB0145</name>
<TimeStamp><when>2026-08-02T08:58:42Z</when></TimeStamp>
<styleUrl>#route</styleUrl>
<Point>
<coordinates>138.539849,35.749649,-0.001000</coordinates>
</Point>
<ExtendedData>
	<Data name="IconNumber">
		<value>901001</value>
	</Data>
</ExtendedData>
</Placemark>
<Placemark>
<name>JB0146</name>
<TimeStamp><when>2026-08-02T08:58:52Z</when></TimeStamp>
<styleUrl>#route</styleUrl>
<Point>
<coordinates>138.540096,35.749795,-0.001000</coordinates>
</Point>
<ExtendedData>
	<Data name="IconNumber">
		<value>901001</value>
	</Data>
</ExtendedData>
</Placemark>
<Placemark>
<name>JB0147</name>
<TimeStamp><when>2026-08-02T08:59:02Z</when></TimeStamp>
<styleUrl>#route</styleUrl>
<Point>
<coordinates>138.540198,35.749915,-0.001000</coordinates>
</Point>
<ExtendedData>
	<Data name="IconNumber">
		<value>901001</value>
	</Data>
</ExtendedData>
</Placemark>
<Placemark>
<name>JB0148</name>
<TimeStamp><when>2026-08-02T08:59:12Z</when></TimeStamp>
<styleUrl>#route</styleUrl>
<Point>
<coordinates>138.540236,35.750074,-0.001000</coordinates>
</Point>
<ExtendedData>
	<Data name="IconNumber">
		<value>901001</value>
	</Data>
</ExtendedData>
</Placemark>
<Placemark>
<name>JB0149</name>
<TimeStamp><when>2026-08-02T08:59:22Z</when></TimeStamp>
<styleUrl>#route</styleUrl>
<Point>
<coordinates>138.540359,35.751580,-0.001000</coordinates>
</Point>
<ExtendedData>
	<Data name="IconNumber">
		<value>901001</value>
	</Data>
</ExtendedData>
</Placemark>
<Placemark>
<name>JB0150</name>
<TimeStamp><when>2026-08-02T08:59:32Z</when></TimeStamp>
<styleUrl>#route</styleUrl>
<Point>
<coordinates>138.540407,35.751692,-0.001000</coordinates>
</Point>
<ExtendedData>
	<Data name="IconNumber">
		<value>901001</value>
	</Data>
</ExtendedData>
</Placemark>
<Placemark>
<name>JB0151</name>
<TimeStamp><when>2026-08-02T08:59:42Z</when></TimeStamp>
<styleUrl>#route</styleUrl>
<Point>
<coordinates>138.540515,35.751786,-0.001000</coordinates>
</Point>
<ExtendedData>
	<Data name="IconNumber">
		<value>901001</value>
	</Data>
</ExtendedData>
</Placemark>
<Placemark>
<name>JB0152</name>
<TimeStamp><when>2026-08-02T08:59:52Z</when></TimeStamp>
<styleUrl>#route</styleUrl>
<Point>
<coordinates>138.541110,35.752147,-0.001000</coordinates>
</Point>
<ExtendedData>
	<Data name="IconNumber">
		<value>901001</value>
	</Data>
</ExtendedData>
</Placemark>
<Placemark>
<name>JB0153</name>
<TimeStamp><when>2026-08-02T09:00:02Z</when></TimeStamp>
<styleUrl>#route</styleUrl>
<Point>
<coordinates>138.541764,35.752597,-0.001000</coordinates>
</Point>
<ExtendedData>
	<Data name="IconNumber">
		<value>901001</value>
	</Data>
</ExtendedData>
</Placemark>
<Placemark>
<name>JB0154</name>
<TimeStamp><when>2026-08-02T09:00:12Z</when></TimeStamp>
<styleUrl>#route</styleUrl>
<Point>
<coordinates>138.542086,35.752842,-0.001000</coordinates>
</Point>
<ExtendedData>
	<Data name="IconNumber">
		<value>901001</value>
	</Data>
</ExtendedData>
</Placemark>
<Placemark>
<name>JB0155</name>
<TimeStamp><when>2026-08-02T09:00:22Z</when></TimeStamp>
<styleUrl>#route</styleUrl>
<Point>
<coordinates>138.542247,35.753027,-0.001000</coordinates>
</Point>
<ExtendedData>
	<Data name="IconNumber">
		<value>901001</value>
	</Data>
</ExtendedData>
</Placemark>
<Placemark>
<name>JB0156</name>
<TimeStamp><when>2026-08-02T09:00:32Z</when></TimeStamp>
<styleUrl>#route</styleUrl>
<Point>
<coordinates>138.542296,35.753130,-0.001000</coordinates>
</Point>
<ExtendedData>
	<Data name="IconNumber">
		<value>901001</value>
	</Data>
</ExtendedData>
</Placemark>
<Placemark>
<name>JB0157</name>
<TimeStamp><when>2026-08-02T09:00:42Z</when></TimeStamp>
<styleUrl>#route</styleUrl>
<Point>
<coordinates>138.542290,35.753271,-0.001000</coordinates>
</Point>
<ExtendedData>
	<Data name="IconNumber">
		<value>901001</value>
	</Data>
</ExtendedData>
</Placemark>
<Placemark>
<name>JB0158</name>
<TimeStamp><when>2026-08-02T09:00:52Z</when></TimeStamp>
<styleUrl>#route</styleUrl>
<Point>
<coordinates>138.542140,35.753511,-0.001000</coordinates>
</Point>
<ExtendedData>
	<Data name="IconNumber">
		<value>901001</value>
	</Data>
</ExtendedData>
</Placemark>
<Placemark>
<name>JB0159</name>
<TimeStamp><when>2026-08-02T09:01:02Z</when></TimeStamp>
<styleUrl>#route</styleUrl>
<Point>
<coordinates>138.542011,35.753632,-0.001000</coordinates>
</Point>
<ExtendedData>
	<Data name="IconNumber">
		<value>901001</value>
	</Data>
</ExtendedData>
</Placemark>
<Placemark>
<name>JB0160</name>
<TimeStamp><when>2026-08-02T09:01:12Z</when></TimeStamp>
<styleUrl>#route</styleUrl>
<Point>
<coordinates>138.541668,35.753992,-0.001000</coordinates>
</Point>
<ExtendedData>
	<Data name="IconNumber">
		<value>901001</value>
	</Data>
</ExtendedData>
</Placemark>
<Placemark>
<name>JB0161</name>
<TimeStamp><when>2026-08-02T09:01:22Z</when></TimeStamp>
<styleUrl>#route</styleUrl>
<Point>
<coordinates>138.541593,35.754099,-0.001000</coordinates>
</Point>
<ExtendedData>
	<Data name="IconNumber">
		<value>901001</value>
	</Data>
</ExtendedData>
</Placemark>
<Placemark>
<name>JB0162</name>
<TimeStamp><when>2026-08-02T09:01:32Z</when></TimeStamp>
<styleUrl>#route</styleUrl>
<Point>
<coordinates>138.541566,35.754185,-0.001000</coordinates>
</Point>
<ExtendedData>
	<Data name="IconNumber">
		<value>901001</value>
	</Data>
</ExtendedData>
</Placemark>
<Placemark>
<name>JB0163</name>
<TimeStamp><when>2026-08-02T09:01:42Z</when></TimeStamp>
<styleUrl>#route</styleUrl>
<Point>
<coordinates>138.541571,35.754271,-0.001000</coordinates>
</Point>
<ExtendedData>
	<Data name="IconNumber">
		<value>901001</value>
	</Data>
</ExtendedData>
</Placemark>
<Placemark>
<name>JB0164</name>
<TimeStamp><when>2026-08-02T09:01:52Z</when></TimeStamp>
<styleUrl>#route</styleUrl>
<Point>
<coordinates>138.541732,35.754413,-0.001000</coordinates>
</Point>
<ExtendedData>
	<Data name="IconNumber">
		<value>901001</value>
	</Data>
</ExtendedData>
</Placemark>
<Placemark>
<name>JB0165</name>
<TimeStamp><when>2026-08-02T09:02:02Z</when></TimeStamp>
<styleUrl>#route</styleUrl>
<Point>
<coordinates>138.541925,35.754541,-0.001000</coordinates>
</Point>
<ExtendedData>
	<Data name="IconNumber">
		<value>901001</value>
	</Data>
</ExtendedData>
</Placemark>
<Placemark>
<name>JB0166</name>
<TimeStamp><when>2026-08-02T09:02:12Z</when></TimeStamp>
<styleUrl>#route</styleUrl>
<Point>
<coordinates>138.542145,35.754644,-0.001000</coordinates>
</Point>
<ExtendedData>
	<Data name="IconNumber">
		<value>901001</value>
	</Data>
</ExtendedData>
</Placemark>
<Placemark>
<name>JB0167</name>
<TimeStamp><when>2026-08-02T09:02:22Z</when></TimeStamp>
<styleUrl>#route</styleUrl>
<Point>
<coordinates>138.542355,35.754777,-0.001000</coordinates>
</Point>
<ExtendedData>
	<Data name="IconNumber">
		<value>901001</value>
	</Data>
</ExtendedData>
</Placemark>
<Placemark>
<name>JB0168</name>
<TimeStamp><when>2026-08-02T09:02:32Z</when></TimeStamp>
<styleUrl>#route</styleUrl>
<Point>
<coordinates>138.542483,35.754919,-0.001000</coordinates>
</Point>
<ExtendedData>
	<Data name="IconNumber">
		<value>901001</value>
	</Data>
</ExtendedData>
</Placemark>
<Placemark>
<name>JB0169</name>
<TimeStamp><when>2026-08-02T09:02:42Z</when></TimeStamp>
<styleUrl>#route</styleUrl>
<Point>
<coordinates>138.542580,35.755129,-0.001000</coordinates>
</Point>
<ExtendedData>
	<Data name="IconNumber">
		<value>901001</value>
	</Data>
</ExtendedData>
</Placemark>
<Placemark>
<name>JB0170</name>
<TimeStamp><when>2026-08-02T09:02:52Z</when></TimeStamp>
<styleUrl>#route</styleUrl>
<Point>
<coordinates>138.542650,35.755400,-0.001000</coordinates>
</Point>
<ExtendedData>
	<Data name="IconNumber">
		<value>901001</value>
	</Data>
</ExtendedData>
</Placemark>
<Placemark>
<name>JB0171</name>
<TimeStamp><when>2026-08-02T09:03:02Z</when></TimeStamp>
<styleUrl>#route</styleUrl>
<Point>
<coordinates>138.542655,35.755486,-0.001000</coordinates>
</Point>
<ExtendedData>
	<Data name="IconNumber">
		<value>901001</value>
	</Data>
</ExtendedData>
</Placemark>
<Placemark>
<name>JB0172</name>
<TimeStamp><when>2026-08-02T09:03:12Z</when></TimeStamp>
<styleUrl>#route</styleUrl>
<Point>
<coordinates>138.542596,35.755563,-0.001000</coordinates>
</Point>
<ExtendedData>
	<Data name="IconNumber">
		<value>901001</value>
	</Data>
</ExtendedData>
</Placemark>
<Placemark>
<name>JB0173</name>
<TimeStamp><when>2026-08-02T09:03:22Z</when></TimeStamp>
<styleUrl>#route</styleUrl>
<Point>
<coordinates>138.542499,35.755649,-0.001000</coordinates>
</Point>
<ExtendedData>
	<Data name="IconNumber">
		<value>901001</value>
	</Data>
</ExtendedData>
</Placemark>
<Placemark>
<name>JB0174</name>
<TimeStamp><when>2026-08-02T09:03:32Z</when></TimeStamp>
<styleUrl>#route</styleUrl>
<Point>
<coordinates>138.542360,35.755713,-0.001000</coordinates>
</Point>
<ExtendedData>
	<Data name="IconNumber">
		<value>901001</value>
	</Data>
</ExtendedData>
</Placemark>
<Placemark>
<name>JB0175</name>
<TimeStamp><when>2026-08-02T09:03:42Z</when></TimeStamp>
<styleUrl>#route</styleUrl>
<Point>
<coordinates>138.541909,35.755872,-0.001000</coordinates>
</Point>
<ExtendedData>
	<Data name="IconNumber">
		<value>901001</value>
	</Data>
</ExtendedData>
</Placemark>
<Placemark>
<name>JB0176</name>
<TimeStamp><when>2026-08-02T09:03:52Z</when></TimeStamp>
<styleUrl>#route</styleUrl>
<Point>
<coordinates>138.541722,35.755979,-0.001000</coordinates>
</Point>
<ExtendedData>
	<Data name="IconNumber">
		<value>901001</value>
	</Data>
</ExtendedData>
</Placemark>
<Placemark>
<name>JB0177</name>
<TimeStamp><when>2026-08-02T09:04:02Z</when></TimeStamp>
<styleUrl>#route</styleUrl>
<Point>
<coordinates>138.541566,35.756095,-0.001000</coordinates>
</Point>
<ExtendedData>
	<Data name="IconNumber">
		<value>901001</value>
	</Data>
</ExtendedData>
</Placemark>
<Placemark>
<name>JB0178</name>
<TimeStamp><when>2026-08-02T09:04:12Z</when></TimeStamp>
<styleUrl>#route</styleUrl>
<Point>
<coordinates>138.541378,35.756327,-0.001000</coordinates>
</Point>
<ExtendedData>
	<Data name="IconNumber">
		<value>901001</value>
	</Data>
</ExtendedData>
</Placemark>
<Placemark>
<name>JB0179</name>
<TimeStamp><when>2026-08-02T09:04:22Z</when></TimeStamp>
<styleUrl>#route</styleUrl>
<Point>
<coordinates>138.540874,35.757108,-0.001000</coordinates>
</Point>
<ExtendedData>
	<Data name="IconNumber">
		<value>901001</value>
	</Data>
</ExtendedData>
</Placemark>
<Placemark>
<name>JB0180</name>
<TimeStamp><when>2026-08-02T09:04:32Z</when></TimeStamp>
<styleUrl>#route</styleUrl>
<Point>
<coordinates>138.540638,35.757511,-0.001000</coordinates>
</Point>
<ExtendedData>
	<Data name="IconNumber">
		<value>901001</value>
	</Data>
</ExtendedData>
</Placemark>
<Placemark>
<name>JB0181</name>
<TimeStamp><when>2026-08-02T09:04:42Z</when></TimeStamp>
<styleUrl>#route</styleUrl>
<Point>
<coordinates>138.540359,35.758065,-0.001000</coordinates>
</Point>
<ExtendedData>
	<Data name="IconNumber">
		<value>901001</value>
	</Data>
</ExtendedData>
</Placemark>
<Placemark>
<name>XE0207</name>
<TimeStamp><when>2026-08-02T09:04:52Z</when></TimeStamp>
<styleUrl>#route</styleUrl>
<Point>
<coordinates>138.540201,35.758229,-0.001000</coordinates>
</Point>
<ExtendedData>
	<Data name="IconNumber">
		<value>901001</value>
	</Data>
</ExtendedData>
</Placemark>
</Folder>
<Placemark>
<name>Path</name>
<Style>
<LineStyle>
 <color>ff0000ff</color>
 <width>2</width>
</LineStyle>
</Style>
<LineString>
<tessellate>1</tessellate>
<coordinates>
138.523738,35.710305,-0.001000
138.523762,35.710485,-0.001000
138.523767,35.710613,-0.001000
138.523821,35.710944,-0.001000
138.523874,35.711145,-0.001000
138.523987,35.711364,-0.001000
138.524722,35.712223,-0.001000
138.525011,35.712682,-0.001000
138.525151,35.712999,-0.001000
138.525199,35.713180,-0.001000
138.525199,35.713420,-0.001000
138.525172,35.713677,-0.001000
138.525103,35.713995,-0.001000
138.524985,35.714360,-0.001000
138.524791,35.714665,-0.001000
138.524695,35.714832,-0.001000
138.524582,35.715059,-0.001000
138.524470,35.715343,-0.001000
138.524427,35.715523,-0.001000
138.524373,35.716081,-0.001000
138.524352,35.716501,-0.001000
138.524335,35.717214,-0.001000
138.524368,35.717403,-0.001000
138.524411,35.717583,-0.001000
138.524582,35.717887,-0.001000
138.524888,35.718192,-0.001000
138.525049,35.718381,-0.001000
138.525274,35.718600,-0.001000
138.525762,35.719166,-0.001000
138.525982,35.719531,-0.001000
138.526138,35.720115,-0.001000
138.526288,35.720707,-0.001000
138.526358,35.720887,-0.001000
138.526438,35.721016,-0.001000
138.527066,35.721655,-0.001000
138.527216,35.721840,-0.001000
138.527334,35.722046,-0.001000
138.527887,35.723591,-0.001000
138.527887,35.723870,-0.001000
138.527833,35.724067,-0.001000
138.527651,35.724458,-0.001000
138.527399,35.724844,-0.001000
138.527340,35.724947,-0.001000
138.527307,35.725080,-0.001000
138.527334,35.725934,-0.001000
138.527286,35.726063,-0.001000
138.526642,35.727325,-0.001000
138.526428,35.727689,-0.001000
138.526106,35.728071,-0.001000
138.525811,35.728393,-0.001000
138.525741,35.728543,-0.001000
138.525709,35.728646,-0.001000
138.525709,35.728732,-0.001000
138.525838,35.728998,-0.001000
138.525929,35.729170,-0.001000
138.525966,35.729281,-0.001000
138.525972,35.729367,-0.001000
138.525939,35.729487,-0.001000
138.525773,35.729839,-0.001000
138.525741,35.729934,-0.001000
138.525725,35.730028,-0.001000
138.525730,35.730157,-0.001000
138.525746,35.730372,-0.001000
138.525762,35.730543,-0.001000
138.525773,35.730741,-0.001000
138.525821,35.731101,-0.001000
138.525843,35.731243,-0.001000
138.525859,35.731466,-0.001000
138.525870,35.731633,-0.001000
138.525891,35.731912,-0.001000
138.525891,35.732041,-0.001000
138.525897,35.732307,-0.001000
138.525902,35.732474,-0.001000
138.525918,35.732629,-0.001000
138.525950,35.732796,-0.001000
138.526031,35.733152,-0.001000
138.526106,35.733436,-0.001000
138.526165,35.733590,-0.001000
138.526251,35.733715,-0.001000
138.526385,35.733796,-0.001000
138.528166,35.734620,-0.001000
138.528992,35.734998,-0.001000
138.530075,35.735500,-0.001000
138.530354,35.735693,-0.001000
138.530526,35.735826,-0.001000
138.530939,35.736225,-0.001000
138.531041,35.736375,-0.001000
138.531079,35.736526,-0.001000
138.531041,35.736835,-0.001000
138.530531,35.737637,-0.001000
138.530446,35.737800,-0.001000
138.530419,35.737933,-0.001000
138.530451,35.738229,-0.001000
138.530537,35.738620,-0.001000
138.530574,35.738856,-0.001000
138.530542,35.739933,-0.001000
138.530580,35.740096,-0.001000
138.530649,35.740251,-0.001000
138.530934,35.740753,-0.001000
138.531363,35.741641,-0.001000
138.531508,35.741860,-0.001000
138.531712,35.742113,-0.001000
138.531873,35.742242,-0.001000
138.532586,35.742559,-0.001000
138.532929,35.742735,-0.001000
138.533112,35.742860,-0.001000
138.533262,35.743023,-0.001000
138.533358,35.743186,-0.001000
138.533450,35.743383,-0.001000
138.533557,35.743521,-0.001000
138.533664,35.743615,-0.001000
138.533879,35.743710,-0.001000
138.534372,35.743881,-0.001000
138.534641,35.744036,-0.001000
138.535097,35.744431,-0.001000
138.536373,35.745422,-0.001000
138.536438,35.745538,-0.001000
138.536534,35.745933,-0.001000
138.536647,35.746096,-0.001000
138.536754,35.746186,-0.001000
138.536894,35.746254,-0.001000
138.537167,35.746293,-0.001000
138.537586,35.746379,-0.001000
138.537725,35.746430,-0.001000
138.537875,35.746516,-0.001000
138.537918,35.746594,-0.001000
138.537913,35.746744,-0.001000
138.537693,35.747280,-0.001000
138.537682,35.747387,-0.001000
138.537736,35.747521,-0.001000
138.537875,35.747714,-0.001000
138.538138,35.747975,-0.001000
138.538321,35.748224,-0.001000
138.538374,35.748375,-0.001000
138.538406,35.748525,-0.001000
138.538390,35.748791,-0.001000
138.538353,35.748980,-0.001000
138.538347,35.749130,-0.001000
138.538385,35.749280,-0.001000
138.538428,35.749362,-0.001000
138.538514,35.749413,-0.001000
138.538739,35.749443,-0.001000
138.539490,35.749482,-0.001000
138.539629,35.749529,-0.001000
138.539849,35.749649,-0.001000
138.540096,35.749795,-0.001000
138.540198,35.749915,-0.001000
138.540236,35.750074,-0.001000
138.540359,35.751580,-0.001000
138.540407,35.751692,-0.001000
138.540515,35.751786,-0.001000
138.541110,35.752147,-0.001000
138.541764,35.752597,-0.001000
138.542086,35.752842,-0.001000
138.542247,35.753027,-0.001000
138.542296,35.753130,-0.001000
138.542290,35.753271,-0.001000
138.542140,35.753511,-0.001000
138.542011,35.753632,-0.001000
138.541668,35.753992,-0.001000
138.541593,35.754099,-0.001000
138.541566,35.754185,-0.001000
138.541571,35.754271,-0.001000
138.541732,35.754413,-0.001000
138.541925,35.754541,-0.001000
138.542145,35.754644,-0.001000
138.542355,35.754777,-0.001000
138.542483,35.754919,-0.001000
138.542580,35.755129,-0.001000
138.542650,35.755400,-0.001000
138.542655,35.755486,-0.001000
138.542596,35.755563,-0.001000
138.542499,35.755649,-0.001000
138.542360,35.755713,-0.001000
138.541909,35.755872,-0.001000
138.541722,35.755979,-0.001000
138.541566,35.756095,-0.001000
138.541378,35.756327,-0.001000
138.540874,35.757108,-0.001000
138.540638,35.757511,-0.001000
138.540359,35.758065,-0.001000
138.540201,35.758229,-0.001000
</coordinates>
</LineString>
</Placemark>
</Folder>
<Folder>
<name>敷島総合公園</name>
<Folder>
<name>Points</name>
<Placemark>
<name>IZ0010</name>
<TimeStamp><when>2026-08-02T08:25:56Z</when></TimeStamp>
<styleUrl>#route</styleUrl>
<Point>
<coordinates>138.522431,35.697400,-0.001000</coordinates>
</Point>
<ExtendedData>
	<Data name="IconNumber">
		<value>901001</value>
	</Data>
</ExtendedData>
</Placemark>
<Placemark>
<name>JA0002</name>
<TimeStamp><when>2026-08-02T08:26:06Z</when></TimeStamp>
<styleUrl>#route</styleUrl>
<Point>
<coordinates>138.521637,35.697451,-0.001000</coordinates>
</Point>
<ExtendedData>
	<Data name="IconNumber">
		<value>901001</value>
	</Data>
</ExtendedData>
</Placemark>
<Placemark>
<name>JA0003</name>
<TimeStamp><when>2026-08-02T08:26:16Z</when></TimeStamp>
<styleUrl>#route</styleUrl>
<Point>
<coordinates>138.521337,35.697477,-0.001000</coordinates>
</Point>
<ExtendedData>
	<Data name="IconNumber">
		<value>901001</value>
	</Data>
</ExtendedData>
</Placemark>
<Placemark>
<name>JA0004</name>
<TimeStamp><when>2026-08-02T08:26:26Z</when></TimeStamp>
<styleUrl>#route</styleUrl>
<Point>
<coordinates>138.521144,35.697477,-0.001000</coordinates>
</Point>
<ExtendedData>
	<Data name="IconNumber">
		<value>901001</value>
	</Data>
</ExtendedData>
</Placemark>
<Placemark>
<name>JA0005</name>
<TimeStamp><when>2026-08-02T08:26:36Z</when></TimeStamp>
<styleUrl>#route</styleUrl>
<Point>
<coordinates>138.520983,35.697460,-0.001000</coordinates>
</Point>
<ExtendedData>
	<Data name="IconNumber">
		<value>901001</value>
	</Data>
</ExtendedData>
</Placemark>
<Placemark>
<name>JA0006</name>
<TimeStamp><when>2026-08-02T08:26:46Z</when></TimeStamp>
<styleUrl>#route</styleUrl>
<Point>
<coordinates>138.520704,35.697374,-0.001000</coordinates>
</Point>
<ExtendedData>
	<Data name="IconNumber">
		<value>901001</value>
	</Data>
</ExtendedData>
</Placemark>
<Placemark>
<name>JA0007</name>
<TimeStamp><when>2026-08-02T08:26:56Z</when></TimeStamp>
<styleUrl>#route</styleUrl>
<Point>
<coordinates>138.520511,35.697262,-0.001000</coordinates>
</Point>
<ExtendedData>
	<Data name="IconNumber">
		<value>901001</value>
	</Data>
</ExtendedData>
</Placemark>
<Placemark>
<name>JA0008</name>
<TimeStamp><when>2026-08-02T08:27:06Z</when></TimeStamp>
<styleUrl>#route</styleUrl>
<Point>
<coordinates>138.520360,35.697142,-0.001000</coordinates>
</Point>
<ExtendedData>
	<Data name="IconNumber">
		<value>901001</value>
	</Data>
</ExtendedData>
</Placemark>
<Placemark>
<name>JA0009</name>
<TimeStamp><when>2026-08-02T08:27:16Z</when></TimeStamp>
<styleUrl>#route</styleUrl>
<Point>
<coordinates>138.520264,35.697039,-0.001000</coordinates>
</Point>
<ExtendedData>
	<Data name="IconNumber">
		<value>901001</value>
	</Data>
</ExtendedData>
</Placemark>
<Placemark>
<name>JA0010</name>
<TimeStamp><when>2026-08-02T08:27:26Z</when></TimeStamp>
<styleUrl>#route</styleUrl>
<Point>
<coordinates>138.520167,35.696902,-0.001000</coordinates>
</Point>
<ExtendedData>
	<Data name="IconNumber">
		<value>901001</value>
	</Data>
</ExtendedData>
</Placemark>
<Placemark>
<name>JA0011</name>
<TimeStamp><when>2026-08-02T08:27:36Z</when></TimeStamp>
<styleUrl>#route</styleUrl>
<Point>
<coordinates>138.519974,35.696344,-0.001000</coordinates>
</Point>
<ExtendedData>
	<Data name="IconNumber">
		<value>901001</value>
	</Data>
</ExtendedData>
</Placemark>
<Placemark>
<name>JA0012</name>
<TimeStamp><when>2026-08-02T08:27:46Z</when></TimeStamp>
<styleUrl>#route</styleUrl>
<Point>
<coordinates>138.519910,35.696250,-0.001000</coordinates>
</Point>
<ExtendedData>
	<Data name="IconNumber">
		<value>901001</value>
	</Data>
</ExtendedData>
</Placemark>
<Placemark>
<name>JA0013</name>
<TimeStamp><when>2026-08-02T08:27:56Z</when></TimeStamp>
<styleUrl>#route</styleUrl>
<Point>
<coordinates>138.519824,35.696189,-0.001000</coordinates>
</Point>
<ExtendedData>
	<Data name="IconNumber">
		<value>901001</value>
	</Data>
</ExtendedData>
</Placemark>
<Placemark>
<name>JA0014</name>
<TimeStamp><when>2026-08-02T08:28:06Z</when></TimeStamp>
<styleUrl>#route</styleUrl>
<Point>
<coordinates>138.519642,35.696138,-0.001000</coordinates>
</Point>
<ExtendedData>
	<Data name="IconNumber">
		<value>901001</value>
	</Data>
</ExtendedData>
</Placemark>
<Placemark>
<name>JA0015</name>
<TimeStamp><when>2026-08-02T08:28:16Z</when></TimeStamp>
<styleUrl>#route</styleUrl>
<Point>
<coordinates>138.518837,35.696275,-0.001000</coordinates>
</Point>
<ExtendedData>
	<Data name="IconNumber">
		<value>901001</value>
	</Data>
</ExtendedData>
</Placemark>
<Placemark>
<name>JA0016</name>
<TimeStamp><when>2026-08-02T08:28:26Z</when></TimeStamp>
<styleUrl>#route</styleUrl>
<Point>
<coordinates>138.518730,35.696301,-0.001000</coordinates>
</Point>
<ExtendedData>
	<Data name="IconNumber">
		<value>901001</value>
	</Data>
</ExtendedData>
</Placemark>
<Placemark>
<name>JA0017</name>
<TimeStamp><when>2026-08-02T08:28:36Z</when></TimeStamp>
<styleUrl>#route</styleUrl>
<Point>
<coordinates>138.518569,35.696481,-0.001000</coordinates>
</Point>
<ExtendedData>
	<Data name="IconNumber">
		<value>901001</value>
	</Data>
</ExtendedData>
</Placemark>
<Placemark>
<name>JA0018</name>
<TimeStamp><when>2026-08-02T08:28:46Z</when></TimeStamp>
<styleUrl>#route</styleUrl>
<Point>
<coordinates>138.518537,35.696567,-0.001000</coordinates>
</Point>
<ExtendedData>
	<Data name="IconNumber">
		<value>901001</value>
	</Data>
</ExtendedData>
</Placemark>
<Placemark>
<name>JA0019</name>
<TimeStamp><when>2026-08-02T08:28:56Z</when></TimeStamp>
<styleUrl>#route</styleUrl>
<Point>
<coordinates>138.518526,35.696679,-0.001000</coordinates>
</Point>
<ExtendedData>
	<Data name="IconNumber">
		<value>901001</value>
	</Data>
</ExtendedData>
</Placemark>
<Placemark>
<name>JA0020</name>
<TimeStamp><when>2026-08-02T08:29:06Z</when></TimeStamp>
<styleUrl>#route</styleUrl>
<Point>
<coordinates>138.518730,35.697451,-0.001000</coordinates>
</Point>
<ExtendedData>
	<Data name="IconNumber">
		<value>901001</value>
	</Data>
</ExtendedData>
</Placemark>
<Placemark>
<name>JA0021</name>
<TimeStamp><when>2026-08-02T08:29:16Z</when></TimeStamp>
<styleUrl>#route</styleUrl>
<Point>
<coordinates>138.518783,35.697623,-0.001000</coordinates>
</Point>
<ExtendedData>
	<Data name="IconNumber">
		<value>901001</value>
	</Data>
</ExtendedData>
</Placemark>
<Placemark>
<name>JA0022</name>
<TimeStamp><when>2026-08-02T08:29:26Z</when></TimeStamp>
<styleUrl>#route</styleUrl>
<Point>
<coordinates>138.518912,35.697837,-0.001000</coordinates>
</Point>
<ExtendedData>
	<Data name="IconNumber">
		<value>901001</value>
	</Data>
</ExtendedData>
</Placemark>
<Placemark>
<name>JA0023</name>
<TimeStamp><when>2026-08-02T08:29:36Z</when></TimeStamp>
<styleUrl>#route</styleUrl>
<Point>
<coordinates>138.519052,35.698018,-0.001000</coordinates>
</Point>
<ExtendedData>
	<Data name="IconNumber">
		<value>901001</value>
	</Data>
</ExtendedData>
</Placemark>
<Placemark>
<name>JA0024</name>
<TimeStamp><when>2026-08-02T08:29:46Z</when></TimeStamp>
<styleUrl>#route</styleUrl>
<Point>
<coordinates>138.519856,35.698945,-0.001000</coordinates>
</Point>
<ExtendedData>
	<Data name="IconNumber">
		<value>901001</value>
	</Data>
</ExtendedData>
</Placemark>
<Placemark>
<name>JA0025</name>
<TimeStamp><when>2026-08-02T08:29:56Z</when></TimeStamp>
<styleUrl>#route</styleUrl>
<Point>
<coordinates>138.520039,35.699133,-0.001000</coordinates>
</Point>
<ExtendedData>
	<Data name="IconNumber">
		<value>901001</value>
	</Data>
</ExtendedData>
</Placemark>
<Placemark>
<name>JA0026</name>
<TimeStamp><when>2026-08-02T08:30:06Z</when></TimeStamp>
<styleUrl>#route</styleUrl>
<Point>
<coordinates>138.520167,35.699228,-0.001000</coordinates>
</Point>
<ExtendedData>
	<Data name="IconNumber">
		<value>901001</value>
	</Data>
</ExtendedData>
</Placemark>
<Placemark>
<name>JA0027</name>
<TimeStamp><when>2026-08-02T08:30:16Z</when></TimeStamp>
<styleUrl>#route</styleUrl>
<Point>
<coordinates>138.520500,35.699520,-0.001000</coordinates>
</Point>
<ExtendedData>
	<Data name="IconNumber">
		<value>901001</value>
	</Data>
</ExtendedData>
</Placemark>
<Placemark>
<name>JA0028</name>
<TimeStamp><when>2026-08-02T08:30:26Z</when></TimeStamp>
<styleUrl>#route</styleUrl>
<Point>
<coordinates>138.520575,35.699588,-0.001000</coordinates>
</Point>
<ExtendedData>
	<Data name="IconNumber">
		<value>901001</value>
	</Data>
</ExtendedData>
</Placemark>
<Placemark>
<name>JA0029</name>
<TimeStamp><when>2026-08-02T08:30:36Z</when></TimeStamp>
<styleUrl>#route</styleUrl>
<Point>
<coordinates>138.520661,35.699691,-0.001000</coordinates>
</Point>
<ExtendedData>
	<Data name="IconNumber">
		<value>901001</value>
	</Data>
</ExtendedData>
</Placemark>
<Placemark>
<name>JA0030</name>
<TimeStamp><when>2026-08-02T08:30:46Z</when></TimeStamp>
<styleUrl>#route</styleUrl>
<Point>
<coordinates>138.520715,35.699854,-0.001000</coordinates>
</Point>
<ExtendedData>
	<Data name="IconNumber">
		<value>901001</value>
	</Data>
</ExtendedData>
</Placemark>
<Placemark>
<name>JA0031</name>
<TimeStamp><when>2026-08-02T08:30:56Z</when></TimeStamp>
<styleUrl>#route</styleUrl>
<Point>
<coordinates>138.520725,35.699992,-0.001000</coordinates>
</Point>
<ExtendedData>
	<Data name="IconNumber">
		<value>901001</value>
	</Data>
</ExtendedData>
</Placemark>
<Placemark>
<name>JA0032</name>
<TimeStamp><when>2026-08-02T08:31:06Z</when></TimeStamp>
<styleUrl>#route</styleUrl>
<Point>
<coordinates>138.520682,35.700206,-0.001000</coordinates>
</Point>
<ExtendedData>
	<Data name="IconNumber">
		<value>901001</value>
	</Data>
</ExtendedData>
</Placemark>
<Placemark>
<name>JA0033</name>
<TimeStamp><when>2026-08-02T08:31:16Z</when></TimeStamp>
<styleUrl>#route</styleUrl>
<Point>
<coordinates>138.520661,35.700490,-0.001000</coordinates>
</Point>
<ExtendedData>
	<Data name="IconNumber">
		<value>901001</value>
	</Data>
</ExtendedData>
</Placemark>
<Placemark>
<name>JA0034</name>
<TimeStamp><when>2026-08-02T08:31:26Z</when></TimeStamp>
<styleUrl>#route</styleUrl>
<Point>
<coordinates>138.520425,35.701262,-0.001000</coordinates>
</Point>
<ExtendedData>
	<Data name="IconNumber">
		<value>901001</value>
	</Data>
</ExtendedData>
</Placemark>
<Placemark>
<name>JA0035</name>
<TimeStamp><when>2026-08-02T08:31:36Z</when></TimeStamp>
<styleUrl>#route</styleUrl>
<Point>
<coordinates>138.519996,35.702043,-0.001000</coordinates>
</Point>
<ExtendedData>
	<Data name="IconNumber">
		<value>901001</value>
	</Data>
</ExtendedData>
</Placemark>
<Placemark>
<name>JA0036</name>
<TimeStamp><when>2026-08-02T08:31:46Z</when></TimeStamp>
<styleUrl>#route</styleUrl>
<Point>
<coordinates>138.519824,35.702275,-0.001000</coordinates>
</Point>
<ExtendedData>
	<Data name="IconNumber">
		<value>901001</value>
	</Data>
</ExtendedData>
</Placemark>
<Placemark>
<name>JA0037</name>
<TimeStamp><when>2026-08-02T08:31:56Z</when></TimeStamp>
<styleUrl>#route</styleUrl>
<Point>
<coordinates>138.519652,35.702421,-0.001000</coordinates>
</Point>
<ExtendedData>
	<Data name="IconNumber">
		<value>901001</value>
	</Data>
</ExtendedData>
</Placemark>
<Placemark>
<name>JA0038</name>
<TimeStamp><when>2026-08-02T08:32:06Z</when></TimeStamp>
<styleUrl>#route</styleUrl>
<Point>
<coordinates>138.519159,35.702730,-0.001000</coordinates>
</Point>
<ExtendedData>
	<Data name="IconNumber">
		<value>901001</value>
	</Data>
</ExtendedData>
</Placemark>
<Placemark>
<name>JA0039</name>
<TimeStamp><when>2026-08-02T08:32:16Z</when></TimeStamp>
<styleUrl>#route</styleUrl>
<Point>
<coordinates>138.519030,35.702781,-0.001000</coordinates>
</Point>
<ExtendedData>
	<Data name="IconNumber">
		<value>901001</value>
	</Data>
</ExtendedData>
</Placemark>
<Placemark>
<name>JA0040</name>
<TimeStamp><when>2026-08-02T08:32:26Z</when></TimeStamp>
<styleUrl>#route</styleUrl>
<Point>
<coordinates>138.518397,35.702781,-0.001000</coordinates>
</Point>
<ExtendedData>
	<Data name="IconNumber">
		<value>901001</value>
	</Data>
</ExtendedData>
</Placemark>
<Placemark>
<name>JA0041</name>
<TimeStamp><when>2026-08-02T08:32:36Z</when></TimeStamp>
<styleUrl>#route</styleUrl>
<Point>
<coordinates>138.518150,35.702816,-0.001000</coordinates>
</Point>
<ExtendedData>
	<Data name="IconNumber">
		<value>901001</value>
	</Data>
</ExtendedData>
</Placemark>
<Placemark>
<name>JA0042</name>
<TimeStamp><when>2026-08-02T08:32:46Z</when></TimeStamp>
<styleUrl>#route</styleUrl>
<Point>
<coordinates>138.518011,35.702859,-0.001000</coordinates>
</Point>
<ExtendedData>
	<Data name="IconNumber">
		<value>901001</value>
	</Data>
</ExtendedData>
</Placemark>
<Placemark>
<name>JA0043</name>
<TimeStamp><when>2026-08-02T08:32:56Z</when></TimeStamp>
<styleUrl>#route</styleUrl>
<Point>
<coordinates>138.517893,35.702880,-0.001000</coordinates>
</Point>
<ExtendedData>
	<Data name="IconNumber">
		<value>901001</value>
	</Data>
</ExtendedData>
</Placemark>
<Placemark>
<name>JA0044</name>
<TimeStamp><when>2026-08-02T08:33:06Z</when></TimeStamp>
<styleUrl>#route</styleUrl>
<Point>
<coordinates>138.517759,35.702893,-0.001000</coordinates>
</Point>
<ExtendedData>
	<Data name="IconNumber">
		<value>901001</value>
	</Data>
</ExtendedData>
</Placemark>
<Placemark>
<name>JA0045</name>
<TimeStamp><when>2026-08-02T08:33:16Z</when></TimeStamp>
<styleUrl>#route</styleUrl>
<Point>
<coordinates>138.517625,35.702897,-0.001000</coordinates>
</Point>
<ExtendedData>
	<Data name="IconNumber">
		<value>901001</value>
	</Data>
</ExtendedData>
</Placemark>
<Placemark>
<name>JA0046</name>
<TimeStamp><when>2026-08-02T08:33:26Z</when></TimeStamp>
<styleUrl>#route</styleUrl>
<Point>
<coordinates>138.517453,35.702897,-0.001000</coordinates>
</Point>
<ExtendedData>
	<Data name="IconNumber">
		<value>901001</value>
	</Data>
</ExtendedData>
</Placemark>
<Placemark>
<name>JA0047</name>
<TimeStamp><when>2026-08-02T08:33:36Z</when></TimeStamp>
<styleUrl>#route</styleUrl>
<Point>
<coordinates>138.517222,35.702884,-0.001000</coordinates>
</Point>
<ExtendedData>
	<Data name="IconNumber">
		<value>901001</value>
	</Data>
</ExtendedData>
</Placemark>
<Placemark>
<name>JA0048</name>
<TimeStamp><when>2026-08-02T08:33:46Z</when></TimeStamp>
<styleUrl>#route</styleUrl>
<Point>
<coordinates>138.517083,35.702880,-0.001000</coordinates>
</Point>
<ExtendedData>
	<Data name="IconNumber">
		<value>901001</value>
	</Data>
</ExtendedData>
</Placemark>
<Placemark>
<name>JA0049</name>
<TimeStamp><when>2026-08-02T08:33:56Z</when></TimeStamp>
<styleUrl>#route</styleUrl>
<Point>
<coordinates>138.516793,35.702923,-0.001000</coordinates>
</Point>
<ExtendedData>
	<Data name="IconNumber">
		<value>901001</value>
	</Data>
</ExtendedData>
</Placemark>
<Placemark>
<name>JA0050</name>
<TimeStamp><when>2026-08-02T08:34:06Z</when></TimeStamp>
<styleUrl>#route</styleUrl>
<Point>
<coordinates>138.516664,35.702949,-0.001000</coordinates>
</Point>
<ExtendedData>
	<Data name="IconNumber">
		<value>901001</value>
	</Data>
</ExtendedData>
</Placemark>
<Placemark>
<name>JA0051</name>
<TimeStamp><when>2026-08-02T08:34:16Z</when></TimeStamp>
<styleUrl>#route</styleUrl>
<Point>
<coordinates>138.516557,35.702966,-0.001000</coordinates>
</Point>
<ExtendedData>
	<Data name="IconNumber">
		<value>901001</value>
	</Data>
</ExtendedData>
</Placemark>
<Placemark>
<name>JA0052</name>
<TimeStamp><when>2026-08-02T08:34:26Z</when></TimeStamp>
<styleUrl>#route</styleUrl>
<Point>
<coordinates>138.516353,35.702966,-0.001000</coordinates>
</Point>
<ExtendedData>
	<Data name="IconNumber">
		<value>901001</value>
	</Data>
</ExtendedData>
</Placemark>
<Placemark>
<name>JA0053</name>
<TimeStamp><when>2026-08-02T08:34:36Z</when></TimeStamp>
<styleUrl>#route</styleUrl>
<Point>
<coordinates>138.516241,35.702974,-0.001000</coordinates>
</Point>
<ExtendedData>
	<Data name="IconNumber">
		<value>901001</value>
	</Data>
</ExtendedData>
</Placemark>
<Placemark>
<name>JA0054</name>
<TimeStamp><when>2026-08-02T08:34:46Z</when></TimeStamp>
<styleUrl>#route</styleUrl>
<Point>
<coordinates>138.516096,35.703000,-0.001000</coordinates>
</Point>
<ExtendedData>
	<Data name="IconNumber">
		<value>901001</value>
	</Data>
</ExtendedData>
</Placemark>
<Placemark>
<name>JA0055</name>
<TimeStamp><when>2026-08-02T08:34:56Z</when></TimeStamp>
<styleUrl>#route</styleUrl>
<Point>
<coordinates>138.515935,35.703022,-0.001000</coordinates>
</Point>
<ExtendedData>
	<Data name="IconNumber">
		<value>901001</value>
	</Data>
</ExtendedData>
</Placemark>
<Placemark>
<name>JA0056</name>
<TimeStamp><when>2026-08-02T08:35:06Z</when></TimeStamp>
<styleUrl>#route</styleUrl>
<Point>
<coordinates>138.515844,35.703030,-0.001000</coordinates>
</Point>
<ExtendedData>
	<Data name="IconNumber">
		<value>901001</value>
	</Data>
</ExtendedData>
</Placemark>
<Placemark>
<name>JA0057</name>
<TimeStamp><when>2026-08-02T08:35:16Z</when></TimeStamp>
<styleUrl>#route</styleUrl>
<Point>
<coordinates>138.515736,35.703030,-0.001000</coordinates>
</Point>
<ExtendedData>
	<Data name="IconNumber">
		<value>901001</value>
	</Data>
</ExtendedData>
</Placemark>
<Placemark>
<name>JA0058</name>
<TimeStamp><when>2026-08-02T08:35:26Z</when></TimeStamp>
<styleUrl>#route</styleUrl>
<Point>
<coordinates>138.515618,35.703026,-0.001000</coordinates>
</Point>
<ExtendedData>
	<Data name="IconNumber">
		<value>901001</value>
	</Data>
</ExtendedData>
</Placemark>
<Placemark>
<name>JA0059</name>
<TimeStamp><when>2026-08-02T08:35:36Z</when></TimeStamp>
<styleUrl>#route</styleUrl>
<Point>
<coordinates>138.515549,35.703009,-0.001000</coordinates>
</Point>
<ExtendedData>
	<Data name="IconNumber">
		<value>901001</value>
	</Data>
</ExtendedData>
</Placemark>
<Placemark>
<name>JA0060</name>
<TimeStamp><when>2026-08-02T08:35:46Z</when></TimeStamp>
<styleUrl>#route</styleUrl>
<Point>
<coordinates>138.515495,35.702987,-0.001000</coordinates>
</Point>
<ExtendedData>
	<Data name="IconNumber">
		<value>901001</value>
	</Data>
</ExtendedData>
</Placemark>
<Placemark>
<name>JA0061</name>
<TimeStamp><when>2026-08-02T08:35:56Z</when></TimeStamp>
<styleUrl>#route</styleUrl>
<Point>
<coordinates>138.515447,35.702931,-0.001000</coordinates>
</Point>
<ExtendedData>
	<Data name="IconNumber">
		<value>901001</value>
	</Data>
</ExtendedData>
</Placemark>
<Placemark>
<name>JA0062</name>
<TimeStamp><when>2026-08-02T08:36:06Z</when></TimeStamp>
<styleUrl>#route</styleUrl>
<Point>
<coordinates>138.515286,35.702717,-0.001000</coordinates>
</Point>
<ExtendedData>
	<Data name="IconNumber">
		<value>901001</value>
	</Data>
</ExtendedData>
</Placemark>
<Placemark>
<name>JA0063</name>
<TimeStamp><when>2026-08-02T08:36:16Z</when></TimeStamp>
<styleUrl>#route</styleUrl>
<Point>
<coordinates>138.515243,35.702674,-0.001000</coordinates>
</Point>
<ExtendedData>
	<Data name="IconNumber">
		<value>901001</value>
	</Data>
</ExtendedData>
</Placemark>
<Placemark>
<name>JA0064</name>
<TimeStamp><when>2026-08-02T08:36:26Z</when></TimeStamp>
<styleUrl>#route</styleUrl>
<Point>
<coordinates>138.515173,35.702653,-0.001000</coordinates>
</Point>
<ExtendedData>
	<Data name="IconNumber">
		<value>901001</value>
	</Data>
</ExtendedData>
</Placemark>
<Placemark>
<name>JA0065</name>
<TimeStamp><when>2026-08-02T08:36:36Z</when></TimeStamp>
<styleUrl>#route</styleUrl>
<Point>
<coordinates>138.515114,35.702661,-0.001000</coordinates>
</Point>
<ExtendedData>
	<Data name="IconNumber">
		<value>901001</value>
	</Data>
</ExtendedData>
</Placemark>
<Placemark>
<name>JA0066</name>
<TimeStamp><when>2026-08-02T08:36:46Z</when></TimeStamp>
<styleUrl>#route</styleUrl>
<Point>
<coordinates>138.515023,35.702687,-0.001000</coordinates>
</Point>
<ExtendedData>
	<Data name="IconNumber">
		<value>901001</value>
	</Data>
</ExtendedData>
</Placemark>
<Placemark>
<name>JA0067</name>
<TimeStamp><when>2026-08-02T08:36:56Z</when></TimeStamp>
<styleUrl>#route</styleUrl>
<Point>
<coordinates>138.514953,35.702708,-0.001000</coordinates>
</Point>
<ExtendedData>
	<Data name="IconNumber">
		<value>901001</value>
	</Data>
</ExtendedData>
</Placemark>
<Placemark>
<name>AI0187</name>
<TimeStamp><when>2026-08-02T08:37:06Z</when></TimeStamp>
<styleUrl>#route</styleUrl>
<Point>
<coordinates>138.514844,35.702735,-0.001000</coordinates>
</Point>
<ExtendedData>
	<Data name="IconNumber">
		<value>901001</value>
	</Data>
</ExtendedData>
</Placemark>
</Folder>
<Placemark>
<name>Path</name>
<Style>
<LineStyle>
 <color>ff0000ff</color>
 <width>2</width>
</LineStyle>
</Style>
<LineString>
<tessellate>1</tessellate>
<coordinates>
138.522431,35.697400,-0.001000
138.521637,35.697451,-0.001000
138.521337,35.697477,-0.001000
138.521144,35.697477,-0.001000
138.520983,35.697460,-0.001000
138.520704,35.697374,-0.001000
138.520511,35.697262,-0.001000
138.520360,35.697142,-0.001000
138.520264,35.697039,-0.001000
138.520167,35.696902,-0.001000
138.519974,35.696344,-0.001000
138.519910,35.696250,-0.001000
138.519824,35.696189,-0.001000
138.519642,35.696138,-0.001000
138.518837,35.696275,-0.001000
138.518730,35.696301,-0.001000
138.518569,35.696481,-0.001000
138.518537,35.696567,-0.001000
138.518526,35.696679,-0.001000
138.518730,35.697451,-0.001000
138.518783,35.697623,-0.001000
138.518912,35.697837,-0.001000
138.519052,35.698018,-0.001000
138.519856,35.698945,-0.001000
138.520039,35.699133,-0.001000
138.520167,35.699228,-0.001000
138.520500,35.699520,-0.001000
138.520575,35.699588,-0.001000
138.520661,35.699691,-0.001000
138.520715,35.699854,-0.001000
138.520725,35.699992,-0.001000
138.520682,35.700206,-0.001000
138.520661,35.700490,-0.001000
138.520425,35.701262,-0.001000
138.519996,35.702043,-0.001000
138.519824,35.702275,-0.001000
138.519652,35.702421,-0.001000
138.519159,35.702730,-0.001000
138.519030,35.702781,-0.001000
138.518397,35.702781,-0.001000
138.518150,35.702816,-0.001000
138.518011,35.702859,-0.001000
138.517893,35.702880,-0.001000
138.517759,35.702893,-0.001000
138.517625,35.702897,-0.001000
138.517453,35.702897,-0.001000
138.517222,35.702884,-0.001000
138.517083,35.702880,-0.001000
138.516793,35.702923,-0.001000
138.516664,35.702949,-0.001000
138.516557,35.702966,-0.001000
138.516353,35.702966,-0.001000
138.516241,35.702974,-0.001000
138.516096,35.703000,-0.001000
138.515935,35.703022,-0.001000
138.515844,35.703030,-0.001000
138.515736,35.703030,-0.001000
138.515618,35.703026,-0.001000
138.515549,35.703009,-0.001000
138.515495,35.702987,-0.001000
138.515447,35.702931,-0.001000
138.515286,35.702717,-0.001000
138.515243,35.702674,-0.001000
138.515173,35.702653,-0.001000
138.515114,35.702661,-0.001000
138.515023,35.702687,-0.001000
138.514953,35.702708,-0.001000
138.514844,35.702735,-0.001000
</coordinates>
</LineString>
</Placemark>
</Folder>
<Folder>
<name>敷島境・金石橋</name>
<Folder>
<name>Points</name>
<Placemark>
<name>IY0033</name>
<TimeStamp><when>2026-08-02T08:20:32Z</when></TimeStamp>
<styleUrl>#route</styleUrl>
<Point>
<coordinates>138.524067,35.693675,-0.001000</coordinates>
</Point>
<ExtendedData>
	<Data name="IconNumber">
		<value>901001</value>
	</Data>
</ExtendedData>
</Placemark>
<Placemark>
<name>IZ0002</name>
<TimeStamp><when>2026-08-02T08:20:42Z</when></TimeStamp>
<styleUrl>#route</styleUrl>
<Point>
<coordinates>138.523890,35.693889,-0.001000</coordinates>
</Point>
<ExtendedData>
	<Data name="IconNumber">
		<value>901001</value>
	</Data>
</ExtendedData>
</Placemark>
<Placemark>
<name>IZ0003</name>
<TimeStamp><when>2026-08-02T08:20:52Z</when></TimeStamp>
<styleUrl>#route</styleUrl>
<Point>
<coordinates>138.523772,35.694074,-0.001000</coordinates>
</Point>
<ExtendedData>
	<Data name="IconNumber">
		<value>901001</value>
	</Data>
</ExtendedData>
</Placemark>
<Placemark>
<name>IZ0004</name>
<TimeStamp><when>2026-08-02T08:21:02Z</when></TimeStamp>
<styleUrl>#route</styleUrl>
<Point>
<coordinates>138.523622,35.694344,-0.001000</coordinates>
</Point>
<ExtendedData>
	<Data name="IconNumber">
		<value>901001</value>
	</Data>
</ExtendedData>
</Placemark>
<Placemark>
<name>IZ0005</name>
<TimeStamp><when>2026-08-02T08:21:12Z</when></TimeStamp>
<styleUrl>#route</styleUrl>
<Point>
<coordinates>138.522828,35.695975,-0.001000</coordinates>
</Point>
<ExtendedData>
	<Data name="IconNumber">
		<value>901001</value>
	</Data>
</ExtendedData>
</Placemark>
<Placemark>
<name>IZ0006</name>
<TimeStamp><when>2026-08-02T08:21:22Z</when></TimeStamp>
<styleUrl>#route</styleUrl>
<Point>
<coordinates>138.522796,35.696112,-0.001000</coordinates>
</Point>
<ExtendedData>
	<Data name="IconNumber">
		<value>901001</value>
	</Data>
</ExtendedData>
</Placemark>
<Placemark>
<name>IZ0007</name>
<TimeStamp><when>2026-08-02T08:21:32Z</when></TimeStamp>
<styleUrl>#route</styleUrl>
<Point>
<coordinates>138.522646,35.696593,-0.001000</coordinates>
</Point>
<ExtendedData>
	<Data name="IconNumber">
		<value>901001</value>
	</Data>
</ExtendedData>
</Placemark>
<Placemark>
<name>IZ0008</name>
<TimeStamp><when>2026-08-02T08:21:42Z</when></TimeStamp>
<styleUrl>#route</styleUrl>
<Point>
<coordinates>138.522506,35.696988,-0.001000</coordinates>
</Point>
<ExtendedData>
	<Data name="IconNumber">
		<value>901001</value>
	</Data>
</ExtendedData>
</Placemark>
<Placemark>
<name>IZ0009</name>
<TimeStamp><when>2026-08-02T08:21:52Z</when></TimeStamp>
<styleUrl>#route</styleUrl>
<Point>
<coordinates>138.522474,35.697142,-0.001000</coordinates>
</Point>
<ExtendedData>
	<Data name="IconNumber">
		<value>901001</value>
	</Data>
</ExtendedData>
</Placemark>
<Placemark>
<name>IZ0010</name>
<TimeStamp><when>2026-08-02T08:22:02Z</when></TimeStamp>
<styleUrl>#route</styleUrl>
<Point>
<coordinates>138.522431,35.697400,-0.001000</coordinates>
</Point>
<ExtendedData>
	<Data name="IconNumber">
		<value>901001</value>
	</Data>
</ExtendedData>
</Placemark>
<Placemark>
<name>IZ0011</name>
<TimeStamp><when>2026-08-02T08:22:12Z</when></TimeStamp>
<styleUrl>#route</styleUrl>
<Point>
<coordinates>138.522410,35.698000,-0.001000</coordinates>
</Point>
<ExtendedData>
	<Data name="IconNumber">
		<value>901001</value>
	</Data>
</ExtendedData>
</Placemark>
<Placemark>
<name>IZ0012</name>
<TimeStamp><when>2026-08-02T08:22:22Z</when></TimeStamp>
<styleUrl>#route</styleUrl>
<Point>
<coordinates>138.522420,35.698533,-0.001000</coordinates>
</Point>
<ExtendedData>
	<Data name="IconNumber">
		<value>901001</value>
	</Data>
</ExtendedData>
</Placemark>
<Placemark>
<name>IZ0013</name>
<TimeStamp><when>2026-08-02T08:22:32Z</when></TimeStamp>
<styleUrl>#route</styleUrl>
<Point>
<coordinates>138.522517,35.699133,-0.001000</coordinates>
</Point>
<ExtendedData>
	<Data name="IconNumber">
		<value>901001</value>
	</Data>
</ExtendedData>
</Placemark>
<Placemark>
<name>AI0261</name>
<TimeStamp><when>2026-08-02T08:22:42Z</when></TimeStamp>
<styleUrl>#route</styleUrl>
<Point>
<coordinates>138.522590,35.699370,-0.001000</coordinates>
</Point>
<ExtendedData>
	<Data name="IconNumber">
		<value>901001</value>
	</Data>
</ExtendedData>
</Placemark>
</Folder>
<Placemark>
<name>Path</name>
<Style>
<LineStyle>
 <color>ff0000ff</color>
 <width>2</width>
</LineStyle>
</Style>
<LineString>
<tessellate>1</tessellate>
<coordinates>
138.524067,35.693675,-0.001000
138.523890,35.693889,-0.001000
138.523772,35.694074,-0.001000
138.523622,35.694344,-0.001000
138.522828,35.695975,-0.001000
138.522796,35.696112,-0.001000
138.522646,35.696593,-0.001000
138.522506,35.696988,-0.001000
138.522474,35.697142,-0.001000
138.522431,35.697400,-0.001000
138.522410,35.698000,-0.001000
138.522420,35.698533,-0.001000
138.522517,35.699133,-0.001000
138.522590,35.699370,-0.001000
</coordinates>
</LineString>
</Placemark>
</Folder>
<Folder>
<name>敷島中下条・敷島交番</name>
<Folder>
<name>Points</name>
<Placemark>
<name>AZ0384</name>
<TimeStamp><when>2026-08-02T08:18:03Z</when></TimeStamp>
<styleUrl>#route</styleUrl>
<Point>
<coordinates>138.524177,35.676723,292.156000</coordinates>
</Point>
<ExtendedData>
	<Data name="IconNumber">
		<value>901001</value>
	</Data>
</ExtendedData>
</Placemark>
<Placemark>
<name>IY0002</name>
<TimeStamp><when>2026-08-02T08:18:13Z</when></TimeStamp>
<styleUrl>#route</styleUrl>
<Point>
<coordinates>138.524368,35.677247,-0.001000</coordinates>
</Point>
<ExtendedData>
	<Data name="IconNumber">
		<value>901001</value>
	</Data>
</ExtendedData>
</Placemark>
<Placemark>
<name>IY0003</name>
<TimeStamp><when>2026-08-02T08:18:23Z</when></TimeStamp>
<styleUrl>#route</styleUrl>
<Point>
<coordinates>138.524636,35.677976,-0.001000</coordinates>
</Point>
<ExtendedData>
	<Data name="IconNumber">
		<value>901001</value>
	</Data>
</ExtendedData>
</Placemark>
<Placemark>
<name>IY0004</name>
<TimeStamp><when>2026-08-02T08:18:33Z</when></TimeStamp>
<styleUrl>#route</styleUrl>
<Point>
<coordinates>138.524867,35.678616,-0.001000</coordinates>
</Point>
<ExtendedData>
	<Data name="IconNumber">
		<value>901001</value>
	</Data>
</ExtendedData>
</Placemark>
<Placemark>
<name>IY0005</name>
<TimeStamp><when>2026-08-02T08:18:43Z</when></TimeStamp>
<styleUrl>#route</styleUrl>
<Point>
<coordinates>138.525403,35.680045,-0.001000</coordinates>
</Point>
<ExtendedData>
	<Data name="IconNumber">
		<value>901001</value>
	</Data>
</ExtendedData>
</Placemark>
<Placemark>
<name>IY0006</name>
<TimeStamp><when>2026-08-02T08:18:53Z</when></TimeStamp>
<styleUrl>#route</styleUrl>
<Point>
<coordinates>138.525923,35.681435,-0.001000</coordinates>
</Point>
<ExtendedData>
	<Data name="IconNumber">
		<value>901001</value>
	</Data>
</ExtendedData>
</Placemark>
<Placemark>
<name>IY0007</name>
<TimeStamp><when>2026-08-02T08:19:03Z</when></TimeStamp>
<styleUrl>#route</styleUrl>
<Point>
<coordinates>138.526031,35.681778,-0.001000</coordinates>
</Point>
<ExtendedData>
	<Data name="IconNumber">
		<value>901001</value>
	</Data>
</ExtendedData>
</Placemark>
<Placemark>
<name>IY0008</name>
<TimeStamp><when>2026-08-02T08:19:13Z</when></TimeStamp>
<styleUrl>#route</styleUrl>
<Point>
<coordinates>138.526095,35.681942,-0.001000</coordinates>
</Point>
<ExtendedData>
	<Data name="IconNumber">
		<value>901001</value>
	</Data>
</ExtendedData>
</Placemark>
<Placemark>
<name>IY0009</name>
<TimeStamp><when>2026-08-02T08:19:23Z</when></TimeStamp>
<styleUrl>#route</styleUrl>
<Point>
<coordinates>138.526267,35.682319,-0.001000</coordinates>
</Point>
<ExtendedData>
	<Data name="IconNumber">
		<value>901001</value>
	</Data>
</ExtendedData>
</Placemark>
<Placemark>
<name>JG0024</name>
<TimeStamp><when>2026-08-02T08:19:33Z</when></TimeStamp>
<styleUrl>#route</styleUrl>
<Point>
<coordinates>138.526918,35.683545,-0.001000</coordinates>
</Point>
<ExtendedData>
	<Data name="IconNumber">
		<value>901001</value>
	</Data>
</ExtendedData>
</Placemark>
<Placemark>
<name>IY0011</name>
<TimeStamp><when>2026-08-02T08:19:43Z</when></TimeStamp>
<styleUrl>#route</styleUrl>
<Point>
<coordinates>138.526986,35.683770,-0.001000</coordinates>
</Point>
<ExtendedData>
	<Data name="IconNumber">
		<value>901001</value>
	</Data>
</ExtendedData>
</Placemark>
<Placemark>
<name>IY0012</name>
<TimeStamp><when>2026-08-02T08:19:53Z</when></TimeStamp>
<styleUrl>#route</styleUrl>
<Point>
<coordinates>138.527222,35.685778,-0.001000</coordinates>
</Point>
<ExtendedData>
	<Data name="IconNumber">
		<value>901001</value>
	</Data>
</ExtendedData>
</Placemark>
<Placemark>
<name>IY0013</name>
<TimeStamp><when>2026-08-02T08:20:03Z</when></TimeStamp>
<styleUrl>#route</styleUrl>
<Point>
<coordinates>138.527382,35.687212,-0.001000</coordinates>
</Point>
<ExtendedData>
	<Data name="IconNumber">
		<value>901001</value>
	</Data>
</ExtendedData>
</Placemark>
<Placemark>
<name>IY0014</name>
<TimeStamp><when>2026-08-02T08:20:13Z</when></TimeStamp>
<styleUrl>#route</styleUrl>
<Point>
<coordinates>138.527576,35.688851,-0.001000</coordinates>
</Point>
<ExtendedData>
	<Data name="IconNumber">
		<value>901001</value>
	</Data>
</ExtendedData>
</Placemark>
<Placemark>
<name>IY0015</name>
<TimeStamp><when>2026-08-02T08:20:23Z</when></TimeStamp>
<styleUrl>#route</styleUrl>
<Point>
<coordinates>138.527608,35.689108,-0.001000</coordinates>
</Point>
<ExtendedData>
	<Data name="IconNumber">
		<value>901001</value>
	</Data>
</ExtendedData>
</Placemark>
<Placemark>
<name>IY0016</name>
<TimeStamp><when>2026-08-02T08:20:33Z</when></TimeStamp>
<styleUrl>#route</styleUrl>
<Point>
<coordinates>138.527640,35.689400,-0.001000</coordinates>
</Point>
<ExtendedData>
	<Data name="IconNumber">
		<value>901001</value>
	</Data>
</ExtendedData>
</Placemark>
<Placemark>
<name>IY0017</name>
<TimeStamp><when>2026-08-02T08:20:43Z</when></TimeStamp>
<styleUrl>#route</styleUrl>
<Point>
<coordinates>138.527640,35.689649,-0.001000</coordinates>
</Point>
<ExtendedData>
	<Data name="IconNumber">
		<value>901001</value>
	</Data>
</ExtendedData>
</Placemark>
<Placemark>
<name>IY0018</name>
<TimeStamp><when>2026-08-02T08:20:53Z</when></TimeStamp>
<styleUrl>#route</styleUrl>
<Point>
<coordinates>138.527629,35.689812,-0.001000</coordinates>
</Point>
<ExtendedData>
	<Data name="IconNumber">
		<value>901001</value>
	</Data>
</ExtendedData>
</Placemark>
<Placemark>
<name>IY0019</name>
<TimeStamp><when>2026-08-02T08:21:03Z</when></TimeStamp>
<styleUrl>#route</styleUrl>
<Point>
<coordinates>138.527554,35.690164,-0.001000</coordinates>
</Point>
<ExtendedData>
	<Data name="IconNumber">
		<value>901001</value>
	</Data>
</ExtendedData>
</Placemark>
<Placemark>
<name>IY0020</name>
<TimeStamp><when>2026-08-02T08:21:13Z</when></TimeStamp>
<styleUrl>#route</styleUrl>
<Point>
<coordinates>138.527372,35.690645,-0.001000</coordinates>
</Point>
<ExtendedData>
	<Data name="IconNumber">
		<value>901001</value>
	</Data>
</ExtendedData>
</Placemark>
<Placemark>
<name>IY0021</name>
<TimeStamp><when>2026-08-02T08:21:23Z</when></TimeStamp>
<styleUrl>#route</styleUrl>
<Point>
<coordinates>138.527232,35.690937,-0.001000</coordinates>
</Point>
<ExtendedData>
	<Data name="IconNumber">
		<value>901001</value>
	</Data>
</ExtendedData>
</Placemark>
<Placemark>
<name>IY0022</name>
<TimeStamp><when>2026-08-02T08:21:33Z</when></TimeStamp>
<styleUrl>#route</styleUrl>
<Point>
<coordinates>138.527093,35.691160,-0.001000</coordinates>
</Point>
<ExtendedData>
	<Data name="IconNumber">
		<value>901001</value>
	</Data>
</ExtendedData>
</Placemark>
<Placemark>
<name>IY0023</name>
<TimeStamp><when>2026-08-02T08:21:43Z</when></TimeStamp>
<styleUrl>#route</styleUrl>
<Point>
<coordinates>138.526889,35.691434,-0.001000</coordinates>
</Point>
<ExtendedData>
	<Data name="IconNumber">
		<value>901001</value>
	</Data>
</ExtendedData>
</Placemark>
<Placemark>
<name>IY0024</name>
<TimeStamp><when>2026-08-02T08:21:53Z</when></TimeStamp>
<styleUrl>#route</styleUrl>
<Point>
<coordinates>138.526760,35.691580,-0.001000</coordinates>
</Point>
<ExtendedData>
	<Data name="IconNumber">
		<value>901001</value>
	</Data>
</ExtendedData>
</Placemark>
<Placemark>
<name>IY0025</name>
<TimeStamp><when>2026-08-02T08:22:03Z</when></TimeStamp>
<styleUrl>#route</styleUrl>
<Point>
<coordinates>138.526610,35.691761,-0.001000</coordinates>
</Point>
<ExtendedData>
	<Data name="IconNumber">
		<value>901001</value>
	</Data>
</ExtendedData>
</Placemark>
<Placemark>
<name>IY0026</name>
<TimeStamp><when>2026-08-02T08:22:13Z</when></TimeStamp>
<styleUrl>#route</styleUrl>
<Point>
<coordinates>138.526299,35.692018,-0.001000</coordinates>
</Point>
<ExtendedData>
	<Data name="IconNumber">
		<value>901001</value>
	</Data>
</ExtendedData>
</Placemark>
<Placemark>
<name>IY0027</name>
<TimeStamp><when>2026-08-02T08:22:23Z</when></TimeStamp>
<styleUrl>#route</styleUrl>
<Point>
<coordinates>138.525709,35.692430,-0.001000</coordinates>
</Point>
<ExtendedData>
	<Data name="IconNumber">
		<value>901001</value>
	</Data>
</ExtendedData>
</Placemark>
<Placemark>
<name>IY0028</name>
<TimeStamp><when>2026-08-02T08:22:33Z</when></TimeStamp>
<styleUrl>#route</styleUrl>
<Point>
<coordinates>138.524979,35.692876,-0.001000</coordinates>
</Point>
<ExtendedData>
	<Data name="IconNumber">
		<value>901001</value>
	</Data>
</ExtendedData>
</Placemark>
<Placemark>
<name>IY0029</name>
<TimeStamp><when>2026-08-02T08:22:43Z</when></TimeStamp>
<styleUrl>#route</styleUrl>
<Point>
<coordinates>138.524636,35.693117,-0.001000</coordinates>
</Point>
<ExtendedData>
	<Data name="IconNumber">
		<value>901001</value>
	</Data>
</ExtendedData>
</Placemark>
<Placemark>
<name>IY0030</name>
<TimeStamp><when>2026-08-02T08:22:53Z</when></TimeStamp>
<styleUrl>#route</styleUrl>
<Point>
<coordinates>138.524539,35.693211,-0.001000</coordinates>
</Point>
<ExtendedData>
	<Data name="IconNumber">
		<value>901001</value>
	</Data>
</ExtendedData>
</Placemark>
<Placemark>
<name>IY0031</name>
<TimeStamp><when>2026-08-02T08:23:03Z</when></TimeStamp>
<styleUrl>#route</styleUrl>
<Point>
<coordinates>138.524400,35.693340,-0.001000</coordinates>
</Point>
<ExtendedData>
	<Data name="IconNumber">
		<value>901001</value>
	</Data>
</ExtendedData>
</Placemark>
<Placemark>
<name>IY0032</name>
<TimeStamp><when>2026-08-02T08:23:13Z</when></TimeStamp>
<styleUrl>#route</styleUrl>
<Point>
<coordinates>138.524271,35.693460,-0.001000</coordinates>
</Point>
<ExtendedData>
	<Data name="IconNumber">
		<value>901001</value>
	</Data>
</ExtendedData>
</Placemark>
<Placemark>
<name>IY0033</name>
<TimeStamp><when>2026-08-02T08:23:23Z</when></TimeStamp>
<styleUrl>#route</styleUrl>
<Point>
<coordinates>138.524067,35.693675,-0.001000</coordinates>
</Point>
<ExtendedData>
	<Data name="IconNumber">
		<value>901001</value>
	</Data>
</ExtendedData>
</Placemark>
<Placemark>
<name>IY0034</name>
<TimeStamp><when>2026-08-02T08:23:33Z</when></TimeStamp>
<styleUrl>#route</styleUrl>
<Point>
<coordinates>138.524003,35.693632,-0.001000</coordinates>
</Point>
<ExtendedData>
	<Data name="IconNumber">
		<value>901001</value>
	</Data>
</ExtendedData>
</Placemark>
<Placemark>
<name>IY0035</name>
<TimeStamp><when>2026-08-02T08:23:43Z</when></TimeStamp>
<styleUrl>#route</styleUrl>
<Point>
<coordinates>138.523992,35.693580,-0.001000</coordinates>
</Point>
<ExtendedData>
	<Data name="IconNumber">
		<value>901001</value>
	</Data>
</ExtendedData>
</Placemark>
<Placemark>
<name>IY0036</name>
<TimeStamp><when>2026-08-02T08:23:53Z</when></TimeStamp>
<styleUrl>#route</styleUrl>
<Point>
<coordinates>138.524008,35.693529,-0.001000</coordinates>
</Point>
<ExtendedData>
	<Data name="IconNumber">
		<value>901001</value>
	</Data>
</ExtendedData>
</Placemark>
<Placemark>
<name>IY0037</name>
<TimeStamp><when>2026-08-02T08:24:03Z</when></TimeStamp>
<styleUrl>#route</styleUrl>
<Point>
<coordinates>138.524057,35.693443,-0.001000</coordinates>
</Point>
<ExtendedData>
	<Data name="IconNumber">
		<value>901001</value>
	</Data>
</ExtendedData>
</Placemark>
<Placemark>
<name>IY0038</name>
<TimeStamp><when>2026-08-02T08:24:13Z</when></TimeStamp>
<styleUrl>#route</styleUrl>
<Point>
<coordinates>138.524121,35.693340,-0.001000</coordinates>
</Point>
<ExtendedData>
	<Data name="IconNumber">
		<value>901001</value>
	</Data>
</ExtendedData>
</Placemark>
<Placemark>
<name>IY0039</name>
<TimeStamp><when>2026-08-02T08:24:23Z</when></TimeStamp>
<styleUrl>#route</styleUrl>
<Point>
<coordinates>138.524175,35.693258,-0.001000</coordinates>
</Point>
<ExtendedData>
	<Data name="IconNumber">
		<value>901001</value>
	</Data>
</ExtendedData>
</Placemark>
<Placemark>
<name>IY0040</name>
<TimeStamp><when>2026-08-02T08:24:33Z</when></TimeStamp>
<styleUrl>#route</styleUrl>
<Point>
<coordinates>138.524228,35.693185,-0.001000</coordinates>
</Point>
<ExtendedData>
	<Data name="IconNumber">
		<value>901001</value>
	</Data>
</ExtendedData>
</Placemark>
<Placemark>
<name>IY0041</name>
<TimeStamp><when>2026-08-02T08:24:43Z</when></TimeStamp>
<styleUrl>#route</styleUrl>
<Point>
<coordinates>138.524899,35.692404,-0.001000</coordinates>
</Point>
<ExtendedData>
	<Data name="IconNumber">
		<value>901001</value>
	</Data>
</ExtendedData>
</Placemark>
<Placemark>
<name>IY0042</name>
<TimeStamp><when>2026-08-02T08:24:53Z</when></TimeStamp>
<styleUrl>#route</styleUrl>
<Point>
<coordinates>138.525435,35.691782,-0.001000</coordinates>
</Point>
<ExtendedData>
	<Data name="IconNumber">
		<value>901001</value>
	</Data>
</ExtendedData>
</Placemark>
<Placemark>
<name>IY0043</name>
<TimeStamp><when>2026-08-02T08:25:03Z</when></TimeStamp>
<styleUrl>#route</styleUrl>
<Point>
<coordinates>138.525661,35.691520,-0.001000</coordinates>
</Point>
<ExtendedData>
	<Data name="IconNumber">
		<value>901001</value>
	</Data>
</ExtendedData>
</Placemark>
<Placemark>
<name>IY0044</name>
<TimeStamp><when>2026-08-02T08:25:13Z</when></TimeStamp>
<styleUrl>#route</styleUrl>
<Point>
<coordinates>138.525752,35.691400,-0.001000</coordinates>
</Point>
<ExtendedData>
	<Data name="IconNumber">
		<value>901001</value>
	</Data>
</ExtendedData>
</Placemark>
<Placemark>
<name>IY0045</name>
<TimeStamp><when>2026-08-02T08:25:23Z</when></TimeStamp>
<styleUrl>#route</styleUrl>
<Point>
<coordinates>138.525816,35.691323,-0.001000</coordinates>
</Point>
<ExtendedData>
	<Data name="IconNumber">
		<value>901001</value>
	</Data>
</ExtendedData>
</Placemark>
<Placemark>
<name>IY0046</name>
<TimeStamp><when>2026-08-02T08:25:33Z</when></TimeStamp>
<styleUrl>#route</styleUrl>
<Point>
<coordinates>138.525870,35.691280,-0.001000</coordinates>
</Point>
<ExtendedData>
	<Data name="IconNumber">
		<value>901001</value>
	</Data>
</ExtendedData>
</Placemark>
<Placemark>
<name>IY0047</name>
<TimeStamp><when>2026-08-02T08:25:43Z</when></TimeStamp>
<styleUrl>#route</styleUrl>
<Point>
<coordinates>138.525945,35.691246,-0.001000</coordinates>
</Point>
<ExtendedData>
	<Data name="IconNumber">
		<value>901001</value>
	</Data>
</ExtendedData>
</Placemark>
<Placemark>
<name>IY0048</name>
<TimeStamp><when>2026-08-02T08:25:53Z</when></TimeStamp>
<styleUrl>#route</styleUrl>
<Point>
<coordinates>138.526449,35.691048,-0.001000</coordinates>
</Point>
<ExtendedData>
	<Data name="IconNumber">
		<value>901001</value>
	</Data>
</ExtendedData>
</Placemark>
<Placemark>
<name>IY0049</name>
<TimeStamp><when>2026-08-02T08:26:03Z</when></TimeStamp>
<styleUrl>#route</styleUrl>
<Point>
<coordinates>138.526878,35.690868,-0.001000</coordinates>
</Point>
<ExtendedData>
	<Data name="IconNumber">
		<value>901001</value>
	</Data>
</ExtendedData>
</Placemark>
<Placemark>
<name>IY0050</name>
<TimeStamp><when>2026-08-02T08:26:13Z</when></TimeStamp>
<styleUrl>#route</styleUrl>
<Point>
<coordinates>138.526996,35.690808,-0.001000</coordinates>
</Point>
<ExtendedData>
	<Data name="IconNumber">
		<value>901001</value>
	</Data>
</ExtendedData>
</Placemark>
<Placemark>
<name>IY0051</name>
<TimeStamp><when>2026-08-02T08:26:23Z</when></TimeStamp>
<styleUrl>#route</styleUrl>
<Point>
<coordinates>138.527077,35.690756,-0.001000</coordinates>
</Point>
<ExtendedData>
	<Data name="IconNumber">
		<value>901001</value>
	</Data>
</ExtendedData>
</Placemark>
<Placemark>
<name>IY0052</name>
<TimeStamp><when>2026-08-02T08:26:33Z</when></TimeStamp>
<styleUrl>#route</styleUrl>
<Point>
<coordinates>138.527157,35.690701,-0.001000</coordinates>
</Point>
<ExtendedData>
	<Data name="IconNumber">
		<value>901001</value>
	</Data>
</ExtendedData>
</Placemark>
<Placemark>
<name>IY0053</name>
<TimeStamp><when>2026-08-02T08:26:43Z</when></TimeStamp>
<styleUrl>#route</styleUrl>
<Point>
<coordinates>138.527222,35.690679,-0.001000</coordinates>
</Point>
<ExtendedData>
	<Data name="IconNumber">
		<value>901001</value>
	</Data>
</ExtendedData>
</Placemark>
<Placemark>
<name>IY0054</name>
<TimeStamp><when>2026-08-02T08:26:53Z</when></TimeStamp>
<styleUrl>#route</styleUrl>
<Point>
<coordinates>138.527291,35.690683,-0.001000</coordinates>
</Point>
<ExtendedData>
	<Data name="IconNumber">
		<value>901001</value>
	</Data>
</ExtendedData>
</Placemark>
<Placemark>
<name>IY0055</name>
<TimeStamp><when>2026-08-02T08:27:03Z</when></TimeStamp>
<styleUrl>#route</styleUrl>
<Point>
<coordinates>138.527372,35.690645,-0.001000</coordinates>
</Point>
<ExtendedData>
	<Data name="IconNumber">
		<value>901001</value>
	</Data>
</ExtendedData>
</Placemark>
</Folder>
<Placemark>
<name>Path</name>
<Style>
<LineStyle>
 <color>ff0000ff</color>
 <width>2</width>
</LineStyle>
</Style>
<LineString>
<tessellate>1</tessellate>
<coordinates>
138.524177,35.676723,292.156000
138.524368,35.677247,-0.001000
138.524636,35.677976,-0.001000
138.524867,35.678616,-0.001000
138.525403,35.680045,-0.001000
138.525923,35.681435,-0.001000
138.526031,35.681778,-0.001000
138.526095,35.681942,-0.001000
138.526267,35.682319,-0.001000
138.526918,35.683545,-0.001000
138.526986,35.683770,-0.001000
138.527222,35.685778,-0.001000
138.527382,35.687212,-0.001000
138.527576,35.688851,-0.001000
138.527608,35.689108,-0.001000
138.527640,35.689400,-0.001000
138.527640,35.689649,-0.001000
138.527629,35.689812,-0.001000
138.527554,35.690164,-0.001000
138.527372,35.690645,-0.001000
138.527232,35.690937,-0.001000
138.527093,35.691160,-0.001000
138.526889,35.691434,-0.001000
138.526760,35.691580,-0.001000
138.526610,35.691761,-0.001000
138.526299,35.692018,-0.001000
138.525709,35.692430,-0.001000
138.524979,35.692876,-0.001000
138.524636,35.693117,-0.001000
138.524539,35.693211,-0.001000
138.524400,35.693340,-0.001000
138.524271,35.693460,-0.001000
138.524067,35.693675,-0.001000
138.524003,35.693632,-0.001000
138.523992,35.693580,-0.001000
138.524008,35.693529,-0.001000
138.524057,35.693443,-0.001000
138.524121,35.693340,-0.001000
138.524175,35.693258,-0.001000
138.524228,35.693185,-0.001000
138.524899,35.692404,-0.001000
138.525435,35.691782,-0.001000
138.525661,35.691520,-0.001000
138.525752,35.691400,-0.001000
138.525816,35.691323,-0.001000
138.525870,35.691280,-0.001000
138.525945,35.691246,-0.001000
138.526449,35.691048,-0.001000
138.526878,35.690868,-0.001000
138.526996,35.690808,-0.001000
138.527077,35.690756,-0.001000
138.527157,35.690701,-0.001000
138.527222,35.690679,-0.001000
138.527291,35.690683,-0.001000
138.527372,35.690645,-0.001000
</coordinates>
</LineString>
</Placemark>
</Folder>
<Folder>
<name>韮崎三ッ澤・双葉大垈</name>
<Folder>
<name>Points</name>
<Placemark>
<name>IX0001</name>
<TimeStamp><when>2026-08-02T08:08:07Z</when></TimeStamp>
<styleUrl>#route</styleUrl>
<Point>
<coordinates>138.484081,35.735487,-0.001000</coordinates>
</Point>
<ExtendedData>
	<Data name="IconNumber">
		<value>901001</value>
	</Data>
</ExtendedData>
</Placemark>
<Placemark>
<name>IX0002</name>
<TimeStamp><when>2026-08-02T08:08:17Z</when></TimeStamp>
<styleUrl>#route</styleUrl>
<Point>
<coordinates>138.484038,35.735405,-0.001000</coordinates>
</Point>
<ExtendedData>
	<Data name="IconNumber">
		<value>901001</value>
	</Data>
</ExtendedData>
</Placemark>
<Placemark>
<name>IX0003</name>
<TimeStamp><when>2026-08-02T08:08:27Z</when></TimeStamp>
<styleUrl>#route</styleUrl>
<Point>
<coordinates>138.483941,35.735234,-0.001000</coordinates>
</Point>
<ExtendedData>
	<Data name="IconNumber">
		<value>901001</value>
	</Data>
</ExtendedData>
</Placemark>
<Placemark>
<name>IX0004</name>
<TimeStamp><when>2026-08-02T08:08:37Z</when></TimeStamp>
<styleUrl>#route</styleUrl>
<Point>
<coordinates>138.483888,35.735157,-0.001000</coordinates>
</Point>
<ExtendedData>
	<Data name="IconNumber">
		<value>901001</value>
	</Data>
</ExtendedData>
</Placemark>
<Placemark>
<name>IX0005</name>
<TimeStamp><when>2026-08-02T08:08:47Z</when></TimeStamp>
<styleUrl>#route</styleUrl>
<Point>
<coordinates>138.483813,35.735066,-0.001000</coordinates>
</Point>
<ExtendedData>
	<Data name="IconNumber">
		<value>901001</value>
	</Data>
</ExtendedData>
</Placemark>
<Placemark>
<name>IX0006</name>
<TimeStamp><when>2026-08-02T08:08:57Z</when></TimeStamp>
<styleUrl>#route</styleUrl>
<Point>
<coordinates>138.483587,35.734882,-0.001000</coordinates>
</Point>
<ExtendedData>
	<Data name="IconNumber">
		<value>901001</value>
	</Data>
</ExtendedData>
</Placemark>
<Placemark>
<name>IX0007</name>
<TimeStamp><when>2026-08-02T08:09:07Z</when></TimeStamp>
<styleUrl>#route</styleUrl>
<Point>
<coordinates>138.483485,35.734800,-0.001000</coordinates>
</Point>
<ExtendedData>
	<Data name="IconNumber">
		<value>901001</value>
	</Data>
</ExtendedData>
</Placemark>
<Placemark>
<name>IX0008</name>
<TimeStamp><when>2026-08-02T08:09:17Z</when></TimeStamp>
<styleUrl>#route</styleUrl>
<Point>
<coordinates>138.483190,35.734577,-0.001000</coordinates>
</Point>
<ExtendedData>
	<Data name="IconNumber">
		<value>901001</value>
	</Data>
</ExtendedData>
</Placemark>
<Placemark>
<name>IX0009</name>
<TimeStamp><when>2026-08-02T08:09:27Z</when></TimeStamp>
<styleUrl>#route</styleUrl>
<Point>
<coordinates>138.482874,35.734311,-0.001000</coordinates>
</Point>
<ExtendedData>
	<Data name="IconNumber">
		<value>901001</value>
	</Data>
</ExtendedData>
</Placemark>
<Placemark>
<name>IX0010</name>
<TimeStamp><when>2026-08-02T08:09:37Z</when></TimeStamp>
<styleUrl>#route</styleUrl>
<Point>
<coordinates>138.482729,35.734182,-0.001000</coordinates>
</Point>
<ExtendedData>
	<Data name="IconNumber">
		<value>901001</value>
	</Data>
</ExtendedData>
</Placemark>
<Placemark>
<name>IX0011</name>
<TimeStamp><when>2026-08-02T08:09:47Z</when></TimeStamp>
<styleUrl>#route</styleUrl>
<Point>
<coordinates>138.482659,35.734114,-0.001000</coordinates>
</Point>
<ExtendedData>
	<Data name="IconNumber">
		<value>901001</value>
	</Data>
</ExtendedData>
</Placemark>
<Placemark>
<name>IX0012</name>
<TimeStamp><when>2026-08-02T08:09:57Z</when></TimeStamp>
<styleUrl>#route</styleUrl>
<Point>
<coordinates>138.482611,35.734049,-0.001000</coordinates>
</Point>
<ExtendedData>
	<Data name="IconNumber">
		<value>901001</value>
	</Data>
</ExtendedData>
</Placemark>
<Placemark>
<name>IX0013</name>
<TimeStamp><when>2026-08-02T08:10:07Z</when></TimeStamp>
<styleUrl>#route</styleUrl>
<Point>
<coordinates>138.482525,35.733938,-0.001000</coordinates>
</Point>
<ExtendedData>
	<Data name="IconNumber">
		<value>901001</value>
	</Data>
</ExtendedData>
</Placemark>
<Placemark>
<name>IX0014</name>
<TimeStamp><when>2026-08-02T08:10:17Z</when></TimeStamp>
<styleUrl>#route</styleUrl>
<Point>
<coordinates>138.482488,35.733869,-0.001000</coordinates>
</Point>
<ExtendedData>
	<Data name="IconNumber">
		<value>901001</value>
	</Data>
</ExtendedData>
</Placemark>
<Placemark>
<name>IX0015</name>
<TimeStamp><when>2026-08-02T08:10:27Z</when></TimeStamp>
<styleUrl>#route</styleUrl>
<Point>
<coordinates>138.482450,35.733783,-0.001000</coordinates>
</Point>
<ExtendedData>
	<Data name="IconNumber">
		<value>901001</value>
	</Data>
</ExtendedData>
</Placemark>
<Placemark>
<name>IX0016</name>
<TimeStamp><when>2026-08-02T08:10:37Z</when></TimeStamp>
<styleUrl>#route</styleUrl>
<Point>
<coordinates>138.482364,35.733552,-0.001000</coordinates>
</Point>
<ExtendedData>
	<Data name="IconNumber">
		<value>901001</value>
	</Data>
</ExtendedData>
</Placemark>
<Placemark>
<name>IX0017</name>
<TimeStamp><when>2026-08-02T08:10:47Z</when></TimeStamp>
<styleUrl>#route</styleUrl>
<Point>
<coordinates>138.482300,35.733354,-0.001000</coordinates>
</Point>
<ExtendedData>
	<Data name="IconNumber">
		<value>901001</value>
	</Data>
</ExtendedData>
</Placemark>
<Placemark>
<name>IX0018</name>
<TimeStamp><when>2026-08-02T08:10:57Z</when></TimeStamp>
<styleUrl>#route</styleUrl>
<Point>
<coordinates>138.482257,35.733221,-0.001000</coordinates>
</Point>
<ExtendedData>
	<Data name="IconNumber">
		<value>901001</value>
	</Data>
</ExtendedData>
</Placemark>
<Placemark>
<name>IX0019</name>
<TimeStamp><when>2026-08-02T08:11:07Z</when></TimeStamp>
<styleUrl>#route</styleUrl>
<Point>
<coordinates>138.482241,35.733144,-0.001000</coordinates>
</Point>
<ExtendedData>
	<Data name="IconNumber">
		<value>901001</value>
	</Data>
</ExtendedData>
</Placemark>
<Placemark>
<name>IX0020</name>
<TimeStamp><when>2026-08-02T08:11:17Z</when></TimeStamp>
<styleUrl>#route</styleUrl>
<Point>
<coordinates>138.482198,35.732989,-0.001000</coordinates>
</Point>
<ExtendedData>
	<Data name="IconNumber">
		<value>901001</value>
	</Data>
</ExtendedData>
</Placemark>
<Placemark>
<name>IX0021</name>
<TimeStamp><when>2026-08-02T08:11:27Z</when></TimeStamp>
<styleUrl>#route</styleUrl>
<Point>
<coordinates>138.482085,35.732590,-0.001000</coordinates>
</Point>
<ExtendedData>
	<Data name="IconNumber">
		<value>901001</value>
	</Data>
</ExtendedData>
</Placemark>
<Placemark>
<name>IX0022</name>
<TimeStamp><when>2026-08-02T08:11:37Z</when></TimeStamp>
<styleUrl>#route</styleUrl>
<Point>
<coordinates>138.481978,35.732140,-0.001000</coordinates>
</Point>
<ExtendedData>
	<Data name="IconNumber">
		<value>901001</value>
	</Data>
</ExtendedData>
</Placemark>
<Placemark>
<name>IX0023</name>
<TimeStamp><when>2026-08-02T08:11:47Z</when></TimeStamp>
<styleUrl>#route</styleUrl>
<Point>
<coordinates>138.481957,35.732054,-0.001000</coordinates>
</Point>
<ExtendedData>
	<Data name="IconNumber">
		<value>901001</value>
	</Data>
</ExtendedData>
</Placemark>
<Placemark>
<name>IX0024</name>
<TimeStamp><when>2026-08-02T08:11:57Z</when></TimeStamp>
<styleUrl>#route</styleUrl>
<Point>
<coordinates>138.481946,35.731985,-0.001000</coordinates>
</Point>
<ExtendedData>
	<Data name="IconNumber">
		<value>901001</value>
	</Data>
</ExtendedData>
</Placemark>
<Placemark>
<name>IX0025</name>
<TimeStamp><when>2026-08-02T08:12:07Z</when></TimeStamp>
<styleUrl>#route</styleUrl>
<Point>
<coordinates>138.481935,35.731852,-0.001000</coordinates>
</Point>
<ExtendedData>
	<Data name="IconNumber">
		<value>901001</value>
	</Data>
</ExtendedData>
</Placemark>
<Placemark>
<name>IX0026</name>
<TimeStamp><when>2026-08-02T08:12:17Z</when></TimeStamp>
<styleUrl>#route</styleUrl>
<Point>
<coordinates>138.481940,35.731771,-0.001000</coordinates>
</Point>
<ExtendedData>
	<Data name="IconNumber">
		<value>901001</value>
	</Data>
</ExtendedData>
</Placemark>
<Placemark>
<name>IX0027</name>
<TimeStamp><when>2026-08-02T08:12:27Z</when></TimeStamp>
<styleUrl>#route</styleUrl>
<Point>
<coordinates>138.481957,35.731685,-0.001000</coordinates>
</Point>
<ExtendedData>
	<Data name="IconNumber">
		<value>901001</value>
	</Data>
</ExtendedData>
</Placemark>
<Placemark>
<name>IX0028</name>
<TimeStamp><when>2026-08-02T08:12:37Z</when></TimeStamp>
<styleUrl>#route</styleUrl>
<Point>
<coordinates>138.481973,35.731620,-0.001000</coordinates>
</Point>
<ExtendedData>
	<Data name="IconNumber">
		<value>901001</value>
	</Data>
</ExtendedData>
</Placemark>
<Placemark>
<name>IX0029</name>
<TimeStamp><when>2026-08-02T08:12:47Z</when></TimeStamp>
<styleUrl>#route</styleUrl>
<Point>
<coordinates>138.481903,35.731457,-0.001000</coordinates>
</Point>
<ExtendedData>
	<Data name="IconNumber">
		<value>901001</value>
	</Data>
</ExtendedData>
</Placemark>
<Placemark>
<name>IX0030</name>
<TimeStamp><when>2026-08-02T08:12:57Z</when></TimeStamp>
<styleUrl>#route</styleUrl>
<Point>
<coordinates>138.481871,35.731397,-0.001000</coordinates>
</Point>
<ExtendedData>
	<Data name="IconNumber">
		<value>901001</value>
	</Data>
</ExtendedData>
</Placemark>
<Placemark>
<name>IX0031</name>
<TimeStamp><when>2026-08-02T08:13:07Z</when></TimeStamp>
<styleUrl>#route</styleUrl>
<Point>
<coordinates>138.481763,35.731127,-0.001000</coordinates>
</Point>
<ExtendedData>
	<Data name="IconNumber">
		<value>901001</value>
	</Data>
</ExtendedData>
</Placemark>
<Placemark>
<name>IX0032</name>
<TimeStamp><when>2026-08-02T08:13:17Z</when></TimeStamp>
<styleUrl>#route</styleUrl>
<Point>
<coordinates>138.481726,35.731054,-0.001000</coordinates>
</Point>
<ExtendedData>
	<Data name="IconNumber">
		<value>901001</value>
	</Data>
</ExtendedData>
</Placemark>
<Placemark>
<name>IX0033</name>
<TimeStamp><when>2026-08-02T08:13:27Z</when></TimeStamp>
<styleUrl>#route</styleUrl>
<Point>
<coordinates>138.481678,35.730990,-0.001000</coordinates>
</Point>
<ExtendedData>
	<Data name="IconNumber">
		<value>901001</value>
	</Data>
</ExtendedData>
</Placemark>
<Placemark>
<name>IX0034</name>
<TimeStamp><when>2026-08-02T08:13:37Z</when></TimeStamp>
<styleUrl>#route</styleUrl>
<Point>
<coordinates>138.481570,35.730895,-0.001000</coordinates>
</Point>
<ExtendedData>
	<Data name="IconNumber">
		<value>901001</value>
	</Data>
</ExtendedData>
</Placemark>
<Placemark>
<name>IX0035</name>
<TimeStamp><when>2026-08-02T08:13:47Z</when></TimeStamp>
<styleUrl>#route</styleUrl>
<Point>
<coordinates>138.481522,35.730839,-0.001000</coordinates>
</Point>
<ExtendedData>
	<Data name="IconNumber">
		<value>901001</value>
	</Data>
</ExtendedData>
</Placemark>
<Placemark>
<name>IX0036</name>
<TimeStamp><when>2026-08-02T08:13:57Z</when></TimeStamp>
<styleUrl>#route</styleUrl>
<Point>
<coordinates>138.481474,35.730762,-0.001000</coordinates>
</Point>
<ExtendedData>
	<Data name="IconNumber">
		<value>901001</value>
	</Data>
</ExtendedData>
</Placemark>
<Placemark>
<name>IX0037</name>
<TimeStamp><when>2026-08-02T08:14:07Z</when></TimeStamp>
<styleUrl>#route</styleUrl>
<Point>
<coordinates>138.481452,35.730711,-0.001000</coordinates>
</Point>
<ExtendedData>
	<Data name="IconNumber">
		<value>901001</value>
	</Data>
</ExtendedData>
</Placemark>
<Placemark>
<name>IX0038</name>
<TimeStamp><when>2026-08-02T08:14:17Z</when></TimeStamp>
<styleUrl>#route</styleUrl>
<Point>
<coordinates>138.481415,35.730590,-0.001000</coordinates>
</Point>
<ExtendedData>
	<Data name="IconNumber">
		<value>901001</value>
	</Data>
</ExtendedData>
</Placemark>
<Placemark>
<name>IX0039</name>
<TimeStamp><when>2026-08-02T08:14:27Z</when></TimeStamp>
<styleUrl>#route</styleUrl>
<Point>
<coordinates>138.481420,35.730522,-0.001000</coordinates>
</Point>
<ExtendedData>
	<Data name="IconNumber">
		<value>901001</value>
	</Data>
</ExtendedData>
</Placemark>
<Placemark>
<name>IX0040</name>
<TimeStamp><when>2026-08-02T08:14:37Z</when></TimeStamp>
<styleUrl>#route</styleUrl>
<Point>
<coordinates>138.481463,35.730286,-0.001000</coordinates>
</Point>
<ExtendedData>
	<Data name="IconNumber">
		<value>901001</value>
	</Data>
</ExtendedData>
</Placemark>
<Placemark>
<name>IX0041</name>
<TimeStamp><when>2026-08-02T08:14:47Z</when></TimeStamp>
<styleUrl>#route</styleUrl>
<Point>
<coordinates>138.481485,35.730144,-0.001000</coordinates>
</Point>
<ExtendedData>
	<Data name="IconNumber">
		<value>901001</value>
	</Data>
</ExtendedData>
</Placemark>
<Placemark>
<name>IX0042</name>
<TimeStamp><when>2026-08-02T08:14:57Z</when></TimeStamp>
<styleUrl>#route</styleUrl>
<Point>
<coordinates>138.481463,35.730058,-0.001000</coordinates>
</Point>
<ExtendedData>
	<Data name="IconNumber">
		<value>901001</value>
	</Data>
</ExtendedData>
</Placemark>
<Placemark>
<name>IX0043</name>
<TimeStamp><when>2026-08-02T08:15:07Z</when></TimeStamp>
<styleUrl>#route</styleUrl>
<Point>
<coordinates>138.481367,35.729681,-0.001000</coordinates>
</Point>
<ExtendedData>
	<Data name="IconNumber">
		<value>901001</value>
	</Data>
</ExtendedData>
</Placemark>
<Placemark>
<name>IX0044</name>
<TimeStamp><when>2026-08-02T08:15:17Z</when></TimeStamp>
<styleUrl>#route</styleUrl>
<Point>
<coordinates>138.481200,35.728977,-0.001000</coordinates>
</Point>
<ExtendedData>
	<Data name="IconNumber">
		<value>901001</value>
	</Data>
</ExtendedData>
</Placemark>
<Placemark>
<name>IX0045</name>
<TimeStamp><when>2026-08-02T08:15:27Z</when></TimeStamp>
<styleUrl>#route</styleUrl>
<Point>
<coordinates>138.481184,35.728900,-0.001000</coordinates>
</Point>
<ExtendedData>
	<Data name="IconNumber">
		<value>901001</value>
	</Data>
</ExtendedData>
</Placemark>
<Placemark>
<name>IX0046</name>
<TimeStamp><when>2026-08-02T08:15:37Z</when></TimeStamp>
<styleUrl>#route</styleUrl>
<Point>
<coordinates>138.481179,35.728822,-0.001000</coordinates>
</Point>
<ExtendedData>
	<Data name="IconNumber">
		<value>901001</value>
	</Data>
</ExtendedData>
</Placemark>
<Placemark>
<name>IX0047</name>
<TimeStamp><when>2026-08-02T08:15:47Z</when></TimeStamp>
<styleUrl>#route</styleUrl>
<Point>
<coordinates>138.481184,35.728711,-0.001000</coordinates>
</Point>
<ExtendedData>
	<Data name="IconNumber">
		<value>901001</value>
	</Data>
</ExtendedData>
</Placemark>
<Placemark>
<name>IX0048</name>
<TimeStamp><when>2026-08-02T08:15:57Z</when></TimeStamp>
<styleUrl>#route</styleUrl>
<Point>
<coordinates>138.481200,35.728642,-0.001000</coordinates>
</Point>
<ExtendedData>
	<Data name="IconNumber">
		<value>901001</value>
	</Data>
</ExtendedData>
</Placemark>
<Placemark>
<name>IX0049</name>
<TimeStamp><when>2026-08-02T08:16:07Z</when></TimeStamp>
<styleUrl>#route</styleUrl>
<Point>
<coordinates>138.481383,35.728316,-0.001000</coordinates>
</Point>
<ExtendedData>
	<Data name="IconNumber">
		<value>901001</value>
	</Data>
</ExtendedData>
</Placemark>
<Placemark>
<name>IX0050</name>
<TimeStamp><when>2026-08-02T08:16:17Z</when></TimeStamp>
<styleUrl>#route</styleUrl>
<Point>
<coordinates>138.481442,35.728170,-0.001000</coordinates>
</Point>
<ExtendedData>
	<Data name="IconNumber">
		<value>901001</value>
	</Data>
</ExtendedData>
</Placemark>
<Placemark>
<name>IX0051</name>
<TimeStamp><when>2026-08-02T08:16:27Z</when></TimeStamp>
<styleUrl>#route</styleUrl>
<Point>
<coordinates>138.481522,35.727895,-0.001000</coordinates>
</Point>
<ExtendedData>
	<Data name="IconNumber">
		<value>901001</value>
	</Data>
</ExtendedData>
</Placemark>
<Placemark>
<name>IX0052</name>
<TimeStamp><when>2026-08-02T08:16:37Z</when></TimeStamp>
<styleUrl>#route</styleUrl>
<Point>
<coordinates>138.481581,35.727724,-0.001000</coordinates>
</Point>
<ExtendedData>
	<Data name="IconNumber">
		<value>901001</value>
	</Data>
</ExtendedData>
</Placemark>
<Placemark>
<name>IX0053</name>
<TimeStamp><when>2026-08-02T08:16:47Z</when></TimeStamp>
<styleUrl>#route</styleUrl>
<Point>
<coordinates>138.481651,35.727612,-0.001000</coordinates>
</Point>
<ExtendedData>
	<Data name="IconNumber">
		<value>901001</value>
	</Data>
</ExtendedData>
</Placemark>
<Placemark>
<name>IX0054</name>
<TimeStamp><when>2026-08-02T08:16:57Z</when></TimeStamp>
<styleUrl>#route</styleUrl>
<Point>
<coordinates>138.481721,35.727535,-0.001000</coordinates>
</Point>
<ExtendedData>
	<Data name="IconNumber">
		<value>901001</value>
	</Data>
</ExtendedData>
</Placemark>
<Placemark>
<name>IX0055</name>
<TimeStamp><when>2026-08-02T08:17:07Z</when></TimeStamp>
<styleUrl>#route</styleUrl>
<Point>
<coordinates>138.481796,35.727466,-0.001000</coordinates>
</Point>
<ExtendedData>
	<Data name="IconNumber">
		<value>901001</value>
	</Data>
</ExtendedData>
</Placemark>
<Placemark>
<name>IX0056</name>
<TimeStamp><when>2026-08-02T08:17:17Z</when></TimeStamp>
<styleUrl>#route</styleUrl>
<Point>
<coordinates>138.482010,35.727286,-0.001000</coordinates>
</Point>
<ExtendedData>
	<Data name="IconNumber">
		<value>901001</value>
	</Data>
</ExtendedData>
</Placemark>
<Placemark>
<name>IX0057</name>
<TimeStamp><when>2026-08-02T08:17:27Z</when></TimeStamp>
<styleUrl>#route</styleUrl>
<Point>
<coordinates>138.482354,35.726930,-0.001000</coordinates>
</Point>
<ExtendedData>
	<Data name="IconNumber">
		<value>901001</value>
	</Data>
</ExtendedData>
</Placemark>
<Placemark>
<name>IX0058</name>
<TimeStamp><when>2026-08-02T08:17:37Z</when></TimeStamp>
<styleUrl>#route</styleUrl>
<Point>
<coordinates>138.482751,35.726522,-0.001000</coordinates>
</Point>
<ExtendedData>
	<Data name="IconNumber">
		<value>901001</value>
	</Data>
</ExtendedData>
</Placemark>
<Placemark>
<name>IX0059</name>
<TimeStamp><when>2026-08-02T08:17:47Z</when></TimeStamp>
<styleUrl>#route</styleUrl>
<Point>
<coordinates>138.482799,35.726428,-0.001000</coordinates>
</Point>
<ExtendedData>
	<Data name="IconNumber">
		<value>901001</value>
	</Data>
</ExtendedData>
</Placemark>
<Placemark>
<name>IX0060</name>
<TimeStamp><when>2026-08-02T08:17:57Z</when></TimeStamp>
<styleUrl>#route</styleUrl>
<Point>
<coordinates>138.482815,35.726372,-0.001000</coordinates>
</Point>
<ExtendedData>
	<Data name="IconNumber">
		<value>901001</value>
	</Data>
</ExtendedData>
</Placemark>
<Placemark>
<name>IX0061</name>
<TimeStamp><when>2026-08-02T08:18:07Z</when></TimeStamp>
<styleUrl>#route</styleUrl>
<Point>
<coordinates>138.482826,35.726273,-0.001000</coordinates>
</Point>
<ExtendedData>
	<Data name="IconNumber">
		<value>901001</value>
	</Data>
</ExtendedData>
</Placemark>
<Placemark>
<name>IX0062</name>
<TimeStamp><when>2026-08-02T08:18:17Z</when></TimeStamp>
<styleUrl>#route</styleUrl>
<Point>
<coordinates>138.482831,35.726101,-0.001000</coordinates>
</Point>
<ExtendedData>
	<Data name="IconNumber">
		<value>901001</value>
	</Data>
</ExtendedData>
</Placemark>
<Placemark>
<name>IX0063</name>
<TimeStamp><when>2026-08-02T08:18:27Z</when></TimeStamp>
<styleUrl>#route</styleUrl>
<Point>
<coordinates>138.482793,35.725805,-0.001000</coordinates>
</Point>
<ExtendedData>
	<Data name="IconNumber">
		<value>901001</value>
	</Data>
</ExtendedData>
</Placemark>
<Placemark>
<name>IX0064</name>
<TimeStamp><when>2026-08-02T08:18:37Z</when></TimeStamp>
<styleUrl>#route</styleUrl>
<Point>
<coordinates>138.482788,35.725681,-0.001000</coordinates>
</Point>
<ExtendedData>
	<Data name="IconNumber">
		<value>901001</value>
	</Data>
</ExtendedData>
</Placemark>
<Placemark>
<name>IX0065</name>
<TimeStamp><when>2026-08-02T08:18:47Z</when></TimeStamp>
<styleUrl>#route</styleUrl>
<Point>
<coordinates>138.482793,35.725625,-0.001000</coordinates>
</Point>
<ExtendedData>
	<Data name="IconNumber">
		<value>901001</value>
	</Data>
</ExtendedData>
</Placemark>
<Placemark>
<name>IX0066</name>
<TimeStamp><when>2026-08-02T08:18:57Z</when></TimeStamp>
<styleUrl>#route</styleUrl>
<Point>
<coordinates>138.482826,35.725556,-0.001000</coordinates>
</Point>
<ExtendedData>
	<Data name="IconNumber">
		<value>901001</value>
	</Data>
</ExtendedData>
</Placemark>
<Placemark>
<name>IX0067</name>
<TimeStamp><when>2026-08-02T08:19:07Z</when></TimeStamp>
<styleUrl>#route</styleUrl>
<Point>
<coordinates>138.482895,35.725458,-0.001000</coordinates>
</Point>
<ExtendedData>
	<Data name="IconNumber">
		<value>901001</value>
	</Data>
</ExtendedData>
</Placemark>
<Placemark>
<name>IX0068</name>
<TimeStamp><when>2026-08-02T08:19:17Z</when></TimeStamp>
<styleUrl>#route</styleUrl>
<Point>
<coordinates>138.482965,35.725389,-0.001000</coordinates>
</Point>
<ExtendedData>
	<Data name="IconNumber">
		<value>901001</value>
	</Data>
</ExtendedData>
</Placemark>
<Placemark>
<name>IX0069</name>
<TimeStamp><when>2026-08-02T08:19:27Z</when></TimeStamp>
<styleUrl>#route</styleUrl>
<Point>
<coordinates>138.483389,35.725097,-0.001000</coordinates>
</Point>
<ExtendedData>
	<Data name="IconNumber">
		<value>901001</value>
	</Data>
</ExtendedData>
</Placemark>
<Placemark>
<name>IX0070</name>
<TimeStamp><when>2026-08-02T08:19:37Z</when></TimeStamp>
<styleUrl>#route</styleUrl>
<Point>
<coordinates>138.483566,35.724956,-0.001000</coordinates>
</Point>
<ExtendedData>
	<Data name="IconNumber">
		<value>901001</value>
	</Data>
</ExtendedData>
</Placemark>
<Placemark>
<name>IX0071</name>
<TimeStamp><when>2026-08-02T08:19:47Z</when></TimeStamp>
<styleUrl>#route</styleUrl>
<Point>
<coordinates>138.483636,35.724887,-0.001000</coordinates>
</Point>
<ExtendedData>
	<Data name="IconNumber">
		<value>901001</value>
	</Data>
</ExtendedData>
</Placemark>
<Placemark>
<name>IX0072</name>
<TimeStamp><when>2026-08-02T08:19:57Z</when></TimeStamp>
<styleUrl>#route</styleUrl>
<Point>
<coordinates>138.483689,35.724840,-0.001000</coordinates>
</Point>
<ExtendedData>
	<Data name="IconNumber">
		<value>901001</value>
	</Data>
</ExtendedData>
</Placemark>
<Placemark>
<name>IX0073</name>
<TimeStamp><when>2026-08-02T08:20:07Z</when></TimeStamp>
<styleUrl>#route</styleUrl>
<Point>
<coordinates>138.483904,35.724587,-0.001000</coordinates>
</Point>
<ExtendedData>
	<Data name="IconNumber">
		<value>901001</value>
	</Data>
</ExtendedData>
</Placemark>
<Placemark>
<name>IX0074</name>
<TimeStamp><when>2026-08-02T08:20:17Z</when></TimeStamp>
<styleUrl>#route</styleUrl>
<Point>
<coordinates>138.484006,35.724458,-0.001000</coordinates>
</Point>
<ExtendedData>
	<Data name="IconNumber">
		<value>901001</value>
	</Data>
</ExtendedData>
</Placemark>
<Placemark>
<name>IX0075</name>
<TimeStamp><when>2026-08-02T08:20:27Z</when></TimeStamp>
<styleUrl>#route</styleUrl>
<Point>
<coordinates>138.484236,35.724175,-0.001000</coordinates>
</Point>
<ExtendedData>
	<Data name="IconNumber">
		<value>901001</value>
	</Data>
</ExtendedData>
</Placemark>
<Placemark>
<name>IX0076</name>
<TimeStamp><when>2026-08-02T08:20:37Z</when></TimeStamp>
<styleUrl>#route</styleUrl>
<Point>
<coordinates>138.484290,35.724089,-0.001000</coordinates>
</Point>
<ExtendedData>
	<Data name="IconNumber">
		<value>901001</value>
	</Data>
</ExtendedData>
</Placemark>
<Placemark>
<name>IX0077</name>
<TimeStamp><when>2026-08-02T08:20:47Z</when></TimeStamp>
<styleUrl>#route</styleUrl>
<Point>
<coordinates>138.484328,35.723951,-0.001000</coordinates>
</Point>
<ExtendedData>
	<Data name="IconNumber">
		<value>901001</value>
	</Data>
</ExtendedData>
</Placemark>
<Placemark>
<name>IX0078</name>
<TimeStamp><when>2026-08-02T08:20:57Z</when></TimeStamp>
<styleUrl>#route</styleUrl>
<Point>
<coordinates>138.484338,35.723874,-0.001000</coordinates>
</Point>
<ExtendedData>
	<Data name="IconNumber">
		<value>901001</value>
	</Data>
</ExtendedData>
</Placemark>
<Placemark>
<name>IX0079</name>
<TimeStamp><when>2026-08-02T08:21:07Z</when></TimeStamp>
<styleUrl>#route</styleUrl>
<Point>
<coordinates>138.484338,35.723728,-0.001000</coordinates>
</Point>
<ExtendedData>
	<Data name="IconNumber">
		<value>901001</value>
	</Data>
</ExtendedData>
</Placemark>
<Placemark>
<name>IX0080</name>
<TimeStamp><when>2026-08-02T08:21:17Z</when></TimeStamp>
<styleUrl>#route</styleUrl>
<Point>
<coordinates>138.484333,35.723608,-0.001000</coordinates>
</Point>
<ExtendedData>
	<Data name="IconNumber">
		<value>901001</value>
	</Data>
</ExtendedData>
</Placemark>
<Placemark>
<name>IX0081</name>
<TimeStamp><when>2026-08-02T08:21:27Z</when></TimeStamp>
<styleUrl>#route</styleUrl>
<Point>
<coordinates>138.484328,35.723496,-0.001000</coordinates>
</Point>
<ExtendedData>
	<Data name="IconNumber">
		<value>901001</value>
	</Data>
</ExtendedData>
</Placemark>
<Placemark>
<name>IX0082</name>
<TimeStamp><when>2026-08-02T08:21:37Z</when></TimeStamp>
<styleUrl>#route</styleUrl>
<Point>
<coordinates>138.484312,35.723385,-0.001000</coordinates>
</Point>
<ExtendedData>
	<Data name="IconNumber">
		<value>901001</value>
	</Data>
</ExtendedData>
</Placemark>
<Placemark>
<name>IX0083</name>
<TimeStamp><when>2026-08-02T08:21:47Z</when></TimeStamp>
<styleUrl>#route</styleUrl>
<Point>
<coordinates>138.484290,35.723286,-0.001000</coordinates>
</Point>
<ExtendedData>
	<Data name="IconNumber">
		<value>901001</value>
	</Data>
</ExtendedData>
</Placemark>
<Placemark>
<name>IX0084</name>
<TimeStamp><when>2026-08-02T08:21:57Z</when></TimeStamp>
<styleUrl>#route</styleUrl>
<Point>
<coordinates>138.483990,35.722514,-0.001000</coordinates>
</Point>
<ExtendedData>
	<Data name="IconNumber">
		<value>901001</value>
	</Data>
</ExtendedData>
</Placemark>
<Placemark>
<name>IX0085</name>
<TimeStamp><when>2026-08-02T08:22:07Z</when></TimeStamp>
<styleUrl>#route</styleUrl>
<Point>
<coordinates>138.483915,35.722286,-0.001000</coordinates>
</Point>
<ExtendedData>
	<Data name="IconNumber">
		<value>901001</value>
	</Data>
</ExtendedData>
</Placemark>
<Placemark>
<name>IX0086</name>
<TimeStamp><when>2026-08-02T08:22:17Z</when></TimeStamp>
<styleUrl>#route</styleUrl>
<Point>
<coordinates>138.483764,35.721784,-0.001000</coordinates>
</Point>
<ExtendedData>
	<Data name="IconNumber">
		<value>901001</value>
	</Data>
</ExtendedData>
</Placemark>
<Placemark>
<name>IX0087</name>
<TimeStamp><when>2026-08-02T08:22:27Z</when></TimeStamp>
<styleUrl>#route</styleUrl>
<Point>
<coordinates>138.483689,35.721505,-0.001000</coordinates>
</Point>
<ExtendedData>
	<Data name="IconNumber">
		<value>901001</value>
	</Data>
</ExtendedData>
</Placemark>
<Placemark>
<name>IX0088</name>
<TimeStamp><when>2026-08-02T08:22:37Z</when></TimeStamp>
<styleUrl>#route</styleUrl>
<Point>
<coordinates>138.483625,35.721231,-0.001000</coordinates>
</Point>
<ExtendedData>
	<Data name="IconNumber">
		<value>901001</value>
	</Data>
</ExtendedData>
</Placemark>
<Placemark>
<name>IX0089</name>
<TimeStamp><when>2026-08-02T08:22:47Z</when></TimeStamp>
<styleUrl>#route</styleUrl>
<Point>
<coordinates>138.483443,35.720462,-0.001000</coordinates>
</Point>
<ExtendedData>
	<Data name="IconNumber">
		<value>901001</value>
	</Data>
</ExtendedData>
</Placemark>
<Placemark>
<name>IX0090</name>
<TimeStamp><when>2026-08-02T08:22:57Z</when></TimeStamp>
<styleUrl>#route</styleUrl>
<Point>
<coordinates>138.483341,35.719999,-0.001000</coordinates>
</Point>
<ExtendedData>
	<Data name="IconNumber">
		<value>901001</value>
	</Data>
</ExtendedData>
</Placemark>
<Placemark>
<name>IX0091</name>
<TimeStamp><when>2026-08-02T08:23:07Z</when></TimeStamp>
<styleUrl>#route</styleUrl>
<Point>
<coordinates>138.483325,35.719737,-0.001000</coordinates>
</Point>
<ExtendedData>
	<Data name="IconNumber">
		<value>901001</value>
	</Data>
</ExtendedData>
</Placemark>
<Placemark>
<name>IX0092</name>
<TimeStamp><when>2026-08-02T08:23:17Z</when></TimeStamp>
<styleUrl>#route</styleUrl>
<Point>
<coordinates>138.483282,35.719527,-0.001000</coordinates>
</Point>
<ExtendedData>
	<Data name="IconNumber">
		<value>901001</value>
	</Data>
</ExtendedData>
</Placemark>
<Placemark>
<name>IX0093</name>
<TimeStamp><when>2026-08-02T08:23:27Z</when></TimeStamp>
<styleUrl>#route</styleUrl>
<Point>
<coordinates>138.483249,35.719437,-0.001000</coordinates>
</Point>
<ExtendedData>
	<Data name="IconNumber">
		<value>901001</value>
	</Data>
</ExtendedData>
</Placemark>
<Placemark>
<name>IX0094</name>
<TimeStamp><when>2026-08-02T08:23:37Z</when></TimeStamp>
<styleUrl>#route</styleUrl>
<Point>
<coordinates>138.483217,35.719355,-0.001000</coordinates>
</Point>
<ExtendedData>
	<Data name="IconNumber">
		<value>901001</value>
	</Data>
</ExtendedData>
</Placemark>
<Placemark>
<name>IX0095</name>
<TimeStamp><when>2026-08-02T08:23:47Z</when></TimeStamp>
<styleUrl>#route</styleUrl>
<Point>
<coordinates>138.483190,35.719282,-0.001000</coordinates>
</Point>
<ExtendedData>
	<Data name="IconNumber">
		<value>901001</value>
	</Data>
</ExtendedData>
</Placemark>
<Placemark>
<name>IX0096</name>
<TimeStamp><when>2026-08-02T08:23:57Z</when></TimeStamp>
<styleUrl>#route</styleUrl>
<Point>
<coordinates>138.483180,35.719218,-0.001000</coordinates>
</Point>
<ExtendedData>
	<Data name="IconNumber">
		<value>901001</value>
	</Data>
</ExtendedData>
</Placemark>
<Placemark>
<name>IX0097</name>
<TimeStamp><when>2026-08-02T08:24:07Z</when></TimeStamp>
<styleUrl>#route</styleUrl>
<Point>
<coordinates>138.483185,35.719132,-0.001000</coordinates>
</Point>
<ExtendedData>
	<Data name="IconNumber">
		<value>901001</value>
	</Data>
</ExtendedData>
</Placemark>
<Placemark>
<name>IX0098</name>
<TimeStamp><when>2026-08-02T08:24:17Z</when></TimeStamp>
<styleUrl>#route</styleUrl>
<Point>
<coordinates>138.483249,35.718866,-0.001000</coordinates>
</Point>
<ExtendedData>
	<Data name="IconNumber">
		<value>901001</value>
	</Data>
</ExtendedData>
</Placemark>
<Placemark>
<name>IX0099</name>
<TimeStamp><when>2026-08-02T08:24:27Z</when></TimeStamp>
<styleUrl>#route</styleUrl>
<Point>
<coordinates>138.483260,35.718793,-0.001000</coordinates>
</Point>
<ExtendedData>
	<Data name="IconNumber">
		<value>901001</value>
	</Data>
</ExtendedData>
</Placemark>
<Placemark>
<name>IX0100</name>
<TimeStamp><when>2026-08-02T08:24:37Z</when></TimeStamp>
<styleUrl>#route</styleUrl>
<Point>
<coordinates>138.483266,35.718690,-0.001000</coordinates>
</Point>
<ExtendedData>
	<Data name="IconNumber">
		<value>901001</value>
	</Data>
</ExtendedData>
</Placemark>
<Placemark>
<name>IX0101</name>
<TimeStamp><when>2026-08-02T08:24:47Z</when></TimeStamp>
<styleUrl>#route</styleUrl>
<Point>
<coordinates>138.483266,35.718518,-0.001000</coordinates>
</Point>
<ExtendedData>
	<Data name="IconNumber">
		<value>901001</value>
	</Data>
</ExtendedData>
</Placemark>
<Placemark>
<name>IX0102</name>
<TimeStamp><when>2026-08-02T08:24:57Z</when></TimeStamp>
<styleUrl>#route</styleUrl>
<Point>
<coordinates>138.483212,35.717523,-0.001000</coordinates>
</Point>
<ExtendedData>
	<Data name="IconNumber">
		<value>901001</value>
	</Data>
</ExtendedData>
</Placemark>
<Placemark>
<name>IX0103</name>
<TimeStamp><when>2026-08-02T08:25:07Z</when></TimeStamp>
<styleUrl>#route</styleUrl>
<Point>
<coordinates>138.483196,35.717342,-0.001000</coordinates>
</Point>
<ExtendedData>
	<Data name="IconNumber">
		<value>901001</value>
	</Data>
</ExtendedData>
</Placemark>
<Placemark>
<name>IX0104</name>
<TimeStamp><when>2026-08-02T08:25:17Z</when></TimeStamp>
<styleUrl>#route</styleUrl>
<Point>
<coordinates>138.483164,35.717162,-0.001000</coordinates>
</Point>
<ExtendedData>
	<Data name="IconNumber">
		<value>901001</value>
	</Data>
</ExtendedData>
</Placemark>
<Placemark>
<name>IX0105</name>
<TimeStamp><when>2026-08-02T08:25:27Z</when></TimeStamp>
<styleUrl>#route</styleUrl>
<Point>
<coordinates>138.483131,35.717033,-0.001000</coordinates>
</Point>
<ExtendedData>
	<Data name="IconNumber">
		<value>901001</value>
	</Data>
</ExtendedData>
</Placemark>
<Placemark>
<name>IX0106</name>
<TimeStamp><when>2026-08-02T08:25:37Z</when></TimeStamp>
<styleUrl>#route</styleUrl>
<Point>
<coordinates>138.483099,35.716939,-0.001000</coordinates>
</Point>
<ExtendedData>
	<Data name="IconNumber">
		<value>901001</value>
	</Data>
</ExtendedData>
</Placemark>
<Placemark>
<name>IX0107</name>
<TimeStamp><when>2026-08-02T08:25:47Z</when></TimeStamp>
<styleUrl>#route</styleUrl>
<Point>
<coordinates>138.483067,35.716857,-0.001000</coordinates>
</Point>
<ExtendedData>
	<Data name="IconNumber">
		<value>901001</value>
	</Data>
</ExtendedData>
</Placemark>
<Placemark>
<name>IX0108</name>
<TimeStamp><when>2026-08-02T08:25:57Z</when></TimeStamp>
<styleUrl>#route</styleUrl>
<Point>
<coordinates>138.483013,35.716759,-0.001000</coordinates>
</Point>
<ExtendedData>
	<Data name="IconNumber">
		<value>901001</value>
	</Data>
</ExtendedData>
</Placemark>
<Placemark>
<name>IX0109</name>
<TimeStamp><when>2026-08-02T08:26:07Z</when></TimeStamp>
<styleUrl>#route</styleUrl>
<Point>
<coordinates>138.482960,35.716677,-0.001000</coordinates>
</Point>
<ExtendedData>
	<Data name="IconNumber">
		<value>901001</value>
	</Data>
</ExtendedData>
</Placemark>
<Placemark>
<name>IX0110</name>
<TimeStamp><when>2026-08-02T08:26:17Z</when></TimeStamp>
<styleUrl>#route</styleUrl>
<Point>
<coordinates>138.482665,35.716347,-0.001000</coordinates>
</Point>
<ExtendedData>
	<Data name="IconNumber">
		<value>901001</value>
	</Data>
</ExtendedData>
</Placemark>
<Placemark>
<name>IX0111</name>
<TimeStamp><when>2026-08-02T08:26:27Z</when></TimeStamp>
<styleUrl>#route</styleUrl>
<Point>
<coordinates>138.482606,35.716265,-0.001000</coordinates>
</Point>
<ExtendedData>
	<Data name="IconNumber">
		<value>901001</value>
	</Data>
</ExtendedData>
</Placemark>
<Placemark>
<name>IX0112</name>
<TimeStamp><when>2026-08-02T08:26:37Z</when></TimeStamp>
<styleUrl>#route</styleUrl>
<Point>
<coordinates>138.482573,35.716179,-0.001000</coordinates>
</Point>
<ExtendedData>
	<Data name="IconNumber">
		<value>901001</value>
	</Data>
</ExtendedData>
</Placemark>
<Placemark>
<name>IX0113</name>
<TimeStamp><when>2026-08-02T08:26:47Z</when></TimeStamp>
<styleUrl>#route</styleUrl>
<Point>
<coordinates>138.482563,35.716021,-0.001000</coordinates>
</Point>
<ExtendedData>
	<Data name="IconNumber">
		<value>901001</value>
	</Data>
</ExtendedData>
</Placemark>
<Placemark>
<name>IX0114</name>
<TimeStamp><when>2026-08-02T08:26:57Z</when></TimeStamp>
<styleUrl>#route</styleUrl>
<Point>
<coordinates>138.482643,35.715922,-0.001000</coordinates>
</Point>
<ExtendedData>
	<Data name="IconNumber">
		<value>901001</value>
	</Data>
</ExtendedData>
</Placemark>
<Placemark>
<name>IX0115</name>
<TimeStamp><when>2026-08-02T08:27:07Z</when></TimeStamp>
<styleUrl>#route</styleUrl>
<Point>
<coordinates>138.482944,35.715287,-0.001000</coordinates>
</Point>
<ExtendedData>
	<Data name="IconNumber">
		<value>901001</value>
	</Data>
</ExtendedData>
</Placemark>
<Placemark>
<name>IX0116</name>
<TimeStamp><when>2026-08-02T08:27:17Z</when></TimeStamp>
<styleUrl>#route</styleUrl>
<Point>
<coordinates>138.482954,35.715235,-0.001000</coordinates>
</Point>
<ExtendedData>
	<Data name="IconNumber">
		<value>901001</value>
	</Data>
</ExtendedData>
</Placemark>
<Placemark>
<name>IX0117</name>
<TimeStamp><when>2026-08-02T08:27:27Z</when></TimeStamp>
<styleUrl>#route</styleUrl>
<Point>
<coordinates>138.482933,35.715051,-0.001000</coordinates>
</Point>
<ExtendedData>
	<Data name="IconNumber">
		<value>901001</value>
	</Data>
</ExtendedData>
</Placemark>
<Placemark>
<name>IX0118</name>
<TimeStamp><when>2026-08-02T08:27:37Z</when></TimeStamp>
<styleUrl>#route</styleUrl>
<Point>
<coordinates>138.482928,35.714961,-0.001000</coordinates>
</Point>
<ExtendedData>
	<Data name="IconNumber">
		<value>901001</value>
	</Data>
</ExtendedData>
</Placemark>
<Placemark>
<name>IX0119</name>
<TimeStamp><when>2026-08-02T08:27:47Z</when></TimeStamp>
<styleUrl>#route</styleUrl>
<Point>
<coordinates>138.482938,35.714338,-0.001000</coordinates>
</Point>
<ExtendedData>
	<Data name="IconNumber">
		<value>901001</value>
	</Data>
</ExtendedData>
</Placemark>
<Placemark>
<name>IX0120</name>
<TimeStamp><when>2026-08-02T08:27:57Z</when></TimeStamp>
<styleUrl>#route</styleUrl>
<Point>
<coordinates>138.482954,35.714141,-0.001000</coordinates>
</Point>
<ExtendedData>
	<Data name="IconNumber">
		<value>901001</value>
	</Data>
</ExtendedData>
</Placemark>
<Placemark>
<name>IX0121</name>
<TimeStamp><when>2026-08-02T08:28:07Z</when></TimeStamp>
<styleUrl>#route</styleUrl>
<Point>
<coordinates>138.483019,35.714016,-0.001000</coordinates>
</Point>
<ExtendedData>
	<Data name="IconNumber">
		<value>901001</value>
	</Data>
</ExtendedData>
</Placemark>
<Placemark>
<name>IX0122</name>
<TimeStamp><when>2026-08-02T08:28:17Z</when></TimeStamp>
<styleUrl>#route</styleUrl>
<Point>
<coordinates>138.483105,35.713905,-0.001000</coordinates>
</Point>
<ExtendedData>
	<Data name="IconNumber">
		<value>901001</value>
	</Data>
</ExtendedData>
</Placemark>
<Placemark>
<name>IX0123</name>
<TimeStamp><when>2026-08-02T08:28:27Z</when></TimeStamp>
<styleUrl>#route</styleUrl>
<Point>
<coordinates>138.483276,35.713622,-0.001000</coordinates>
</Point>
<ExtendedData>
	<Data name="IconNumber">
		<value>901001</value>
	</Data>
</ExtendedData>
</Placemark>
<Placemark>
<name>IX0124</name>
<TimeStamp><when>2026-08-02T08:28:37Z</when></TimeStamp>
<styleUrl>#route</styleUrl>
<Point>
<coordinates>138.483378,35.713471,-0.001000</coordinates>
</Point>
<ExtendedData>
	<Data name="IconNumber">
		<value>901001</value>
	</Data>
</ExtendedData>
</Placemark>
<Placemark>
<name>IX0125</name>
<TimeStamp><when>2026-08-02T08:28:47Z</when></TimeStamp>
<styleUrl>#route</styleUrl>
<Point>
<coordinates>138.483410,35.713407,-0.001000</coordinates>
</Point>
<ExtendedData>
	<Data name="IconNumber">
		<value>901001</value>
	</Data>
</ExtendedData>
</Placemark>
<Placemark>
<name>IX0126</name>
<TimeStamp><when>2026-08-02T08:28:57Z</when></TimeStamp>
<styleUrl>#route</styleUrl>
<Point>
<coordinates>138.483416,35.713330,-0.001000</coordinates>
</Point>
<ExtendedData>
	<Data name="IconNumber">
		<value>901001</value>
	</Data>
</ExtendedData>
</Placemark>
<Placemark>
<name>IX0127</name>
<TimeStamp><when>2026-08-02T08:29:07Z</when></TimeStamp>
<styleUrl>#route</styleUrl>
<Point>
<coordinates>138.483416,35.713265,-0.001000</coordinates>
</Point>
<ExtendedData>
	<Data name="IconNumber">
		<value>901001</value>
	</Data>
</ExtendedData>
</Placemark>
<Placemark>
<name>IX0128</name>
<TimeStamp><when>2026-08-02T08:29:17Z</when></TimeStamp>
<styleUrl>#route</styleUrl>
<Point>
<coordinates>138.483373,35.713141,-0.001000</coordinates>
</Point>
<ExtendedData>
	<Data name="IconNumber">
		<value>901001</value>
	</Data>
</ExtendedData>
</Placemark>
<Placemark>
<name>IX0129</name>
<TimeStamp><when>2026-08-02T08:29:27Z</when></TimeStamp>
<styleUrl>#route</styleUrl>
<Point>
<coordinates>138.483319,35.713029,-0.001000</coordinates>
</Point>
<ExtendedData>
	<Data name="IconNumber">
		<value>901001</value>
	</Data>
</ExtendedData>
</Placemark>
<Placemark>
<name>IX0130</name>
<TimeStamp><when>2026-08-02T08:29:37Z</when></TimeStamp>
<styleUrl>#route</styleUrl>
<Point>
<coordinates>138.483260,35.712926,-0.001000</coordinates>
</Point>
<ExtendedData>
	<Data name="IconNumber">
		<value>901001</value>
	</Data>
</ExtendedData>
</Placemark>
<Placemark>
<name>IX0131</name>
<TimeStamp><when>2026-08-02T08:29:47Z</when></TimeStamp>
<styleUrl>#route</styleUrl>
<Point>
<coordinates>138.483137,35.712750,-0.001000</coordinates>
</Point>
<ExtendedData>
	<Data name="IconNumber">
		<value>901001</value>
	</Data>
</ExtendedData>
</Placemark>
<Placemark>
<name>IX0132</name>
<TimeStamp><when>2026-08-02T08:29:57Z</when></TimeStamp>
<styleUrl>#route</styleUrl>
<Point>
<coordinates>138.483051,35.712678,-0.001000</coordinates>
</Point>
<ExtendedData>
	<Data name="IconNumber">
		<value>901001</value>
	</Data>
</ExtendedData>
</Placemark>
<Placemark>
<name>IX0133</name>
<TimeStamp><when>2026-08-02T08:30:07Z</when></TimeStamp>
<styleUrl>#route</styleUrl>
<Point>
<coordinates>138.482799,35.712549,-0.001000</coordinates>
</Point>
<ExtendedData>
	<Data name="IconNumber">
		<value>901001</value>
	</Data>
</ExtendedData>
</Placemark>
<Placemark>
<name>IX0134</name>
<TimeStamp><when>2026-08-02T08:30:17Z</when></TimeStamp>
<styleUrl>#route</styleUrl>
<Point>
<coordinates>138.482708,35.712506,-0.001000</coordinates>
</Point>
<ExtendedData>
	<Data name="IconNumber">
		<value>901001</value>
	</Data>
</ExtendedData>
</Placemark>
<Placemark>
<name>IX0135</name>
<TimeStamp><when>2026-08-02T08:30:27Z</when></TimeStamp>
<styleUrl>#route</styleUrl>
<Point>
<coordinates>138.482654,35.712467,-0.001000</coordinates>
</Point>
<ExtendedData>
	<Data name="IconNumber">
		<value>901001</value>
	</Data>
</ExtendedData>
</Placemark>
<Placemark>
<name>IX0136</name>
<TimeStamp><when>2026-08-02T08:30:37Z</when></TimeStamp>
<styleUrl>#route</styleUrl>
<Point>
<coordinates>138.482616,35.712407,-0.001000</coordinates>
</Point>
<ExtendedData>
	<Data name="IconNumber">
		<value>901001</value>
	</Data>
</ExtendedData>
</Placemark>
<Placemark>
<name>IX0137</name>
<TimeStamp><when>2026-08-02T08:30:47Z</when></TimeStamp>
<styleUrl>#route</styleUrl>
<Point>
<coordinates>138.482611,35.712360,-0.001000</coordinates>
</Point>
<ExtendedData>
	<Data name="IconNumber">
		<value>901001</value>
	</Data>
</ExtendedData>
</Placemark>
<Placemark>
<name>IX0138</name>
<TimeStamp><when>2026-08-02T08:30:57Z</when></TimeStamp>
<styleUrl>#route</styleUrl>
<Point>
<coordinates>138.482643,35.712317,-0.001000</coordinates>
</Point>
<ExtendedData>
	<Data name="IconNumber">
		<value>901001</value>
	</Data>
</ExtendedData>
</Placemark>
<Placemark>
<name>IX0139</name>
<TimeStamp><when>2026-08-02T08:31:07Z</when></TimeStamp>
<styleUrl>#route</styleUrl>
<Point>
<coordinates>138.482697,35.712283,-0.001000</coordinates>
</Point>
<ExtendedData>
	<Data name="IconNumber">
		<value>901001</value>
	</Data>
</ExtendedData>
</Placemark>
<Placemark>
<name>IX0140</name>
<TimeStamp><when>2026-08-02T08:31:17Z</when></TimeStamp>
<styleUrl>#route</styleUrl>
<Point>
<coordinates>138.482745,35.712266,-0.001000</coordinates>
</Point>
<ExtendedData>
	<Data name="IconNumber">
		<value>901001</value>
	</Data>
</ExtendedData>
</Placemark>
<Placemark>
<name>IX0141</name>
<TimeStamp><when>2026-08-02T08:31:27Z</when></TimeStamp>
<styleUrl>#route</styleUrl>
<Point>
<coordinates>138.482810,35.712274,-0.001000</coordinates>
</Point>
<ExtendedData>
	<Data name="IconNumber">
		<value>901001</value>
	</Data>
</ExtendedData>
</Placemark>
<Placemark>
<name>IX0142</name>
<TimeStamp><when>2026-08-02T08:31:37Z</when></TimeStamp>
<styleUrl>#route</styleUrl>
<Point>
<coordinates>138.482901,35.712308,-0.001000</coordinates>
</Point>
<ExtendedData>
	<Data name="IconNumber">
		<value>901001</value>
	</Data>
</ExtendedData>
</Placemark>
<Placemark>
<name>IX0143</name>
<TimeStamp><when>2026-08-02T08:31:47Z</when></TimeStamp>
<styleUrl>#route</styleUrl>
<Point>
<coordinates>138.482965,35.712364,-0.001000</coordinates>
</Point>
<ExtendedData>
	<Data name="IconNumber">
		<value>901001</value>
	</Data>
</ExtendedData>
</Placemark>
<Placemark>
<name>IX0144</name>
<TimeStamp><when>2026-08-02T08:31:57Z</when></TimeStamp>
<styleUrl>#route</styleUrl>
<Point>
<coordinates>138.483035,35.712403,-0.001000</coordinates>
</Point>
<ExtendedData>
	<Data name="IconNumber">
		<value>901001</value>
	</Data>
</ExtendedData>
</Placemark>
<Placemark>
<name>IX0145</name>
<TimeStamp><when>2026-08-02T08:32:07Z</when></TimeStamp>
<styleUrl>#route</styleUrl>
<Point>
<coordinates>138.483147,35.712441,-0.001000</coordinates>
</Point>
<ExtendedData>
	<Data name="IconNumber">
		<value>901001</value>
	</Data>
</ExtendedData>
</Placemark>
<Placemark>
<name>IX0146</name>
<TimeStamp><when>2026-08-02T08:32:17Z</when></TimeStamp>
<styleUrl>#route</styleUrl>
<Point>
<coordinates>138.483292,35.712497,-0.001000</coordinates>
</Point>
<ExtendedData>
	<Data name="IconNumber">
		<value>901001</value>
	</Data>
</ExtendedData>
</Placemark>
<Placemark>
<name>IX0147</name>
<TimeStamp><when>2026-08-02T08:32:27Z</when></TimeStamp>
<styleUrl>#route</styleUrl>
<Point>
<coordinates>138.483394,35.712536,-0.001000</coordinates>
</Point>
<ExtendedData>
	<Data name="IconNumber">
		<value>901001</value>
	</Data>
</ExtendedData>
</Placemark>
<Placemark>
<name>IX0148</name>
<TimeStamp><when>2026-08-02T08:32:37Z</when></TimeStamp>
<styleUrl>#route</styleUrl>
<Point>
<coordinates>138.483528,35.712600,-0.001000</coordinates>
</Point>
<ExtendedData>
	<Data name="IconNumber">
		<value>901001</value>
	</Data>
</ExtendedData>
</Placemark>
<Placemark>
<name>IX0149</name>
<TimeStamp><when>2026-08-02T08:32:47Z</when></TimeStamp>
<styleUrl>#route</styleUrl>
<Point>
<coordinates>138.484623,35.713231,-0.001000</coordinates>
</Point>
<ExtendedData>
	<Data name="IconNumber">
		<value>901001</value>
	</Data>
</ExtendedData>
</Placemark>
<Placemark>
<name>IX0150</name>
<TimeStamp><when>2026-08-02T08:32:57Z</when></TimeStamp>
<styleUrl>#route</styleUrl>
<Point>
<coordinates>138.484741,35.713287,-0.001000</coordinates>
</Point>
<ExtendedData>
	<Data name="IconNumber">
		<value>901001</value>
	</Data>
</ExtendedData>
</Placemark>
<Placemark>
<name>IX0151</name>
<TimeStamp><when>2026-08-02T08:33:07Z</when></TimeStamp>
<styleUrl>#route</styleUrl>
<Point>
<coordinates>138.484843,35.713334,-0.001000</coordinates>
</Point>
<ExtendedData>
	<Data name="IconNumber">
		<value>901001</value>
	</Data>
</ExtendedData>
</Placemark>
<Placemark>
<name>IX0152</name>
<TimeStamp><when>2026-08-02T08:33:17Z</when></TimeStamp>
<styleUrl>#route</styleUrl>
<Point>
<coordinates>138.484918,35.713347,-0.001000</coordinates>
</Point>
<ExtendedData>
	<Data name="IconNumber">
		<value>901001</value>
	</Data>
</ExtendedData>
</Placemark>
<Placemark>
<name>IX0153</name>
<TimeStamp><when>2026-08-02T08:33:27Z</when></TimeStamp>
<styleUrl>#route</styleUrl>
<Point>
<coordinates>138.484987,35.713338,-0.001000</coordinates>
</Point>
<ExtendedData>
	<Data name="IconNumber">
		<value>901001</value>
	</Data>
</ExtendedData>
</Placemark>
<Placemark>
<name>IX0154</name>
<TimeStamp><when>2026-08-02T08:33:37Z</when></TimeStamp>
<styleUrl>#route</styleUrl>
<Point>
<coordinates>138.485046,35.713304,-0.001000</coordinates>
</Point>
<ExtendedData>
	<Data name="IconNumber">
		<value>901001</value>
	</Data>
</ExtendedData>
</Placemark>
<Placemark>
<name>IX0155</name>
<TimeStamp><when>2026-08-02T08:33:47Z</when></TimeStamp>
<styleUrl>#route</styleUrl>
<Point>
<coordinates>138.485079,35.713253,-0.001000</coordinates>
</Point>
<ExtendedData>
	<Data name="IconNumber">
		<value>901001</value>
	</Data>
</ExtendedData>
</Placemark>
<Placemark>
<name>IX0156</name>
<TimeStamp><when>2026-08-02T08:33:57Z</when></TimeStamp>
<styleUrl>#route</styleUrl>
<Point>
<coordinates>138.485095,35.713201,-0.001000</coordinates>
</Point>
<ExtendedData>
	<Data name="IconNumber">
		<value>901001</value>
	</Data>
</ExtendedData>
</Placemark>
<Placemark>
<name>IX0157</name>
<TimeStamp><when>2026-08-02T08:34:07Z</when></TimeStamp>
<styleUrl>#route</styleUrl>
<Point>
<coordinates>138.485095,35.713072,-0.001000</coordinates>
</Point>
<ExtendedData>
	<Data name="IconNumber">
		<value>901001</value>
	</Data>
</ExtendedData>
</Placemark>
<Placemark>
<name>IX0158</name>
<TimeStamp><when>2026-08-02T08:34:17Z</when></TimeStamp>
<styleUrl>#route</styleUrl>
<Point>
<coordinates>138.485068,35.712952,-0.001000</coordinates>
</Point>
<ExtendedData>
	<Data name="IconNumber">
		<value>901001</value>
	</Data>
</ExtendedData>
</Placemark>
<Placemark>
<name>IX0159</name>
<TimeStamp><when>2026-08-02T08:34:27Z</when></TimeStamp>
<styleUrl>#route</styleUrl>
<Point>
<coordinates>138.485030,35.712828,-0.001000</coordinates>
</Point>
<ExtendedData>
	<Data name="IconNumber">
		<value>901001</value>
	</Data>
</ExtendedData>
</Placemark>
<Placemark>
<name>IX0160</name>
<TimeStamp><when>2026-08-02T08:34:37Z</when></TimeStamp>
<styleUrl>#route</styleUrl>
<Point>
<coordinates>138.484945,35.712626,-0.001000</coordinates>
</Point>
<ExtendedData>
	<Data name="IconNumber">
		<value>901001</value>
	</Data>
</ExtendedData>
</Placemark>
<Placemark>
<name>IX0161</name>
<TimeStamp><when>2026-08-02T08:34:47Z</when></TimeStamp>
<styleUrl>#route</styleUrl>
<Point>
<coordinates>138.484800,35.712411,-0.001000</coordinates>
</Point>
<ExtendedData>
	<Data name="IconNumber">
		<value>901001</value>
	</Data>
</ExtendedData>
</Placemark>
<Placemark>
<name>IX0162</name>
<TimeStamp><when>2026-08-02T08:34:57Z</when></TimeStamp>
<styleUrl>#route</styleUrl>
<Point>
<coordinates>138.484703,35.712175,-0.001000</coordinates>
</Point>
<ExtendedData>
	<Data name="IconNumber">
		<value>901001</value>
	</Data>
</ExtendedData>
</Placemark>
<Placemark>
<name>IX0163</name>
<TimeStamp><when>2026-08-02T08:35:07Z</when></TimeStamp>
<styleUrl>#route</styleUrl>
<Point>
<coordinates>138.484505,35.711622,-0.001000</coordinates>
</Point>
<ExtendedData>
	<Data name="IconNumber">
		<value>901001</value>
	</Data>
</ExtendedData>
</Placemark>
<Placemark>
<name>IX0164</name>
<TimeStamp><when>2026-08-02T08:35:17Z</when></TimeStamp>
<styleUrl>#route</styleUrl>
<Point>
<coordinates>138.484435,35.711553,-0.001000</coordinates>
</Point>
<ExtendedData>
	<Data name="IconNumber">
		<value>901001</value>
	</Data>
</ExtendedData>
</Placemark>
<Placemark>
<name>IX0165</name>
<TimeStamp><when>2026-08-02T08:35:27Z</when></TimeStamp>
<styleUrl>#route</styleUrl>
<Point>
<coordinates>138.484306,35.711476,-0.001000</coordinates>
</Point>
<ExtendedData>
	<Data name="IconNumber">
		<value>901001</value>
	</Data>
</ExtendedData>
</Placemark>
<Placemark>
<name>IX0166</name>
<TimeStamp><when>2026-08-02T08:35:37Z</when></TimeStamp>
<styleUrl>#route</styleUrl>
<Point>
<coordinates>138.484253,35.711437,-0.001000</coordinates>
</Point>
<ExtendedData>
	<Data name="IconNumber">
		<value>901001</value>
	</Data>
</ExtendedData>
</Placemark>
<Placemark>
<name>IX0167</name>
<TimeStamp><when>2026-08-02T08:35:47Z</when></TimeStamp>
<styleUrl>#route</styleUrl>
<Point>
<coordinates>138.484199,35.711377,-0.001000</coordinates>
</Point>
<ExtendedData>
	<Data name="IconNumber">
		<value>901001</value>
	</Data>
</ExtendedData>
</Placemark>
<Placemark>
<name>IX0168</name>
<TimeStamp><when>2026-08-02T08:35:57Z</when></TimeStamp>
<styleUrl>#route</styleUrl>
<Point>
<coordinates>138.484156,35.711317,-0.001000</coordinates>
</Point>
<ExtendedData>
	<Data name="IconNumber">
		<value>901001</value>
	</Data>
</ExtendedData>
</Placemark>
<Placemark>
<name>IX0169</name>
<TimeStamp><when>2026-08-02T08:36:07Z</when></TimeStamp>
<styleUrl>#route</styleUrl>
<Point>
<coordinates>138.484135,35.711240,-0.001000</coordinates>
</Point>
<ExtendedData>
	<Data name="IconNumber">
		<value>901001</value>
	</Data>
</ExtendedData>
</Placemark>
<Placemark>
<name>IX0170</name>
<TimeStamp><when>2026-08-02T08:36:17Z</when></TimeStamp>
<styleUrl>#route</styleUrl>
<Point>
<coordinates>138.484108,35.711180,-0.001000</coordinates>
</Point>
<ExtendedData>
	<Data name="IconNumber">
		<value>901001</value>
	</Data>
</ExtendedData>
</Placemark>
<Placemark>
<name>AI0050</name>
<TimeStamp><when>2026-08-02T08:36:27Z</when></TimeStamp>
<styleUrl>#route</styleUrl>
<Point>
<coordinates>138.484063,35.710992,-0.001000</coordinates>
</Point>
<ExtendedData>
	<Data name="IconNumber">
		<value>901001</value>
	</Data>
</ExtendedData>
</Placemark>
<Placemark>
<name>IX0172</name>
<TimeStamp><when>2026-08-02T08:36:37Z</when></TimeStamp>
<styleUrl>#route</styleUrl>
<Point>
<coordinates>138.484011,35.710819,-0.001000</coordinates>
</Point>
<ExtendedData>
	<Data name="IconNumber">
		<value>901001</value>
	</Data>
</ExtendedData>
</Placemark>
<Placemark>
<name>IX0173</name>
<TimeStamp><when>2026-08-02T08:36:47Z</when></TimeStamp>
<styleUrl>#route</styleUrl>
<Point>
<coordinates>138.483990,35.710738,-0.001000</coordinates>
</Point>
<ExtendedData>
	<Data name="IconNumber">
		<value>901001</value>
	</Data>
</ExtendedData>
</Placemark>
<Placemark>
<name>IX0174</name>
<TimeStamp><when>2026-08-02T08:36:57Z</when></TimeStamp>
<styleUrl>#route</styleUrl>
<Point>
<coordinates>138.483968,35.710583,-0.001000</coordinates>
</Point>
<ExtendedData>
	<Data name="IconNumber">
		<value>901001</value>
	</Data>
</ExtendedData>
</Placemark>
<Placemark>
<name>IX0175</name>
<TimeStamp><when>2026-08-02T08:37:07Z</when></TimeStamp>
<styleUrl>#route</styleUrl>
<Point>
<coordinates>138.483941,35.710356,-0.001000</coordinates>
</Point>
<ExtendedData>
	<Data name="IconNumber">
		<value>901001</value>
	</Data>
</ExtendedData>
</Placemark>
<Placemark>
<name>IX0176</name>
<TimeStamp><when>2026-08-02T08:37:17Z</when></TimeStamp>
<styleUrl>#route</styleUrl>
<Point>
<coordinates>138.483941,35.710180,-0.001000</coordinates>
</Point>
<ExtendedData>
	<Data name="IconNumber">
		<value>901001</value>
	</Data>
</ExtendedData>
</Placemark>
<Placemark>
<name>IX0177</name>
<TimeStamp><when>2026-08-02T08:37:27Z</when></TimeStamp>
<styleUrl>#route</styleUrl>
<Point>
<coordinates>138.483958,35.709991,-0.001000</coordinates>
</Point>
<ExtendedData>
	<Data name="IconNumber">
		<value>901001</value>
	</Data>
</ExtendedData>
</Placemark>
<Placemark>
<name>IX0178</name>
<TimeStamp><when>2026-08-02T08:37:37Z</when></TimeStamp>
<styleUrl>#route</styleUrl>
<Point>
<coordinates>138.483979,35.709888,-0.001000</coordinates>
</Point>
<ExtendedData>
	<Data name="IconNumber">
		<value>901001</value>
	</Data>
</ExtendedData>
</Placemark>
<Placemark>
<name>IX0179</name>
<TimeStamp><when>2026-08-02T08:37:47Z</when></TimeStamp>
<styleUrl>#route</styleUrl>
<Point>
<coordinates>138.484011,35.709772,-0.001000</coordinates>
</Point>
<ExtendedData>
	<Data name="IconNumber">
		<value>901001</value>
	</Data>
</ExtendedData>
</Placemark>
<Placemark>
<name>IX0180</name>
<TimeStamp><when>2026-08-02T08:37:57Z</when></TimeStamp>
<styleUrl>#route</styleUrl>
<Point>
<coordinates>138.484059,35.709661,-0.001000</coordinates>
</Point>
<ExtendedData>
	<Data name="IconNumber">
		<value>901001</value>
	</Data>
</ExtendedData>
</Placemark>
<Placemark>
<name>IX0181</name>
<TimeStamp><when>2026-08-02T08:38:07Z</when></TimeStamp>
<styleUrl>#route</styleUrl>
<Point>
<coordinates>138.484247,35.709266,-0.001000</coordinates>
</Point>
<ExtendedData>
	<Data name="IconNumber">
		<value>901001</value>
	</Data>
</ExtendedData>
</Placemark>
<Placemark>
<name>IX0182</name>
<TimeStamp><when>2026-08-02T08:38:17Z</when></TimeStamp>
<styleUrl>#route</styleUrl>
<Point>
<coordinates>138.484285,35.709176,-0.001000</coordinates>
</Point>
<ExtendedData>
	<Data name="IconNumber">
		<value>901001</value>
	</Data>
</ExtendedData>
</Placemark>
<Placemark>
<name>IX0183</name>
<TimeStamp><when>2026-08-02T08:38:27Z</when></TimeStamp>
<styleUrl>#route</styleUrl>
<Point>
<coordinates>138.484295,35.709094,-0.001000</coordinates>
</Point>
<ExtendedData>
	<Data name="IconNumber">
		<value>901001</value>
	</Data>
</ExtendedData>
</Placemark>
<Placemark>
<name>IX0184</name>
<TimeStamp><when>2026-08-02T08:38:37Z</when></TimeStamp>
<styleUrl>#route</styleUrl>
<Point>
<coordinates>138.484290,35.708944,-0.001000</coordinates>
</Point>
<ExtendedData>
	<Data name="IconNumber">
		<value>901001</value>
	</Data>
</ExtendedData>
</Placemark>
<Placemark>
<name>IX0185</name>
<TimeStamp><when>2026-08-02T08:38:47Z</when></TimeStamp>
<styleUrl>#route</styleUrl>
<Point>
<coordinates>138.484338,35.708815,-0.001000</coordinates>
</Point>
<ExtendedData>
	<Data name="IconNumber">
		<value>901001</value>
	</Data>
</ExtendedData>
</Placemark>
<Placemark>
<name>IX0186</name>
<TimeStamp><when>2026-08-02T08:38:57Z</when></TimeStamp>
<styleUrl>#route</styleUrl>
<Point>
<coordinates>138.484456,35.708695,-0.001000</coordinates>
</Point>
<ExtendedData>
	<Data name="IconNumber">
		<value>901001</value>
	</Data>
</ExtendedData>
</Placemark>
<Placemark>
<name>IX0187</name>
<TimeStamp><when>2026-08-02T08:39:07Z</when></TimeStamp>
<styleUrl>#route</styleUrl>
<Point>
<coordinates>138.484692,35.708463,-0.001000</coordinates>
</Point>
<ExtendedData>
	<Data name="IconNumber">
		<value>901001</value>
	</Data>
</ExtendedData>
</Placemark>
<Placemark>
<name>IX0188</name>
<TimeStamp><when>2026-08-02T08:39:17Z</when></TimeStamp>
<styleUrl>#route</styleUrl>
<Point>
<coordinates>138.484864,35.708343,-0.001000</coordinates>
</Point>
<ExtendedData>
	<Data name="IconNumber">
		<value>901001</value>
	</Data>
</ExtendedData>
</Placemark>
<Placemark>
<name>IX0189</name>
<TimeStamp><when>2026-08-02T08:39:27Z</when></TimeStamp>
<styleUrl>#route</styleUrl>
<Point>
<coordinates>138.485143,35.708171,-0.001000</coordinates>
</Point>
<ExtendedData>
	<Data name="IconNumber">
		<value>901001</value>
	</Data>
</ExtendedData>
</Placemark>
<Placemark>
<name>IX0190</name>
<TimeStamp><when>2026-08-02T08:39:37Z</when></TimeStamp>
<styleUrl>#route</styleUrl>
<Point>
<coordinates>138.485197,35.708086,-0.001000</coordinates>
</Point>
<ExtendedData>
	<Data name="IconNumber">
		<value>901001</value>
	</Data>
</ExtendedData>
</Placemark>
<Placemark>
<name>IX0191</name>
<TimeStamp><when>2026-08-02T08:39:47Z</when></TimeStamp>
<styleUrl>#route</styleUrl>
<Point>
<coordinates>138.485363,35.707686,-0.001000</coordinates>
</Point>
<ExtendedData>
	<Data name="IconNumber">
		<value>901001</value>
	</Data>
</ExtendedData>
</Placemark>
<Placemark>
<name>IX0192</name>
<TimeStamp><when>2026-08-02T08:39:57Z</when></TimeStamp>
<styleUrl>#route</styleUrl>
<Point>
<coordinates>138.485476,35.707502,-0.001000</coordinates>
</Point>
<ExtendedData>
	<Data name="IconNumber">
		<value>901001</value>
	</Data>
</ExtendedData>
</Placemark>
<Placemark>
<name>IX0193</name>
<TimeStamp><when>2026-08-02T08:40:07Z</when></TimeStamp>
<styleUrl>#route</styleUrl>
<Point>
<coordinates>138.485572,35.707382,-0.001000</coordinates>
</Point>
<ExtendedData>
	<Data name="IconNumber">
		<value>901001</value>
	</Data>
</ExtendedData>
</Placemark>
<Placemark>
<name>IX0194</name>
<TimeStamp><when>2026-08-02T08:40:17Z</when></TimeStamp>
<styleUrl>#route</styleUrl>
<Point>
<coordinates>138.485685,35.707270,-0.001000</coordinates>
</Point>
<ExtendedData>
	<Data name="IconNumber">
		<value>901001</value>
	</Data>
</ExtendedData>
</Placemark>
<Placemark>
<name>IX0195</name>
<TimeStamp><when>2026-08-02T08:40:27Z</when></TimeStamp>
<styleUrl>#route</styleUrl>
<Point>
<coordinates>138.486152,35.706781,-0.001000</coordinates>
</Point>
<ExtendedData>
	<Data name="IconNumber">
		<value>901001</value>
	</Data>
</ExtendedData>
</Placemark>
<Placemark>
<name>IX0196</name>
<TimeStamp><when>2026-08-02T08:40:37Z</when></TimeStamp>
<styleUrl>#route</styleUrl>
<Point>
<coordinates>138.486323,35.706506,-0.001000</coordinates>
</Point>
<ExtendedData>
	<Data name="IconNumber">
		<value>901001</value>
	</Data>
</ExtendedData>
</Placemark>
<Placemark>
<name>IX0197</name>
<TimeStamp><when>2026-08-02T08:40:47Z</when></TimeStamp>
<styleUrl>#route</styleUrl>
<Point>
<coordinates>138.486431,35.706360,-0.001000</coordinates>
</Point>
<ExtendedData>
	<Data name="IconNumber">
		<value>901001</value>
	</Data>
</ExtendedData>
</Placemark>
<Placemark>
<name>IX0198</name>
<TimeStamp><when>2026-08-02T08:40:57Z</when></TimeStamp>
<styleUrl>#route</styleUrl>
<Point>
<coordinates>138.486575,35.706270,-0.001000</coordinates>
</Point>
<ExtendedData>
	<Data name="IconNumber">
		<value>901001</value>
	</Data>
</ExtendedData>
</Placemark>
<Placemark>
<name>IX0199</name>
<TimeStamp><when>2026-08-02T08:41:07Z</when></TimeStamp>
<styleUrl>#route</styleUrl>
<Point>
<coordinates>138.487112,35.705978,-0.001000</coordinates>
</Point>
<ExtendedData>
	<Data name="IconNumber">
		<value>901001</value>
	</Data>
</ExtendedData>
</Placemark>
<Placemark>
<name>IX0200</name>
<TimeStamp><when>2026-08-02T08:41:17Z</when></TimeStamp>
<styleUrl>#route</styleUrl>
<Point>
<coordinates>138.487278,35.705854,-0.001000</coordinates>
</Point>
<ExtendedData>
	<Data name="IconNumber">
		<value>901001</value>
	</Data>
</ExtendedData>
</Placemark>
<Placemark>
<name>IX0201</name>
<TimeStamp><when>2026-08-02T08:41:27Z</when></TimeStamp>
<styleUrl>#route</styleUrl>
<Point>
<coordinates>138.487348,35.705699,-0.001000</coordinates>
</Point>
<ExtendedData>
	<Data name="IconNumber">
		<value>901001</value>
	</Data>
</ExtendedData>
</Placemark>
<Placemark>
<name>IX0202</name>
<TimeStamp><when>2026-08-02T08:41:37Z</when></TimeStamp>
<styleUrl>#route</styleUrl>
<Point>
<coordinates>138.487396,35.705330,-0.001000</coordinates>
</Point>
<ExtendedData>
	<Data name="IconNumber">
		<value>901001</value>
	</Data>
</ExtendedData>
</Placemark>
<Placemark>
<name>IX0203</name>
<TimeStamp><when>2026-08-02T08:41:47Z</when></TimeStamp>
<styleUrl>#route</styleUrl>
<Point>
<coordinates>138.487460,35.705099,-0.001000</coordinates>
</Point>
<ExtendedData>
	<Data name="IconNumber">
		<value>901001</value>
	</Data>
</ExtendedData>
</Placemark>
<Placemark>
<name>IX0204</name>
<TimeStamp><when>2026-08-02T08:41:57Z</when></TimeStamp>
<styleUrl>#route</styleUrl>
<Point>
<coordinates>138.487541,35.704961,-0.001000</coordinates>
</Point>
<ExtendedData>
	<Data name="IconNumber">
		<value>901001</value>
	</Data>
</ExtendedData>
</Placemark>
<Placemark>
<name>IX0205</name>
<TimeStamp><when>2026-08-02T08:42:07Z</when></TimeStamp>
<styleUrl>#route</styleUrl>
<Point>
<coordinates>138.487723,35.704833,-0.001000</coordinates>
</Point>
<ExtendedData>
	<Data name="IconNumber">
		<value>901001</value>
	</Data>
</ExtendedData>
</Placemark>
<Placemark>
<name>IX0206</name>
<TimeStamp><when>2026-08-02T08:42:17Z</when></TimeStamp>
<styleUrl>#route</styleUrl>
<Point>
<coordinates>138.487879,35.704691,-0.001000</coordinates>
</Point>
<ExtendedData>
	<Data name="IconNumber">
		<value>901001</value>
	</Data>
</ExtendedData>
</Placemark>
<Placemark>
<name>IX0207</name>
<TimeStamp><when>2026-08-02T08:42:27Z</when></TimeStamp>
<styleUrl>#route</styleUrl>
<Point>
<coordinates>138.487986,35.704554,-0.001000</coordinates>
</Point>
<ExtendedData>
	<Data name="IconNumber">
		<value>901001</value>
	</Data>
</ExtendedData>
</Placemark>
<Placemark>
<name>IX0208</name>
<TimeStamp><when>2026-08-02T08:42:37Z</when></TimeStamp>
<styleUrl>#route</styleUrl>
<Point>
<coordinates>138.487922,35.704232,-0.001000</coordinates>
</Point>
<ExtendedData>
	<Data name="IconNumber">
		<value>901001</value>
	</Data>
</ExtendedData>
</Placemark>
<Placemark>
<name>IX0209</name>
<TimeStamp><when>2026-08-02T08:42:47Z</when></TimeStamp>
<styleUrl>#route</styleUrl>
<Point>
<coordinates>138.487922,35.703970,-0.001000</coordinates>
</Point>
<ExtendedData>
	<Data name="IconNumber">
		<value>901001</value>
	</Data>
</ExtendedData>
</Placemark>
<Placemark>
<name>IX0210</name>
<TimeStamp><when>2026-08-02T08:42:57Z</when></TimeStamp>
<styleUrl>#route</styleUrl>
<Point>
<coordinates>138.487943,35.703794,-0.001000</coordinates>
</Point>
<ExtendedData>
	<Data name="IconNumber">
		<value>901001</value>
	</Data>
</ExtendedData>
</Placemark>
<Placemark>
<name>IX0211</name>
<TimeStamp><when>2026-08-02T08:43:07Z</when></TimeStamp>
<styleUrl>#route</styleUrl>
<Point>
<coordinates>138.488008,35.703678,-0.001000</coordinates>
</Point>
<ExtendedData>
	<Data name="IconNumber">
		<value>901001</value>
	</Data>
</ExtendedData>
</Placemark>
<Placemark>
<name>IX0212</name>
<TimeStamp><when>2026-08-02T08:43:17Z</when></TimeStamp>
<styleUrl>#route</styleUrl>
<Point>
<coordinates>138.488158,35.703537,-0.001000</coordinates>
</Point>
<ExtendedData>
	<Data name="IconNumber">
		<value>901001</value>
	</Data>
</ExtendedData>
</Placemark>
<Placemark>
<name>IX0213</name>
<TimeStamp><when>2026-08-02T08:43:27Z</when></TimeStamp>
<styleUrl>#route</styleUrl>
<Point>
<coordinates>138.489209,35.702700,-0.001000</coordinates>
</Point>
<ExtendedData>
	<Data name="IconNumber">
		<value>901001</value>
	</Data>
</ExtendedData>
</Placemark>
<Placemark>
<name>IX0214</name>
<TimeStamp><when>2026-08-02T08:43:37Z</when></TimeStamp>
<styleUrl>#route</styleUrl>
<Point>
<coordinates>138.489649,35.702292,-0.001000</coordinates>
</Point>
<ExtendedData>
	<Data name="IconNumber">
		<value>901001</value>
	</Data>
</ExtendedData>
</Placemark>
<Placemark>
<name>IX0215</name>
<TimeStamp><when>2026-08-02T08:43:47Z</when></TimeStamp>
<styleUrl>#route</styleUrl>
<Point>
<coordinates>138.489864,35.702043,-0.001000</coordinates>
</Point>
<ExtendedData>
	<Data name="IconNumber">
		<value>901001</value>
	</Data>
</ExtendedData>
</Placemark>
<Placemark>
<name>IX0216</name>
<TimeStamp><when>2026-08-02T08:43:57Z</when></TimeStamp>
<styleUrl>#route</styleUrl>
<Point>
<coordinates>138.490465,35.701168,-0.001000</coordinates>
</Point>
<ExtendedData>
	<Data name="IconNumber">
		<value>901001</value>
	</Data>
</ExtendedData>
</Placemark>
<Placemark>
<name>IX0217</name>
<TimeStamp><when>2026-08-02T08:44:07Z</when></TimeStamp>
<styleUrl>#route</styleUrl>
<Point>
<coordinates>138.490583,35.701047,-0.001000</coordinates>
</Point>
<ExtendedData>
	<Data name="IconNumber">
		<value>901001</value>
	</Data>
</ExtendedData>
</Placemark>
<Placemark>
<name>IX0218</name>
<TimeStamp><when>2026-08-02T08:44:17Z</when></TimeStamp>
<styleUrl>#route</styleUrl>
<Point>
<coordinates>138.490711,35.700927,-0.001000</coordinates>
</Point>
<ExtendedData>
	<Data name="IconNumber">
		<value>901001</value>
	</Data>
</ExtendedData>
</Placemark>
<Placemark>
<name>IX0219</name>
<TimeStamp><when>2026-08-02T08:44:27Z</when></TimeStamp>
<styleUrl>#route</styleUrl>
<Point>
<coordinates>138.491773,35.700086,-0.001000</coordinates>
</Point>
<ExtendedData>
	<Data name="IconNumber">
		<value>901001</value>
	</Data>
</ExtendedData>
</Placemark>
<Placemark>
<name>IX0220</name>
<TimeStamp><when>2026-08-02T08:44:37Z</when></TimeStamp>
<styleUrl>#route</styleUrl>
<Point>
<coordinates>138.492557,35.699460,-0.001000</coordinates>
</Point>
<ExtendedData>
	<Data name="IconNumber">
		<value>901001</value>
	</Data>
</ExtendedData>
</Placemark>
<Placemark>
<name>IX0221</name>
<TimeStamp><when>2026-08-02T08:44:47Z</when></TimeStamp>
<styleUrl>#route</styleUrl>
<Point>
<coordinates>138.492830,35.699228,-0.001000</coordinates>
</Point>
<ExtendedData>
	<Data name="IconNumber">
		<value>901001</value>
	</Data>
</ExtendedData>
</Placemark>
<Placemark>
<name>IX0222</name>
<TimeStamp><when>2026-08-02T08:44:57Z</when></TimeStamp>
<styleUrl>#route</styleUrl>
<Point>
<coordinates>138.492997,35.699056,-0.001000</coordinates>
</Point>
<ExtendedData>
	<Data name="IconNumber">
		<value>901001</value>
	</Data>
</ExtendedData>
</Placemark>
<Placemark>
<name>IX0223</name>
<TimeStamp><when>2026-08-02T08:45:07Z</when></TimeStamp>
<styleUrl>#route</styleUrl>
<Point>
<coordinates>138.493292,35.698704,-0.001000</coordinates>
</Point>
<ExtendedData>
	<Data name="IconNumber">
		<value>901001</value>
	</Data>
</ExtendedData>
</Placemark>
<Placemark>
<name>IX0224</name>
<TimeStamp><when>2026-08-02T08:45:17Z</when></TimeStamp>
<styleUrl>#route</styleUrl>
<Point>
<coordinates>138.493469,35.698391,-0.001000</coordinates>
</Point>
<ExtendedData>
	<Data name="IconNumber">
		<value>901001</value>
	</Data>
</ExtendedData>
</Placemark>
<Placemark>
<name>IX0225</name>
<TimeStamp><when>2026-08-02T08:45:27Z</when></TimeStamp>
<styleUrl>#route</styleUrl>
<Point>
<coordinates>138.493544,35.698181,-0.001000</coordinates>
</Point>
<ExtendedData>
	<Data name="IconNumber">
		<value>901001</value>
	</Data>
</ExtendedData>
</Placemark>
<Placemark>
<name>IX0226</name>
<TimeStamp><when>2026-08-02T08:45:37Z</when></TimeStamp>
<styleUrl>#route</styleUrl>
<Point>
<coordinates>138.493699,35.697580,-0.001000</coordinates>
</Point>
<ExtendedData>
	<Data name="IconNumber">
		<value>901001</value>
	</Data>
</ExtendedData>
</Placemark>
<Placemark>
<name>IX0227</name>
<TimeStamp><when>2026-08-02T08:45:47Z</when></TimeStamp>
<styleUrl>#route</styleUrl>
<Point>
<coordinates>138.493823,35.697370,-0.001000</coordinates>
</Point>
<ExtendedData>
	<Data name="IconNumber">
		<value>901001</value>
	</Data>
</ExtendedData>
</Placemark>
<Placemark>
<name>IX0228</name>
<TimeStamp><when>2026-08-02T08:45:57Z</when></TimeStamp>
<styleUrl>#route</styleUrl>
<Point>
<coordinates>138.493935,35.697215,-0.001000</coordinates>
</Point>
<ExtendedData>
	<Data name="IconNumber">
		<value>901001</value>
	</Data>
</ExtendedData>
</Placemark>
<Placemark>
<name>IX0229</name>
<TimeStamp><when>2026-08-02T08:46:07Z</when></TimeStamp>
<styleUrl>#route</styleUrl>
<Point>
<coordinates>138.494139,35.697086,-0.001000</coordinates>
</Point>
<ExtendedData>
	<Data name="IconNumber">
		<value>901001</value>
	</Data>
</ExtendedData>
</Placemark>
<Placemark>
<name>IX0230</name>
<TimeStamp><when>2026-08-02T08:46:17Z</when></TimeStamp>
<styleUrl>#route</styleUrl>
<Point>
<coordinates>138.494606,35.697005,-0.001000</coordinates>
</Point>
<ExtendedData>
	<Data name="IconNumber">
		<value>901001</value>
	</Data>
</ExtendedData>
</Placemark>
<Placemark>
<name>IX0231</name>
<TimeStamp><when>2026-08-02T08:46:27Z</when></TimeStamp>
<styleUrl>#route</styleUrl>
<Point>
<coordinates>138.494987,35.697061,-0.001000</coordinates>
</Point>
<ExtendedData>
	<Data name="IconNumber">
		<value>901001</value>
	</Data>
</ExtendedData>
</Placemark>
<Placemark>
<name>IX0232</name>
<TimeStamp><when>2026-08-02T08:46:37Z</when></TimeStamp>
<styleUrl>#route</styleUrl>
<Point>
<coordinates>138.495180,35.697108,-0.001000</coordinates>
</Point>
<ExtendedData>
	<Data name="IconNumber">
		<value>901001</value>
	</Data>
</ExtendedData>
</Placemark>
<Placemark>
<name>IX0233</name>
<TimeStamp><when>2026-08-02T08:46:47Z</when></TimeStamp>
<styleUrl>#route</styleUrl>
<Point>
<coordinates>138.495427,35.697172,-0.001000</coordinates>
</Point>
<ExtendedData>
	<Data name="IconNumber">
		<value>901001</value>
	</Data>
</ExtendedData>
</Placemark>
<Placemark>
<name>IX0234</name>
<TimeStamp><when>2026-08-02T08:46:57Z</when></TimeStamp>
<styleUrl>#route</styleUrl>
<Point>
<coordinates>138.495630,35.697245,-0.001000</coordinates>
</Point>
<ExtendedData>
	<Data name="IconNumber">
		<value>901001</value>
	</Data>
</ExtendedData>
</Placemark>
<Placemark>
<name>IX0235</name>
<TimeStamp><when>2026-08-02T08:47:07Z</when></TimeStamp>
<styleUrl>#route</styleUrl>
<Point>
<coordinates>138.495856,35.697301,-0.001000</coordinates>
</Point>
<ExtendedData>
	<Data name="IconNumber">
		<value>901001</value>
	</Data>
</ExtendedData>
</Placemark>
<Placemark>
<name>IX0236</name>
<TimeStamp><when>2026-08-02T08:47:17Z</when></TimeStamp>
<styleUrl>#route</styleUrl>
<Point>
<coordinates>138.496033,35.697357,-0.001000</coordinates>
</Point>
<ExtendedData>
	<Data name="IconNumber">
		<value>901001</value>
	</Data>
</ExtendedData>
</Placemark>
<Placemark>
<name>IX0237</name>
<TimeStamp><when>2026-08-02T08:47:27Z</when></TimeStamp>
<styleUrl>#route</styleUrl>
<Point>
<coordinates>138.496263,35.697443,-0.001000</coordinates>
</Point>
<ExtendedData>
	<Data name="IconNumber">
		<value>901001</value>
	</Data>
</ExtendedData>
</Placemark>
<Placemark>
<name>IX0238</name>
<TimeStamp><when>2026-08-02T08:47:37Z</when></TimeStamp>
<styleUrl>#route</styleUrl>
<Point>
<coordinates>138.496607,35.697593,-0.001000</coordinates>
</Point>
<ExtendedData>
	<Data name="IconNumber">
		<value>901001</value>
	</Data>
</ExtendedData>
</Placemark>
<Placemark>
<name>IX0239</name>
<TimeStamp><when>2026-08-02T08:47:47Z</when></TimeStamp>
<styleUrl>#route</styleUrl>
<Point>
<coordinates>138.496977,35.697743,-0.001000</coordinates>
</Point>
<ExtendedData>
	<Data name="IconNumber">
		<value>901001</value>
	</Data>
</ExtendedData>
</Placemark>
<Placemark>
<name>IX0240</name>
<TimeStamp><when>2026-08-02T08:47:57Z</when></TimeStamp>
<styleUrl>#route</styleUrl>
<Point>
<coordinates>138.497336,35.697863,-0.001000</coordinates>
</Point>
<ExtendedData>
	<Data name="IconNumber">
		<value>901001</value>
	</Data>
</ExtendedData>
</Placemark>
<Placemark>
<name>IX0241</name>
<TimeStamp><when>2026-08-02T08:48:07Z</when></TimeStamp>
<styleUrl>#route</styleUrl>
<Point>
<coordinates>138.497572,35.697919,-0.001000</coordinates>
</Point>
<ExtendedData>
	<Data name="IconNumber">
		<value>901001</value>
	</Data>
</ExtendedData>
</Placemark>
<Placemark>
<name>IX0242</name>
<TimeStamp><when>2026-08-02T08:48:17Z</when></TimeStamp>
<styleUrl>#route</styleUrl>
<Point>
<coordinates>138.497798,35.697940,-0.001000</coordinates>
</Point>
<ExtendedData>
	<Data name="IconNumber">
		<value>901001</value>
	</Data>
</ExtendedData>
</Placemark>
<Placemark>
<name>IX0243</name>
<TimeStamp><when>2026-08-02T08:48:27Z</when></TimeStamp>
<styleUrl>#route</styleUrl>
<Point>
<coordinates>138.497937,35.697949,-0.001000</coordinates>
</Point>
<ExtendedData>
	<Data name="IconNumber">
		<value>901001</value>
	</Data>
</ExtendedData>
</Placemark>
<Placemark>
<name>IX0244</name>
<TimeStamp><when>2026-08-02T08:48:37Z</when></TimeStamp>
<styleUrl>#route</styleUrl>
<Point>
<coordinates>138.498077,35.697949,-0.001000</coordinates>
</Point>
<ExtendedData>
	<Data name="IconNumber">
		<value>901001</value>
	</Data>
</ExtendedData>
</Placemark>
<Placemark>
<name>IX0245</name>
<TimeStamp><when>2026-08-02T08:48:47Z</when></TimeStamp>
<styleUrl>#route</styleUrl>
<Point>
<coordinates>138.498291,35.697932,-0.001000</coordinates>
</Point>
<ExtendedData>
	<Data name="IconNumber">
		<value>901001</value>
	</Data>
</ExtendedData>
</Placemark>
<Placemark>
<name>IX0246</name>
<TimeStamp><when>2026-08-02T08:48:57Z</when></TimeStamp>
<styleUrl>#route</styleUrl>
<Point>
<coordinates>138.498441,35.697906,-0.001000</coordinates>
</Point>
<ExtendedData>
	<Data name="IconNumber">
		<value>901001</value>
	</Data>
</ExtendedData>
</Placemark>
<Placemark>
<name>IX0247</name>
<TimeStamp><when>2026-08-02T08:49:07Z</when></TimeStamp>
<styleUrl>#route</styleUrl>
<Point>
<coordinates>138.498667,35.697855,-0.001000</coordinates>
</Point>
<ExtendedData>
	<Data name="IconNumber">
		<value>901001</value>
	</Data>
</ExtendedData>
</Placemark>
<Placemark>
<name>IX0248</name>
<TimeStamp><when>2026-08-02T08:49:17Z</when></TimeStamp>
<styleUrl>#route</styleUrl>
<Point>
<coordinates>138.498774,35.697820,-0.001000</coordinates>
</Point>
<ExtendedData>
	<Data name="IconNumber">
		<value>901001</value>
	</Data>
</ExtendedData>
</Placemark>
<Placemark>
<name>IX0249</name>
<TimeStamp><when>2026-08-02T08:49:27Z</when></TimeStamp>
<styleUrl>#route</styleUrl>
<Point>
<coordinates>138.499096,35.697679,-0.001000</coordinates>
</Point>
<ExtendedData>
	<Data name="IconNumber">
		<value>901001</value>
	</Data>
</ExtendedData>
</Placemark>
<Placemark>
<name>IX0250</name>
<TimeStamp><when>2026-08-02T08:49:37Z</when></TimeStamp>
<styleUrl>#route</styleUrl>
<Point>
<coordinates>138.499300,35.697588,-0.001000</coordinates>
</Point>
<ExtendedData>
	<Data name="IconNumber">
		<value>901001</value>
	</Data>
</ExtendedData>
</Placemark>
<Placemark>
<name>IX0251</name>
<TimeStamp><when>2026-08-02T08:49:47Z</when></TimeStamp>
<styleUrl>#route</styleUrl>
<Point>
<coordinates>138.500362,35.697138,-0.001000</coordinates>
</Point>
<ExtendedData>
	<Data name="IconNumber">
		<value>901001</value>
	</Data>
</ExtendedData>
</Placemark>
<Placemark>
<name>IX0252</name>
<TimeStamp><when>2026-08-02T08:49:57Z</when></TimeStamp>
<styleUrl>#route</styleUrl>
<Point>
<coordinates>138.501059,35.696833,-0.001000</coordinates>
</Point>
<ExtendedData>
	<Data name="IconNumber">
		<value>901001</value>
	</Data>
</ExtendedData>
</Placemark>
<Placemark>
<name>IX0253</name>
<TimeStamp><when>2026-08-02T08:50:07Z</when></TimeStamp>
<styleUrl>#route</styleUrl>
<Point>
<coordinates>138.501424,35.696662,-0.001000</coordinates>
</Point>
<ExtendedData>
	<Data name="IconNumber">
		<value>901001</value>
	</Data>
</ExtendedData>
</Placemark>
<Placemark>
<name>IX0254</name>
<TimeStamp><when>2026-08-02T08:50:17Z</when></TimeStamp>
<styleUrl>#route</styleUrl>
<Point>
<coordinates>138.501537,35.696601,-0.001000</coordinates>
</Point>
<ExtendedData>
	<Data name="IconNumber">
		<value>901001</value>
	</Data>
</ExtendedData>
</Placemark>
<Placemark>
<name>IX0255</name>
<TimeStamp><when>2026-08-02T08:50:27Z</when></TimeStamp>
<styleUrl>#route</styleUrl>
<Point>
<coordinates>138.501628,35.696537,-0.001000</coordinates>
</Point>
<ExtendedData>
	<Data name="IconNumber">
		<value>901001</value>
	</Data>
</ExtendedData>
</Placemark>
<Placemark>
<name>IX0256</name>
<TimeStamp><when>2026-08-02T08:50:37Z</when></TimeStamp>
<styleUrl>#route</styleUrl>
<Point>
<coordinates>138.501735,35.696443,-0.001000</coordinates>
</Point>
<ExtendedData>
	<Data name="IconNumber">
		<value>901001</value>
	</Data>
</ExtendedData>
</Placemark>
<Placemark>
<name>IX0257</name>
<TimeStamp><when>2026-08-02T08:50:47Z</when></TimeStamp>
<styleUrl>#route</styleUrl>
<Point>
<coordinates>138.501810,35.696365,-0.001000</coordinates>
</Point>
<ExtendedData>
	<Data name="IconNumber">
		<value>901001</value>
	</Data>
</ExtendedData>
</Placemark>
<Placemark>
<name>IX0258</name>
<TimeStamp><when>2026-08-02T08:50:57Z</when></TimeStamp>
<styleUrl>#route</styleUrl>
<Point>
<coordinates>138.501885,35.696241,-0.001000</coordinates>
</Point>
<ExtendedData>
	<Data name="IconNumber">
		<value>901001</value>
	</Data>
</ExtendedData>
</Placemark>
<Placemark>
<name>IX0259</name>
<TimeStamp><when>2026-08-02T08:51:07Z</when></TimeStamp>
<styleUrl>#route</styleUrl>
<Point>
<coordinates>138.501918,35.696181,-0.001000</coordinates>
</Point>
<ExtendedData>
	<Data name="IconNumber">
		<value>901001</value>
	</Data>
</ExtendedData>
</Placemark>
<Placemark>
<name>IX0260</name>
<TimeStamp><when>2026-08-02T08:51:17Z</when></TimeStamp>
<styleUrl>#route</styleUrl>
<Point>
<coordinates>138.501961,35.696074,-0.001000</coordinates>
</Point>
<ExtendedData>
	<Data name="IconNumber">
		<value>901001</value>
	</Data>
</ExtendedData>
</Placemark>
<Placemark>
<name>IX0261</name>
<TimeStamp><when>2026-08-02T08:51:27Z</when></TimeStamp>
<styleUrl>#route</styleUrl>
<Point>
<coordinates>138.501982,35.695915,-0.001000</coordinates>
</Point>
<ExtendedData>
	<Data name="IconNumber">
		<value>901001</value>
	</Data>
</ExtendedData>
</Placemark>
<Placemark>
<name>IX0262</name>
<TimeStamp><when>2026-08-02T08:51:37Z</when></TimeStamp>
<styleUrl>#route</styleUrl>
<Point>
<coordinates>138.501987,35.695812,-0.001000</coordinates>
</Point>
<ExtendedData>
	<Data name="IconNumber">
		<value>901001</value>
	</Data>
</ExtendedData>
</Placemark>
<Placemark>
<name>IX0263</name>
<TimeStamp><when>2026-08-02T08:51:47Z</when></TimeStamp>
<styleUrl>#route</styleUrl>
<Point>
<coordinates>138.501971,35.695705,-0.001000</coordinates>
</Point>
<ExtendedData>
	<Data name="IconNumber">
		<value>901001</value>
	</Data>
</ExtendedData>
</Placemark>
<Placemark>
<name>IX0264</name>
<TimeStamp><when>2026-08-02T08:51:57Z</when></TimeStamp>
<styleUrl>#route</styleUrl>
<Point>
<coordinates>138.501955,35.695606,-0.001000</coordinates>
</Point>
<ExtendedData>
	<Data name="IconNumber">
		<value>901001</value>
	</Data>
</ExtendedData>
</Placemark>
<Placemark>
<name>IX0265</name>
<TimeStamp><when>2026-08-02T08:52:07Z</when></TimeStamp>
<styleUrl>#route</styleUrl>
<Point>
<coordinates>138.501816,35.695121,-0.001000</coordinates>
</Point>
<ExtendedData>
	<Data name="IconNumber">
		<value>901001</value>
	</Data>
</ExtendedData>
</Placemark>
<Placemark>
<name>IX0266</name>
<TimeStamp><when>2026-08-02T08:52:17Z</when></TimeStamp>
<styleUrl>#route</styleUrl>
<Point>
<coordinates>138.501671,35.694623,-0.001000</coordinates>
</Point>
<ExtendedData>
	<Data name="IconNumber">
		<value>901001</value>
	</Data>
</ExtendedData>
</Placemark>
<Placemark>
<name>IX0267</name>
<TimeStamp><when>2026-08-02T08:52:27Z</when></TimeStamp>
<styleUrl>#route</styleUrl>
<Point>
<coordinates>138.501601,35.694391,-0.001000</coordinates>
</Point>
<ExtendedData>
	<Data name="IconNumber">
		<value>901001</value>
	</Data>
</ExtendedData>
</Placemark>
<Placemark>
<name>IX0268</name>
<TimeStamp><when>2026-08-02T08:52:37Z</when></TimeStamp>
<styleUrl>#route</styleUrl>
<Point>
<coordinates>138.501558,35.694233,-0.001000</coordinates>
</Point>
<ExtendedData>
	<Data name="IconNumber">
		<value>901001</value>
	</Data>
</ExtendedData>
</Placemark>
<Placemark>
<name>IX0269</name>
<TimeStamp><when>2026-08-02T08:52:47Z</when></TimeStamp>
<styleUrl>#route</styleUrl>
<Point>
<coordinates>138.501499,35.694001,-0.001000</coordinates>
</Point>
<ExtendedData>
	<Data name="IconNumber">
		<value>901001</value>
	</Data>
</ExtendedData>
</Placemark>
<Placemark>
<name>IX0270</name>
<TimeStamp><when>2026-08-02T08:52:57Z</when></TimeStamp>
<styleUrl>#route</styleUrl>
<Point>
<coordinates>138.501456,35.693808,-0.001000</coordinates>
</Point>
<ExtendedData>
	<Data name="IconNumber">
		<value>901001</value>
	</Data>
</ExtendedData>
</Placemark>
<Placemark>
<name>IX0271</name>
<TimeStamp><when>2026-08-02T08:53:07Z</when></TimeStamp>
<styleUrl>#route</styleUrl>
<Point>
<coordinates>138.501419,35.693572,-0.001000</coordinates>
</Point>
<ExtendedData>
	<Data name="IconNumber">
		<value>901001</value>
	</Data>
</ExtendedData>
</Placemark>
<Placemark>
<name>IX0272</name>
<TimeStamp><when>2026-08-02T08:53:17Z</when></TimeStamp>
<styleUrl>#route</styleUrl>
<Point>
<coordinates>138.501403,35.693439,-0.001000</coordinates>
</Point>
<ExtendedData>
	<Data name="IconNumber">
		<value>901001</value>
	</Data>
</ExtendedData>
</Placemark>
<Placemark>
<name>IX0273</name>
<TimeStamp><when>2026-08-02T08:53:27Z</when></TimeStamp>
<styleUrl>#route</styleUrl>
<Point>
<coordinates>138.501370,35.693104,-0.001000</coordinates>
</Point>
<ExtendedData>
	<Data name="IconNumber">
		<value>901001</value>
	</Data>
</ExtendedData>
</Placemark>
<Placemark>
<name>IX0274</name>
<TimeStamp><when>2026-08-02T08:53:37Z</when></TimeStamp>
<styleUrl>#route</styleUrl>
<Point>
<coordinates>138.501365,35.692902,-0.001000</coordinates>
</Point>
<ExtendedData>
	<Data name="IconNumber">
		<value>901001</value>
	</Data>
</ExtendedData>
</Placemark>
<Placemark>
<name>IX0275</name>
<TimeStamp><when>2026-08-02T08:53:47Z</when></TimeStamp>
<styleUrl>#route</styleUrl>
<Point>
<coordinates>138.501360,35.692683,-0.001000</coordinates>
</Point>
<ExtendedData>
	<Data name="IconNumber">
		<value>901001</value>
	</Data>
</ExtendedData>
</Placemark>
<Placemark>
<name>IX0276</name>
<TimeStamp><when>2026-08-02T08:53:57Z</when></TimeStamp>
<styleUrl>#route</styleUrl>
<Point>
<coordinates>138.501424,35.691619,-0.001000</coordinates>
</Point>
<ExtendedData>
	<Data name="IconNumber">
		<value>901001</value>
	</Data>
</ExtendedData>
</Placemark>
<Placemark>
<name>IX0277</name>
<TimeStamp><when>2026-08-02T08:54:07Z</when></TimeStamp>
<styleUrl>#route</styleUrl>
<Point>
<coordinates>138.501429,35.691482,-0.001000</coordinates>
</Point>
<ExtendedData>
	<Data name="IconNumber">
		<value>901001</value>
	</Data>
</ExtendedData>
</Placemark>
<Placemark>
<name>IX0278</name>
<TimeStamp><when>2026-08-02T08:54:17Z</when></TimeStamp>
<styleUrl>#route</styleUrl>
<Point>
<coordinates>138.501435,35.691151,-0.001000</coordinates>
</Point>
<ExtendedData>
	<Data name="IconNumber">
		<value>901001</value>
	</Data>
</ExtendedData>
</Placemark>
<Placemark>
<name>IX0279</name>
<TimeStamp><when>2026-08-02T08:54:27Z</when></TimeStamp>
<styleUrl>#route</styleUrl>
<Point>
<coordinates>138.501424,35.690975,-0.001000</coordinates>
</Point>
<ExtendedData>
	<Data name="IconNumber">
		<value>901001</value>
	</Data>
</ExtendedData>
</Placemark>
<Placemark>
<name>IX0280</name>
<TimeStamp><when>2026-08-02T08:54:37Z</when></TimeStamp>
<styleUrl>#route</styleUrl>
<Point>
<coordinates>138.501365,35.690610,-0.001000</coordinates>
</Point>
<ExtendedData>
	<Data name="IconNumber">
		<value>901001</value>
	</Data>
</ExtendedData>
</Placemark>
<Placemark>
<name>IX0281</name>
<TimeStamp><when>2026-08-02T08:54:47Z</when></TimeStamp>
<styleUrl>#route</styleUrl>
<Point>
<coordinates>138.501290,35.690293,-0.001000</coordinates>
</Point>
<ExtendedData>
	<Data name="IconNumber">
		<value>901001</value>
	</Data>
</ExtendedData>
</Placemark>
<Placemark>
<name>IX0282</name>
<TimeStamp><when>2026-08-02T08:54:57Z</when></TimeStamp>
<styleUrl>#route</styleUrl>
<Point>
<coordinates>138.501226,35.690095,-0.001000</coordinates>
</Point>
<ExtendedData>
	<Data name="IconNumber">
		<value>901001</value>
	</Data>
</ExtendedData>
</Placemark>
<Placemark>
<name>IX0283</name>
<TimeStamp><when>2026-08-02T08:55:07Z</when></TimeStamp>
<styleUrl>#route</styleUrl>
<Point>
<coordinates>138.501038,35.689641,-0.001000</coordinates>
</Point>
<ExtendedData>
	<Data name="IconNumber">
		<value>901001</value>
	</Data>
</ExtendedData>
</Placemark>
<Placemark>
<name>IX0284</name>
<TimeStamp><when>2026-08-02T08:55:17Z</when></TimeStamp>
<styleUrl>#route</styleUrl>
<Point>
<coordinates>138.500957,35.689435,-0.001000</coordinates>
</Point>
<ExtendedData>
	<Data name="IconNumber">
		<value>901001</value>
	</Data>
</ExtendedData>
</Placemark>
<Placemark>
<name>IX0285</name>
<TimeStamp><when>2026-08-02T08:55:27Z</when></TimeStamp>
<styleUrl>#route</styleUrl>
<Point>
<coordinates>138.500914,35.689289,-0.001000</coordinates>
</Point>
<ExtendedData>
	<Data name="IconNumber">
		<value>901001</value>
	</Data>
</ExtendedData>
</Placemark>
<Placemark>
<name>JG0053</name>
<TimeStamp><when>2026-08-02T08:55:37Z</when></TimeStamp>
<styleUrl>#route</styleUrl>
<Point>
<coordinates>138.500831,35.688961,-0.001000</coordinates>
</Point>
<ExtendedData>
	<Data name="IconNumber">
		<value>901001</value>
	</Data>
</ExtendedData>
</Placemark>
<Placemark>
<name>IX0287</name>
<TimeStamp><when>2026-08-02T08:55:47Z</when></TimeStamp>
<styleUrl>#route</styleUrl>
<Point>
<coordinates>138.500721,35.689035,-0.001000</coordinates>
</Point>
<ExtendedData>
	<Data name="IconNumber">
		<value>901001</value>
	</Data>
</ExtendedData>
</Placemark>
<Placemark>
<name>IX0288</name>
<TimeStamp><when>2026-08-02T08:55:57Z</when></TimeStamp>
<styleUrl>#route</styleUrl>
<Point>
<coordinates>138.500630,35.689113,-0.001000</coordinates>
</Point>
<ExtendedData>
	<Data name="IconNumber">
		<value>901001</value>
	</Data>
</ExtendedData>
</Placemark>
<Placemark>
<name>IX0289</name>
<TimeStamp><when>2026-08-02T08:56:07Z</when></TimeStamp>
<styleUrl>#route</styleUrl>
<Point>
<coordinates>138.500421,35.689310,-0.001000</coordinates>
</Point>
<ExtendedData>
	<Data name="IconNumber">
		<value>901001</value>
	</Data>
</ExtendedData>
</Placemark>
<Placemark>
<name>IX0290</name>
<TimeStamp><when>2026-08-02T08:56:17Z</when></TimeStamp>
<styleUrl>#route</styleUrl>
<Point>
<coordinates>138.500196,35.689542,-0.001000</coordinates>
</Point>
<ExtendedData>
	<Data name="IconNumber">
		<value>901001</value>
	</Data>
</ExtendedData>
</Placemark>
<Placemark>
<name>IX0291</name>
<TimeStamp><when>2026-08-02T08:56:27Z</when></TimeStamp>
<styleUrl>#route</styleUrl>
<Point>
<coordinates>138.500088,35.689649,-0.001000</coordinates>
</Point>
<ExtendedData>
	<Data name="IconNumber">
		<value>901001</value>
	</Data>
</ExtendedData>
</Placemark>
<Placemark>
<name>IX0292</name>
<TimeStamp><when>2026-08-02T08:56:37Z</when></TimeStamp>
<styleUrl>#route</styleUrl>
<Point>
<coordinates>138.499611,35.690070,-0.001000</coordinates>
</Point>
<ExtendedData>
	<Data name="IconNumber">
		<value>901001</value>
	</Data>
</ExtendedData>
</Placemark>
<Placemark>
<name>IX0293</name>
<TimeStamp><when>2026-08-02T08:56:47Z</when></TimeStamp>
<styleUrl>#route</styleUrl>
<Point>
<coordinates>138.499337,35.690344,-0.001000</coordinates>
</Point>
<ExtendedData>
	<Data name="IconNumber">
		<value>901001</value>
	</Data>
</ExtendedData>
</Placemark>
<Placemark>
<name>IX0294</name>
<TimeStamp><when>2026-08-02T08:56:57Z</when></TimeStamp>
<styleUrl>#route</styleUrl>
<Point>
<coordinates>138.499117,35.690576,-0.001000</coordinates>
</Point>
<ExtendedData>
	<Data name="IconNumber">
		<value>901001</value>
	</Data>
</ExtendedData>
</Placemark>
<Placemark>
<name>IX0295</name>
<TimeStamp><when>2026-08-02T08:57:07Z</when></TimeStamp>
<styleUrl>#route</styleUrl>
<Point>
<coordinates>138.498860,35.690872,-0.001000</coordinates>
</Point>
<ExtendedData>
	<Data name="IconNumber">
		<value>901001</value>
	</Data>
</ExtendedData>
</Placemark>
<Placemark>
<name>IX0296</name>
<TimeStamp><when>2026-08-02T08:57:17Z</when></TimeStamp>
<styleUrl>#route</styleUrl>
<Point>
<coordinates>138.498742,35.691035,-0.001000</coordinates>
</Point>
<ExtendedData>
	<Data name="IconNumber">
		<value>901001</value>
	</Data>
</ExtendedData>
</Placemark>
<Placemark>
<name>IX0297</name>
<TimeStamp><when>2026-08-02T08:57:27Z</when></TimeStamp>
<styleUrl>#route</styleUrl>
<Point>
<coordinates>138.498618,35.691228,-0.001000</coordinates>
</Point>
<ExtendedData>
	<Data name="IconNumber">
		<value>901001</value>
	</Data>
</ExtendedData>
</Placemark>
<Placemark>
<name>IX0298</name>
<TimeStamp><when>2026-08-02T08:57:37Z</when></TimeStamp>
<styleUrl>#route</styleUrl>
<Point>
<coordinates>138.498479,35.691469,-0.001000</coordinates>
</Point>
<ExtendedData>
	<Data name="IconNumber">
		<value>901001</value>
	</Data>
</ExtendedData>
</Placemark>
<Placemark>
<name>IX0299</name>
<TimeStamp><when>2026-08-02T08:57:47Z</when></TimeStamp>
<styleUrl>#route</styleUrl>
<Point>
<coordinates>138.498340,35.691739,-0.001000</coordinates>
</Point>
<ExtendedData>
	<Data name="IconNumber">
		<value>901001</value>
	</Data>
</ExtendedData>
</Placemark>
<Placemark>
<name>IX0300</name>
<TimeStamp><when>2026-08-02T08:57:57Z</when></TimeStamp>
<styleUrl>#route</styleUrl>
<Point>
<coordinates>138.498195,35.692155,-0.001000</coordinates>
</Point>
<ExtendedData>
	<Data name="IconNumber">
		<value>901001</value>
	</Data>
</ExtendedData>
</Placemark>
<Placemark>
<name>IX0301</name>
<TimeStamp><when>2026-08-02T08:58:07Z</when></TimeStamp>
<styleUrl>#route</styleUrl>
<Point>
<coordinates>138.497980,35.692653,-0.001000</coordinates>
</Point>
<ExtendedData>
	<Data name="IconNumber">
		<value>901001</value>
	</Data>
</ExtendedData>
</Placemark>
<Placemark>
<name>IX0302</name>
<TimeStamp><when>2026-08-02T08:58:17Z</when></TimeStamp>
<styleUrl>#route</styleUrl>
<Point>
<coordinates>138.497884,35.692902,-0.001000</coordinates>
</Point>
<ExtendedData>
	<Data name="IconNumber">
		<value>901001</value>
	</Data>
</ExtendedData>
</Placemark>
<Placemark>
<name>IX0303</name>
<TimeStamp><when>2026-08-02T08:58:27Z</when></TimeStamp>
<styleUrl>#route</styleUrl>
<Point>
<coordinates>138.497739,35.693241,-0.001000</coordinates>
</Point>
<ExtendedData>
	<Data name="IconNumber">
		<value>901001</value>
	</Data>
</ExtendedData>
</Placemark>
<Placemark>
<name>IX0304</name>
<TimeStamp><when>2026-08-02T08:58:37Z</when></TimeStamp>
<styleUrl>#route</styleUrl>
<Point>
<coordinates>138.497417,35.694095,-0.001000</coordinates>
</Point>
<ExtendedData>
	<Data name="IconNumber">
		<value>901001</value>
	</Data>
</ExtendedData>
</Placemark>
<Placemark>
<name>IX0305</name>
<TimeStamp><when>2026-08-02T08:58:47Z</when></TimeStamp>
<styleUrl>#route</styleUrl>
<Point>
<coordinates>138.497293,35.694430,-0.001000</coordinates>
</Point>
<ExtendedData>
	<Data name="IconNumber">
		<value>901001</value>
	</Data>
</ExtendedData>
</Placemark>
<Placemark>
<name>IX0306</name>
<TimeStamp><when>2026-08-02T08:58:57Z</when></TimeStamp>
<styleUrl>#route</styleUrl>
<Point>
<coordinates>138.497090,35.695009,-0.001000</coordinates>
</Point>
<ExtendedData>
	<Data name="IconNumber">
		<value>901001</value>
	</Data>
</ExtendedData>
</Placemark>
<Placemark>
<name>IX0307</name>
<TimeStamp><when>2026-08-02T08:59:07Z</when></TimeStamp>
<styleUrl>#route</styleUrl>
<Point>
<coordinates>138.496988,35.695340,-0.001000</coordinates>
</Point>
<ExtendedData>
	<Data name="IconNumber">
		<value>901001</value>
	</Data>
</ExtendedData>
</Placemark>
<Placemark>
<name>IX0308</name>
<TimeStamp><when>2026-08-02T08:59:17Z</when></TimeStamp>
<styleUrl>#route</styleUrl>
<Point>
<coordinates>138.496950,35.695451,-0.001000</coordinates>
</Point>
<ExtendedData>
	<Data name="IconNumber">
		<value>901001</value>
	</Data>
</ExtendedData>
</Placemark>
<Placemark>
<name>IX0309</name>
<TimeStamp><when>2026-08-02T08:59:27Z</when></TimeStamp>
<styleUrl>#route</styleUrl>
<Point>
<coordinates>138.496843,35.695773,-0.001000</coordinates>
</Point>
<ExtendedData>
	<Data name="IconNumber">
		<value>901001</value>
	</Data>
</ExtendedData>
</Placemark>
<Placemark>
<name>IX0310</name>
<TimeStamp><when>2026-08-02T08:59:37Z</when></TimeStamp>
<styleUrl>#route</styleUrl>
<Point>
<coordinates>138.496714,35.696129,-0.001000</coordinates>
</Point>
<ExtendedData>
	<Data name="IconNumber">
		<value>901001</value>
	</Data>
</ExtendedData>
</Placemark>
<Placemark>
<name>IX0311</name>
<TimeStamp><when>2026-08-02T08:59:47Z</when></TimeStamp>
<styleUrl>#route</styleUrl>
<Point>
<coordinates>138.496671,35.696335,-0.001000</coordinates>
</Point>
<ExtendedData>
	<Data name="IconNumber">
		<value>901001</value>
	</Data>
</ExtendedData>
</Placemark>
<Placemark>
<name>IX0312</name>
<TimeStamp><when>2026-08-02T08:59:57Z</when></TimeStamp>
<styleUrl>#route</styleUrl>
<Point>
<coordinates>138.496650,35.696490,-0.001000</coordinates>
</Point>
<ExtendedData>
	<Data name="IconNumber">
		<value>901001</value>
	</Data>
</ExtendedData>
</Placemark>
<Placemark>
<name>IX0313</name>
<TimeStamp><when>2026-08-02T09:00:07Z</when></TimeStamp>
<styleUrl>#route</styleUrl>
<Point>
<coordinates>138.496644,35.696593,-0.001000</coordinates>
</Point>
<ExtendedData>
	<Data name="IconNumber">
		<value>901001</value>
	</Data>
</ExtendedData>
</Placemark>
<Placemark>
<name>IX0314</name>
<TimeStamp><when>2026-08-02T09:00:17Z</when></TimeStamp>
<styleUrl>#route</styleUrl>
<Point>
<coordinates>138.496709,35.696782,-0.001000</coordinates>
</Point>
<ExtendedData>
	<Data name="IconNumber">
		<value>901001</value>
	</Data>
</ExtendedData>
</Placemark>
<Placemark>
<name>IX0315</name>
<TimeStamp><when>2026-08-02T09:00:27Z</when></TimeStamp>
<styleUrl>#route</styleUrl>
<Point>
<coordinates>138.496821,35.697168,-0.001000</coordinates>
</Point>
<ExtendedData>
	<Data name="IconNumber">
		<value>901001</value>
	</Data>
</ExtendedData>
</Placemark>
<Placemark>
<name>IX0316</name>
<TimeStamp><when>2026-08-02T09:00:37Z</when></TimeStamp>
<styleUrl>#route</styleUrl>
<Point>
<coordinates>138.496896,35.697460,-0.001000</coordinates>
</Point>
<ExtendedData>
	<Data name="IconNumber">
		<value>901001</value>
	</Data>
</ExtendedData>
</Placemark>
<Placemark>
<name>IX0317</name>
<TimeStamp><when>2026-08-02T09:00:47Z</when></TimeStamp>
<styleUrl>#route</styleUrl>
<Point>
<coordinates>138.496977,35.697739,-0.001000</coordinates>
</Point>
<ExtendedData>
	<Data name="IconNumber">
		<value>901001</value>
	</Data>
</ExtendedData>
</Placemark>
</Folder>
<Placemark>
<name>Path</name>
<Style>
<LineStyle>
 <color>ff0000ff</color>
 <width>2</width>
</LineStyle>
</Style>
<LineString>
<tessellate>1</tessellate>
<coordinates>
138.484081,35.735487,-0.001000
138.484038,35.735405,-0.001000
138.483941,35.735234,-0.001000
138.483888,35.735157,-0.001000
138.483813,35.735066,-0.001000
138.483587,35.734882,-0.001000
138.483485,35.734800,-0.001000
138.483190,35.734577,-0.001000
138.482874,35.734311,-0.001000
138.482729,35.734182,-0.001000
138.482659,35.734114,-0.001000
138.482611,35.734049,-0.001000
138.482525,35.733938,-0.001000
138.482488,35.733869,-0.001000
138.482450,35.733783,-0.001000
138.482364,35.733552,-0.001000
138.482300,35.733354,-0.001000
138.482257,35.733221,-0.001000
138.482241,35.733144,-0.001000
138.482198,35.732989,-0.001000
138.482085,35.732590,-0.001000
138.481978,35.732140,-0.001000
138.481957,35.732054,-0.001000
138.481946,35.731985,-0.001000
138.481935,35.731852,-0.001000
138.481940,35.731771,-0.001000
138.481957,35.731685,-0.001000
138.481973,35.731620,-0.001000
138.481903,35.731457,-0.001000
138.481871,35.731397,-0.001000
138.481763,35.731127,-0.001000
138.481726,35.731054,-0.001000
138.481678,35.730990,-0.001000
138.481570,35.730895,-0.001000
138.481522,35.730839,-0.001000
138.481474,35.730762,-0.001000
138.481452,35.730711,-0.001000
138.481415,35.730590,-0.001000
138.481420,35.730522,-0.001000
138.481463,35.730286,-0.001000
138.481485,35.730144,-0.001000
138.481463,35.730058,-0.001000
138.481367,35.729681,-0.001000
138.481200,35.728977,-0.001000
138.481184,35.728900,-0.001000
138.481179,35.728822,-0.001000
138.481184,35.728711,-0.001000
138.481200,35.728642,-0.001000
138.481383,35.728316,-0.001000
138.481442,35.728170,-0.001000
138.481522,35.727895,-0.001000
138.481581,35.727724,-0.001000
138.481651,35.727612,-0.001000
138.481721,35.727535,-0.001000
138.481796,35.727466,-0.001000
138.482010,35.727286,-0.001000
138.482354,35.726930,-0.001000
138.482751,35.726522,-0.001000
138.482799,35.726428,-0.001000
138.482815,35.726372,-0.001000
138.482826,35.726273,-0.001000
138.482831,35.726101,-0.001000
138.482793,35.725805,-0.001000
138.482788,35.725681,-0.001000
138.482793,35.725625,-0.001000
138.482826,35.725556,-0.001000
138.482895,35.725458,-0.001000
138.482965,35.725389,-0.001000
138.483389,35.725097,-0.001000
138.483566,35.724956,-0.001000
138.483636,35.724887,-0.001000
138.483689,35.724840,-0.001000
138.483904,35.724587,-0.001000
138.484006,35.724458,-0.001000
138.484236,35.724175,-0.001000
138.484290,35.724089,-0.001000
138.484328,35.723951,-0.001000
138.484338,35.723874,-0.001000
138.484338,35.723728,-0.001000
138.484333,35.723608,-0.001000
138.484328,35.723496,-0.001000
138.484312,35.723385,-0.001000
138.484290,35.723286,-0.001000
138.483990,35.722514,-0.001000
138.483915,35.722286,-0.001000
138.483764,35.721784,-0.001000
138.483689,35.721505,-0.001000
138.483625,35.721231,-0.001000
138.483443,35.720462,-0.001000
138.483341,35.719999,-0.001000
138.483325,35.719737,-0.001000
138.483282,35.719527,-0.001000
138.483249,35.719437,-0.001000
138.483217,35.719355,-0.001000
138.483190,35.719282,-0.001000
138.483180,35.719218,-0.001000
138.483185,35.719132,-0.001000
138.483249,35.718866,-0.001000
138.483260,35.718793,-0.001000
138.483266,35.718690,-0.001000
138.483266,35.718518,-0.001000
138.483212,35.717523,-0.001000
138.483196,35.717342,-0.001000
138.483164,35.717162,-0.001000
138.483131,35.717033,-0.001000
138.483099,35.716939,-0.001000
138.483067,35.716857,-0.001000
138.483013,35.716759,-0.001000
138.482960,35.716677,-0.001000
138.482665,35.716347,-0.001000
138.482606,35.716265,-0.001000
138.482573,35.716179,-0.001000
138.482563,35.716021,-0.001000
138.482643,35.715922,-0.001000
138.482944,35.715287,-0.001000
138.482954,35.715235,-0.001000
138.482933,35.715051,-0.001000
138.482928,35.714961,-0.001000
138.482938,35.714338,-0.001000
138.482954,35.714141,-0.001000
138.483019,35.714016,-0.001000
138.483105,35.713905,-0.001000
138.483276,35.713622,-0.001000
138.483378,35.713471,-0.001000
138.483410,35.713407,-0.001000
138.483416,35.713330,-0.001000
138.483416,35.713265,-0.001000
138.483373,35.713141,-0.001000
138.483319,35.713029,-0.001000
138.483260,35.712926,-0.001000
138.483137,35.712750,-0.001000
138.483051,35.712678,-0.001000
138.482799,35.712549,-0.001000
138.482708,35.712506,-0.001000
138.482654,35.712467,-0.001000
138.482616,35.712407,-0.001000
138.482611,35.712360,-0.001000
138.482643,35.712317,-0.001000
138.482697,35.712283,-0.001000
138.482745,35.712266,-0.001000
138.482810,35.712274,-0.001000
138.482901,35.712308,-0.001000
138.482965,35.712364,-0.001000
138.483035,35.712403,-0.001000
138.483147,35.712441,-0.001000
138.483292,35.712497,-0.001000
138.483394,35.712536,-0.001000
138.483528,35.712600,-0.001000
138.484623,35.713231,-0.001000
138.484741,35.713287,-0.001000
138.484843,35.713334,-0.001000
138.484918,35.713347,-0.001000
138.484987,35.713338,-0.001000
138.485046,35.713304,-0.001000
138.485079,35.713253,-0.001000
138.485095,35.713201,-0.001000
138.485095,35.713072,-0.001000
138.485068,35.712952,-0.001000
138.485030,35.712828,-0.001000
138.484945,35.712626,-0.001000
138.484800,35.712411,-0.001000
138.484703,35.712175,-0.001000
138.484505,35.711622,-0.001000
138.484435,35.711553,-0.001000
138.484306,35.711476,-0.001000
138.484253,35.711437,-0.001000
138.484199,35.711377,-0.001000
138.484156,35.711317,-0.001000
138.484135,35.711240,-0.001000
138.484108,35.711180,-0.001000
138.484063,35.710992,-0.001000
138.484011,35.710819,-0.001000
138.483990,35.710738,-0.001000
138.483968,35.710583,-0.001000
138.483941,35.710356,-0.001000
138.483941,35.710180,-0.001000
138.483958,35.709991,-0.001000
138.483979,35.709888,-0.001000
138.484011,35.709772,-0.001000
138.484059,35.709661,-0.001000
138.484247,35.709266,-0.001000
138.484285,35.709176,-0.001000
138.484295,35.709094,-0.001000
138.484290,35.708944,-0.001000
138.484338,35.708815,-0.001000
138.484456,35.708695,-0.001000
138.484692,35.708463,-0.001000
138.484864,35.708343,-0.001000
138.485143,35.708171,-0.001000
138.485197,35.708086,-0.001000
138.485363,35.707686,-0.001000
138.485476,35.707502,-0.001000
138.485572,35.707382,-0.001000
138.485685,35.707270,-0.001000
138.486152,35.706781,-0.001000
138.486323,35.706506,-0.001000
138.486431,35.706360,-0.001000
138.486575,35.706270,-0.001000
138.487112,35.705978,-0.001000
138.487278,35.705854,-0.001000
138.487348,35.705699,-0.001000
138.487396,35.705330,-0.001000
138.487460,35.705099,-0.001000
138.487541,35.704961,-0.001000
138.487723,35.704833,-0.001000
138.487879,35.704691,-0.001000
138.487986,35.704554,-0.001000
138.487922,35.704232,-0.001000
138.487922,35.703970,-0.001000
138.487943,35.703794,-0.001000
138.488008,35.703678,-0.001000
138.488158,35.703537,-0.001000
138.489209,35.702700,-0.001000
138.489649,35.702292,-0.001000
138.489864,35.702043,-0.001000
138.490465,35.701168,-0.001000
138.490583,35.701047,-0.001000
138.490711,35.700927,-0.001000
138.491773,35.700086,-0.001000
138.492557,35.699460,-0.001000
138.492830,35.699228,-0.001000
138.492997,35.699056,-0.001000
138.493292,35.698704,-0.001000
138.493469,35.698391,-0.001000
138.493544,35.698181,-0.001000
138.493699,35.697580,-0.001000
138.493823,35.697370,-0.001000
138.493935,35.697215,-0.001000
138.494139,35.697086,-0.001000
138.494606,35.697005,-0.001000
138.494987,35.697061,-0.001000
138.495180,35.697108,-0.001000
138.495427,35.697172,-0.001000
138.495630,35.697245,-0.001000
138.495856,35.697301,-0.001000
138.496033,35.697357,-0.001000
138.496263,35.697443,-0.001000
138.496607,35.697593,-0.001000
138.496977,35.697743,-0.001000
138.497336,35.697863,-0.001000
138.497572,35.697919,-0.001000
138.497798,35.697940,-0.001000
138.497937,35.697949,-0.001000
138.498077,35.697949,-0.001000
138.498291,35.697932,-0.001000
138.498441,35.697906,-0.001000
138.498667,35.697855,-0.001000
138.498774,35.697820,-0.001000
138.499096,35.697679,-0.001000
138.499300,35.697588,-0.001000
138.500362,35.697138,-0.001000
138.501059,35.696833,-0.001000
138.501424,35.696662,-0.001000
138.501537,35.696601,-0.001000
138.501628,35.696537,-0.001000
138.501735,35.696443,-0.001000
138.501810,35.696365,-0.001000
138.501885,35.696241,-0.001000
138.501918,35.696181,-0.001000
138.501961,35.696074,-0.001000
138.501982,35.695915,-0.001000
138.501987,35.695812,-0.001000
138.501971,35.695705,-0.001000
138.501955,35.695606,-0.001000
138.501816,35.695121,-0.001000
138.501671,35.694623,-0.001000
138.501601,35.694391,-0.001000
138.501558,35.694233,-0.001000
138.501499,35.694001,-0.001000
138.501456,35.693808,-0.001000
138.501419,35.693572,-0.001000
138.501403,35.693439,-0.001000
138.501370,35.693104,-0.001000
138.501365,35.692902,-0.001000
138.501360,35.692683,-0.001000
138.501424,35.691619,-0.001000
138.501429,35.691482,-0.001000
138.501435,35.691151,-0.001000
138.501424,35.690975,-0.001000
138.501365,35.690610,-0.001000
138.501290,35.690293,-0.001000
138.501226,35.690095,-0.001000
138.501038,35.689641,-0.001000
138.500957,35.689435,-0.001000
138.500914,35.689289,-0.001000
138.500831,35.688961,-0.001000
138.500721,35.689035,-0.001000
138.500630,35.689113,-0.001000
138.500421,35.689310,-0.001000
138.500196,35.689542,-0.001000
138.500088,35.689649,-0.001000
138.499611,35.690070,-0.001000
138.499337,35.690344,-0.001000
138.499117,35.690576,-0.001000
138.498860,35.690872,-0.001000
138.498742,35.691035,-0.001000
138.498618,35.691228,-0.001000
138.498479,35.691469,-0.001000
138.498340,35.691739,-0.001000
138.498195,35.692155,-0.001000
138.497980,35.692653,-0.001000
138.497884,35.692902,-0.001000
138.497739,35.693241,-0.001000
138.497417,35.694095,-0.001000
138.497293,35.694430,-0.001000
138.497090,35.695009,-0.001000
138.496988,35.695340,-0.001000
138.496950,35.695451,-0.001000
138.496843,35.695773,-0.001000
138.496714,35.696129,-0.001000
138.496671,35.696335,-0.001000
138.496650,35.696490,-0.001000
138.496644,35.696593,-0.001000
138.496709,35.696782,-0.001000
138.496821,35.697168,-0.001000
138.496896,35.697460,-0.001000
138.496977,35.697739,-0.001000
</coordinates>
</LineString>
</Placemark>
</Folder>
</Folder>
</Document>
</kml>
