<?xml version="1.0" encoding="UTF-8"?>
<kml xmlns="http://www.opengis.net/kml/2.2" xmlns:gx="http://www.google.com/kml/ext/2.2" xmlns:kml="http://www.opengis.net/kml/2.2" xmlns:atom="http://www.w3.org/2005/Atom">
<Document>
<Style id="route_n">
<IconStyle>
<Icon>
<href>http://maps.google.com/mapfiles/kml/paddle/blu-blank.png</href>
</Icon>
</IconStyle>
</Style>
<StyleMap id="route">
<Pair>
<key>normal</key>
<styleUrl>#route_n</styleUrl>
</Pair>
<Pair>
<key>highlight</key>
<styleUrl>#route_h</styleUrl>
</Pair>
</StyleMap>
<Style id="route_h">
<IconStyle>
<scale>1.2</scale>
<Icon>
<href>http://maps.google.com/mapfiles/kml/paddle/blu-blank.png</href>
</Icon>
</IconStyle>
</Style>
<Folder>
<name>Routes</name>
<Folder>
<name>熊谷小八林・冑山</name>
<Folder>
<name>Points</name>
<Placemark>
<name>YC0020</name>
<TimeStamp><when>2026-09-23T21:39:23Z</when></TimeStamp>
<styleUrl>#route</styleUrl>
<Point>
<coordinates>139.430867,36.081062,-0.001000</coordinates>
</Point>
<ExtendedData>
	<Data name="IconNumber">
		<value>901001</value>
	</Data>
</ExtendedData>
</Placemark>
<Placemark>
<name>KK0002</name>
<TimeStamp><when>2026-09-23T21:39:33Z</when></TimeStamp>
<styleUrl>#route</styleUrl>
<Point>
<coordinates>139.429936,36.081272,-0.001000</coordinates>
</Point>
<ExtendedData>
	<Data name="IconNumber">
		<value>901001</value>
	</Data>
</ExtendedData>
</Placemark>
<Placemark>
<name>KK0003</name>
<TimeStamp><when>2026-09-23T21:39:43Z</when></TimeStamp>
<styleUrl>#route</styleUrl>
<Point>
<coordinates>139.429464,36.081401,-0.001000</coordinates>
</Point>
<ExtendedData>
	<Data name="IconNumber">
		<value>901001</value>
	</Data>
</ExtendedData>
</Placemark>
<Placemark>
<name>KK0004</name>
<TimeStamp><when>2026-09-23T21:39:53Z</when></TimeStamp>
<styleUrl>#route</styleUrl>
<Point>
<coordinates>139.425892,36.082191,-0.001000</coordinates>
</Point>
<ExtendedData>
	<Data name="IconNumber">
		<value>901001</value>
	</Data>
</ExtendedData>
</Placemark>
<Placemark>
<name>KK0005</name>
<TimeStamp><when>2026-09-23T21:40:03Z</when></TimeStamp>
<styleUrl>#route</styleUrl>
<Point>
<coordinates>139.424218,36.082577,-0.001000</coordinates>
</Point>
<ExtendedData>
	<Data name="IconNumber">
		<value>901001</value>
	</Data>
</ExtendedData>
</Placemark>
<Placemark>
<name>KK0006</name>
<TimeStamp><when>2026-09-23T21:40:13Z</when></TimeStamp>
<styleUrl>#route</styleUrl>
<Point>
<coordinates>139.423263,36.082783,-0.001000</coordinates>
</Point>
<ExtendedData>
	<Data name="IconNumber">
		<value>901001</value>
	</Data>
</ExtendedData>
</Placemark>
<Placemark>
<name>KK0007</name>
<TimeStamp><when>2026-09-23T21:40:23Z</when></TimeStamp>
<styleUrl>#route</styleUrl>
<Point>
<coordinates>139.420581,36.083384,-0.001000</coordinates>
</Point>
<ExtendedData>
	<Data name="IconNumber">
		<value>901001</value>
	</Data>
</ExtendedData>
</Placemark>
<Placemark>
<name>KK0008</name>
<TimeStamp><when>2026-09-23T21:40:33Z</when></TimeStamp>
<styleUrl>#route</styleUrl>
<Point>
<coordinates>139.418403,36.083864,-0.001000</coordinates>
</Point>
<ExtendedData>
	<Data name="IconNumber">
		<value>901001</value>
	</Data>
</ExtendedData>
</Placemark>
<Placemark>
<name>KK0009</name>
<TimeStamp><when>2026-09-23T21:40:43Z</when></TimeStamp>
<styleUrl>#route</styleUrl>
<Point>
<coordinates>139.418151,36.083916,-0.001000</coordinates>
</Point>
<ExtendedData>
	<Data name="IconNumber">
		<value>901001</value>
	</Data>
</ExtendedData>
</Placemark>
<Placemark>
<name>KK0010</name>
<TimeStamp><when>2026-09-23T21:40:53Z</when></TimeStamp>
<styleUrl>#route</styleUrl>
<Point>
<coordinates>139.418033,36.083942,-0.001000</coordinates>
</Point>
<ExtendedData>
	<Data name="IconNumber">
		<value>901001</value>
	</Data>
</ExtendedData>
</Placemark>
<Placemark>
<name>KK0011</name>
<TimeStamp><when>2026-09-23T21:41:03Z</when></TimeStamp>
<styleUrl>#route</styleUrl>
<Point>
<coordinates>139.417920,36.083950,-0.001000</coordinates>
</Point>
<ExtendedData>
	<Data name="IconNumber">
		<value>901001</value>
	</Data>
</ExtendedData>
</Placemark>
<Placemark>
<name>KK0012</name>
<TimeStamp><when>2026-09-23T21:41:13Z</when></TimeStamp>
<styleUrl>#route</styleUrl>
<Point>
<coordinates>139.417802,36.083959,-0.001000</coordinates>
</Point>
<ExtendedData>
	<Data name="IconNumber">
		<value>901001</value>
	</Data>
</ExtendedData>
</Placemark>
<Placemark>
<name>KK0013</name>
<TimeStamp><when>2026-09-23T21:41:23Z</when></TimeStamp>
<styleUrl>#route</styleUrl>
<Point>
<coordinates>139.417673,36.083946,-0.001000</coordinates>
</Point>
<ExtendedData>
	<Data name="IconNumber">
		<value>901001</value>
	</Data>
</ExtendedData>
</Placemark>
<Placemark>
<name>KK0014</name>
<TimeStamp><when>2026-09-23T21:41:33Z</when></TimeStamp>
<styleUrl>#route</styleUrl>
<Point>
<coordinates>139.417507,36.083912,-0.001000</coordinates>
</Point>
<ExtendedData>
	<Data name="IconNumber">
		<value>901001</value>
	</Data>
</ExtendedData>
</Placemark>
<Placemark>
<name>KK0015</name>
<TimeStamp><when>2026-09-23T21:41:43Z</when></TimeStamp>
<styleUrl>#route</styleUrl>
<Point>
<coordinates>139.417346,36.083864,-0.001000</coordinates>
</Point>
<ExtendedData>
	<Data name="IconNumber">
		<value>901001</value>
	</Data>
</ExtendedData>
</Placemark>
<Placemark>
<name>KK0016</name>
<TimeStamp><when>2026-09-23T21:41:53Z</when></TimeStamp>
<styleUrl>#route</styleUrl>
<Point>
<coordinates>139.417207,36.083813,-0.001000</coordinates>
</Point>
<ExtendedData>
	<Data name="IconNumber">
		<value>901001</value>
	</Data>
</ExtendedData>
</Placemark>
<Placemark>
<name>KK0017</name>
<TimeStamp><when>2026-09-23T21:42:03Z</when></TimeStamp>
<styleUrl>#route</styleUrl>
<Point>
<coordinates>139.415640,36.083105,-0.001000</coordinates>
</Point>
<ExtendedData>
	<Data name="IconNumber">
		<value>901001</value>
	</Data>
</ExtendedData>
</Placemark>
<Placemark>
<name>KK0018</name>
<TimeStamp><when>2026-09-23T21:42:13Z</when></TimeStamp>
<styleUrl>#route</styleUrl>
<Point>
<coordinates>139.414718,36.082676,-0.001000</coordinates>
</Point>
<ExtendedData>
	<Data name="IconNumber">
		<value>901001</value>
	</Data>
</ExtendedData>
</Placemark>
<Placemark>
<name>KK0019</name>
<TimeStamp><when>2026-09-23T21:42:23Z</when></TimeStamp>
<styleUrl>#route</styleUrl>
<Point>
<coordinates>139.414460,36.082573,-0.001000</coordinates>
</Point>
<ExtendedData>
	<Data name="IconNumber">
		<value>901001</value>
	</Data>
</ExtendedData>
</Placemark>
<Placemark>
<name>KK0020</name>
<TimeStamp><when>2026-09-23T21:42:33Z</when></TimeStamp>
<styleUrl>#route</styleUrl>
<Point>
<coordinates>139.414203,36.082495,-0.001000</coordinates>
</Point>
<ExtendedData>
	<Data name="IconNumber">
		<value>901001</value>
	</Data>
</ExtendedData>
</Placemark>
<Placemark>
<name>KK0021</name>
<TimeStamp><when>2026-09-23T21:42:43Z</when></TimeStamp>
<styleUrl>#route</styleUrl>
<Point>
<coordinates>139.413956,36.082427,-0.001000</coordinates>
</Point>
<ExtendedData>
	<Data name="IconNumber">
		<value>901001</value>
	</Data>
</ExtendedData>
</Placemark>
<Placemark>
<name>KK0022</name>
<TimeStamp><when>2026-09-23T21:42:53Z</when></TimeStamp>
<styleUrl>#route</styleUrl>
<Point>
<coordinates>139.413130,36.082247,-0.001000</coordinates>
</Point>
<ExtendedData>
	<Data name="IconNumber">
		<value>901001</value>
	</Data>
</ExtendedData>
</Placemark>
<Placemark>
<name>KK0023</name>
<TimeStamp><when>2026-09-23T21:43:03Z</when></TimeStamp>
<styleUrl>#route</styleUrl>
<Point>
<coordinates>139.412572,36.082135,-0.001000</coordinates>
</Point>
<ExtendedData>
	<Data name="IconNumber">
		<value>901001</value>
	</Data>
</ExtendedData>
</Placemark>
<Placemark>
<name>KK0024</name>
<TimeStamp><when>2026-09-23T21:43:13Z</when></TimeStamp>
<styleUrl>#route</styleUrl>
<Point>
<coordinates>139.412110,36.081998,-0.001000</coordinates>
</Point>
<ExtendedData>
	<Data name="IconNumber">
		<value>901001</value>
	</Data>
</ExtendedData>
</Placemark>
<Placemark>
<name>KK0025</name>
<TimeStamp><when>2026-09-23T21:43:23Z</when></TimeStamp>
<styleUrl>#route</styleUrl>
<Point>
<coordinates>139.411864,36.081886,-0.001000</coordinates>
</Point>
<ExtendedData>
	<Data name="IconNumber">
		<value>901001</value>
	</Data>
</ExtendedData>
</Placemark>
<Placemark>
<name>KK0026</name>
<TimeStamp><when>2026-09-23T21:43:33Z</when></TimeStamp>
<styleUrl>#route</styleUrl>
<Point>
<coordinates>139.410909,36.081397,-0.001000</coordinates>
</Point>
<ExtendedData>
	<Data name="IconNumber">
		<value>901001</value>
	</Data>
</ExtendedData>
</Placemark>
<Placemark>
<name>KK0027</name>
<TimeStamp><when>2026-09-23T21:43:43Z</when></TimeStamp>
<styleUrl>#route</styleUrl>
<Point>
<coordinates>139.410694,36.081302,-0.001000</coordinates>
</Point>
<ExtendedData>
	<Data name="IconNumber">
		<value>901001</value>
	</Data>
</ExtendedData>
</Placemark>
<Placemark>
<name>KK0028</name>
<TimeStamp><when>2026-09-23T21:43:53Z</when></TimeStamp>
<styleUrl>#route</styleUrl>
<Point>
<coordinates>139.410533,36.081268,-0.001000</coordinates>
</Point>
<ExtendedData>
	<Data name="IconNumber">
		<value>901001</value>
	</Data>
</ExtendedData>
</Placemark>
<Placemark>
<name>KK0029</name>
<TimeStamp><when>2026-09-23T21:44:03Z</when></TimeStamp>
<styleUrl>#route</styleUrl>
<Point>
<coordinates>139.410308,36.081242,-0.001000</coordinates>
</Point>
<ExtendedData>
	<Data name="IconNumber">
		<value>901001</value>
	</Data>
</ExtendedData>
</Placemark>
<Placemark>
<name>KK0030</name>
<TimeStamp><when>2026-09-23T21:44:13Z</when></TimeStamp>
<styleUrl>#route</styleUrl>
<Point>
<coordinates>139.409739,36.081268,-0.001000</coordinates>
</Point>
<ExtendedData>
	<Data name="IconNumber">
		<value>901001</value>
	</Data>
</ExtendedData>
</Placemark>
<Placemark>
<name>KK0031</name>
<TimeStamp><when>2026-09-23T21:44:23Z</when></TimeStamp>
<styleUrl>#route</styleUrl>
<Point>
<coordinates>139.408881,36.081397,-0.001000</coordinates>
</Point>
<ExtendedData>
	<Data name="IconNumber">
		<value>901001</value>
	</Data>
</ExtendedData>
</Placemark>
<Placemark>
<name>KK0032</name>
<TimeStamp><when>2026-09-23T21:44:33Z</when></TimeStamp>
<styleUrl>#route</styleUrl>
<Point>
<coordinates>139.408527,36.081440,-0.001000</coordinates>
</Point>
<ExtendedData>
	<Data name="IconNumber">
		<value>901001</value>
	</Data>
</ExtendedData>
</Placemark>
<Placemark>
<name>KK0033</name>
<TimeStamp><when>2026-09-23T21:44:43Z</when></TimeStamp>
<styleUrl>#route</styleUrl>
<Point>
<coordinates>139.408334,36.081440,-0.001000</coordinates>
</Point>
<ExtendedData>
	<Data name="IconNumber">
		<value>901001</value>
	</Data>
</ExtendedData>
</Placemark>
<Placemark>
<name>KK0034</name>
<TimeStamp><when>2026-09-23T21:44:53Z</when></TimeStamp>
<styleUrl>#route</styleUrl>
<Point>
<coordinates>139.407964,36.081401,-0.001000</coordinates>
</Point>
<ExtendedData>
	<Data name="IconNumber">
		<value>901001</value>
	</Data>
</ExtendedData>
</Placemark>
<Placemark>
<name>KK0035</name>
<TimeStamp><when>2026-09-23T21:45:03Z</when></TimeStamp>
<styleUrl>#route</styleUrl>
<Point>
<coordinates>139.407814,36.081375,-0.001000</coordinates>
</Point>
<ExtendedData>
	<Data name="IconNumber">
		<value>901001</value>
	</Data>
</ExtendedData>
</Placemark>
<Placemark>
<name>KK0036</name>
<TimeStamp><when>2026-09-23T21:45:13Z</when></TimeStamp>
<styleUrl>#route</styleUrl>
<Point>
<coordinates>139.407701,36.081337,-0.001000</coordinates>
</Point>
<ExtendedData>
	<Data name="IconNumber">
		<value>901001</value>
	</Data>
</ExtendedData>
</Placemark>
<Placemark>
<name>AD0112</name>
<TimeStamp><when>2026-09-23T21:45:23Z</when></TimeStamp>
<styleUrl>#route</styleUrl>
<Point>
<coordinates>139.407614,36.081240,0.000000</coordinates>
</Point>
<ExtendedData>
	<Data name="IconNumber">
		<value>901001</value>
	</Data>
</ExtendedData>
</Placemark>
</Folder>
<Placemark>
<name>Path</name>
<Style>
<LineStyle>
 <color>ff0000ff</color>
 <width>2</width>
</LineStyle>
</Style>
<LineString>
<tessellate>1</tessellate>
<coordinates>
139.430867,36.081062,-0.001000
139.429936,36.081272,-0.001000
139.429464,36.081401,-0.001000
139.425892,36.082191,-0.001000
139.424218,36.082577,-0.001000
139.423263,36.082783,-0.001000
139.420581,36.083384,-0.001000
139.418403,36.083864,-0.001000
139.418151,36.083916,-0.001000
139.418033,36.083942,-0.001000
139.417920,36.083950,-0.001000
139.417802,36.083959,-0.001000
139.417673,36.083946,-0.001000
139.417507,36.083912,-0.001000
139.417346,36.083864,-0.001000
139.417207,36.083813,-0.001000
139.415640,36.083105,-0.001000
139.414718,36.082676,-0.001000
139.414460,36.082573,-0.001000
139.414203,36.082495,-0.001000
139.413956,36.082427,-0.001000
139.413130,36.082247,-0.001000
139.412572,36.082135,-0.001000
139.412110,36.081998,-0.001000
139.411864,36.081886,-0.001000
139.410909,36.081397,-0.001000
139.410694,36.081302,-0.001000
139.410533,36.081268,-0.001000
139.410308,36.081242,-0.001000
139.409739,36.081268,-0.001000
139.408881,36.081397,-0.001000
139.408527,36.081440,-0.001000
139.408334,36.081440,-0.001000
139.407964,36.081401,-0.001000
139.407814,36.081375,-0.001000
139.407701,36.081337,-0.001000
139.407614,36.081240,0.000000
</coordinates>
</LineString>
</Placemark>
</Folder>
<Folder>
<name>吹上本・鎌塚</name>
<Folder>
<name>Points</name>
<Placemark>
<name>KI0025</name>
<TimeStamp><when>2026-09-23T21:35:12Z</when></TimeStamp>
<styleUrl>#route</styleUrl>
<Point>
<coordinates>139.453626,36.105043,-0.001000</coordinates>
</Point>
<ExtendedData>
	<Data name="IconNumber">
		<value>901001</value>
	</Data>
</ExtendedData>
</Placemark>
<Placemark>
<name>KJ0002</name>
<TimeStamp><when>2026-09-23T21:35:22Z</when></TimeStamp>
<styleUrl>#route</styleUrl>
<Point>
<coordinates>139.453347,36.105185,-0.001000</coordinates>
</Point>
<ExtendedData>
	<Data name="IconNumber">
		<value>901001</value>
	</Data>
</ExtendedData>
</Placemark>
<Placemark>
<name>KJ0003</name>
<TimeStamp><when>2026-09-23T21:35:32Z</when></TimeStamp>
<styleUrl>#route</styleUrl>
<Point>
<coordinates>139.452746,36.105519,-0.001000</coordinates>
</Point>
<ExtendedData>
	<Data name="IconNumber">
		<value>901001</value>
	</Data>
</ExtendedData>
</Placemark>
<Placemark>
<name>KJ0004</name>
<TimeStamp><when>2026-09-23T21:35:42Z</when></TimeStamp>
<styleUrl>#route</styleUrl>
<Point>
<coordinates>139.451587,36.106120,-0.001000</coordinates>
</Point>
<ExtendedData>
	<Data name="IconNumber">
		<value>901001</value>
	</Data>
</ExtendedData>
</Placemark>
<Placemark>
<name>KJ0005</name>
<TimeStamp><when>2026-09-23T21:35:52Z</when></TimeStamp>
<styleUrl>#route</styleUrl>
<Point>
<coordinates>139.451029,36.106446,-0.001000</coordinates>
</Point>
<ExtendedData>
	<Data name="IconNumber">
		<value>901001</value>
	</Data>
</ExtendedData>
</Placemark>
<Placemark>
<name>KJ0006</name>
<TimeStamp><when>2026-09-23T21:36:02Z</when></TimeStamp>
<styleUrl>#route</styleUrl>
<Point>
<coordinates>139.449559,36.107348,-0.001000</coordinates>
</Point>
<ExtendedData>
	<Data name="IconNumber">
		<value>901001</value>
	</Data>
</ExtendedData>
</Placemark>
<Placemark>
<name>KJ0007</name>
<TimeStamp><when>2026-09-23T21:36:12Z</when></TimeStamp>
<styleUrl>#route</styleUrl>
<Point>
<coordinates>139.448572,36.107966,-0.001000</coordinates>
</Point>
<ExtendedData>
	<Data name="IconNumber">
		<value>901001</value>
	</Data>
</ExtendedData>
</Placemark>
<Placemark>
<name>KJ0008</name>
<TimeStamp><when>2026-09-23T21:36:22Z</when></TimeStamp>
<styleUrl>#route</styleUrl>
<Point>
<coordinates>139.448240,36.108180,-0.001000</coordinates>
</Point>
<ExtendedData>
	<Data name="IconNumber">
		<value>901001</value>
	</Data>
</ExtendedData>
</Placemark>
<Placemark>
<name>YC0057</name>
<TimeStamp><when>2026-09-23T21:36:32Z</when></TimeStamp>
<styleUrl>#route</styleUrl>
<Point>
<coordinates>139.447926,36.108347,-0.001000</coordinates>
</Point>
<ExtendedData>
	<Data name="IconNumber">
		<value>901001</value>
	</Data>
</ExtendedData>
</Placemark>
</Folder>
<Placemark>
<name>Path</name>
<Style>
<LineStyle>
 <color>ff0000ff</color>
 <width>2</width>
</LineStyle>
</Style>
<LineString>
<tessellate>1</tessellate>
<coordinates>
139.453626,36.105043,-0.001000
139.453347,36.105185,-0.001000
139.452746,36.105519,-0.001000
139.451587,36.106120,-0.001000
139.451029,36.106446,-0.001000
139.449559,36.107348,-0.001000
139.448572,36.107966,-0.001000
139.448240,36.108180,-0.001000
139.447926,36.108347,-0.001000
</coordinates>
</LineString>
</Placemark>
</Folder>
<Folder>
<name>行田下忍・吹上駅</name>
<Folder>
<name>Points</name>
<Placemark>
<name>AE0185</name>
<TimeStamp><when>2026-09-23T21:33:03Z</when></TimeStamp>
<styleUrl>#route</styleUrl>
<Point>
<coordinates>139.462466,36.123107,0.000000</coordinates>
</Point>
<ExtendedData>
	<Data name="IconNumber">
		<value>901001</value>
	</Data>
</ExtendedData>
</Placemark>
<Placemark>
<name>KI0002</name>
<TimeStamp><when>2026-09-23T21:33:13Z</when></TimeStamp>
<styleUrl>#route</styleUrl>
<Point>
<coordinates>139.462429,36.122857,-0.001000</coordinates>
</Point>
<ExtendedData>
	<Data name="IconNumber">
		<value>901001</value>
	</Data>
</ExtendedData>
</Placemark>
<Placemark>
<name>KI0003</name>
<TimeStamp><when>2026-09-23T21:33:23Z</when></TimeStamp>
<styleUrl>#route</styleUrl>
<Point>
<coordinates>139.462396,36.122720,-0.001000</coordinates>
</Point>
<ExtendedData>
	<Data name="IconNumber">
		<value>901001</value>
	</Data>
</ExtendedData>
</Placemark>
<Placemark>
<name>KI0004</name>
<TimeStamp><when>2026-09-23T21:33:33Z</when></TimeStamp>
<styleUrl>#route</styleUrl>
<Point>
<coordinates>139.462439,36.122591,-0.001000</coordinates>
</Point>
<ExtendedData>
	<Data name="IconNumber">
		<value>901001</value>
	</Data>
</ExtendedData>
</Placemark>
<Placemark>
<name>KI0005</name>
<TimeStamp><when>2026-09-23T21:33:43Z</when></TimeStamp>
<styleUrl>#route</styleUrl>
<Point>
<coordinates>139.461962,36.120922,-0.001000</coordinates>
</Point>
<ExtendedData>
	<Data name="IconNumber">
		<value>901001</value>
	</Data>
</ExtendedData>
</Placemark>
<Placemark>
<name>KI0006</name>
<TimeStamp><when>2026-09-23T21:33:53Z</when></TimeStamp>
<styleUrl>#route</styleUrl>
<Point>
<coordinates>139.461361,36.118682,-0.001000</coordinates>
</Point>
<ExtendedData>
	<Data name="IconNumber">
		<value>901001</value>
	</Data>
</ExtendedData>
</Placemark>
<Placemark>
<name>KI0007</name>
<TimeStamp><when>2026-09-23T21:34:03Z</when></TimeStamp>
<styleUrl>#route</styleUrl>
<Point>
<coordinates>139.461179,36.118046,-0.001000</coordinates>
</Point>
<ExtendedData>
	<Data name="IconNumber">
		<value>901001</value>
	</Data>
</ExtendedData>
</Placemark>
<Placemark>
<name>KI0008</name>
<TimeStamp><when>2026-09-23T21:34:13Z</when></TimeStamp>
<styleUrl>#route</styleUrl>
<Point>
<coordinates>139.460750,36.116441,-0.001000</coordinates>
</Point>
<ExtendedData>
	<Data name="IconNumber">
		<value>901001</value>
	</Data>
</ExtendedData>
</Placemark>
<Placemark>
<name>KI0009</name>
<TimeStamp><when>2026-09-23T21:34:23Z</when></TimeStamp>
<styleUrl>#route</styleUrl>
<Point>
<coordinates>139.460460,36.115403,-0.001000</coordinates>
</Point>
<ExtendedData>
	<Data name="IconNumber">
		<value>901001</value>
	</Data>
</ExtendedData>
</Placemark>
<Placemark>
<name>KI0010</name>
<TimeStamp><when>2026-09-23T21:34:33Z</when></TimeStamp>
<styleUrl>#route</styleUrl>
<Point>
<coordinates>139.459827,36.113120,-0.001000</coordinates>
</Point>
<ExtendedData>
	<Data name="IconNumber">
		<value>901001</value>
	</Data>
</ExtendedData>
</Placemark>
<Placemark>
<name>KI0011</name>
<TimeStamp><when>2026-09-23T21:34:43Z</when></TimeStamp>
<styleUrl>#route</styleUrl>
<Point>
<coordinates>139.459698,36.112768,-0.001000</coordinates>
</Point>
<ExtendedData>
	<Data name="IconNumber">
		<value>901001</value>
	</Data>
</ExtendedData>
</Placemark>
<Placemark>
<name>KI0012</name>
<TimeStamp><when>2026-09-23T21:34:53Z</when></TimeStamp>
<styleUrl>#route</styleUrl>
<Point>
<coordinates>139.459591,36.112553,-0.001000</coordinates>
</Point>
<ExtendedData>
	<Data name="IconNumber">
		<value>901001</value>
	</Data>
</ExtendedData>
</Placemark>
<Placemark>
<name>KI0013</name>
<TimeStamp><when>2026-09-23T21:35:03Z</when></TimeStamp>
<styleUrl>#route</styleUrl>
<Point>
<coordinates>139.459430,36.112313,-0.001000</coordinates>
</Point>
<ExtendedData>
	<Data name="IconNumber">
		<value>901001</value>
	</Data>
</ExtendedData>
</Placemark>
<Placemark>
<name>KI0014</name>
<TimeStamp><when>2026-09-23T21:35:13Z</when></TimeStamp>
<styleUrl>#route</styleUrl>
<Point>
<coordinates>139.458765,36.111506,-0.001000</coordinates>
</Point>
<ExtendedData>
	<Data name="IconNumber">
		<value>901001</value>
	</Data>
</ExtendedData>
</Placemark>
<Placemark>
<name>KI0015</name>
<TimeStamp><when>2026-09-23T21:35:23Z</when></TimeStamp>
<styleUrl>#route</styleUrl>
<Point>
<coordinates>139.457113,36.109489,-0.001000</coordinates>
</Point>
<ExtendedData>
	<Data name="IconNumber">
		<value>901001</value>
	</Data>
</ExtendedData>
</Placemark>
<Placemark>
<name>IB0027</name>
<TimeStamp><when>2026-09-23T21:35:33Z</when></TimeStamp>
<styleUrl>#route</styleUrl>
<Point>
<coordinates>139.456538,36.108766,-0.001000</coordinates>
</Point>
<ExtendedData>
	<Data name="IconNumber">
		<value>901001</value>
	</Data>
</ExtendedData>
</Placemark>
<Placemark>
<name>KI0017</name>
<TimeStamp><when>2026-09-23T21:35:43Z</when></TimeStamp>
<styleUrl>#route</styleUrl>
<Point>
<coordinates>139.456319,36.108494,-0.001000</coordinates>
</Point>
<ExtendedData>
	<Data name="IconNumber">
		<value>901001</value>
	</Data>
</ExtendedData>
</Placemark>
<Placemark>
<name>KI0018</name>
<TimeStamp><when>2026-09-23T21:35:53Z</when></TimeStamp>
<styleUrl>#route</styleUrl>
<Point>
<coordinates>139.456136,36.108296,-0.001000</coordinates>
</Point>
<ExtendedData>
	<Data name="IconNumber">
		<value>901001</value>
	</Data>
</ExtendedData>
</Placemark>
<Placemark>
<name>KI0019</name>
<TimeStamp><when>2026-09-23T21:36:03Z</when></TimeStamp>
<styleUrl>#route</styleUrl>
<Point>
<coordinates>139.455900,36.108004,-0.001000</coordinates>
</Point>
<ExtendedData>
	<Data name="IconNumber">
		<value>901001</value>
	</Data>
</ExtendedData>
</Placemark>
<Placemark>
<name>KI0020</name>
<TimeStamp><when>2026-09-23T21:36:13Z</when></TimeStamp>
<styleUrl>#route</styleUrl>
<Point>
<coordinates>139.455321,36.107275,-0.001000</coordinates>
</Point>
<ExtendedData>
	<Data name="IconNumber">
		<value>901001</value>
	</Data>
</ExtendedData>
</Placemark>
<Placemark>
<name>KI0021</name>
<TimeStamp><when>2026-09-23T21:36:23Z</when></TimeStamp>
<styleUrl>#route</styleUrl>
<Point>
<coordinates>139.455085,36.106966,-0.001000</coordinates>
</Point>
<ExtendedData>
	<Data name="IconNumber">
		<value>901001</value>
	</Data>
</ExtendedData>
</Placemark>
<Placemark>
<name>KI0022</name>
<TimeStamp><when>2026-09-23T21:36:33Z</when></TimeStamp>
<styleUrl>#route</styleUrl>
<Point>
<coordinates>139.454699,36.106442,-0.001000</coordinates>
</Point>
<ExtendedData>
	<Data name="IconNumber">
		<value>901001</value>
	</Data>
</ExtendedData>
</Placemark>
<Placemark>
<name>KI0023</name>
<TimeStamp><when>2026-09-23T21:36:43Z</when></TimeStamp>
<styleUrl>#route</styleUrl>
<Point>
<coordinates>139.454538,36.106356,-0.001000</coordinates>
</Point>
<ExtendedData>
	<Data name="IconNumber">
		<value>901001</value>
	</Data>
</ExtendedData>
</Placemark>
<Placemark>
<name>KI0024</name>
<TimeStamp><when>2026-09-23T21:36:53Z</when></TimeStamp>
<styleUrl>#route</styleUrl>
<Point>
<coordinates>139.454012,36.105592,-0.001000</coordinates>
</Point>
<ExtendedData>
	<Data name="IconNumber">
		<value>901001</value>
	</Data>
</ExtendedData>
</Placemark>
<Placemark>
<name>KI0025</name>
<TimeStamp><when>2026-09-23T21:37:03Z</when></TimeStamp>
<styleUrl>#route</styleUrl>
<Point>
<coordinates>139.453626,36.105043,-0.001000</coordinates>
</Point>
<ExtendedData>
	<Data name="IconNumber">
		<value>901001</value>
	</Data>
</ExtendedData>
</Placemark>
<Placemark>
<name>KI0026</name>
<TimeStamp><when>2026-09-23T21:37:13Z</when></TimeStamp>
<styleUrl>#route</styleUrl>
<Point>
<coordinates>139.452950,36.104039,-0.001000</coordinates>
</Point>
<ExtendedData>
	<Data name="IconNumber">
		<value>901001</value>
	</Data>
</ExtendedData>
</Placemark>
<Placemark>
<name>KI0027</name>
<TimeStamp><when>2026-09-23T21:37:23Z</when></TimeStamp>
<styleUrl>#route</styleUrl>
<Point>
<coordinates>139.452778,36.103799,-0.001000</coordinates>
</Point>
<ExtendedData>
	<Data name="IconNumber">
		<value>901001</value>
	</Data>
</ExtendedData>
</Placemark>
<Placemark>
<name>KI0028</name>
<TimeStamp><when>2026-09-23T21:37:33Z</when></TimeStamp>
<styleUrl>#route</styleUrl>
<Point>
<coordinates>139.452660,36.103794,-0.001000</coordinates>
</Point>
<ExtendedData>
	<Data name="IconNumber">
		<value>901001</value>
	</Data>
</ExtendedData>
</Placemark>
<Placemark>
<name>KI0029</name>
<TimeStamp><when>2026-09-23T21:37:43Z</when></TimeStamp>
<styleUrl>#route</styleUrl>
<Point>
<coordinates>139.452333,36.103944,-0.001000</coordinates>
</Point>
<ExtendedData>
	<Data name="IconNumber">
		<value>901001</value>
	</Data>
</ExtendedData>
</Placemark>
<Placemark>
<name>KI0030</name>
<TimeStamp><when>2026-09-23T21:37:53Z</when></TimeStamp>
<styleUrl>#route</styleUrl>
<Point>
<coordinates>139.452435,36.104103,-0.001000</coordinates>
</Point>
<ExtendedData>
	<Data name="IconNumber">
		<value>901001</value>
	</Data>
</ExtendedData>
</Placemark>
<Placemark>
<name>KI0031</name>
<TimeStamp><when>2026-09-23T21:38:03Z</when></TimeStamp>
<styleUrl>#route</styleUrl>
<Point>
<coordinates>139.452526,36.104125,-0.001000</coordinates>
</Point>
<ExtendedData>
	<Data name="IconNumber">
		<value>901001</value>
	</Data>
</ExtendedData>
</Placemark>
<Placemark>
<name>KI0032</name>
<TimeStamp><when>2026-09-23T21:38:13Z</when></TimeStamp>
<styleUrl>#route</styleUrl>
<Point>
<coordinates>139.452783,36.104017,-0.001000</coordinates>
</Point>
<ExtendedData>
	<Data name="IconNumber">
		<value>901001</value>
	</Data>
</ExtendedData>
</Placemark>
<Placemark>
<name>KI0033</name>
<TimeStamp><when>2026-09-23T21:38:23Z</when></TimeStamp>
<styleUrl>#route</styleUrl>
<Point>
<coordinates>139.452944,36.104035,-0.001000</coordinates>
</Point>
<ExtendedData>
	<Data name="IconNumber">
		<value>901001</value>
	</Data>
</ExtendedData>
</Placemark>
</Folder>
<Placemark>
<name>Path</name>
<Style>
<LineStyle>
 <color>ff0000ff</color>
 <width>2</width>
</LineStyle>
</Style>
<LineString>
<tessellate>1</tessellate>
<coordinates>
139.462466,36.123107,0.000000
139.462429,36.122857,-0.001000
139.462396,36.122720,-0.001000
139.462439,36.122591,-0.001000
139.461962,36.120922,-0.001000
139.461361,36.118682,-0.001000
139.461179,36.118046,-0.001000
139.460750,36.116441,-0.001000
139.460460,36.115403,-0.001000
139.459827,36.113120,-0.001000
139.459698,36.112768,-0.001000
139.459591,36.112553,-0.001000
139.459430,36.112313,-0.001000
139.458765,36.111506,-0.001000
139.457113,36.109489,-0.001000
139.456538,36.108766,-0.001000
139.456319,36.108494,-0.001000
139.456136,36.108296,-0.001000
139.455900,36.108004,-0.001000
139.455321,36.107275,-0.001000
139.455085,36.106966,-0.001000
139.454699,36.106442,-0.001000
139.454538,36.106356,-0.001000
139.454012,36.105592,-0.001000
139.453626,36.105043,-0.001000
139.452950,36.104039,-0.001000
139.452778,36.103799,-0.001000
139.452660,36.103794,-0.001000
139.452333,36.103944,-0.001000
139.452435,36.104103,-0.001000
139.452526,36.104125,-0.001000
139.452783,36.104017,-0.001000
139.452944,36.104035,-0.001000
</coordinates>
</LineString>
</Placemark>
</Folder>
<Folder>
<name>千代田赤岩・昭和橋・羽生・行田佐間</name>
<Folder>
<name>Points</name>
<Placemark>
<name>KH0001</name>
<TimeStamp><when>2026-09-23T21:26:29Z</when></TimeStamp>
<styleUrl>#route</styleUrl>
<Point>
<coordinates>139.435741,36.207542,-0.001000</coordinates>
</Point>
<ExtendedData>
	<Data name="IconNumber">
		<value>901001</value>
	</Data>
</ExtendedData>
</Placemark>
<Placemark>
<name>KH0002</name>
<TimeStamp><when>2026-09-23T21:26:39Z</when></TimeStamp>
<styleUrl>#route</styleUrl>
<Point>
<coordinates>139.436293,36.207250,-0.001000</coordinates>
</Point>
<ExtendedData>
	<Data name="IconNumber">
		<value>901001</value>
	</Data>
</ExtendedData>
</Placemark>
<Placemark>
<name>KH0003</name>
<TimeStamp><when>2026-09-23T21:26:49Z</when></TimeStamp>
<styleUrl>#route</styleUrl>
<Point>
<coordinates>139.437023,36.206924,-0.001000</coordinates>
</Point>
<ExtendedData>
	<Data name="IconNumber">
		<value>901001</value>
	</Data>
</ExtendedData>
</Placemark>
<Placemark>
<name>KH0004</name>
<TimeStamp><when>2026-09-23T21:26:59Z</when></TimeStamp>
<styleUrl>#route</styleUrl>
<Point>
<coordinates>139.437602,36.206718,-0.001000</coordinates>
</Point>
<ExtendedData>
	<Data name="IconNumber">
		<value>901001</value>
	</Data>
</ExtendedData>
</Placemark>
<Placemark>
<name>KH0005</name>
<TimeStamp><when>2026-09-23T21:27:09Z</when></TimeStamp>
<styleUrl>#route</styleUrl>
<Point>
<coordinates>139.437774,36.206684,-0.001000</coordinates>
</Point>
<ExtendedData>
	<Data name="IconNumber">
		<value>901001</value>
	</Data>
</ExtendedData>
</Placemark>
<Placemark>
<name>KH0006</name>
<TimeStamp><when>2026-09-23T21:27:19Z</when></TimeStamp>
<styleUrl>#route</styleUrl>
<Point>
<coordinates>139.438171,36.206650,-0.001000</coordinates>
</Point>
<ExtendedData>
	<Data name="IconNumber">
		<value>901001</value>
	</Data>
</ExtendedData>
</Placemark>
<Placemark>
<name>KH0007</name>
<TimeStamp><when>2026-09-23T21:27:29Z</when></TimeStamp>
<styleUrl>#route</styleUrl>
<Point>
<coordinates>139.438428,36.206598,-0.001000</coordinates>
</Point>
<ExtendedData>
	<Data name="IconNumber">
		<value>901001</value>
	</Data>
</ExtendedData>
</Placemark>
<Placemark>
<name>KH0008</name>
<TimeStamp><when>2026-09-23T21:27:39Z</when></TimeStamp>
<styleUrl>#route</styleUrl>
<Point>
<coordinates>139.438643,36.206529,-0.001000</coordinates>
</Point>
<ExtendedData>
	<Data name="IconNumber">
		<value>901001</value>
	</Data>
</ExtendedData>
</Placemark>
<Placemark>
<name>KH0009</name>
<TimeStamp><when>2026-09-23T21:27:49Z</when></TimeStamp>
<styleUrl>#route</styleUrl>
<Point>
<coordinates>139.439340,36.206203,-0.001000</coordinates>
</Point>
<ExtendedData>
	<Data name="IconNumber">
		<value>901001</value>
	</Data>
</ExtendedData>
</Placemark>
<Placemark>
<name>KH0010</name>
<TimeStamp><when>2026-09-23T21:27:59Z</when></TimeStamp>
<styleUrl>#route</styleUrl>
<Point>
<coordinates>139.439748,36.206040,-0.001000</coordinates>
</Point>
<ExtendedData>
	<Data name="IconNumber">
		<value>901001</value>
	</Data>
</ExtendedData>
</Placemark>
<Placemark>
<name>KH0011</name>
<TimeStamp><when>2026-09-23T21:28:09Z</when></TimeStamp>
<styleUrl>#route</styleUrl>
<Point>
<coordinates>139.442999,36.204735,-0.001000</coordinates>
</Point>
<ExtendedData>
	<Data name="IconNumber">
		<value>901001</value>
	</Data>
</ExtendedData>
</Placemark>
<Placemark>
<name>KH0012</name>
<TimeStamp><when>2026-09-23T21:28:19Z</when></TimeStamp>
<styleUrl>#route</styleUrl>
<Point>
<coordinates>139.443170,36.204658,-0.001000</coordinates>
</Point>
<ExtendedData>
	<Data name="IconNumber">
		<value>901001</value>
	</Data>
</ExtendedData>
</Placemark>
<Placemark>
<name>KH0013</name>
<TimeStamp><when>2026-09-23T21:28:29Z</when></TimeStamp>
<styleUrl>#route</styleUrl>
<Point>
<coordinates>139.443256,36.204572,-0.001000</coordinates>
</Point>
<ExtendedData>
	<Data name="IconNumber">
		<value>901001</value>
	</Data>
</ExtendedData>
</Placemark>
<Placemark>
<name>KH0014</name>
<TimeStamp><when>2026-09-23T21:28:39Z</when></TimeStamp>
<styleUrl>#route</styleUrl>
<Point>
<coordinates>139.443353,36.204444,-0.001000</coordinates>
</Point>
<ExtendedData>
	<Data name="IconNumber">
		<value>901001</value>
	</Data>
</ExtendedData>
</Placemark>
<Placemark>
<name>KH0015</name>
<TimeStamp><when>2026-09-23T21:28:49Z</when></TimeStamp>
<styleUrl>#route</styleUrl>
<Point>
<coordinates>139.443535,36.203989,-0.001000</coordinates>
</Point>
<ExtendedData>
	<Data name="IconNumber">
		<value>901001</value>
	</Data>
</ExtendedData>
</Placemark>
<Placemark>
<name>KH0016</name>
<TimeStamp><when>2026-09-23T21:28:59Z</when></TimeStamp>
<styleUrl>#route</styleUrl>
<Point>
<coordinates>139.443718,36.203628,-0.001000</coordinates>
</Point>
<ExtendedData>
	<Data name="IconNumber">
		<value>901001</value>
	</Data>
</ExtendedData>
</Placemark>
<Placemark>
<name>KH0017</name>
<TimeStamp><when>2026-09-23T21:29:09Z</when></TimeStamp>
<styleUrl>#route</styleUrl>
<Point>
<coordinates>139.443857,36.203371,-0.001000</coordinates>
</Point>
<ExtendedData>
	<Data name="IconNumber">
		<value>901001</value>
	</Data>
</ExtendedData>
</Placemark>
<Placemark>
<name>KH0018</name>
<TimeStamp><when>2026-09-23T21:29:19Z</when></TimeStamp>
<styleUrl>#route</styleUrl>
<Point>
<coordinates>139.444072,36.202864,-0.001000</coordinates>
</Point>
<ExtendedData>
	<Data name="IconNumber">
		<value>901001</value>
	</Data>
</ExtendedData>
</Placemark>
<Placemark>
<name>KH0019</name>
<TimeStamp><when>2026-09-23T21:29:29Z</when></TimeStamp>
<styleUrl>#route</styleUrl>
<Point>
<coordinates>139.444168,36.202693,-0.001000</coordinates>
</Point>
<ExtendedData>
	<Data name="IconNumber">
		<value>901001</value>
	</Data>
</ExtendedData>
</Placemark>
<Placemark>
<name>KH0020</name>
<TimeStamp><when>2026-09-23T21:29:39Z</when></TimeStamp>
<styleUrl>#route</styleUrl>
<Point>
<coordinates>139.444297,36.202478,-0.001000</coordinates>
</Point>
<ExtendedData>
	<Data name="IconNumber">
		<value>901001</value>
	</Data>
</ExtendedData>
</Placemark>
<Placemark>
<name>KH0021</name>
<TimeStamp><when>2026-09-23T21:29:49Z</when></TimeStamp>
<styleUrl>#route</styleUrl>
<Point>
<coordinates>139.444383,36.202289,-0.001000</coordinates>
</Point>
<ExtendedData>
	<Data name="IconNumber">
		<value>901001</value>
	</Data>
</ExtendedData>
</Placemark>
<Placemark>
<name>KH0022</name>
<TimeStamp><when>2026-09-23T21:29:59Z</when></TimeStamp>
<styleUrl>#route</styleUrl>
<Point>
<coordinates>139.444512,36.201937,-0.001000</coordinates>
</Point>
<ExtendedData>
	<Data name="IconNumber">
		<value>901001</value>
	</Data>
</ExtendedData>
</Placemark>
<Placemark>
<name>KH0023</name>
<TimeStamp><when>2026-09-23T21:30:09Z</when></TimeStamp>
<styleUrl>#route</styleUrl>
<Point>
<coordinates>139.444576,36.201809,-0.001000</coordinates>
</Point>
<ExtendedData>
	<Data name="IconNumber">
		<value>901001</value>
	</Data>
</ExtendedData>
</Placemark>
<Placemark>
<name>KH0024</name>
<TimeStamp><when>2026-09-23T21:30:19Z</when></TimeStamp>
<styleUrl>#route</styleUrl>
<Point>
<coordinates>139.444705,36.201671,-0.001000</coordinates>
</Point>
<ExtendedData>
	<Data name="IconNumber">
		<value>901001</value>
	</Data>
</ExtendedData>
</Placemark>
<Placemark>
<name>KH0025</name>
<TimeStamp><when>2026-09-23T21:30:29Z</when></TimeStamp>
<styleUrl>#route</styleUrl>
<Point>
<coordinates>139.445820,36.200882,-0.001000</coordinates>
</Point>
<ExtendedData>
	<Data name="IconNumber">
		<value>901001</value>
	</Data>
</ExtendedData>
</Placemark>
<Placemark>
<name>KH0026</name>
<TimeStamp><when>2026-09-23T21:30:39Z</when></TimeStamp>
<styleUrl>#route</styleUrl>
<Point>
<coordinates>139.446132,36.200736,-0.001000</coordinates>
</Point>
<ExtendedData>
	<Data name="IconNumber">
		<value>901001</value>
	</Data>
</ExtendedData>
</Placemark>
<Placemark>
<name>KH0027</name>
<TimeStamp><when>2026-09-23T21:30:49Z</when></TimeStamp>
<styleUrl>#route</styleUrl>
<Point>
<coordinates>139.446368,36.200667,-0.001000</coordinates>
</Point>
<ExtendedData>
	<Data name="IconNumber">
		<value>901001</value>
	</Data>
</ExtendedData>
</Placemark>
<Placemark>
<name>KH0028</name>
<TimeStamp><when>2026-09-23T21:30:59Z</when></TimeStamp>
<styleUrl>#route</styleUrl>
<Point>
<coordinates>139.448074,36.200341,-0.001000</coordinates>
</Point>
<ExtendedData>
	<Data name="IconNumber">
		<value>901001</value>
	</Data>
</ExtendedData>
</Placemark>
<Placemark>
<name>KH0029</name>
<TimeStamp><when>2026-09-23T21:31:09Z</when></TimeStamp>
<styleUrl>#route</styleUrl>
<Point>
<coordinates>139.448288,36.200298,-0.001000</coordinates>
</Point>
<ExtendedData>
	<Data name="IconNumber">
		<value>901001</value>
	</Data>
</ExtendedData>
</Placemark>
<Placemark>
<name>KH0030</name>
<TimeStamp><when>2026-09-23T21:31:19Z</when></TimeStamp>
<styleUrl>#route</styleUrl>
<Point>
<coordinates>139.448492,36.200229,-0.001000</coordinates>
</Point>
<ExtendedData>
	<Data name="IconNumber">
		<value>901001</value>
	</Data>
</ExtendedData>
</Placemark>
<Placemark>
<name>KH0031</name>
<TimeStamp><when>2026-09-23T21:31:29Z</when></TimeStamp>
<styleUrl>#route</styleUrl>
<Point>
<coordinates>139.449876,36.199749,-0.001000</coordinates>
</Point>
<ExtendedData>
	<Data name="IconNumber">
		<value>901001</value>
	</Data>
</ExtendedData>
</Placemark>
<Placemark>
<name>KH0032</name>
<TimeStamp><when>2026-09-23T21:31:39Z</when></TimeStamp>
<styleUrl>#route</styleUrl>
<Point>
<coordinates>139.450069,36.199706,-0.001000</coordinates>
</Point>
<ExtendedData>
	<Data name="IconNumber">
		<value>901001</value>
	</Data>
</ExtendedData>
</Placemark>
<Placemark>
<name>KH0033</name>
<TimeStamp><when>2026-09-23T21:31:49Z</when></TimeStamp>
<styleUrl>#route</styleUrl>
<Point>
<coordinates>139.450799,36.199474,-0.001000</coordinates>
</Point>
<ExtendedData>
	<Data name="IconNumber">
		<value>901001</value>
	</Data>
</ExtendedData>
</Placemark>
<Placemark>
<name>KH0034</name>
<TimeStamp><when>2026-09-23T21:31:59Z</when></TimeStamp>
<styleUrl>#route</styleUrl>
<Point>
<coordinates>139.452000,36.199062,-0.001000</coordinates>
</Point>
<ExtendedData>
	<Data name="IconNumber">
		<value>901001</value>
	</Data>
</ExtendedData>
</Placemark>
<Placemark>
<name>KH0035</name>
<TimeStamp><when>2026-09-23T21:32:09Z</when></TimeStamp>
<styleUrl>#route</styleUrl>
<Point>
<coordinates>139.452623,36.198899,-0.001000</coordinates>
</Point>
<ExtendedData>
	<Data name="IconNumber">
		<value>901001</value>
	</Data>
</ExtendedData>
</Placemark>
<Placemark>
<name>KH0036</name>
<TimeStamp><when>2026-09-23T21:32:19Z</when></TimeStamp>
<styleUrl>#route</styleUrl>
<Point>
<coordinates>139.454436,36.198581,-0.001000</coordinates>
</Point>
<ExtendedData>
	<Data name="IconNumber">
		<value>901001</value>
	</Data>
</ExtendedData>
</Placemark>
<Placemark>
<name>KH0037</name>
<TimeStamp><when>2026-09-23T21:32:29Z</when></TimeStamp>
<styleUrl>#route</styleUrl>
<Point>
<coordinates>139.456024,36.198393,-0.001000</coordinates>
</Point>
<ExtendedData>
	<Data name="IconNumber">
		<value>901001</value>
	</Data>
</ExtendedData>
</Placemark>
<Placemark>
<name>KH0038</name>
<TimeStamp><when>2026-09-23T21:32:39Z</when></TimeStamp>
<styleUrl>#route</styleUrl>
<Point>
<coordinates>139.456345,36.198333,-0.001000</coordinates>
</Point>
<ExtendedData>
	<Data name="IconNumber">
		<value>901001</value>
	</Data>
</ExtendedData>
</Placemark>
<Placemark>
<name>KH0039</name>
<TimeStamp><when>2026-09-23T21:32:49Z</when></TimeStamp>
<styleUrl>#route</styleUrl>
<Point>
<coordinates>139.457569,36.198049,-0.001000</coordinates>
</Point>
<ExtendedData>
	<Data name="IconNumber">
		<value>901001</value>
	</Data>
</ExtendedData>
</Placemark>
<Placemark>
<name>KH0040</name>
<TimeStamp><when>2026-09-23T21:32:59Z</when></TimeStamp>
<styleUrl>#route</styleUrl>
<Point>
<coordinates>139.458448,36.197852,-0.001000</coordinates>
</Point>
<ExtendedData>
	<Data name="IconNumber">
		<value>901001</value>
	</Data>
</ExtendedData>
</Placemark>
<Placemark>
<name>KH0041</name>
<TimeStamp><when>2026-09-23T21:33:09Z</when></TimeStamp>
<styleUrl>#route</styleUrl>
<Point>
<coordinates>139.459124,36.197757,-0.001000</coordinates>
</Point>
<ExtendedData>
	<Data name="IconNumber">
		<value>901001</value>
	</Data>
</ExtendedData>
</Placemark>
<Placemark>
<name>KH0042</name>
<TimeStamp><when>2026-09-23T21:33:19Z</when></TimeStamp>
<styleUrl>#route</styleUrl>
<Point>
<coordinates>139.460937,36.197569,-0.001000</coordinates>
</Point>
<ExtendedData>
	<Data name="IconNumber">
		<value>901001</value>
	</Data>
</ExtendedData>
</Placemark>
<Placemark>
<name>KH0043</name>
<TimeStamp><when>2026-09-23T21:33:29Z</when></TimeStamp>
<styleUrl>#route</styleUrl>
<Point>
<coordinates>139.461957,36.197466,-0.001000</coordinates>
</Point>
<ExtendedData>
	<Data name="IconNumber">
		<value>901001</value>
	</Data>
</ExtendedData>
</Placemark>
<Placemark>
<name>KH0044</name>
<TimeStamp><when>2026-09-23T21:33:39Z</when></TimeStamp>
<styleUrl>#route</styleUrl>
<Point>
<coordinates>139.462332,36.197414,-0.001000</coordinates>
</Point>
<ExtendedData>
	<Data name="IconNumber">
		<value>901001</value>
	</Data>
</ExtendedData>
</Placemark>
<Placemark>
<name>KH0045</name>
<TimeStamp><when>2026-09-23T21:33:49Z</when></TimeStamp>
<styleUrl>#route</styleUrl>
<Point>
<coordinates>139.464585,36.196968,-0.001000</coordinates>
</Point>
<ExtendedData>
	<Data name="IconNumber">
		<value>901001</value>
	</Data>
</ExtendedData>
</Placemark>
<Placemark>
<name>KH0046</name>
<TimeStamp><when>2026-09-23T21:33:59Z</when></TimeStamp>
<styleUrl>#route</styleUrl>
<Point>
<coordinates>139.468126,36.196444,-0.001000</coordinates>
</Point>
<ExtendedData>
	<Data name="IconNumber">
		<value>901001</value>
	</Data>
</ExtendedData>
</Placemark>
<Placemark>
<name>KH0047</name>
<TimeStamp><when>2026-09-23T21:34:09Z</when></TimeStamp>
<styleUrl>#route</styleUrl>
<Point>
<coordinates>139.470164,36.196118,-0.001000</coordinates>
</Point>
<ExtendedData>
	<Data name="IconNumber">
		<value>901001</value>
	</Data>
</ExtendedData>
</Placemark>
<Placemark>
<name>KH0048</name>
<TimeStamp><when>2026-09-23T21:34:19Z</when></TimeStamp>
<styleUrl>#route</styleUrl>
<Point>
<coordinates>139.471398,36.195955,-0.001000</coordinates>
</Point>
<ExtendedData>
	<Data name="IconNumber">
		<value>901001</value>
	</Data>
</ExtendedData>
</Placemark>
<Placemark>
<name>TN0087</name>
<TimeStamp><when>2026-09-23T21:34:29Z</when></TimeStamp>
<styleUrl>#route</styleUrl>
<Point>
<coordinates>139.471848,36.195953,-0.001000</coordinates>
</Point>
<ExtendedData>
	<Data name="IconNumber">
		<value>901001</value>
	</Data>
</ExtendedData>
</Placemark>
<Placemark>
<name>KH0050</name>
<TimeStamp><when>2026-09-23T21:34:39Z</when></TimeStamp>
<styleUrl>#route</styleUrl>
<Point>
<coordinates>139.473200,36.195998,-0.001000</coordinates>
</Point>
<ExtendedData>
	<Data name="IconNumber">
		<value>901001</value>
	</Data>
</ExtendedData>
</Placemark>
<Placemark>
<name>KH0051</name>
<TimeStamp><when>2026-09-23T21:34:49Z</when></TimeStamp>
<styleUrl>#route</styleUrl>
<Point>
<coordinates>139.474037,36.196006,-0.001000</coordinates>
</Point>
<ExtendedData>
	<Data name="IconNumber">
		<value>901001</value>
	</Data>
</ExtendedData>
</Placemark>
<Placemark>
<name>KH0052</name>
<TimeStamp><when>2026-09-23T21:34:59Z</when></TimeStamp>
<styleUrl>#route</styleUrl>
<Point>
<coordinates>139.474509,36.196058,-0.001000</coordinates>
</Point>
<ExtendedData>
	<Data name="IconNumber">
		<value>901001</value>
	</Data>
</ExtendedData>
</Placemark>
<Placemark>
<name>KH0053</name>
<TimeStamp><when>2026-09-23T21:35:09Z</when></TimeStamp>
<styleUrl>#route</styleUrl>
<Point>
<coordinates>139.475175,36.196195,-0.001000</coordinates>
</Point>
<ExtendedData>
	<Data name="IconNumber">
		<value>901001</value>
	</Data>
</ExtendedData>
</Placemark>
<Placemark>
<name>KH0054</name>
<TimeStamp><when>2026-09-23T21:35:19Z</when></TimeStamp>
<styleUrl>#route</styleUrl>
<Point>
<coordinates>139.475443,36.196195,-0.001000</coordinates>
</Point>
<ExtendedData>
	<Data name="IconNumber">
		<value>901001</value>
	</Data>
</ExtendedData>
</Placemark>
<Placemark>
<name>KH0055</name>
<TimeStamp><when>2026-09-23T21:35:29Z</when></TimeStamp>
<styleUrl>#route</styleUrl>
<Point>
<coordinates>139.475759,36.196217,-0.001000</coordinates>
</Point>
<ExtendedData>
	<Data name="IconNumber">
		<value>901001</value>
	</Data>
</ExtendedData>
</Placemark>
<Placemark>
<name>KH0056</name>
<TimeStamp><when>2026-09-23T21:35:39Z</when></TimeStamp>
<styleUrl>#route</styleUrl>
<Point>
<coordinates>139.476108,36.196230,-0.001000</coordinates>
</Point>
<ExtendedData>
	<Data name="IconNumber">
		<value>901001</value>
	</Data>
</ExtendedData>
</Placemark>
<Placemark>
<name>KH0057</name>
<TimeStamp><when>2026-09-23T21:35:49Z</when></TimeStamp>
<styleUrl>#route</styleUrl>
<Point>
<coordinates>139.476285,36.196230,-0.001000</coordinates>
</Point>
<ExtendedData>
	<Data name="IconNumber">
		<value>901001</value>
	</Data>
</ExtendedData>
</Placemark>
<Placemark>
<name>KH0058</name>
<TimeStamp><when>2026-09-23T21:35:59Z</when></TimeStamp>
<styleUrl>#route</styleUrl>
<Point>
<coordinates>139.477551,36.196079,-0.001000</coordinates>
</Point>
<ExtendedData>
	<Data name="IconNumber">
		<value>901001</value>
	</Data>
</ExtendedData>
</Placemark>
<Placemark>
<name>KH0059</name>
<TimeStamp><when>2026-09-23T21:36:09Z</when></TimeStamp>
<styleUrl>#route</styleUrl>
<Point>
<coordinates>139.477819,36.196088,-0.001000</coordinates>
</Point>
<ExtendedData>
	<Data name="IconNumber">
		<value>901001</value>
	</Data>
</ExtendedData>
</Placemark>
<Placemark>
<name>KH0060</name>
<TimeStamp><when>2026-09-23T21:36:19Z</when></TimeStamp>
<styleUrl>#route</styleUrl>
<Point>
<coordinates>139.478967,36.196388,-0.001000</coordinates>
</Point>
<ExtendedData>
	<Data name="IconNumber">
		<value>901001</value>
	</Data>
</ExtendedData>
</Placemark>
<Placemark>
<name>KH0061</name>
<TimeStamp><when>2026-09-23T21:36:29Z</when></TimeStamp>
<styleUrl>#route</styleUrl>
<Point>
<coordinates>139.480029,36.196543,-0.001000</coordinates>
</Point>
<ExtendedData>
	<Data name="IconNumber">
		<value>901001</value>
	</Data>
</ExtendedData>
</Placemark>
<Placemark>
<name>KH0062</name>
<TimeStamp><when>2026-09-23T21:36:39Z</when></TimeStamp>
<styleUrl>#route</styleUrl>
<Point>
<coordinates>139.480662,36.196663,-0.001000</coordinates>
</Point>
<ExtendedData>
	<Data name="IconNumber">
		<value>901001</value>
	</Data>
</ExtendedData>
</Placemark>
<Placemark>
<name>KH0063</name>
<TimeStamp><when>2026-09-23T21:36:49Z</when></TimeStamp>
<styleUrl>#route</styleUrl>
<Point>
<coordinates>139.481295,36.196852,-0.001000</coordinates>
</Point>
<ExtendedData>
	<Data name="IconNumber">
		<value>901001</value>
	</Data>
</ExtendedData>
</Placemark>
<Placemark>
<name>KH0064</name>
<TimeStamp><when>2026-09-23T21:36:59Z</when></TimeStamp>
<styleUrl>#route</styleUrl>
<Point>
<coordinates>139.482100,36.197067,-0.001000</coordinates>
</Point>
<ExtendedData>
	<Data name="IconNumber">
		<value>901001</value>
	</Data>
</ExtendedData>
</Placemark>
<Placemark>
<name>KH0065</name>
<TimeStamp><when>2026-09-23T21:37:09Z</when></TimeStamp>
<styleUrl>#route</styleUrl>
<Point>
<coordinates>139.483613,36.197530,-0.001000</coordinates>
</Point>
<ExtendedData>
	<Data name="IconNumber">
		<value>901001</value>
	</Data>
</ExtendedData>
</Placemark>
<Placemark>
<name>KH0066</name>
<TimeStamp><when>2026-09-23T21:37:19Z</when></TimeStamp>
<styleUrl>#route</styleUrl>
<Point>
<coordinates>139.485866,36.198234,-0.001000</coordinates>
</Point>
<ExtendedData>
	<Data name="IconNumber">
		<value>901001</value>
	</Data>
</ExtendedData>
</Placemark>
<Placemark>
<name>KH0067</name>
<TimeStamp><when>2026-09-23T21:37:29Z</when></TimeStamp>
<styleUrl>#route</styleUrl>
<Point>
<coordinates>139.486080,36.198277,-0.001000</coordinates>
</Point>
<ExtendedData>
	<Data name="IconNumber">
		<value>901001</value>
	</Data>
</ExtendedData>
</Placemark>
<Placemark>
<name>KH0068</name>
<TimeStamp><when>2026-09-23T21:37:39Z</when></TimeStamp>
<styleUrl>#route</styleUrl>
<Point>
<coordinates>139.487067,36.198302,-0.001000</coordinates>
</Point>
<ExtendedData>
	<Data name="IconNumber">
		<value>901001</value>
	</Data>
</ExtendedData>
</Placemark>
<Placemark>
<name>KH0069</name>
<TimeStamp><when>2026-09-23T21:37:49Z</when></TimeStamp>
<styleUrl>#route</styleUrl>
<Point>
<coordinates>139.487947,36.198311,-0.001000</coordinates>
</Point>
<ExtendedData>
	<Data name="IconNumber">
		<value>901001</value>
	</Data>
</ExtendedData>
</Placemark>
<Placemark>
<name>KH0070</name>
<TimeStamp><when>2026-09-23T21:37:59Z</when></TimeStamp>
<styleUrl>#route</styleUrl>
<Point>
<coordinates>139.488248,36.198337,-0.001000</coordinates>
</Point>
<ExtendedData>
	<Data name="IconNumber">
		<value>901001</value>
	</Data>
</ExtendedData>
</Placemark>
<Placemark>
<name>KH0071</name>
<TimeStamp><when>2026-09-23T21:38:09Z</when></TimeStamp>
<styleUrl>#route</styleUrl>
<Point>
<coordinates>139.488645,36.198397,-0.001000</coordinates>
</Point>
<ExtendedData>
	<Data name="IconNumber">
		<value>901001</value>
	</Data>
</ExtendedData>
</Placemark>
<Placemark>
<name>KH0072</name>
<TimeStamp><when>2026-09-23T21:38:19Z</when></TimeStamp>
<styleUrl>#route</styleUrl>
<Point>
<coordinates>139.488891,36.198414,-0.001000</coordinates>
</Point>
<ExtendedData>
	<Data name="IconNumber">
		<value>901001</value>
	</Data>
</ExtendedData>
</Placemark>
<Placemark>
<name>KH0073</name>
<TimeStamp><when>2026-09-23T21:38:29Z</when></TimeStamp>
<styleUrl>#route</styleUrl>
<Point>
<coordinates>139.489439,36.198431,-0.001000</coordinates>
</Point>
<ExtendedData>
	<Data name="IconNumber">
		<value>901001</value>
	</Data>
</ExtendedData>
</Placemark>
<Placemark>
<name>KH0074</name>
<TimeStamp><when>2026-09-23T21:38:39Z</when></TimeStamp>
<styleUrl>#route</styleUrl>
<Point>
<coordinates>139.491380,36.198440,-0.001000</coordinates>
</Point>
<ExtendedData>
	<Data name="IconNumber">
		<value>901001</value>
	</Data>
</ExtendedData>
</Placemark>
<Placemark>
<name>KH0075</name>
<TimeStamp><when>2026-09-23T21:38:49Z</when></TimeStamp>
<styleUrl>#route</styleUrl>
<Point>
<coordinates>139.491606,36.198500,-0.001000</coordinates>
</Point>
<ExtendedData>
	<Data name="IconNumber">
		<value>901001</value>
	</Data>
</ExtendedData>
</Placemark>
<Placemark>
<name>KH0076</name>
<TimeStamp><when>2026-09-23T21:38:59Z</when></TimeStamp>
<styleUrl>#route</styleUrl>
<Point>
<coordinates>139.499266,36.200345,-0.001000</coordinates>
</Point>
<ExtendedData>
	<Data name="IconNumber">
		<value>901001</value>
	</Data>
</ExtendedData>
</Placemark>
<Placemark>
<name>KH0077</name>
<TimeStamp><when>2026-09-23T21:39:09Z</when></TimeStamp>
<styleUrl>#route</styleUrl>
<Point>
<coordinates>139.499620,36.200422,-0.001000</coordinates>
</Point>
<ExtendedData>
	<Data name="IconNumber">
		<value>901001</value>
	</Data>
</ExtendedData>
</Placemark>
<Placemark>
<name>KH0078</name>
<TimeStamp><when>2026-09-23T21:39:19Z</when></TimeStamp>
<styleUrl>#route</styleUrl>
<Point>
<coordinates>139.500371,36.200560,-0.001000</coordinates>
</Point>
<ExtendedData>
	<Data name="IconNumber">
		<value>901001</value>
	</Data>
</ExtendedData>
</Placemark>
<Placemark>
<name>KH0079</name>
<TimeStamp><when>2026-09-23T21:39:29Z</when></TimeStamp>
<styleUrl>#route</styleUrl>
<Point>
<coordinates>139.501423,36.200714,-0.001000</coordinates>
</Point>
<ExtendedData>
	<Data name="IconNumber">
		<value>901001</value>
	</Data>
</ExtendedData>
</Placemark>
<Placemark>
<name>KH0080</name>
<TimeStamp><when>2026-09-23T21:39:39Z</when></TimeStamp>
<styleUrl>#route</styleUrl>
<Point>
<coordinates>139.501659,36.200749,-0.001000</coordinates>
</Point>
<ExtendedData>
	<Data name="IconNumber">
		<value>901001</value>
	</Data>
</ExtendedData>
</Placemark>
<Placemark>
<name>KH0081</name>
<TimeStamp><when>2026-09-23T21:39:49Z</when></TimeStamp>
<styleUrl>#route</styleUrl>
<Point>
<coordinates>139.501905,36.200749,-0.001000</coordinates>
</Point>
<ExtendedData>
	<Data name="IconNumber">
		<value>901001</value>
	</Data>
</ExtendedData>
</Placemark>
<Placemark>
<name>KH0082</name>
<TimeStamp><when>2026-09-23T21:39:59Z</when></TimeStamp>
<styleUrl>#route</styleUrl>
<Point>
<coordinates>139.502249,36.200731,-0.001000</coordinates>
</Point>
<ExtendedData>
	<Data name="IconNumber">
		<value>901001</value>
	</Data>
</ExtendedData>
</Placemark>
<Placemark>
<name>KH0083</name>
<TimeStamp><when>2026-09-23T21:40:09Z</when></TimeStamp>
<styleUrl>#route</styleUrl>
<Point>
<coordinates>139.502560,36.200671,-0.001000</coordinates>
</Point>
<ExtendedData>
	<Data name="IconNumber">
		<value>901001</value>
	</Data>
</ExtendedData>
</Placemark>
<Placemark>
<name>KH0084</name>
<TimeStamp><when>2026-09-23T21:40:19Z</when></TimeStamp>
<styleUrl>#route</styleUrl>
<Point>
<coordinates>139.503000,36.200568,-0.001000</coordinates>
</Point>
<ExtendedData>
	<Data name="IconNumber">
		<value>901001</value>
	</Data>
</ExtendedData>
</Placemark>
<Placemark>
<name>KH0085</name>
<TimeStamp><when>2026-09-23T21:40:29Z</when></TimeStamp>
<styleUrl>#route</styleUrl>
<Point>
<coordinates>139.506476,36.199813,-0.001000</coordinates>
</Point>
<ExtendedData>
	<Data name="IconNumber">
		<value>901001</value>
	</Data>
</ExtendedData>
</Placemark>
<Placemark>
<name>KH0086</name>
<TimeStamp><when>2026-09-23T21:40:39Z</when></TimeStamp>
<styleUrl>#route</styleUrl>
<Point>
<coordinates>139.506819,36.199787,-0.001000</coordinates>
</Point>
<ExtendedData>
	<Data name="IconNumber">
		<value>901001</value>
	</Data>
</ExtendedData>
</Placemark>
<Placemark>
<name>KH0087</name>
<TimeStamp><when>2026-09-23T21:40:49Z</when></TimeStamp>
<styleUrl>#route</styleUrl>
<Point>
<coordinates>139.507227,36.199796,-0.001000</coordinates>
</Point>
<ExtendedData>
	<Data name="IconNumber">
		<value>901001</value>
	</Data>
</ExtendedData>
</Placemark>
<Placemark>
<name>KH0088</name>
<TimeStamp><when>2026-09-23T21:40:59Z</when></TimeStamp>
<styleUrl>#route</styleUrl>
<Point>
<coordinates>139.507463,36.199839,-0.001000</coordinates>
</Point>
<ExtendedData>
	<Data name="IconNumber">
		<value>901001</value>
	</Data>
</ExtendedData>
</Placemark>
<Placemark>
<name>KH0089</name>
<TimeStamp><when>2026-09-23T21:41:09Z</when></TimeStamp>
<styleUrl>#route</styleUrl>
<Point>
<coordinates>139.507989,36.199938,-0.001000</coordinates>
</Point>
<ExtendedData>
	<Data name="IconNumber">
		<value>901001</value>
	</Data>
</ExtendedData>
</Placemark>
<Placemark>
<name>KH0090</name>
<TimeStamp><when>2026-09-23T21:41:19Z</when></TimeStamp>
<styleUrl>#route</styleUrl>
<Point>
<coordinates>139.508493,36.200006,-0.001000</coordinates>
</Point>
<ExtendedData>
	<Data name="IconNumber">
		<value>901001</value>
	</Data>
</ExtendedData>
</Placemark>
<Placemark>
<name>KH0091</name>
<TimeStamp><when>2026-09-23T21:41:29Z</when></TimeStamp>
<styleUrl>#route</styleUrl>
<Point>
<coordinates>139.508643,36.200019,-0.001000</coordinates>
</Point>
<ExtendedData>
	<Data name="IconNumber">
		<value>901001</value>
	</Data>
</ExtendedData>
</Placemark>
<Placemark>
<name>KH0092</name>
<TimeStamp><when>2026-09-23T21:41:39Z</when></TimeStamp>
<styleUrl>#route</styleUrl>
<Point>
<coordinates>139.509630,36.200036,-0.001000</coordinates>
</Point>
<ExtendedData>
	<Data name="IconNumber">
		<value>901001</value>
	</Data>
</ExtendedData>
</Placemark>
<Placemark>
<name>KH0093</name>
<TimeStamp><when>2026-09-23T21:41:49Z</when></TimeStamp>
<styleUrl>#route</styleUrl>
<Point>
<coordinates>139.512452,36.200036,-0.001000</coordinates>
</Point>
<ExtendedData>
	<Data name="IconNumber">
		<value>901001</value>
	</Data>
</ExtendedData>
</Placemark>
<Placemark>
<name>KH0094</name>
<TimeStamp><when>2026-09-23T21:41:59Z</when></TimeStamp>
<styleUrl>#route</styleUrl>
<Point>
<coordinates>139.513986,36.200036,-0.001000</coordinates>
</Point>
<ExtendedData>
	<Data name="IconNumber">
		<value>901001</value>
	</Data>
</ExtendedData>
</Placemark>
<Placemark>
<name>KH0095</name>
<TimeStamp><when>2026-09-23T21:42:09Z</when></TimeStamp>
<styleUrl>#route</styleUrl>
<Point>
<coordinates>139.513321,36.198423,-0.001000</coordinates>
</Point>
<ExtendedData>
	<Data name="IconNumber">
		<value>901001</value>
	</Data>
</ExtendedData>
</Placemark>
<Placemark>
<name>KH0096</name>
<TimeStamp><when>2026-09-23T21:42:19Z</when></TimeStamp>
<styleUrl>#route</styleUrl>
<Point>
<coordinates>139.513053,36.197779,-0.001000</coordinates>
</Point>
<ExtendedData>
	<Data name="IconNumber">
		<value>901001</value>
	</Data>
</ExtendedData>
</Placemark>
<Placemark>
<name>KH0097</name>
<TimeStamp><when>2026-09-23T21:42:29Z</when></TimeStamp>
<styleUrl>#route</styleUrl>
<Point>
<coordinates>139.512817,36.197135,-0.001000</coordinates>
</Point>
<ExtendedData>
	<Data name="IconNumber">
		<value>901001</value>
	</Data>
</ExtendedData>
</Placemark>
<Placemark>
<name>KH0098</name>
<TimeStamp><when>2026-09-23T21:42:39Z</when></TimeStamp>
<styleUrl>#route</styleUrl>
<Point>
<coordinates>139.512484,36.196157,-0.001000</coordinates>
</Point>
<ExtendedData>
	<Data name="IconNumber">
		<value>901001</value>
	</Data>
</ExtendedData>
</Placemark>
<Placemark>
<name>KH0099</name>
<TimeStamp><when>2026-09-23T21:42:49Z</when></TimeStamp>
<styleUrl>#route</styleUrl>
<Point>
<coordinates>139.512291,36.195625,-0.001000</coordinates>
</Point>
<ExtendedData>
	<Data name="IconNumber">
		<value>901001</value>
	</Data>
</ExtendedData>
</Placemark>
<Placemark>
<name>KH0100</name>
<TimeStamp><when>2026-09-23T21:42:59Z</when></TimeStamp>
<styleUrl>#route</styleUrl>
<Point>
<coordinates>139.512173,36.195213,-0.001000</coordinates>
</Point>
<ExtendedData>
	<Data name="IconNumber">
		<value>901001</value>
	</Data>
</ExtendedData>
</Placemark>
<Placemark>
<name>KH0101</name>
<TimeStamp><when>2026-09-23T21:43:09Z</when></TimeStamp>
<styleUrl>#route</styleUrl>
<Point>
<coordinates>139.510231,36.190046,-0.001000</coordinates>
</Point>
<ExtendedData>
	<Data name="IconNumber">
		<value>901001</value>
	</Data>
</ExtendedData>
</Placemark>
<Placemark>
<name>KH0102</name>
<TimeStamp><when>2026-09-23T21:43:19Z</when></TimeStamp>
<styleUrl>#route</styleUrl>
<Point>
<coordinates>139.510006,36.189445,-0.001000</coordinates>
</Point>
<ExtendedData>
	<Data name="IconNumber">
		<value>901001</value>
	</Data>
</ExtendedData>
</Placemark>
<Placemark>
<name>KH0103</name>
<TimeStamp><when>2026-09-23T21:43:29Z</when></TimeStamp>
<styleUrl>#route</styleUrl>
<Point>
<coordinates>139.509625,36.189535,-0.001000</coordinates>
</Point>
<ExtendedData>
	<Data name="IconNumber">
		<value>901001</value>
	</Data>
</ExtendedData>
</Placemark>
<Placemark>
<name>KH0104</name>
<TimeStamp><when>2026-09-23T21:43:39Z</when></TimeStamp>
<styleUrl>#route</styleUrl>
<Point>
<coordinates>139.509324,36.189578,-0.001000</coordinates>
</Point>
<ExtendedData>
	<Data name="IconNumber">
		<value>901001</value>
	</Data>
</ExtendedData>
</Placemark>
<Placemark>
<name>KH0105</name>
<TimeStamp><when>2026-09-23T21:43:49Z</when></TimeStamp>
<styleUrl>#route</styleUrl>
<Point>
<coordinates>139.508970,36.189621,-0.001000</coordinates>
</Point>
<ExtendedData>
	<Data name="IconNumber">
		<value>901001</value>
	</Data>
</ExtendedData>
</Placemark>
<Placemark>
<name>KH0106</name>
<TimeStamp><when>2026-09-23T21:43:59Z</when></TimeStamp>
<styleUrl>#route</styleUrl>
<Point>
<coordinates>139.508445,36.189672,-0.001000</coordinates>
</Point>
<ExtendedData>
	<Data name="IconNumber">
		<value>901001</value>
	</Data>
</ExtendedData>
</Placemark>
<Placemark>
<name>KH0107</name>
<TimeStamp><when>2026-09-23T21:44:09Z</when></TimeStamp>
<styleUrl>#route</styleUrl>
<Point>
<coordinates>139.508284,36.189672,-0.001000</coordinates>
</Point>
<ExtendedData>
	<Data name="IconNumber">
		<value>901001</value>
	</Data>
</ExtendedData>
</Placemark>
<Placemark>
<name>KH0108</name>
<TimeStamp><when>2026-09-23T21:44:19Z</when></TimeStamp>
<styleUrl>#route</styleUrl>
<Point>
<coordinates>139.508134,36.189638,-0.001000</coordinates>
</Point>
<ExtendedData>
	<Data name="IconNumber">
		<value>901001</value>
	</Data>
</ExtendedData>
</Placemark>
<Placemark>
<name>KH0109</name>
<TimeStamp><when>2026-09-23T21:44:29Z</when></TimeStamp>
<styleUrl>#route</styleUrl>
<Point>
<coordinates>139.507962,36.189561,-0.001000</coordinates>
</Point>
<ExtendedData>
	<Data name="IconNumber">
		<value>901001</value>
	</Data>
</ExtendedData>
</Placemark>
<Placemark>
<name>KH0110</name>
<TimeStamp><when>2026-09-23T21:44:39Z</when></TimeStamp>
<styleUrl>#route</styleUrl>
<Point>
<coordinates>139.507844,36.189449,-0.001000</coordinates>
</Point>
<ExtendedData>
	<Data name="IconNumber">
		<value>901001</value>
	</Data>
</ExtendedData>
</Placemark>
<Placemark>
<name>KH0111</name>
<TimeStamp><when>2026-09-23T21:44:49Z</when></TimeStamp>
<styleUrl>#route</styleUrl>
<Point>
<coordinates>139.507511,36.188814,-0.001000</coordinates>
</Point>
<ExtendedData>
	<Data name="IconNumber">
		<value>901001</value>
	</Data>
</ExtendedData>
</Placemark>
<Placemark>
<name>KH0112</name>
<TimeStamp><when>2026-09-23T21:44:59Z</when></TimeStamp>
<styleUrl>#route</styleUrl>
<Point>
<coordinates>139.507275,36.188299,-0.001000</coordinates>
</Point>
<ExtendedData>
	<Data name="IconNumber">
		<value>901001</value>
	</Data>
</ExtendedData>
</Placemark>
<Placemark>
<name>KH0113</name>
<TimeStamp><when>2026-09-23T21:45:09Z</when></TimeStamp>
<styleUrl>#route</styleUrl>
<Point>
<coordinates>139.506782,36.186951,-0.001000</coordinates>
</Point>
<ExtendedData>
	<Data name="IconNumber">
		<value>901001</value>
	</Data>
</ExtendedData>
</Placemark>
<Placemark>
<name>KH0114</name>
<TimeStamp><when>2026-09-23T21:45:19Z</when></TimeStamp>
<styleUrl>#route</styleUrl>
<Point>
<coordinates>139.506503,36.186145,-0.001000</coordinates>
</Point>
<ExtendedData>
	<Data name="IconNumber">
		<value>901001</value>
	</Data>
</ExtendedData>
</Placemark>
<Placemark>
<name>KH0115</name>
<TimeStamp><when>2026-09-23T21:45:29Z</when></TimeStamp>
<styleUrl>#route</styleUrl>
<Point>
<coordinates>139.505827,36.184308,-0.001000</coordinates>
</Point>
<ExtendedData>
	<Data name="IconNumber">
		<value>901001</value>
	</Data>
</ExtendedData>
</Placemark>
<Placemark>
<name>KH0116</name>
<TimeStamp><when>2026-09-23T21:45:39Z</when></TimeStamp>
<styleUrl>#route</styleUrl>
<Point>
<coordinates>139.505494,36.183492,-0.001000</coordinates>
</Point>
<ExtendedData>
	<Data name="IconNumber">
		<value>901001</value>
	</Data>
</ExtendedData>
</Placemark>
<Placemark>
<name>KH0117</name>
<TimeStamp><when>2026-09-23T21:45:49Z</when></TimeStamp>
<styleUrl>#route</styleUrl>
<Point>
<coordinates>139.505419,36.183304,-0.001000</coordinates>
</Point>
<ExtendedData>
	<Data name="IconNumber">
		<value>901001</value>
	</Data>
</ExtendedData>
</Placemark>
<Placemark>
<name>KH0118</name>
<TimeStamp><when>2026-09-23T21:45:59Z</when></TimeStamp>
<styleUrl>#route</styleUrl>
<Point>
<coordinates>139.505258,36.182789,-0.001000</coordinates>
</Point>
<ExtendedData>
	<Data name="IconNumber">
		<value>901001</value>
	</Data>
</ExtendedData>
</Placemark>
<Placemark>
<name>KH0119</name>
<TimeStamp><when>2026-09-23T21:46:09Z</when></TimeStamp>
<styleUrl>#route</styleUrl>
<Point>
<coordinates>139.505119,36.182282,-0.001000</coordinates>
</Point>
<ExtendedData>
	<Data name="IconNumber">
		<value>901001</value>
	</Data>
</ExtendedData>
</Placemark>
<Placemark>
<name>KH0120</name>
<TimeStamp><when>2026-09-23T21:46:19Z</when></TimeStamp>
<styleUrl>#route</styleUrl>
<Point>
<coordinates>139.505076,36.182025,-0.001000</coordinates>
</Point>
<ExtendedData>
	<Data name="IconNumber">
		<value>901001</value>
	</Data>
</ExtendedData>
</Placemark>
<Placemark>
<name>KH0121</name>
<TimeStamp><when>2026-09-23T21:46:29Z</when></TimeStamp>
<styleUrl>#route</styleUrl>
<Point>
<coordinates>139.505065,36.181814,-0.001000</coordinates>
</Point>
<ExtendedData>
	<Data name="IconNumber">
		<value>901001</value>
	</Data>
</ExtendedData>
</Placemark>
<Placemark>
<name>KH0122</name>
<TimeStamp><when>2026-09-23T21:46:39Z</when></TimeStamp>
<styleUrl>#route</styleUrl>
<Point>
<coordinates>139.505194,36.181789,-0.001000</coordinates>
</Point>
<ExtendedData>
	<Data name="IconNumber">
		<value>901001</value>
	</Data>
</ExtendedData>
</Placemark>
<Placemark>
<name>KH0123</name>
<TimeStamp><when>2026-09-23T21:46:49Z</when></TimeStamp>
<styleUrl>#route</styleUrl>
<Point>
<coordinates>139.505199,36.181643,-0.001000</coordinates>
</Point>
<ExtendedData>
	<Data name="IconNumber">
		<value>901001</value>
	</Data>
</ExtendedData>
</Placemark>
<Placemark>
<name>KH0124</name>
<TimeStamp><when>2026-09-23T21:46:59Z</when></TimeStamp>
<styleUrl>#route</styleUrl>
<Point>
<coordinates>139.505124,36.180982,-0.001000</coordinates>
</Point>
<ExtendedData>
	<Data name="IconNumber">
		<value>901001</value>
	</Data>
</ExtendedData>
</Placemark>
<Placemark>
<name>KH0125</name>
<TimeStamp><when>2026-09-23T21:47:09Z</when></TimeStamp>
<styleUrl>#route</styleUrl>
<Point>
<coordinates>139.505054,36.180274,-0.001000</coordinates>
</Point>
<ExtendedData>
	<Data name="IconNumber">
		<value>901001</value>
	</Data>
</ExtendedData>
</Placemark>
<Placemark>
<name>KH0126</name>
<TimeStamp><when>2026-09-23T21:47:19Z</when></TimeStamp>
<styleUrl>#route</styleUrl>
<Point>
<coordinates>139.504936,36.179510,-0.001000</coordinates>
</Point>
<ExtendedData>
	<Data name="IconNumber">
		<value>901001</value>
	</Data>
</ExtendedData>
</Placemark>
<Placemark>
<name>KH0127</name>
<TimeStamp><when>2026-09-23T21:47:29Z</when></TimeStamp>
<styleUrl>#route</styleUrl>
<Point>
<coordinates>139.504883,36.179209,-0.001000</coordinates>
</Point>
<ExtendedData>
	<Data name="IconNumber">
		<value>901001</value>
	</Data>
</ExtendedData>
</Placemark>
<Placemark>
<name>KH0128</name>
<TimeStamp><when>2026-09-23T21:47:39Z</when></TimeStamp>
<styleUrl>#route</styleUrl>
<Point>
<coordinates>139.504840,36.178729,-0.001000</coordinates>
</Point>
<ExtendedData>
	<Data name="IconNumber">
		<value>901001</value>
	</Data>
</ExtendedData>
</Placemark>
<Placemark>
<name>KH0129</name>
<TimeStamp><when>2026-09-23T21:47:49Z</when></TimeStamp>
<styleUrl>#route</styleUrl>
<Point>
<coordinates>139.504775,36.177725,-0.001000</coordinates>
</Point>
<ExtendedData>
	<Data name="IconNumber">
		<value>901001</value>
	</Data>
</ExtendedData>
</Placemark>
<Placemark>
<name>KH0130</name>
<TimeStamp><when>2026-09-23T21:47:59Z</when></TimeStamp>
<styleUrl>#route</styleUrl>
<Point>
<coordinates>139.504786,36.177004,-0.001000</coordinates>
</Point>
<ExtendedData>
	<Data name="IconNumber">
		<value>901001</value>
	</Data>
</ExtendedData>
</Placemark>
<Placemark>
<name>KH0131</name>
<TimeStamp><when>2026-09-23T21:48:09Z</when></TimeStamp>
<styleUrl>#route</styleUrl>
<Point>
<coordinates>139.504818,36.176111,-0.001000</coordinates>
</Point>
<ExtendedData>
	<Data name="IconNumber">
		<value>901001</value>
	</Data>
</ExtendedData>
</Placemark>
<Placemark>
<name>KH0132</name>
<TimeStamp><when>2026-09-23T21:48:19Z</when></TimeStamp>
<styleUrl>#route</styleUrl>
<Point>
<coordinates>139.503681,36.176180,-0.001000</coordinates>
</Point>
<ExtendedData>
	<Data name="IconNumber">
		<value>901001</value>
	</Data>
</ExtendedData>
</Placemark>
<Placemark>
<name>KH0133</name>
<TimeStamp><when>2026-09-23T21:48:29Z</when></TimeStamp>
<styleUrl>#route</styleUrl>
<Point>
<coordinates>139.503466,36.176154,-0.001000</coordinates>
</Point>
<ExtendedData>
	<Data name="IconNumber">
		<value>901001</value>
	</Data>
</ExtendedData>
</Placemark>
<Placemark>
<name>KH0134</name>
<TimeStamp><when>2026-09-23T21:48:39Z</when></TimeStamp>
<styleUrl>#route</styleUrl>
<Point>
<coordinates>139.503209,36.176120,-0.001000</coordinates>
</Point>
<ExtendedData>
	<Data name="IconNumber">
		<value>901001</value>
	</Data>
</ExtendedData>
</Placemark>
<Placemark>
<name>KH0135</name>
<TimeStamp><when>2026-09-23T21:48:49Z</when></TimeStamp>
<styleUrl>#route</styleUrl>
<Point>
<coordinates>139.502844,36.176034,-0.001000</coordinates>
</Point>
<ExtendedData>
	<Data name="IconNumber">
		<value>901001</value>
	</Data>
</ExtendedData>
</Placemark>
<Placemark>
<name>KH0136</name>
<TimeStamp><when>2026-09-23T21:48:59Z</when></TimeStamp>
<styleUrl>#route</styleUrl>
<Point>
<coordinates>139.502404,36.175888,-0.001000</coordinates>
</Point>
<ExtendedData>
	<Data name="IconNumber">
		<value>901001</value>
	</Data>
</ExtendedData>
</Placemark>
<Placemark>
<name>KH0137</name>
<TimeStamp><when>2026-09-23T21:49:09Z</when></TimeStamp>
<styleUrl>#route</styleUrl>
<Point>
<coordinates>139.501997,36.175682,-0.001000</coordinates>
</Point>
<ExtendedData>
	<Data name="IconNumber">
		<value>901001</value>
	</Data>
</ExtendedData>
</Placemark>
<Placemark>
<name>KH0138</name>
<TimeStamp><when>2026-09-23T21:49:19Z</when></TimeStamp>
<styleUrl>#route</styleUrl>
<Point>
<coordinates>139.500763,36.175055,-0.001000</coordinates>
</Point>
<ExtendedData>
	<Data name="IconNumber">
		<value>901001</value>
	</Data>
</ExtendedData>
</Placemark>
<Placemark>
<name>KH0139</name>
<TimeStamp><when>2026-09-23T21:49:29Z</when></TimeStamp>
<styleUrl>#route</styleUrl>
<Point>
<coordinates>139.498606,36.173948,-0.001000</coordinates>
</Point>
<ExtendedData>
	<Data name="IconNumber">
		<value>901001</value>
	</Data>
</ExtendedData>
</Placemark>
<Placemark>
<name>KH0140</name>
<TimeStamp><when>2026-09-23T21:49:39Z</when></TimeStamp>
<styleUrl>#route</styleUrl>
<Point>
<coordinates>139.496439,36.172824,-0.001000</coordinates>
</Point>
<ExtendedData>
	<Data name="IconNumber">
		<value>901001</value>
	</Data>
</ExtendedData>
</Placemark>
<Placemark>
<name>KH0141</name>
<TimeStamp><when>2026-09-23T21:49:49Z</when></TimeStamp>
<styleUrl>#route</styleUrl>
<Point>
<coordinates>139.495892,36.172540,-0.001000</coordinates>
</Point>
<ExtendedData>
	<Data name="IconNumber">
		<value>901001</value>
	</Data>
</ExtendedData>
</Placemark>
<Placemark>
<name>KH0142</name>
<TimeStamp><when>2026-09-23T21:49:59Z</when></TimeStamp>
<styleUrl>#route</styleUrl>
<Point>
<coordinates>139.494358,36.171879,-0.001000</coordinates>
</Point>
<ExtendedData>
	<Data name="IconNumber">
		<value>901001</value>
	</Data>
</ExtendedData>
</Placemark>
<Placemark>
<name>KH0143</name>
<TimeStamp><when>2026-09-23T21:50:09Z</when></TimeStamp>
<styleUrl>#route</styleUrl>
<Point>
<coordinates>139.493446,36.171476,-0.001000</coordinates>
</Point>
<ExtendedData>
	<Data name="IconNumber">
		<value>901001</value>
	</Data>
</ExtendedData>
</Placemark>
<Placemark>
<name>KH0144</name>
<TimeStamp><when>2026-09-23T21:50:19Z</when></TimeStamp>
<styleUrl>#route</styleUrl>
<Point>
<coordinates>139.489219,36.169631,-0.001000</coordinates>
</Point>
<ExtendedData>
	<Data name="IconNumber">
		<value>901001</value>
	</Data>
</ExtendedData>
</Placemark>
<Placemark>
<name>KH0145</name>
<TimeStamp><when>2026-09-23T21:50:29Z</when></TimeStamp>
<styleUrl>#route</styleUrl>
<Point>
<coordinates>139.488671,36.169390,-0.001000</coordinates>
</Point>
<ExtendedData>
	<Data name="IconNumber">
		<value>901001</value>
	</Data>
</ExtendedData>
</Placemark>
<Placemark>
<name>KH0146</name>
<TimeStamp><when>2026-09-23T21:50:39Z</when></TimeStamp>
<styleUrl>#route</styleUrl>
<Point>
<coordinates>139.488253,36.169219,-0.001000</coordinates>
</Point>
<ExtendedData>
	<Data name="IconNumber">
		<value>901001</value>
	</Data>
</ExtendedData>
</Placemark>
<Placemark>
<name>KH0147</name>
<TimeStamp><when>2026-09-23T21:50:49Z</when></TimeStamp>
<styleUrl>#route</styleUrl>
<Point>
<coordinates>139.488006,36.169141,-0.001000</coordinates>
</Point>
<ExtendedData>
	<Data name="IconNumber">
		<value>901001</value>
	</Data>
</ExtendedData>
</Placemark>
<Placemark>
<name>KH0148</name>
<TimeStamp><when>2026-09-23T21:50:59Z</when></TimeStamp>
<styleUrl>#route</styleUrl>
<Point>
<coordinates>139.487641,36.169064,-0.001000</coordinates>
</Point>
<ExtendedData>
	<Data name="IconNumber">
		<value>901001</value>
	</Data>
</ExtendedData>
</Placemark>
<Placemark>
<name>KH0149</name>
<TimeStamp><when>2026-09-23T21:51:09Z</when></TimeStamp>
<styleUrl>#route</styleUrl>
<Point>
<coordinates>139.487448,36.169030,-0.001000</coordinates>
</Point>
<ExtendedData>
	<Data name="IconNumber">
		<value>901001</value>
	</Data>
</ExtendedData>
</Placemark>
<Placemark>
<name>KH0150</name>
<TimeStamp><when>2026-09-23T21:51:19Z</when></TimeStamp>
<styleUrl>#route</styleUrl>
<Point>
<coordinates>139.486955,36.169021,-0.001000</coordinates>
</Point>
<ExtendedData>
	<Data name="IconNumber">
		<value>901001</value>
	</Data>
</ExtendedData>
</Placemark>
<Placemark>
<name>KH0151</name>
<TimeStamp><when>2026-09-23T21:51:29Z</when></TimeStamp>
<styleUrl>#route</styleUrl>
<Point>
<coordinates>139.486633,36.169026,-0.001000</coordinates>
</Point>
<ExtendedData>
	<Data name="IconNumber">
		<value>901001</value>
	</Data>
</ExtendedData>
</Placemark>
<Placemark>
<name>KH0152</name>
<TimeStamp><when>2026-09-23T21:51:39Z</when></TimeStamp>
<styleUrl>#route</styleUrl>
<Point>
<coordinates>139.486381,36.169021,-0.001000</coordinates>
</Point>
<ExtendedData>
	<Data name="IconNumber">
		<value>901001</value>
	</Data>
</ExtendedData>
</Placemark>
<Placemark>
<name>KH0153</name>
<TimeStamp><when>2026-09-23T21:51:49Z</when></TimeStamp>
<styleUrl>#route</styleUrl>
<Point>
<coordinates>139.486096,36.169021,-0.001000</coordinates>
</Point>
<ExtendedData>
	<Data name="IconNumber">
		<value>901001</value>
	</Data>
</ExtendedData>
</Placemark>
<Placemark>
<name>KH0154</name>
<TimeStamp><when>2026-09-23T21:51:59Z</when></TimeStamp>
<styleUrl>#route</styleUrl>
<Point>
<coordinates>139.485807,36.169064,-0.001000</coordinates>
</Point>
<ExtendedData>
	<Data name="IconNumber">
		<value>901001</value>
	</Data>
</ExtendedData>
</Placemark>
<Placemark>
<name>KH0155</name>
<TimeStamp><when>2026-09-23T21:52:09Z</when></TimeStamp>
<styleUrl>#route</styleUrl>
<Point>
<coordinates>139.485539,36.168738,-0.001000</coordinates>
</Point>
<ExtendedData>
	<Data name="IconNumber">
		<value>901001</value>
	</Data>
</ExtendedData>
</Placemark>
<Placemark>
<name>KH0156</name>
<TimeStamp><when>2026-09-23T21:52:19Z</when></TimeStamp>
<styleUrl>#route</styleUrl>
<Point>
<coordinates>139.485453,36.168618,-0.001000</coordinates>
</Point>
<ExtendedData>
	<Data name="IconNumber">
		<value>901001</value>
	</Data>
</ExtendedData>
</Placemark>
<Placemark>
<name>KH0157</name>
<TimeStamp><when>2026-09-23T21:52:29Z</when></TimeStamp>
<styleUrl>#route</styleUrl>
<Point>
<coordinates>139.485378,36.168472,-0.001000</coordinates>
</Point>
<ExtendedData>
	<Data name="IconNumber">
		<value>901001</value>
	</Data>
</ExtendedData>
</Placemark>
<Placemark>
<name>KH0158</name>
<TimeStamp><when>2026-09-23T21:52:39Z</when></TimeStamp>
<styleUrl>#route</styleUrl>
<Point>
<coordinates>139.485345,36.168352,-0.001000</coordinates>
</Point>
<ExtendedData>
	<Data name="IconNumber">
		<value>901001</value>
	</Data>
</ExtendedData>
</Placemark>
<Placemark>
<name>KH0159</name>
<TimeStamp><when>2026-09-23T21:52:49Z</when></TimeStamp>
<styleUrl>#route</styleUrl>
<Point>
<coordinates>139.485313,36.168077,-0.001000</coordinates>
</Point>
<ExtendedData>
	<Data name="IconNumber">
		<value>901001</value>
	</Data>
</ExtendedData>
</Placemark>
<Placemark>
<name>KH0160</name>
<TimeStamp><when>2026-09-23T21:52:59Z</when></TimeStamp>
<styleUrl>#route</styleUrl>
<Point>
<coordinates>139.485313,36.167485,-0.001000</coordinates>
</Point>
<ExtendedData>
	<Data name="IconNumber">
		<value>901001</value>
	</Data>
</ExtendedData>
</Placemark>
<Placemark>
<name>KH0161</name>
<TimeStamp><when>2026-09-23T21:53:09Z</when></TimeStamp>
<styleUrl>#route</styleUrl>
<Point>
<coordinates>139.485410,36.166944,-0.001000</coordinates>
</Point>
<ExtendedData>
	<Data name="IconNumber">
		<value>901001</value>
	</Data>
</ExtendedData>
</Placemark>
<Placemark>
<name>KH0162</name>
<TimeStamp><when>2026-09-23T21:53:19Z</when></TimeStamp>
<styleUrl>#route</styleUrl>
<Point>
<coordinates>139.485431,36.166695,-0.001000</coordinates>
</Point>
<ExtendedData>
	<Data name="IconNumber">
		<value>901001</value>
	</Data>
</ExtendedData>
</Placemark>
<Placemark>
<name>KH0163</name>
<TimeStamp><when>2026-09-23T21:53:29Z</when></TimeStamp>
<styleUrl>#route</styleUrl>
<Point>
<coordinates>139.485442,36.166343,-0.001000</coordinates>
</Point>
<ExtendedData>
	<Data name="IconNumber">
		<value>901001</value>
	</Data>
</ExtendedData>
</Placemark>
<Placemark>
<name>KH0164</name>
<TimeStamp><when>2026-09-23T21:53:39Z</when></TimeStamp>
<styleUrl>#route</styleUrl>
<Point>
<coordinates>139.485496,36.166026,-0.001000</coordinates>
</Point>
<ExtendedData>
	<Data name="IconNumber">
		<value>901001</value>
	</Data>
</ExtendedData>
</Placemark>
<Placemark>
<name>KH0165</name>
<TimeStamp><when>2026-09-23T21:53:49Z</when></TimeStamp>
<styleUrl>#route</styleUrl>
<Point>
<coordinates>139.485614,36.165099,-0.001000</coordinates>
</Point>
<ExtendedData>
	<Data name="IconNumber">
		<value>901001</value>
	</Data>
</ExtendedData>
</Placemark>
<Placemark>
<name>KH0166</name>
<TimeStamp><when>2026-09-23T21:53:59Z</when></TimeStamp>
<styleUrl>#route</styleUrl>
<Point>
<coordinates>139.485689,36.164687,-0.001000</coordinates>
</Point>
<ExtendedData>
	<Data name="IconNumber">
		<value>901001</value>
	</Data>
</ExtendedData>
</Placemark>
<Placemark>
<name>KH0167</name>
<TimeStamp><when>2026-09-23T21:54:09Z</when></TimeStamp>
<styleUrl>#route</styleUrl>
<Point>
<coordinates>139.486011,36.163502,-0.001000</coordinates>
</Point>
<ExtendedData>
	<Data name="IconNumber">
		<value>901001</value>
	</Data>
</ExtendedData>
</Placemark>
<Placemark>
<name>KH0168</name>
<TimeStamp><when>2026-09-23T21:54:19Z</when></TimeStamp>
<styleUrl>#route</styleUrl>
<Point>
<coordinates>139.485903,36.163279,-0.001000</coordinates>
</Point>
<ExtendedData>
	<Data name="IconNumber">
		<value>901001</value>
	</Data>
</ExtendedData>
</Placemark>
<Placemark>
<name>KH0169</name>
<TimeStamp><when>2026-09-23T21:54:29Z</when></TimeStamp>
<styleUrl>#route</styleUrl>
<Point>
<coordinates>139.485775,36.163125,-0.001000</coordinates>
</Point>
<ExtendedData>
	<Data name="IconNumber">
		<value>901001</value>
	</Data>
</ExtendedData>
</Placemark>
<Placemark>
<name>KH0170</name>
<TimeStamp><when>2026-09-23T21:54:39Z</when></TimeStamp>
<styleUrl>#route</styleUrl>
<Point>
<coordinates>139.485517,36.162893,-0.001000</coordinates>
</Point>
<ExtendedData>
	<Data name="IconNumber">
		<value>901001</value>
	</Data>
</ExtendedData>
</Placemark>
<Placemark>
<name>KH0171</name>
<TimeStamp><when>2026-09-23T21:54:49Z</when></TimeStamp>
<styleUrl>#route</styleUrl>
<Point>
<coordinates>139.484680,36.162704,-0.001000</coordinates>
</Point>
<ExtendedData>
	<Data name="IconNumber">
		<value>901001</value>
	</Data>
</ExtendedData>
</Placemark>
<Placemark>
<name>KH0172</name>
<TimeStamp><when>2026-09-23T21:54:59Z</when></TimeStamp>
<styleUrl>#route</styleUrl>
<Point>
<coordinates>139.484380,36.162661,-0.001000</coordinates>
</Point>
<ExtendedData>
	<Data name="IconNumber">
		<value>901001</value>
	</Data>
</ExtendedData>
</Placemark>
<Placemark>
<name>KH0173</name>
<TimeStamp><when>2026-09-23T21:55:09Z</when></TimeStamp>
<styleUrl>#route</styleUrl>
<Point>
<coordinates>139.484197,36.162618,-0.001000</coordinates>
</Point>
<ExtendedData>
	<Data name="IconNumber">
		<value>901001</value>
	</Data>
</ExtendedData>
</Placemark>
<Placemark>
<name>KH0174</name>
<TimeStamp><when>2026-09-23T21:55:19Z</when></TimeStamp>
<styleUrl>#route</styleUrl>
<Point>
<coordinates>139.483822,36.162455,-0.001000</coordinates>
</Point>
<ExtendedData>
	<Data name="IconNumber">
		<value>901001</value>
	</Data>
</ExtendedData>
</Placemark>
<Placemark>
<name>KH0175</name>
<TimeStamp><when>2026-09-23T21:55:29Z</when></TimeStamp>
<styleUrl>#route</styleUrl>
<Point>
<coordinates>139.483586,36.162284,-0.001000</coordinates>
</Point>
<ExtendedData>
	<Data name="IconNumber">
		<value>901001</value>
	</Data>
</ExtendedData>
</Placemark>
<Placemark>
<name>KH0176</name>
<TimeStamp><when>2026-09-23T21:55:39Z</when></TimeStamp>
<styleUrl>#route</styleUrl>
<Point>
<coordinates>139.483457,36.162146,-0.001000</coordinates>
</Point>
<ExtendedData>
	<Data name="IconNumber">
		<value>901001</value>
	</Data>
</ExtendedData>
</Placemark>
<Placemark>
<name>KH0177</name>
<TimeStamp><when>2026-09-23T21:55:49Z</when></TimeStamp>
<styleUrl>#route</styleUrl>
<Point>
<coordinates>139.483361,36.162000,-0.001000</coordinates>
</Point>
<ExtendedData>
	<Data name="IconNumber">
		<value>901001</value>
	</Data>
</ExtendedData>
</Placemark>
<Placemark>
<name>KH0178</name>
<TimeStamp><when>2026-09-23T21:55:59Z</when></TimeStamp>
<styleUrl>#route</styleUrl>
<Point>
<coordinates>139.483135,36.161734,-0.001000</coordinates>
</Point>
<ExtendedData>
	<Data name="IconNumber">
		<value>901001</value>
	</Data>
</ExtendedData>
</Placemark>
<Placemark>
<name>KH0179</name>
<TimeStamp><when>2026-09-23T21:56:09Z</when></TimeStamp>
<styleUrl>#route</styleUrl>
<Point>
<coordinates>139.483050,36.161657,-0.001000</coordinates>
</Point>
<ExtendedData>
	<Data name="IconNumber">
		<value>901001</value>
	</Data>
</ExtendedData>
</Placemark>
<Placemark>
<name>KH0180</name>
<TimeStamp><when>2026-09-23T21:56:19Z</when></TimeStamp>
<styleUrl>#route</styleUrl>
<Point>
<coordinates>139.482835,36.161563,-0.001000</coordinates>
</Point>
<ExtendedData>
	<Data name="IconNumber">
		<value>901001</value>
	</Data>
</ExtendedData>
</Placemark>
<Placemark>
<name>KH0181</name>
<TimeStamp><when>2026-09-23T21:56:29Z</when></TimeStamp>
<styleUrl>#route</styleUrl>
<Point>
<coordinates>139.482513,36.161477,-0.001000</coordinates>
</Point>
<ExtendedData>
	<Data name="IconNumber">
		<value>901001</value>
	</Data>
</ExtendedData>
</Placemark>
<Placemark>
<name>KH0182</name>
<TimeStamp><when>2026-09-23T21:56:39Z</when></TimeStamp>
<styleUrl>#route</styleUrl>
<Point>
<coordinates>139.482234,36.161434,-0.001000</coordinates>
</Point>
<ExtendedData>
	<Data name="IconNumber">
		<value>901001</value>
	</Data>
</ExtendedData>
</Placemark>
<Placemark>
<name>KH0183</name>
<TimeStamp><when>2026-09-23T21:56:49Z</when></TimeStamp>
<styleUrl>#route</styleUrl>
<Point>
<coordinates>139.480668,36.161305,-0.001000</coordinates>
</Point>
<ExtendedData>
	<Data name="IconNumber">
		<value>901001</value>
	</Data>
</ExtendedData>
</Placemark>
<Placemark>
<name>TN0019</name>
<TimeStamp><when>2026-09-23T21:56:59Z</when></TimeStamp>
<styleUrl>#route</styleUrl>
<Point>
<coordinates>139.479745,36.161217,-0.001000</coordinates>
</Point>
<ExtendedData>
	<Data name="IconNumber">
		<value>901001</value>
	</Data>
</ExtendedData>
</Placemark>
<Placemark>
<name>KH0185</name>
<TimeStamp><when>2026-09-23T21:57:09Z</when></TimeStamp>
<styleUrl>#route</styleUrl>
<Point>
<coordinates>139.478812,36.161125,-0.001000</coordinates>
</Point>
<ExtendedData>
	<Data name="IconNumber">
		<value>901001</value>
	</Data>
</ExtendedData>
</Placemark>
<Placemark>
<name>KH0186</name>
<TimeStamp><when>2026-09-23T21:57:19Z</when></TimeStamp>
<styleUrl>#route</styleUrl>
<Point>
<coordinates>139.477642,36.160996,-0.001000</coordinates>
</Point>
<ExtendedData>
	<Data name="IconNumber">
		<value>901001</value>
	</Data>
</ExtendedData>
</Placemark>
<Placemark>
<name>KH0187</name>
<TimeStamp><when>2026-09-23T21:57:29Z</when></TimeStamp>
<styleUrl>#route</styleUrl>
<Point>
<coordinates>139.477449,36.160962,-0.001000</coordinates>
</Point>
<ExtendedData>
	<Data name="IconNumber">
		<value>901001</value>
	</Data>
</ExtendedData>
</Placemark>
<Placemark>
<name>KH0188</name>
<TimeStamp><when>2026-09-23T21:57:39Z</when></TimeStamp>
<styleUrl>#route</styleUrl>
<Point>
<coordinates>139.477256,36.160910,-0.001000</coordinates>
</Point>
<ExtendedData>
	<Data name="IconNumber">
		<value>901001</value>
	</Data>
</ExtendedData>
</Placemark>
<Placemark>
<name>KH0189</name>
<TimeStamp><when>2026-09-23T21:57:49Z</when></TimeStamp>
<styleUrl>#route</styleUrl>
<Point>
<coordinates>139.476934,36.160747,-0.001000</coordinates>
</Point>
<ExtendedData>
	<Data name="IconNumber">
		<value>901001</value>
	</Data>
</ExtendedData>
</Placemark>
<Placemark>
<name>KH0190</name>
<TimeStamp><when>2026-09-23T21:57:59Z</when></TimeStamp>
<styleUrl>#route</styleUrl>
<Point>
<coordinates>139.476784,36.160644,-0.001000</coordinates>
</Point>
<ExtendedData>
	<Data name="IconNumber">
		<value>901001</value>
	</Data>
</ExtendedData>
</Placemark>
<Placemark>
<name>KH0191</name>
<TimeStamp><when>2026-09-23T21:58:09Z</when></TimeStamp>
<styleUrl>#route</styleUrl>
<Point>
<coordinates>139.476398,36.160241,-0.001000</coordinates>
</Point>
<ExtendedData>
	<Data name="IconNumber">
		<value>901001</value>
	</Data>
</ExtendedData>
</Placemark>
<Placemark>
<name>KH0192</name>
<TimeStamp><when>2026-09-23T21:58:19Z</when></TimeStamp>
<styleUrl>#route</styleUrl>
<Point>
<coordinates>139.475786,36.159546,-0.001000</coordinates>
</Point>
<ExtendedData>
	<Data name="IconNumber">
		<value>901001</value>
	</Data>
</ExtendedData>
</Placemark>
<Placemark>
<name>KH0193</name>
<TimeStamp><when>2026-09-23T21:58:29Z</when></TimeStamp>
<styleUrl>#route</styleUrl>
<Point>
<coordinates>139.474960,36.158636,-0.001000</coordinates>
</Point>
<ExtendedData>
	<Data name="IconNumber">
		<value>901001</value>
	</Data>
</ExtendedData>
</Placemark>
<Placemark>
<name>KH0194</name>
<TimeStamp><when>2026-09-23T21:58:39Z</when></TimeStamp>
<styleUrl>#route</styleUrl>
<Point>
<coordinates>139.473737,36.157254,-0.001000</coordinates>
</Point>
<ExtendedData>
	<Data name="IconNumber">
		<value>901001</value>
	</Data>
</ExtendedData>
</Placemark>
<Placemark>
<name>BE0032</name>
<TimeStamp><when>2026-09-23T21:58:49Z</when></TimeStamp>
<styleUrl>#route</styleUrl>
<Point>
<coordinates>139.473379,36.156855,-0.001000</coordinates>
</Point>
<ExtendedData>
	<Data name="IconNumber">
		<value>901001</value>
	</Data>
</ExtendedData>
</Placemark>
<Placemark>
<name>KH0196</name>
<TimeStamp><when>2026-09-23T21:58:59Z</when></TimeStamp>
<styleUrl>#route</styleUrl>
<Point>
<coordinates>139.472879,36.156181,-0.001000</coordinates>
</Point>
<ExtendedData>
	<Data name="IconNumber">
		<value>901001</value>
	</Data>
</ExtendedData>
</Placemark>
<Placemark>
<name>KH0197</name>
<TimeStamp><when>2026-09-23T21:59:09Z</when></TimeStamp>
<styleUrl>#route</styleUrl>
<Point>
<coordinates>139.472288,36.155477,-0.001000</coordinates>
</Point>
<ExtendedData>
	<Data name="IconNumber">
		<value>901001</value>
	</Data>
</ExtendedData>
</Placemark>
<Placemark>
<name>KH0198</name>
<TimeStamp><when>2026-09-23T21:59:19Z</when></TimeStamp>
<styleUrl>#route</styleUrl>
<Point>
<coordinates>139.471731,36.154739,-0.001000</coordinates>
</Point>
<ExtendedData>
	<Data name="IconNumber">
		<value>901001</value>
	</Data>
</ExtendedData>
</Placemark>
<Placemark>
<name>KH0199</name>
<TimeStamp><when>2026-09-23T21:59:29Z</when></TimeStamp>
<styleUrl>#route</styleUrl>
<Point>
<coordinates>139.470958,36.153812,-0.001000</coordinates>
</Point>
<ExtendedData>
	<Data name="IconNumber">
		<value>901001</value>
	</Data>
</ExtendedData>
</Placemark>
<Placemark>
<name>KH0200</name>
<TimeStamp><when>2026-09-23T21:59:39Z</when></TimeStamp>
<styleUrl>#route</styleUrl>
<Point>
<coordinates>139.470357,36.153031,-0.001000</coordinates>
</Point>
<ExtendedData>
	<Data name="IconNumber">
		<value>901001</value>
	</Data>
</ExtendedData>
</Placemark>
<Placemark>
<name>KH0201</name>
<TimeStamp><when>2026-09-23T21:59:49Z</when></TimeStamp>
<styleUrl>#route</styleUrl>
<Point>
<coordinates>139.470014,36.152602,-0.001000</coordinates>
</Point>
<ExtendedData>
	<Data name="IconNumber">
		<value>901001</value>
	</Data>
</ExtendedData>
</Placemark>
<Placemark>
<name>KH0202</name>
<TimeStamp><when>2026-09-23T21:59:59Z</when></TimeStamp>
<styleUrl>#route</styleUrl>
<Point>
<coordinates>139.469746,36.152224,-0.001000</coordinates>
</Point>
<ExtendedData>
	<Data name="IconNumber">
		<value>901001</value>
	</Data>
</ExtendedData>
</Placemark>
<Placemark>
<name>KH0203</name>
<TimeStamp><when>2026-09-23T22:00:09Z</when></TimeStamp>
<styleUrl>#route</styleUrl>
<Point>
<coordinates>139.469628,36.152035,-0.001000</coordinates>
</Point>
<ExtendedData>
	<Data name="IconNumber">
		<value>901001</value>
	</Data>
</ExtendedData>
</Placemark>
<Placemark>
<name>KH0204</name>
<TimeStamp><when>2026-09-23T22:00:19Z</when></TimeStamp>
<styleUrl>#route</styleUrl>
<Point>
<coordinates>139.469553,36.151872,-0.001000</coordinates>
</Point>
<ExtendedData>
	<Data name="IconNumber">
		<value>901001</value>
	</Data>
</ExtendedData>
</Placemark>
<Placemark>
<name>KH0205</name>
<TimeStamp><when>2026-09-23T22:00:29Z</when></TimeStamp>
<styleUrl>#route</styleUrl>
<Point>
<coordinates>139.469317,36.150559,-0.001000</coordinates>
</Point>
<ExtendedData>
	<Data name="IconNumber">
		<value>901001</value>
	</Data>
</ExtendedData>
</Placemark>
<Placemark>
<name>KH0206</name>
<TimeStamp><when>2026-09-23T22:00:39Z</when></TimeStamp>
<styleUrl>#route</styleUrl>
<Point>
<coordinates>139.469156,36.149718,-0.001000</coordinates>
</Point>
<ExtendedData>
	<Data name="IconNumber">
		<value>901001</value>
	</Data>
</ExtendedData>
</Placemark>
<Placemark>
<name>KH0207</name>
<TimeStamp><when>2026-09-23T22:00:49Z</when></TimeStamp>
<styleUrl>#route</styleUrl>
<Point>
<coordinates>139.469070,36.149323,-0.001000</coordinates>
</Point>
<ExtendedData>
	<Data name="IconNumber">
		<value>901001</value>
	</Data>
</ExtendedData>
</Placemark>
<Placemark>
<name>KH0208</name>
<TimeStamp><when>2026-09-23T22:00:59Z</when></TimeStamp>
<styleUrl>#route</styleUrl>
<Point>
<coordinates>139.469048,36.149057,-0.001000</coordinates>
</Point>
<ExtendedData>
	<Data name="IconNumber">
		<value>901001</value>
	</Data>
</ExtendedData>
</Placemark>
<Placemark>
<name>KH0209</name>
<TimeStamp><when>2026-09-23T22:01:09Z</when></TimeStamp>
<styleUrl>#route</styleUrl>
<Point>
<coordinates>139.469048,36.148671,-0.001000</coordinates>
</Point>
<ExtendedData>
	<Data name="IconNumber">
		<value>901001</value>
	</Data>
</ExtendedData>
</Placemark>
<Placemark>
<name>KH0210</name>
<TimeStamp><when>2026-09-23T22:01:19Z</when></TimeStamp>
<styleUrl>#route</styleUrl>
<Point>
<coordinates>139.468963,36.147954,-0.001000</coordinates>
</Point>
<ExtendedData>
	<Data name="IconNumber">
		<value>901001</value>
	</Data>
</ExtendedData>
</Placemark>
<Placemark>
<name>KH0211</name>
<TimeStamp><when>2026-09-23T22:01:29Z</when></TimeStamp>
<styleUrl>#route</styleUrl>
<Point>
<coordinates>139.468952,36.147757,-0.001000</coordinates>
</Point>
<ExtendedData>
	<Data name="IconNumber">
		<value>901001</value>
	</Data>
</ExtendedData>
</Placemark>
<Placemark>
<name>KH0212</name>
<TimeStamp><when>2026-09-23T22:01:39Z</when></TimeStamp>
<styleUrl>#route</styleUrl>
<Point>
<coordinates>139.468930,36.147263,-0.001000</coordinates>
</Point>
<ExtendedData>
	<Data name="IconNumber">
		<value>901001</value>
	</Data>
</ExtendedData>
</Placemark>
<Placemark>
<name>KH0213</name>
<TimeStamp><when>2026-09-23T22:01:49Z</when></TimeStamp>
<styleUrl>#route</styleUrl>
<Point>
<coordinates>139.468893,36.146358,-0.001000</coordinates>
</Point>
<ExtendedData>
	<Data name="IconNumber">
		<value>901001</value>
	</Data>
</ExtendedData>
</Placemark>
<Placemark>
<name>KH0214</name>
<TimeStamp><when>2026-09-23T22:01:59Z</when></TimeStamp>
<styleUrl>#route</styleUrl>
<Point>
<coordinates>139.468909,36.146255,-0.001000</coordinates>
</Point>
<ExtendedData>
	<Data name="IconNumber">
		<value>901001</value>
	</Data>
</ExtendedData>
</Placemark>
<Placemark>
<name>KH0215</name>
<TimeStamp><when>2026-09-23T22:02:09Z</when></TimeStamp>
<styleUrl>#route</styleUrl>
<Point>
<coordinates>139.469011,36.146160,-0.001000</coordinates>
</Point>
<ExtendedData>
	<Data name="IconNumber">
		<value>901001</value>
	</Data>
</ExtendedData>
</Placemark>
<Placemark>
<name>KH0216</name>
<TimeStamp><when>2026-09-23T22:02:19Z</when></TimeStamp>
<styleUrl>#route</styleUrl>
<Point>
<coordinates>139.469360,36.145538,-0.001000</coordinates>
</Point>
<ExtendedData>
	<Data name="IconNumber">
		<value>901001</value>
	</Data>
</ExtendedData>
</Placemark>
<Placemark>
<name>KH0217</name>
<TimeStamp><when>2026-09-23T22:02:29Z</when></TimeStamp>
<styleUrl>#route</styleUrl>
<Point>
<coordinates>139.469456,36.145354,-0.001000</coordinates>
</Point>
<ExtendedData>
	<Data name="IconNumber">
		<value>901001</value>
	</Data>
</ExtendedData>
</Placemark>
<Placemark>
<name>KH0218</name>
<TimeStamp><when>2026-09-23T22:02:39Z</when></TimeStamp>
<styleUrl>#route</styleUrl>
<Point>
<coordinates>139.469638,36.144959,-0.001000</coordinates>
</Point>
<ExtendedData>
	<Data name="IconNumber">
		<value>901001</value>
	</Data>
</ExtendedData>
</Placemark>
<Placemark>
<name>KH0219</name>
<TimeStamp><when>2026-09-23T22:02:49Z</when></TimeStamp>
<styleUrl>#route</styleUrl>
<Point>
<coordinates>139.469145,36.144856,-0.001000</coordinates>
</Point>
<ExtendedData>
	<Data name="IconNumber">
		<value>901001</value>
	</Data>
</ExtendedData>
</Placemark>
<Placemark>
<name>KH0220</name>
<TimeStamp><when>2026-09-23T22:02:59Z</when></TimeStamp>
<styleUrl>#route</styleUrl>
<Point>
<coordinates>139.469027,36.144718,-0.001000</coordinates>
</Point>
<ExtendedData>
	<Data name="IconNumber">
		<value>901001</value>
	</Data>
</ExtendedData>
</Placemark>
<Placemark>
<name>KH0221</name>
<TimeStamp><when>2026-09-23T22:03:09Z</when></TimeStamp>
<styleUrl>#route</styleUrl>
<Point>
<coordinates>139.468297,36.143869,-0.001000</coordinates>
</Point>
<ExtendedData>
	<Data name="IconNumber">
		<value>901001</value>
	</Data>
</ExtendedData>
</Placemark>
<Placemark>
<name>KH0222</name>
<TimeStamp><when>2026-09-23T22:03:19Z</when></TimeStamp>
<styleUrl>#route</styleUrl>
<Point>
<coordinates>139.467900,36.143491,-0.001000</coordinates>
</Point>
<ExtendedData>
	<Data name="IconNumber">
		<value>901001</value>
	</Data>
</ExtendedData>
</Placemark>
<Placemark>
<name>KH0223</name>
<TimeStamp><when>2026-09-23T22:03:29Z</when></TimeStamp>
<styleUrl>#route</styleUrl>
<Point>
<coordinates>139.467782,36.143379,-0.001000</coordinates>
</Point>
<ExtendedData>
	<Data name="IconNumber">
		<value>901001</value>
	</Data>
</ExtendedData>
</Placemark>
<Placemark>
<name>KH0224</name>
<TimeStamp><when>2026-09-23T22:03:39Z</when></TimeStamp>
<styleUrl>#route</styleUrl>
<Point>
<coordinates>139.467568,36.143259,-0.001000</coordinates>
</Point>
<ExtendedData>
	<Data name="IconNumber">
		<value>901001</value>
	</Data>
</ExtendedData>
</Placemark>
<Placemark>
<name>KH0225</name>
<TimeStamp><when>2026-09-23T22:03:49Z</when></TimeStamp>
<styleUrl>#route</styleUrl>
<Point>
<coordinates>139.466978,36.143028,-0.001000</coordinates>
</Point>
<ExtendedData>
	<Data name="IconNumber">
		<value>901001</value>
	</Data>
</ExtendedData>
</Placemark>
<Placemark>
<name>KH0226</name>
<TimeStamp><when>2026-09-23T22:03:59Z</when></TimeStamp>
<styleUrl>#route</styleUrl>
<Point>
<coordinates>139.466087,36.142727,-0.001000</coordinates>
</Point>
<ExtendedData>
	<Data name="IconNumber">
		<value>901001</value>
	</Data>
</ExtendedData>
</Placemark>
<Placemark>
<name>KH0227</name>
<TimeStamp><when>2026-09-23T22:04:09Z</when></TimeStamp>
<styleUrl>#route</styleUrl>
<Point>
<coordinates>139.466109,36.142555,-0.001000</coordinates>
</Point>
<ExtendedData>
	<Data name="IconNumber">
		<value>901001</value>
	</Data>
</ExtendedData>
</Placemark>
<Placemark>
<name>KH0228</name>
<TimeStamp><when>2026-09-23T22:04:19Z</when></TimeStamp>
<styleUrl>#route</styleUrl>
<Point>
<coordinates>139.466066,36.142135,-0.001000</coordinates>
</Point>
<ExtendedData>
	<Data name="IconNumber">
		<value>901001</value>
	</Data>
</ExtendedData>
</Placemark>
<Placemark>
<name>KH0229</name>
<TimeStamp><when>2026-09-23T22:04:29Z</when></TimeStamp>
<styleUrl>#route</styleUrl>
<Point>
<coordinates>139.465958,36.141586,-0.001000</coordinates>
</Point>
<ExtendedData>
	<Data name="IconNumber">
		<value>901001</value>
	</Data>
</ExtendedData>
</Placemark>
<Placemark>
<name>KH0230</name>
<TimeStamp><when>2026-09-23T22:04:39Z</when></TimeStamp>
<styleUrl>#route</styleUrl>
<Point>
<coordinates>139.465883,36.141096,-0.001000</coordinates>
</Point>
<ExtendedData>
	<Data name="IconNumber">
		<value>901001</value>
	</Data>
</ExtendedData>
</Placemark>
<Placemark>
<name>KH0231</name>
<TimeStamp><when>2026-09-23T22:04:49Z</when></TimeStamp>
<styleUrl>#route</styleUrl>
<Point>
<coordinates>139.465873,36.140907,-0.001000</coordinates>
</Point>
<ExtendedData>
	<Data name="IconNumber">
		<value>901001</value>
	</Data>
</ExtendedData>
</Placemark>
<Placemark>
<name>KH0232</name>
<TimeStamp><when>2026-09-23T22:04:59Z</when></TimeStamp>
<styleUrl>#route</styleUrl>
<Point>
<coordinates>139.465873,36.140779,-0.001000</coordinates>
</Point>
<ExtendedData>
	<Data name="IconNumber">
		<value>901001</value>
	</Data>
</ExtendedData>
</Placemark>
<Placemark>
<name>KH0233</name>
<TimeStamp><when>2026-09-23T22:05:09Z</when></TimeStamp>
<styleUrl>#route</styleUrl>
<Point>
<coordinates>139.465916,36.140255,-0.001000</coordinates>
</Point>
<ExtendedData>
	<Data name="IconNumber">
		<value>901001</value>
	</Data>
</ExtendedData>
</Placemark>
<Placemark>
<name>KH0234</name>
<TimeStamp><when>2026-09-23T22:05:19Z</when></TimeStamp>
<styleUrl>#route</styleUrl>
<Point>
<coordinates>139.466152,36.137878,-0.001000</coordinates>
</Point>
<ExtendedData>
	<Data name="IconNumber">
		<value>901001</value>
	</Data>
</ExtendedData>
</Placemark>
<Placemark>
<name>KH0235</name>
<TimeStamp><when>2026-09-23T22:05:29Z</when></TimeStamp>
<styleUrl>#route</styleUrl>
<Point>
<coordinates>139.466323,36.136084,-0.001000</coordinates>
</Point>
<ExtendedData>
	<Data name="IconNumber">
		<value>901001</value>
	</Data>
</ExtendedData>
</Placemark>
<Placemark>
<name>KH0236</name>
<TimeStamp><when>2026-09-23T22:05:39Z</when></TimeStamp>
<styleUrl>#route</styleUrl>
<Point>
<coordinates>139.466302,36.135689,-0.001000</coordinates>
</Point>
<ExtendedData>
	<Data name="IconNumber">
		<value>901001</value>
	</Data>
</ExtendedData>
</Placemark>
<Placemark>
<name>KH0237</name>
<TimeStamp><when>2026-09-23T22:05:49Z</when></TimeStamp>
<styleUrl>#route</styleUrl>
<Point>
<coordinates>139.465958,36.134539,-0.001000</coordinates>
</Point>
<ExtendedData>
	<Data name="IconNumber">
		<value>901001</value>
	</Data>
</ExtendedData>
</Placemark>
<Placemark>
<name>KH0238</name>
<TimeStamp><when>2026-09-23T22:05:59Z</when></TimeStamp>
<styleUrl>#route</styleUrl>
<Point>
<coordinates>139.465551,36.133475,-0.001000</coordinates>
</Point>
<ExtendedData>
	<Data name="IconNumber">
		<value>901001</value>
	</Data>
</ExtendedData>
</Placemark>
<Placemark>
<name>KH0239</name>
<TimeStamp><when>2026-09-23T22:06:09Z</when></TimeStamp>
<styleUrl>#route</styleUrl>
<Point>
<coordinates>139.465132,36.132239,-0.001000</coordinates>
</Point>
<ExtendedData>
	<Data name="IconNumber">
		<value>901001</value>
	</Data>
</ExtendedData>
</Placemark>
<Placemark>
<name>KH0240</name>
<TimeStamp><when>2026-09-23T22:06:19Z</when></TimeStamp>
<styleUrl>#route</styleUrl>
<Point>
<coordinates>139.464875,36.131586,-0.001000</coordinates>
</Point>
<ExtendedData>
	<Data name="IconNumber">
		<value>901001</value>
	</Data>
</ExtendedData>
</Placemark>
<Placemark>
<name>KH0241</name>
<TimeStamp><when>2026-09-23T22:06:29Z</when></TimeStamp>
<styleUrl>#route</styleUrl>
<Point>
<coordinates>139.464467,36.130136,-0.001000</coordinates>
</Point>
<ExtendedData>
	<Data name="IconNumber">
		<value>901001</value>
	</Data>
</ExtendedData>
</Placemark>
<Placemark>
<name>KH0242</name>
<TimeStamp><when>2026-09-23T22:06:39Z</when></TimeStamp>
<styleUrl>#route</styleUrl>
<Point>
<coordinates>139.464285,36.129389,-0.001000</coordinates>
</Point>
<ExtendedData>
	<Data name="IconNumber">
		<value>901001</value>
	</Data>
</ExtendedData>
</Placemark>
<Placemark>
<name>KH0243</name>
<TimeStamp><when>2026-09-23T22:06:49Z</when></TimeStamp>
<styleUrl>#route</styleUrl>
<Point>
<coordinates>139.464167,36.128994,-0.001000</coordinates>
</Point>
<ExtendedData>
	<Data name="IconNumber">
		<value>901001</value>
	</Data>
</ExtendedData>
</Placemark>
<Placemark>
<name>KH0244</name>
<TimeStamp><when>2026-09-23T22:06:59Z</when></TimeStamp>
<styleUrl>#route</styleUrl>
<Point>
<coordinates>139.464027,36.128509,-0.001000</coordinates>
</Point>
<ExtendedData>
	<Data name="IconNumber">
		<value>901001</value>
	</Data>
</ExtendedData>
</Placemark>
<Placemark>
<name>AE0187</name>
<TimeStamp><when>2026-09-23T22:07:09Z</when></TimeStamp>
<styleUrl>#route</styleUrl>
<Point>
<coordinates>139.463958,36.128360,0.000000</coordinates>
</Point>
<ExtendedData>
	<Data name="IconNumber">
		<value>901001</value>
	</Data>
</ExtendedData>
</Placemark>
</Folder>
<Placemark>
<name>Path</name>
<Style>
<LineStyle>
 <color>ff0000ff</color>
 <width>2</width>
</LineStyle>
</Style>
<LineString>
<tessellate>1</tessellate>
<coordinates>
139.435741,36.207542,-0.001000
139.436293,36.207250,-0.001000
139.437023,36.206924,-0.001000
139.437602,36.206718,-0.001000
139.437774,36.206684,-0.001000
139.438171,36.206650,-0.001000
139.438428,36.206598,-0.001000
139.438643,36.206529,-0.001000
139.439340,36.206203,-0.001000
139.439748,36.206040,-0.001000
139.442999,36.204735,-0.001000
139.443170,36.204658,-0.001000
139.443256,36.204572,-0.001000
139.443353,36.204444,-0.001000
139.443535,36.203989,-0.001000
139.443718,36.203628,-0.001000
139.443857,36.203371,-0.001000
139.444072,36.202864,-0.001000
139.444168,36.202693,-0.001000
139.444297,36.202478,-0.001000
139.444383,36.202289,-0.001000
139.444512,36.201937,-0.001000
139.444576,36.201809,-0.001000
139.444705,36.201671,-0.001000
139.445820,36.200882,-0.001000
139.446132,36.200736,-0.001000
139.446368,36.200667,-0.001000
139.448074,36.200341,-0.001000
139.448288,36.200298,-0.001000
139.448492,36.200229,-0.001000
139.449876,36.199749,-0.001000
139.450069,36.199706,-0.001000
139.450799,36.199474,-0.001000
139.452000,36.199062,-0.001000
139.452623,36.198899,-0.001000
139.454436,36.198581,-0.001000
139.456024,36.198393,-0.001000
139.456345,36.198333,-0.001000
139.457569,36.198049,-0.001000
139.458448,36.197852,-0.001000
139.459124,36.197757,-0.001000
139.460937,36.197569,-0.001000
139.461957,36.197466,-0.001000
139.462332,36.197414,-0.001000
139.464585,36.196968,-0.001000
139.468126,36.196444,-0.001000
139.470164,36.196118,-0.001000
139.471398,36.195955,-0.001000
139.471848,36.195953,-0.001000
139.473200,36.195998,-0.001000
139.474037,36.196006,-0.001000
139.474509,36.196058,-0.001000
139.475175,36.196195,-0.001000
139.475443,36.196195,-0.001000
139.475759,36.196217,-0.001000
139.476108,36.196230,-0.001000
139.476285,36.196230,-0.001000
139.477551,36.196079,-0.001000
139.477819,36.196088,-0.001000
139.478967,36.196388,-0.001000
139.480029,36.196543,-0.001000
139.480662,36.196663,-0.001000
139.481295,36.196852,-0.001000
139.482100,36.197067,-0.001000
139.483613,36.197530,-0.001000
139.485866,36.198234,-0.001000
139.486080,36.198277,-0.001000
139.487067,36.198302,-0.001000
139.487947,36.198311,-0.001000
139.488248,36.198337,-0.001000
139.488645,36.198397,-0.001000
139.488891,36.198414,-0.001000
139.489439,36.198431,-0.001000
139.491380,36.198440,-0.001000
139.491606,36.198500,-0.001000
139.499266,36.200345,-0.001000
139.499620,36.200422,-0.001000
139.500371,36.200560,-0.001000
139.501423,36.200714,-0.001000
139.501659,36.200749,-0.001000
139.501905,36.200749,-0.001000
139.502249,36.200731,-0.001000
139.502560,36.200671,-0.001000
139.503000,36.200568,-0.001000
139.506476,36.199813,-0.001000
139.506819,36.199787,-0.001000
139.507227,36.199796,-0.001000
139.507463,36.199839,-0.001000
139.507989,36.199938,-0.001000
139.508493,36.200006,-0.001000
139.508643,36.200019,-0.001000
139.509630,36.200036,-0.001000
139.512452,36.200036,-0.001000
139.513986,36.200036,-0.001000
139.513321,36.198423,-0.001000
139.513053,36.197779,-0.001000
139.512817,36.197135,-0.001000
139.512484,36.196157,-0.001000
139.512291,36.195625,-0.001000
139.512173,36.195213,-0.001000
139.510231,36.190046,-0.001000
139.510006,36.189445,-0.001000
139.509625,36.189535,-0.001000
139.509324,36.189578,-0.001000
139.508970,36.189621,-0.001000
139.508445,36.189672,-0.001000
139.508284,36.189672,-0.001000
139.508134,36.189638,-0.001000
139.507962,36.189561,-0.001000
139.507844,36.189449,-0.001000
139.507511,36.188814,-0.001000
139.507275,36.188299,-0.001000
139.506782,36.186951,-0.001000
139.506503,36.186145,-0.001000
139.505827,36.184308,-0.001000
139.505494,36.183492,-0.001000
139.505419,36.183304,-0.001000
139.505258,36.182789,-0.001000
139.505119,36.182282,-0.001000
139.505076,36.182025,-0.001000
139.505065,36.181814,-0.001000
139.505194,36.181789,-0.001000
139.505199,36.181643,-0.001000
139.505124,36.180982,-0.001000
139.505054,36.180274,-0.001000
139.504936,36.179510,-0.001000
139.504883,36.179209,-0.001000
139.504840,36.178729,-0.001000
139.504775,36.177725,-0.001000
139.504786,36.177004,-0.001000
139.504818,36.176111,-0.001000
139.503681,36.176180,-0.001000
139.503466,36.176154,-0.001000
139.503209,36.176120,-0.001000
139.502844,36.176034,-0.001000
139.502404,36.175888,-0.001000
139.501997,36.175682,-0.001000
139.500763,36.175055,-0.001000
139.498606,36.173948,-0.001000
139.496439,36.172824,-0.001000
139.495892,36.172540,-0.001000
139.494358,36.171879,-0.001000
139.493446,36.171476,-0.001000
139.489219,36.169631,-0.001000
139.488671,36.169390,-0.001000
139.488253,36.169219,-0.001000
139.488006,36.169141,-0.001000
139.487641,36.169064,-0.001000
139.487448,36.169030,-0.001000
139.486955,36.169021,-0.001000
139.486633,36.169026,-0.001000
139.486381,36.169021,-0.001000
139.486096,36.169021,-0.001000
139.485807,36.169064,-0.001000
139.485539,36.168738,-0.001000
139.485453,36.168618,-0.001000
139.485378,36.168472,-0.001000
139.485345,36.168352,-0.001000
139.485313,36.168077,-0.001000
139.485313,36.167485,-0.001000
139.485410,36.166944,-0.001000
139.485431,36.166695,-0.001000
139.485442,36.166343,-0.001000
139.485496,36.166026,-0.001000
139.485614,36.165099,-0.001000
139.485689,36.164687,-0.001000
139.486011,36.163502,-0.001000
139.485903,36.163279,-0.001000
139.485775,36.163125,-0.001000
139.485517,36.162893,-0.001000
139.484680,36.162704,-0.001000
139.484380,36.162661,-0.001000
139.484197,36.162618,-0.001000
139.483822,36.162455,-0.001000
139.483586,36.162284,-0.001000
139.483457,36.162146,-0.001000
139.483361,36.162000,-0.001000
139.483135,36.161734,-0.001000
139.483050,36.161657,-0.001000
139.482835,36.161563,-0.001000
139.482513,36.161477,-0.001000
139.482234,36.161434,-0.001000
139.480668,36.161305,-0.001000
139.479745,36.161217,-0.001000
139.478812,36.161125,-0.001000
139.477642,36.160996,-0.001000
139.477449,36.160962,-0.001000
139.477256,36.160910,-0.001000
139.476934,36.160747,-0.001000
139.476784,36.160644,-0.001000
139.476398,36.160241,-0.001000
139.475786,36.159546,-0.001000
139.474960,36.158636,-0.001000
139.473737,36.157254,-0.001000
139.473379,36.156855,-0.001000
139.472879,36.156181,-0.001000
139.472288,36.155477,-0.001000
139.471731,36.154739,-0.001000
139.470958,36.153812,-0.001000
139.470357,36.153031,-0.001000
139.470014,36.152602,-0.001000
139.469746,36.152224,-0.001000
139.469628,36.152035,-0.001000
139.469553,36.151872,-0.001000
139.469317,36.150559,-0.001000
139.469156,36.149718,-0.001000
139.469070,36.149323,-0.001000
139.469048,36.149057,-0.001000
139.469048,36.148671,-0.001000
139.468963,36.147954,-0.001000
139.468952,36.147757,-0.001000
139.468930,36.147263,-0.001000
139.468893,36.146358,-0.001000
139.468909,36.146255,-0.001000
139.469011,36.146160,-0.001000
139.469360,36.145538,-0.001000
139.469456,36.145354,-0.001000
139.469638,36.144959,-0.001000
139.469145,36.144856,-0.001000
139.469027,36.144718,-0.001000
139.468297,36.143869,-0.001000
139.467900,36.143491,-0.001000
139.467782,36.143379,-0.001000
139.467568,36.143259,-0.001000
139.466978,36.143028,-0.001000
139.466087,36.142727,-0.001000
139.466109,36.142555,-0.001000
139.466066,36.142135,-0.001000
139.465958,36.141586,-0.001000
139.465883,36.141096,-0.001000
139.465873,36.140907,-0.001000
139.465873,36.140779,-0.001000
139.465916,36.140255,-0.001000
139.466152,36.137878,-0.001000
139.466323,36.136084,-0.001000
139.466302,36.135689,-0.001000
139.465958,36.134539,-0.001000
139.465551,36.133475,-0.001000
139.465132,36.132239,-0.001000
139.464875,36.131586,-0.001000
139.464467,36.130136,-0.001000
139.464285,36.129389,-0.001000
139.464167,36.128994,-0.001000
139.464027,36.128509,-0.001000
139.463958,36.128360,0.000000
</coordinates>
</LineString>
</Placemark>
</Folder>
<Folder>
<name>足利朝倉・千代田赤岩</name>
<Folder>
<name>Points</name>
<Placemark>
<name>KB0017</name>
<TimeStamp><when>2026-09-23T21:06:47Z</when></TimeStamp>
<styleUrl>#route</styleUrl>
<Point>
<coordinates>139.449713,36.318599,-0.001000</coordinates>
</Point>
<ExtendedData>
	<Data name="IconNumber">
		<value>901001</value>
	</Data>
</ExtendedData>
</Placemark>
<Placemark>
<name>KG0002</name>
<TimeStamp><when>2026-09-23T21:06:57Z</when></TimeStamp>
<styleUrl>#route</styleUrl>
<Point>
<coordinates>139.449774,36.318495,-0.001000</coordinates>
</Point>
<ExtendedData>
	<Data name="IconNumber">
		<value>901001</value>
	</Data>
</ExtendedData>
</Placemark>
<Placemark>
<name>KG0003</name>
<TimeStamp><when>2026-09-23T21:07:07Z</when></TimeStamp>
<styleUrl>#route</styleUrl>
<Point>
<coordinates>139.449865,36.318418,-0.001000</coordinates>
</Point>
<ExtendedData>
	<Data name="IconNumber">
		<value>901001</value>
	</Data>
</ExtendedData>
</Placemark>
<Placemark>
<name>KG0004</name>
<TimeStamp><when>2026-09-23T21:07:17Z</when></TimeStamp>
<styleUrl>#route</styleUrl>
<Point>
<coordinates>139.450445,36.318075,-0.001000</coordinates>
</Point>
<ExtendedData>
	<Data name="IconNumber">
		<value>901001</value>
	</Data>
</ExtendedData>
</Placemark>
<Placemark>
<name>KG0005</name>
<TimeStamp><when>2026-09-23T21:07:27Z</when></TimeStamp>
<styleUrl>#route</styleUrl>
<Point>
<coordinates>139.450917,36.317877,-0.001000</coordinates>
</Point>
<ExtendedData>
	<Data name="IconNumber">
		<value>901001</value>
	</Data>
</ExtendedData>
</Placemark>
<Placemark>
<name>KG0006</name>
<TimeStamp><when>2026-09-23T21:07:37Z</when></TimeStamp>
<styleUrl>#route</styleUrl>
<Point>
<coordinates>139.451045,36.317792,-0.001000</coordinates>
</Point>
<ExtendedData>
	<Data name="IconNumber">
		<value>901001</value>
	</Data>
</ExtendedData>
</Placemark>
<Placemark>
<name>KG0007</name>
<TimeStamp><when>2026-09-23T21:07:47Z</when></TimeStamp>
<styleUrl>#route</styleUrl>
<Point>
<coordinates>139.451196,36.317363,-0.001000</coordinates>
</Point>
<ExtendedData>
	<Data name="IconNumber">
		<value>901001</value>
	</Data>
</ExtendedData>
</Placemark>
<Placemark>
<name>KG0008</name>
<TimeStamp><when>2026-09-23T21:07:57Z</when></TimeStamp>
<styleUrl>#route</styleUrl>
<Point>
<coordinates>139.451260,36.317225,-0.001000</coordinates>
</Point>
<ExtendedData>
	<Data name="IconNumber">
		<value>901001</value>
	</Data>
</ExtendedData>
</Placemark>
<Placemark>
<name>KG0009</name>
<TimeStamp><when>2026-09-23T21:08:07Z</when></TimeStamp>
<styleUrl>#route</styleUrl>
<Point>
<coordinates>139.451485,36.316856,-0.001000</coordinates>
</Point>
<ExtendedData>
	<Data name="IconNumber">
		<value>901001</value>
	</Data>
</ExtendedData>
</Placemark>
<Placemark>
<name>KG0010</name>
<TimeStamp><when>2026-09-23T21:08:17Z</when></TimeStamp>
<styleUrl>#route</styleUrl>
<Point>
<coordinates>139.452258,36.316255,-0.001000</coordinates>
</Point>
<ExtendedData>
	<Data name="IconNumber">
		<value>901001</value>
	</Data>
</ExtendedData>
</Placemark>
<Placemark>
<name>KG0011</name>
<TimeStamp><when>2026-09-23T21:08:27Z</when></TimeStamp>
<styleUrl>#route</styleUrl>
<Point>
<coordinates>139.452451,36.316015,-0.001000</coordinates>
</Point>
<ExtendedData>
	<Data name="IconNumber">
		<value>901001</value>
	</Data>
</ExtendedData>
</Placemark>
<Placemark>
<name>KG0012</name>
<TimeStamp><when>2026-09-23T21:08:37Z</when></TimeStamp>
<styleUrl>#route</styleUrl>
<Point>
<coordinates>139.452547,36.315852,-0.001000</coordinates>
</Point>
<ExtendedData>
	<Data name="IconNumber">
		<value>901001</value>
	</Data>
</ExtendedData>
</Placemark>
<Placemark>
<name>KG0013</name>
<TimeStamp><when>2026-09-23T21:08:47Z</when></TimeStamp>
<styleUrl>#route</styleUrl>
<Point>
<coordinates>139.452859,36.315028,-0.001000</coordinates>
</Point>
<ExtendedData>
	<Data name="IconNumber">
		<value>901001</value>
	</Data>
</ExtendedData>
</Placemark>
<Placemark>
<name>KG0014</name>
<TimeStamp><when>2026-09-23T21:08:57Z</when></TimeStamp>
<styleUrl>#route</styleUrl>
<Point>
<coordinates>139.452944,36.314796,-0.001000</coordinates>
</Point>
<ExtendedData>
	<Data name="IconNumber">
		<value>901001</value>
	</Data>
</ExtendedData>
</Placemark>
<Placemark>
<name>KG0015</name>
<TimeStamp><when>2026-09-23T21:09:07Z</when></TimeStamp>
<styleUrl>#route</styleUrl>
<Point>
<coordinates>139.452955,36.314633,-0.001000</coordinates>
</Point>
<ExtendedData>
	<Data name="IconNumber">
		<value>901001</value>
	</Data>
</ExtendedData>
</Placemark>
<Placemark>
<name>KG0016</name>
<TimeStamp><when>2026-09-23T21:09:17Z</when></TimeStamp>
<styleUrl>#route</styleUrl>
<Point>
<coordinates>139.452912,36.314427,-0.001000</coordinates>
</Point>
<ExtendedData>
	<Data name="IconNumber">
		<value>901001</value>
	</Data>
</ExtendedData>
</Placemark>
<Placemark>
<name>KG0017</name>
<TimeStamp><when>2026-09-23T21:09:27Z</when></TimeStamp>
<styleUrl>#route</styleUrl>
<Point>
<coordinates>139.452676,36.313414,-0.001000</coordinates>
</Point>
<ExtendedData>
	<Data name="IconNumber">
		<value>901001</value>
	</Data>
</ExtendedData>
</Placemark>
<Placemark>
<name>KG0018</name>
<TimeStamp><when>2026-09-23T21:09:37Z</when></TimeStamp>
<styleUrl>#route</styleUrl>
<Point>
<coordinates>139.452558,36.313294,-0.001000</coordinates>
</Point>
<ExtendedData>
	<Data name="IconNumber">
		<value>901001</value>
	</Data>
</ExtendedData>
</Placemark>
<Placemark>
<name>KG0019</name>
<TimeStamp><when>2026-09-23T21:09:47Z</when></TimeStamp>
<styleUrl>#route</styleUrl>
<Point>
<coordinates>139.452483,36.313088,-0.001000</coordinates>
</Point>
<ExtendedData>
	<Data name="IconNumber">
		<value>901001</value>
	</Data>
</ExtendedData>
</Placemark>
<Placemark>
<name>KG0020</name>
<TimeStamp><when>2026-09-23T21:09:57Z</when></TimeStamp>
<styleUrl>#route</styleUrl>
<Point>
<coordinates>139.452451,36.312916,-0.001000</coordinates>
</Point>
<ExtendedData>
	<Data name="IconNumber">
		<value>901001</value>
	</Data>
</ExtendedData>
</Placemark>
<Placemark>
<name>KG0021</name>
<TimeStamp><when>2026-09-23T21:10:07Z</when></TimeStamp>
<styleUrl>#route</styleUrl>
<Point>
<coordinates>139.452483,36.312710,-0.001000</coordinates>
</Point>
<ExtendedData>
	<Data name="IconNumber">
		<value>901001</value>
	</Data>
</ExtendedData>
</Placemark>
<Placemark>
<name>KG0022</name>
<TimeStamp><when>2026-09-23T21:10:17Z</when></TimeStamp>
<styleUrl>#route</styleUrl>
<Point>
<coordinates>139.452816,36.311303,-0.001000</coordinates>
</Point>
<ExtendedData>
	<Data name="IconNumber">
		<value>901001</value>
	</Data>
</ExtendedData>
</Placemark>
<Placemark>
<name>KG0023</name>
<TimeStamp><when>2026-09-23T21:10:27Z</when></TimeStamp>
<styleUrl>#route</styleUrl>
<Point>
<coordinates>139.453191,36.310359,-0.001000</coordinates>
</Point>
<ExtendedData>
	<Data name="IconNumber">
		<value>901001</value>
	</Data>
</ExtendedData>
</Placemark>
<Placemark>
<name>KG0024</name>
<TimeStamp><when>2026-09-23T21:10:37Z</when></TimeStamp>
<styleUrl>#route</styleUrl>
<Point>
<coordinates>139.453245,36.309981,-0.001000</coordinates>
</Point>
<ExtendedData>
	<Data name="IconNumber">
		<value>901001</value>
	</Data>
</ExtendedData>
</Placemark>
<Placemark>
<name>KG0025</name>
<TimeStamp><when>2026-09-23T21:10:47Z</when></TimeStamp>
<styleUrl>#route</styleUrl>
<Point>
<coordinates>139.453395,36.308591,-0.001000</coordinates>
</Point>
<ExtendedData>
	<Data name="IconNumber">
		<value>901001</value>
	</Data>
</ExtendedData>
</Placemark>
<Placemark>
<name>KG0026</name>
<TimeStamp><when>2026-09-23T21:10:57Z</when></TimeStamp>
<styleUrl>#route</styleUrl>
<Point>
<coordinates>139.453406,36.308316,-0.001000</coordinates>
</Point>
<ExtendedData>
	<Data name="IconNumber">
		<value>901001</value>
	</Data>
</ExtendedData>
</Placemark>
<Placemark>
<name>KG0027</name>
<TimeStamp><when>2026-09-23T21:11:07Z</when></TimeStamp>
<styleUrl>#route</styleUrl>
<Point>
<coordinates>139.453395,36.308101,-0.001000</coordinates>
</Point>
<ExtendedData>
	<Data name="IconNumber">
		<value>901001</value>
	</Data>
</ExtendedData>
</Placemark>
<Placemark>
<name>KG0028</name>
<TimeStamp><when>2026-09-23T21:11:17Z</when></TimeStamp>
<styleUrl>#route</styleUrl>
<Point>
<coordinates>139.453331,36.307595,-0.001000</coordinates>
</Point>
<ExtendedData>
	<Data name="IconNumber">
		<value>901001</value>
	</Data>
</ExtendedData>
</Placemark>
<Placemark>
<name>KG0029</name>
<TimeStamp><when>2026-09-23T21:11:27Z</when></TimeStamp>
<styleUrl>#route</styleUrl>
<Point>
<coordinates>139.452998,36.306857,-0.001000</coordinates>
</Point>
<ExtendedData>
	<Data name="IconNumber">
		<value>901001</value>
	</Data>
</ExtendedData>
</Placemark>
<Placemark>
<name>KG0030</name>
<TimeStamp><when>2026-09-23T21:11:37Z</when></TimeStamp>
<styleUrl>#route</styleUrl>
<Point>
<coordinates>139.452633,36.306136,-0.001000</coordinates>
</Point>
<ExtendedData>
	<Data name="IconNumber">
		<value>901001</value>
	</Data>
</ExtendedData>
</Placemark>
<Placemark>
<name>KG0031</name>
<TimeStamp><when>2026-09-23T21:11:47Z</when></TimeStamp>
<styleUrl>#route</styleUrl>
<Point>
<coordinates>139.452215,36.304754,-0.001000</coordinates>
</Point>
<ExtendedData>
	<Data name="IconNumber">
		<value>901001</value>
	</Data>
</ExtendedData>
</Placemark>
<Placemark>
<name>KG0032</name>
<TimeStamp><when>2026-09-23T21:11:57Z</when></TimeStamp>
<styleUrl>#route</styleUrl>
<Point>
<coordinates>139.452161,36.304565,-0.001000</coordinates>
</Point>
<ExtendedData>
	<Data name="IconNumber">
		<value>901001</value>
	</Data>
</ExtendedData>
</Placemark>
<Placemark>
<name>KG0033</name>
<TimeStamp><when>2026-09-23T21:12:07Z</when></TimeStamp>
<styleUrl>#route</styleUrl>
<Point>
<coordinates>139.452118,36.304290,-0.001000</coordinates>
</Point>
<ExtendedData>
	<Data name="IconNumber">
		<value>901001</value>
	</Data>
</ExtendedData>
</Placemark>
<Placemark>
<name>KG0034</name>
<TimeStamp><when>2026-09-23T21:12:17Z</when></TimeStamp>
<styleUrl>#route</styleUrl>
<Point>
<coordinates>139.452129,36.303956,-0.001000</coordinates>
</Point>
<ExtendedData>
	<Data name="IconNumber">
		<value>901001</value>
	</Data>
</ExtendedData>
</Placemark>
<Placemark>
<name>KG0035</name>
<TimeStamp><when>2026-09-23T21:12:27Z</when></TimeStamp>
<styleUrl>#route</styleUrl>
<Point>
<coordinates>139.452118,36.301724,-0.001000</coordinates>
</Point>
<ExtendedData>
	<Data name="IconNumber">
		<value>901001</value>
	</Data>
</ExtendedData>
</Placemark>
<Placemark>
<name>KG0036</name>
<TimeStamp><when>2026-09-23T21:12:37Z</when></TimeStamp>
<styleUrl>#route</styleUrl>
<Point>
<coordinates>139.452129,36.301518,-0.001000</coordinates>
</Point>
<ExtendedData>
	<Data name="IconNumber">
		<value>901001</value>
	</Data>
</ExtendedData>
</Placemark>
<Placemark>
<name>KG0037</name>
<TimeStamp><when>2026-09-23T21:12:47Z</when></TimeStamp>
<styleUrl>#route</styleUrl>
<Point>
<coordinates>139.452129,36.301261,-0.001000</coordinates>
</Point>
<ExtendedData>
	<Data name="IconNumber">
		<value>901001</value>
	</Data>
</ExtendedData>
</Placemark>
<Placemark>
<name>KG0038</name>
<TimeStamp><when>2026-09-23T21:12:57Z</when></TimeStamp>
<styleUrl>#route</styleUrl>
<Point>
<coordinates>139.452032,36.300797,-0.001000</coordinates>
</Point>
<ExtendedData>
	<Data name="IconNumber">
		<value>901001</value>
	</Data>
</ExtendedData>
</Placemark>
<Placemark>
<name>KG0039</name>
<TimeStamp><when>2026-09-23T21:13:07Z</when></TimeStamp>
<styleUrl>#route</styleUrl>
<Point>
<coordinates>139.451957,36.300256,-0.001000</coordinates>
</Point>
<ExtendedData>
	<Data name="IconNumber">
		<value>901001</value>
	</Data>
</ExtendedData>
</Placemark>
<Placemark>
<name>KG0040</name>
<TimeStamp><when>2026-09-23T21:13:17Z</when></TimeStamp>
<styleUrl>#route</styleUrl>
<Point>
<coordinates>139.451925,36.299819,-0.001000</coordinates>
</Point>
<ExtendedData>
	<Data name="IconNumber">
		<value>901001</value>
	</Data>
</ExtendedData>
</Placemark>
<Placemark>
<name>KG0041</name>
<TimeStamp><when>2026-09-23T21:13:27Z</when></TimeStamp>
<styleUrl>#route</styleUrl>
<Point>
<coordinates>139.451925,36.299338,-0.001000</coordinates>
</Point>
<ExtendedData>
	<Data name="IconNumber">
		<value>901001</value>
	</Data>
</ExtendedData>
</Placemark>
<Placemark>
<name>KG0042</name>
<TimeStamp><when>2026-09-23T21:13:37Z</when></TimeStamp>
<styleUrl>#route</styleUrl>
<Point>
<coordinates>139.451957,36.299081,-0.001000</coordinates>
</Point>
<ExtendedData>
	<Data name="IconNumber">
		<value>901001</value>
	</Data>
</ExtendedData>
</Placemark>
<Placemark>
<name>KG0043</name>
<TimeStamp><when>2026-09-23T21:13:47Z</when></TimeStamp>
<styleUrl>#route</styleUrl>
<Point>
<coordinates>139.452086,36.298420,-0.001000</coordinates>
</Point>
<ExtendedData>
	<Data name="IconNumber">
		<value>901001</value>
	</Data>
</ExtendedData>
</Placemark>
<Placemark>
<name>KG0044</name>
<TimeStamp><when>2026-09-23T21:13:57Z</when></TimeStamp>
<styleUrl>#route</styleUrl>
<Point>
<coordinates>139.452258,36.297501,-0.001000</coordinates>
</Point>
<ExtendedData>
	<Data name="IconNumber">
		<value>901001</value>
	</Data>
</ExtendedData>
</Placemark>
<Placemark>
<name>KG0045</name>
<TimeStamp><when>2026-09-23T21:14:07Z</when></TimeStamp>
<styleUrl>#route</styleUrl>
<Point>
<coordinates>139.452397,36.296557,-0.001000</coordinates>
</Point>
<ExtendedData>
	<Data name="IconNumber">
		<value>901001</value>
	</Data>
</ExtendedData>
</Placemark>
<Placemark>
<name>KG0046</name>
<TimeStamp><when>2026-09-23T21:14:17Z</when></TimeStamp>
<styleUrl>#route</styleUrl>
<Point>
<coordinates>139.452526,36.295562,-0.001000</coordinates>
</Point>
<ExtendedData>
	<Data name="IconNumber">
		<value>901001</value>
	</Data>
</ExtendedData>
</Placemark>
<Placemark>
<name>KG0047</name>
<TimeStamp><when>2026-09-23T21:14:27Z</when></TimeStamp>
<styleUrl>#route</styleUrl>
<Point>
<coordinates>139.452494,36.295201,-0.001000</coordinates>
</Point>
<ExtendedData>
	<Data name="IconNumber">
		<value>901001</value>
	</Data>
</ExtendedData>
</Placemark>
<Placemark>
<name>KG0048</name>
<TimeStamp><when>2026-09-23T21:14:37Z</when></TimeStamp>
<styleUrl>#route</styleUrl>
<Point>
<coordinates>139.452129,36.293072,-0.001000</coordinates>
</Point>
<ExtendedData>
	<Data name="IconNumber">
		<value>901001</value>
	</Data>
</ExtendedData>
</Placemark>
<Placemark>
<name>KG0049</name>
<TimeStamp><when>2026-09-23T21:14:47Z</when></TimeStamp>
<styleUrl>#route</styleUrl>
<Point>
<coordinates>139.452097,36.292815,-0.001000</coordinates>
</Point>
<ExtendedData>
	<Data name="IconNumber">
		<value>901001</value>
	</Data>
</ExtendedData>
</Placemark>
<Placemark>
<name>KG0050</name>
<TimeStamp><when>2026-09-23T21:14:57Z</when></TimeStamp>
<styleUrl>#route</styleUrl>
<Point>
<coordinates>139.451829,36.292163,-0.001000</coordinates>
</Point>
<ExtendedData>
	<Data name="IconNumber">
		<value>901001</value>
	</Data>
</ExtendedData>
</Placemark>
<Placemark>
<name>KG0051</name>
<TimeStamp><when>2026-09-23T21:15:07Z</when></TimeStamp>
<styleUrl>#route</styleUrl>
<Point>
<coordinates>139.451829,36.291957,-0.001000</coordinates>
</Point>
<ExtendedData>
	<Data name="IconNumber">
		<value>901001</value>
	</Data>
</ExtendedData>
</Placemark>
<Placemark>
<name>KG0052</name>
<TimeStamp><when>2026-09-23T21:15:17Z</when></TimeStamp>
<styleUrl>#route</styleUrl>
<Point>
<coordinates>139.452172,36.291579,-0.001000</coordinates>
</Point>
<ExtendedData>
	<Data name="IconNumber">
		<value>901001</value>
	</Data>
</ExtendedData>
</Placemark>
<Placemark>
<name>KG0053</name>
<TimeStamp><when>2026-09-23T21:15:27Z</when></TimeStamp>
<styleUrl>#route</styleUrl>
<Point>
<coordinates>139.452301,36.291407,-0.001000</coordinates>
</Point>
<ExtendedData>
	<Data name="IconNumber">
		<value>901001</value>
	</Data>
</ExtendedData>
</Placemark>
<Placemark>
<name>KG0054</name>
<TimeStamp><when>2026-09-23T21:15:37Z</when></TimeStamp>
<styleUrl>#route</styleUrl>
<Point>
<coordinates>139.452376,36.291253,-0.001000</coordinates>
</Point>
<ExtendedData>
	<Data name="IconNumber">
		<value>901001</value>
	</Data>
</ExtendedData>
</Placemark>
<Placemark>
<name>KG0055</name>
<TimeStamp><when>2026-09-23T21:15:47Z</when></TimeStamp>
<styleUrl>#route</styleUrl>
<Point>
<coordinates>139.452397,36.290729,-0.001000</coordinates>
</Point>
<ExtendedData>
	<Data name="IconNumber">
		<value>901001</value>
	</Data>
</ExtendedData>
</Placemark>
<Placemark>
<name>KG0056</name>
<TimeStamp><when>2026-09-23T21:15:57Z</when></TimeStamp>
<styleUrl>#route</styleUrl>
<Point>
<coordinates>139.452462,36.290532,-0.001000</coordinates>
</Point>
<ExtendedData>
	<Data name="IconNumber">
		<value>901001</value>
	</Data>
</ExtendedData>
</Placemark>
<Placemark>
<name>KG0057</name>
<TimeStamp><when>2026-09-23T21:16:07Z</when></TimeStamp>
<styleUrl>#route</styleUrl>
<Point>
<coordinates>139.452633,36.290274,-0.001000</coordinates>
</Point>
<ExtendedData>
	<Data name="IconNumber">
		<value>901001</value>
	</Data>
</ExtendedData>
</Placemark>
<Placemark>
<name>KG0058</name>
<TimeStamp><when>2026-09-23T21:16:17Z</when></TimeStamp>
<styleUrl>#route</styleUrl>
<Point>
<coordinates>139.452826,36.289983,-0.001000</coordinates>
</Point>
<ExtendedData>
	<Data name="IconNumber">
		<value>901001</value>
	</Data>
</ExtendedData>
</Placemark>
<Placemark>
<name>KG0059</name>
<TimeStamp><when>2026-09-23T21:16:27Z</when></TimeStamp>
<styleUrl>#route</styleUrl>
<Point>
<coordinates>139.453052,36.289691,-0.001000</coordinates>
</Point>
<ExtendedData>
	<Data name="IconNumber">
		<value>901001</value>
	</Data>
</ExtendedData>
</Placemark>
<Placemark>
<name>KG0060</name>
<TimeStamp><when>2026-09-23T21:16:37Z</when></TimeStamp>
<styleUrl>#route</styleUrl>
<Point>
<coordinates>139.453492,36.289304,-0.001000</coordinates>
</Point>
<ExtendedData>
	<Data name="IconNumber">
		<value>901001</value>
	</Data>
</ExtendedData>
</Placemark>
<Placemark>
<name>KG0061</name>
<TimeStamp><when>2026-09-23T21:16:47Z</when></TimeStamp>
<styleUrl>#route</styleUrl>
<Point>
<coordinates>139.454414,36.288592,-0.001000</coordinates>
</Point>
<ExtendedData>
	<Data name="IconNumber">
		<value>901001</value>
	</Data>
</ExtendedData>
</Placemark>
<Placemark>
<name>KG0062</name>
<TimeStamp><when>2026-09-23T21:16:57Z</when></TimeStamp>
<styleUrl>#route</styleUrl>
<Point>
<coordinates>139.454597,36.288420,-0.001000</coordinates>
</Point>
<ExtendedData>
	<Data name="IconNumber">
		<value>901001</value>
	</Data>
</ExtendedData>
</Placemark>
<Placemark>
<name>KG0063</name>
<TimeStamp><when>2026-09-23T21:17:07Z</when></TimeStamp>
<styleUrl>#route</styleUrl>
<Point>
<coordinates>139.456936,36.286566,-0.001000</coordinates>
</Point>
<ExtendedData>
	<Data name="IconNumber">
		<value>901001</value>
	</Data>
</ExtendedData>
</Placemark>
<Placemark>
<name>KG0064</name>
<TimeStamp><when>2026-09-23T21:17:17Z</when></TimeStamp>
<styleUrl>#route</styleUrl>
<Point>
<coordinates>139.457440,36.286189,-0.001000</coordinates>
</Point>
<ExtendedData>
	<Data name="IconNumber">
		<value>901001</value>
	</Data>
</ExtendedData>
</Placemark>
<Placemark>
<name>KG0065</name>
<TimeStamp><when>2026-09-23T21:17:27Z</when></TimeStamp>
<styleUrl>#route</styleUrl>
<Point>
<coordinates>139.457783,36.285888,-0.001000</coordinates>
</Point>
<ExtendedData>
	<Data name="IconNumber">
		<value>901001</value>
	</Data>
</ExtendedData>
</Placemark>
<Placemark>
<name>KG0066</name>
<TimeStamp><when>2026-09-23T21:17:37Z</when></TimeStamp>
<styleUrl>#route</styleUrl>
<Point>
<coordinates>139.457912,36.285760,-0.001000</coordinates>
</Point>
<ExtendedData>
	<Data name="IconNumber">
		<value>901001</value>
	</Data>
</ExtendedData>
</Placemark>
<Placemark>
<name>KG0067</name>
<TimeStamp><when>2026-09-23T21:17:47Z</when></TimeStamp>
<styleUrl>#route</styleUrl>
<Point>
<coordinates>139.457998,36.285639,-0.001000</coordinates>
</Point>
<ExtendedData>
	<Data name="IconNumber">
		<value>901001</value>
	</Data>
</ExtendedData>
</Placemark>
<Placemark>
<name>KG0068</name>
<TimeStamp><when>2026-09-23T21:17:57Z</when></TimeStamp>
<styleUrl>#route</styleUrl>
<Point>
<coordinates>139.458062,36.285468,-0.001000</coordinates>
</Point>
<ExtendedData>
	<Data name="IconNumber">
		<value>901001</value>
	</Data>
</ExtendedData>
</Placemark>
<Placemark>
<name>KG0069</name>
<TimeStamp><when>2026-09-23T21:18:07Z</when></TimeStamp>
<styleUrl>#route</styleUrl>
<Point>
<coordinates>139.458084,36.285296,-0.001000</coordinates>
</Point>
<ExtendedData>
	<Data name="IconNumber">
		<value>901001</value>
	</Data>
</ExtendedData>
</Placemark>
<Placemark>
<name>KG0070</name>
<TimeStamp><when>2026-09-23T21:18:17Z</when></TimeStamp>
<styleUrl>#route</styleUrl>
<Point>
<coordinates>139.457987,36.284678,-0.001000</coordinates>
</Point>
<ExtendedData>
	<Data name="IconNumber">
		<value>901001</value>
	</Data>
</ExtendedData>
</Placemark>
<Placemark>
<name>KG0071</name>
<TimeStamp><when>2026-09-23T21:18:27Z</when></TimeStamp>
<styleUrl>#route</styleUrl>
<Point>
<coordinates>139.457805,36.283374,-0.001000</coordinates>
</Point>
<ExtendedData>
	<Data name="IconNumber">
		<value>901001</value>
	</Data>
</ExtendedData>
</Placemark>
<Placemark>
<name>KG0072</name>
<TimeStamp><when>2026-09-23T21:18:37Z</when></TimeStamp>
<styleUrl>#route</styleUrl>
<Point>
<coordinates>139.457708,36.282756,-0.001000</coordinates>
</Point>
<ExtendedData>
	<Data name="IconNumber">
		<value>901001</value>
	</Data>
</ExtendedData>
</Placemark>
<Placemark>
<name>KG0073</name>
<TimeStamp><when>2026-09-23T21:18:47Z</when></TimeStamp>
<styleUrl>#route</styleUrl>
<Point>
<coordinates>139.457440,36.280842,-0.001000</coordinates>
</Point>
<ExtendedData>
	<Data name="IconNumber">
		<value>901001</value>
	</Data>
</ExtendedData>
</Placemark>
<Placemark>
<name>KG0074</name>
<TimeStamp><when>2026-09-23T21:18:57Z</when></TimeStamp>
<styleUrl>#route</styleUrl>
<Point>
<coordinates>139.457279,36.279717,-0.001000</coordinates>
</Point>
<ExtendedData>
	<Data name="IconNumber">
		<value>901001</value>
	</Data>
</ExtendedData>
</Placemark>
<Placemark>
<name>KG0075</name>
<TimeStamp><when>2026-09-23T21:19:07Z</when></TimeStamp>
<styleUrl>#route</styleUrl>
<Point>
<coordinates>139.457204,36.279528,-0.001000</coordinates>
</Point>
<ExtendedData>
	<Data name="IconNumber">
		<value>901001</value>
	</Data>
</ExtendedData>
</Placemark>
<Placemark>
<name>KG0076</name>
<TimeStamp><when>2026-09-23T21:19:17Z</when></TimeStamp>
<styleUrl>#route</styleUrl>
<Point>
<coordinates>139.457086,36.279357,-0.001000</coordinates>
</Point>
<ExtendedData>
	<Data name="IconNumber">
		<value>901001</value>
	</Data>
</ExtendedData>
</Placemark>
<Placemark>
<name>KG0077</name>
<TimeStamp><when>2026-09-23T21:19:27Z</when></TimeStamp>
<styleUrl>#route</styleUrl>
<Point>
<coordinates>139.456936,36.279168,-0.001000</coordinates>
</Point>
<ExtendedData>
	<Data name="IconNumber">
		<value>901001</value>
	</Data>
</ExtendedData>
</Placemark>
<Placemark>
<name>KG0078</name>
<TimeStamp><when>2026-09-23T21:19:37Z</when></TimeStamp>
<styleUrl>#route</styleUrl>
<Point>
<coordinates>139.455058,36.277031,-0.001000</coordinates>
</Point>
<ExtendedData>
	<Data name="IconNumber">
		<value>901001</value>
	</Data>
</ExtendedData>
</Placemark>
<Placemark>
<name>KG0079</name>
<TimeStamp><when>2026-09-23T21:19:47Z</when></TimeStamp>
<styleUrl>#route</styleUrl>
<Point>
<coordinates>139.454929,36.276833,-0.001000</coordinates>
</Point>
<ExtendedData>
	<Data name="IconNumber">
		<value>901001</value>
	</Data>
</ExtendedData>
</Placemark>
<Placemark>
<name>KG0080</name>
<TimeStamp><when>2026-09-23T21:19:57Z</when></TimeStamp>
<styleUrl>#route</styleUrl>
<Point>
<coordinates>139.454790,36.276370,-0.001000</coordinates>
</Point>
<ExtendedData>
	<Data name="IconNumber">
		<value>901001</value>
	</Data>
</ExtendedData>
</Placemark>
<Placemark>
<name>KG0081</name>
<TimeStamp><when>2026-09-23T21:20:07Z</when></TimeStamp>
<styleUrl>#route</styleUrl>
<Point>
<coordinates>139.454768,36.276129,-0.001000</coordinates>
</Point>
<ExtendedData>
	<Data name="IconNumber">
		<value>901001</value>
	</Data>
</ExtendedData>
</Placemark>
<Placemark>
<name>KG0082</name>
<TimeStamp><when>2026-09-23T21:20:17Z</when></TimeStamp>
<styleUrl>#route</styleUrl>
<Point>
<coordinates>139.454779,36.276001,-0.001000</coordinates>
</Point>
<ExtendedData>
	<Data name="IconNumber">
		<value>901001</value>
	</Data>
</ExtendedData>
</Placemark>
<Placemark>
<name>KG0083</name>
<TimeStamp><when>2026-09-23T21:20:27Z</when></TimeStamp>
<styleUrl>#route</styleUrl>
<Point>
<coordinates>139.454908,36.275469,-0.001000</coordinates>
</Point>
<ExtendedData>
	<Data name="IconNumber">
		<value>901001</value>
	</Data>
</ExtendedData>
</Placemark>
<Placemark>
<name>KG0084</name>
<TimeStamp><when>2026-09-23T21:20:37Z</when></TimeStamp>
<styleUrl>#route</styleUrl>
<Point>
<coordinates>139.455037,36.274670,-0.001000</coordinates>
</Point>
<ExtendedData>
	<Data name="IconNumber">
		<value>901001</value>
	</Data>
</ExtendedData>
</Placemark>
<Placemark>
<name>KG0085</name>
<TimeStamp><when>2026-09-23T21:20:47Z</when></TimeStamp>
<styleUrl>#route</styleUrl>
<Point>
<coordinates>139.455230,36.273812,-0.001000</coordinates>
</Point>
<ExtendedData>
	<Data name="IconNumber">
		<value>901001</value>
	</Data>
</ExtendedData>
</Placemark>
<Placemark>
<name>KG0086</name>
<TimeStamp><when>2026-09-23T21:20:57Z</when></TimeStamp>
<styleUrl>#route</styleUrl>
<Point>
<coordinates>139.455208,36.273597,-0.001000</coordinates>
</Point>
<ExtendedData>
	<Data name="IconNumber">
		<value>901001</value>
	</Data>
</ExtendedData>
</Placemark>
<Placemark>
<name>KG0087</name>
<TimeStamp><when>2026-09-23T21:21:07Z</when></TimeStamp>
<styleUrl>#route</styleUrl>
<Point>
<coordinates>139.455069,36.272765,-0.001000</coordinates>
</Point>
<ExtendedData>
	<Data name="IconNumber">
		<value>901001</value>
	</Data>
</ExtendedData>
</Placemark>
<Placemark>
<name>KG0088</name>
<TimeStamp><when>2026-09-23T21:21:17Z</when></TimeStamp>
<styleUrl>#route</styleUrl>
<Point>
<coordinates>139.455047,36.272310,-0.001000</coordinates>
</Point>
<ExtendedData>
	<Data name="IconNumber">
		<value>901001</value>
	</Data>
</ExtendedData>
</Placemark>
<Placemark>
<name>KG0089</name>
<TimeStamp><when>2026-09-23T21:21:27Z</when></TimeStamp>
<styleUrl>#route</styleUrl>
<Point>
<coordinates>139.454994,36.271958,-0.001000</coordinates>
</Point>
<ExtendedData>
	<Data name="IconNumber">
		<value>901001</value>
	</Data>
</ExtendedData>
</Placemark>
<Placemark>
<name>KG0090</name>
<TimeStamp><when>2026-09-23T21:21:37Z</when></TimeStamp>
<styleUrl>#route</styleUrl>
<Point>
<coordinates>139.454940,36.271804,-0.001000</coordinates>
</Point>
<ExtendedData>
	<Data name="IconNumber">
		<value>901001</value>
	</Data>
</ExtendedData>
</Placemark>
<Placemark>
<name>KG0091</name>
<TimeStamp><when>2026-09-23T21:21:47Z</when></TimeStamp>
<styleUrl>#route</styleUrl>
<Point>
<coordinates>139.454704,36.271752,-0.001000</coordinates>
</Point>
<ExtendedData>
	<Data name="IconNumber">
		<value>901001</value>
	</Data>
</ExtendedData>
</Placemark>
<Placemark>
<name>KG0092</name>
<TimeStamp><when>2026-09-23T21:21:57Z</when></TimeStamp>
<styleUrl>#route</styleUrl>
<Point>
<coordinates>139.453878,36.271640,-0.001000</coordinates>
</Point>
<ExtendedData>
	<Data name="IconNumber">
		<value>901001</value>
	</Data>
</ExtendedData>
</Placemark>
<Placemark>
<name>KG0093</name>
<TimeStamp><when>2026-09-23T21:22:07Z</when></TimeStamp>
<styleUrl>#route</styleUrl>
<Point>
<coordinates>139.453652,36.271563,-0.001000</coordinates>
</Point>
<ExtendedData>
	<Data name="IconNumber">
		<value>901001</value>
	</Data>
</ExtendedData>
</Placemark>
<Placemark>
<name>KG0094</name>
<TimeStamp><when>2026-09-23T21:22:17Z</when></TimeStamp>
<styleUrl>#route</styleUrl>
<Point>
<coordinates>139.453320,36.271374,-0.001000</coordinates>
</Point>
<ExtendedData>
	<Data name="IconNumber">
		<value>901001</value>
	</Data>
</ExtendedData>
</Placemark>
<Placemark>
<name>KG0095</name>
<TimeStamp><when>2026-09-23T21:22:27Z</when></TimeStamp>
<styleUrl>#route</styleUrl>
<Point>
<coordinates>139.453127,36.271229,-0.001000</coordinates>
</Point>
<ExtendedData>
	<Data name="IconNumber">
		<value>901001</value>
	</Data>
</ExtendedData>
</Placemark>
<Placemark>
<name>KG0096</name>
<TimeStamp><when>2026-09-23T21:22:37Z</when></TimeStamp>
<styleUrl>#route</styleUrl>
<Point>
<coordinates>139.452998,36.271031,-0.001000</coordinates>
</Point>
<ExtendedData>
	<Data name="IconNumber">
		<value>901001</value>
	</Data>
</ExtendedData>
</Placemark>
<Placemark>
<name>KG0097</name>
<TimeStamp><when>2026-09-23T21:22:47Z</when></TimeStamp>
<styleUrl>#route</styleUrl>
<Point>
<coordinates>139.452590,36.269778,-0.001000</coordinates>
</Point>
<ExtendedData>
	<Data name="IconNumber">
		<value>901001</value>
	</Data>
</ExtendedData>
</Placemark>
<Placemark>
<name>KG0098</name>
<TimeStamp><when>2026-09-23T21:22:57Z</when></TimeStamp>
<styleUrl>#route</styleUrl>
<Point>
<coordinates>139.452440,36.269211,-0.001000</coordinates>
</Point>
<ExtendedData>
	<Data name="IconNumber">
		<value>901001</value>
	</Data>
</ExtendedData>
</Placemark>
<Placemark>
<name>FS0158</name>
<TimeStamp><when>2026-09-23T21:23:07Z</when></TimeStamp>
<styleUrl>#route</styleUrl>
<Point>
<coordinates>139.452360,36.268933,-0.001000</coordinates>
</Point>
<ExtendedData>
	<Data name="IconNumber">
		<value>901001</value>
	</Data>
</ExtendedData>
</Placemark>
<Placemark>
<name>KG0100</name>
<TimeStamp><when>2026-09-23T21:23:17Z</when></TimeStamp>
<styleUrl>#route</styleUrl>
<Point>
<coordinates>139.452301,36.268731,-0.001000</coordinates>
</Point>
<ExtendedData>
	<Data name="IconNumber">
		<value>901001</value>
	</Data>
</ExtendedData>
</Placemark>
<Placemark>
<name>KG0101</name>
<TimeStamp><when>2026-09-23T21:23:27Z</when></TimeStamp>
<styleUrl>#route</styleUrl>
<Point>
<coordinates>139.451517,36.266834,-0.001000</coordinates>
</Point>
<ExtendedData>
	<Data name="IconNumber">
		<value>901001</value>
	</Data>
</ExtendedData>
</Placemark>
<Placemark>
<name>KG0102</name>
<TimeStamp><when>2026-09-23T21:23:37Z</when></TimeStamp>
<styleUrl>#route</styleUrl>
<Point>
<coordinates>139.450380,36.264044,-0.001000</coordinates>
</Point>
<ExtendedData>
	<Data name="IconNumber">
		<value>901001</value>
	</Data>
</ExtendedData>
</Placemark>
<Placemark>
<name>KG0103</name>
<TimeStamp><when>2026-09-23T21:23:47Z</when></TimeStamp>
<styleUrl>#route</styleUrl>
<Point>
<coordinates>139.449522,36.261847,-0.001000</coordinates>
</Point>
<ExtendedData>
	<Data name="IconNumber">
		<value>901001</value>
	</Data>
</ExtendedData>
</Placemark>
<Placemark>
<name>KG0104</name>
<TimeStamp><when>2026-09-23T21:23:57Z</when></TimeStamp>
<styleUrl>#route</styleUrl>
<Point>
<coordinates>139.449436,36.261564,-0.001000</coordinates>
</Point>
<ExtendedData>
	<Data name="IconNumber">
		<value>901001</value>
	</Data>
</ExtendedData>
</Placemark>
<Placemark>
<name>KG0105</name>
<TimeStamp><when>2026-09-23T21:24:07Z</when></TimeStamp>
<styleUrl>#route</styleUrl>
<Point>
<coordinates>139.449340,36.261118,-0.001000</coordinates>
</Point>
<ExtendedData>
	<Data name="IconNumber">
		<value>901001</value>
	</Data>
</ExtendedData>
</Placemark>
<Placemark>
<name>KG0106</name>
<TimeStamp><when>2026-09-23T21:24:17Z</when></TimeStamp>
<styleUrl>#route</styleUrl>
<Point>
<coordinates>139.449297,36.260937,-0.001000</coordinates>
</Point>
<ExtendedData>
	<Data name="IconNumber">
		<value>901001</value>
	</Data>
</ExtendedData>
</Placemark>
<Placemark>
<name>KG0107</name>
<TimeStamp><when>2026-09-23T21:24:27Z</when></TimeStamp>
<styleUrl>#route</styleUrl>
<Point>
<coordinates>139.449211,36.260783,-0.001000</coordinates>
</Point>
<ExtendedData>
	<Data name="IconNumber">
		<value>901001</value>
	</Data>
</ExtendedData>
</Placemark>
<Placemark>
<name>KG0108</name>
<TimeStamp><when>2026-09-23T21:24:37Z</when></TimeStamp>
<styleUrl>#route</styleUrl>
<Point>
<coordinates>139.449146,36.260611,-0.001000</coordinates>
</Point>
<ExtendedData>
	<Data name="IconNumber">
		<value>901001</value>
	</Data>
</ExtendedData>
</Placemark>
<Placemark>
<name>KG0109</name>
<TimeStamp><when>2026-09-23T21:24:47Z</when></TimeStamp>
<styleUrl>#route</styleUrl>
<Point>
<coordinates>139.449168,36.259410,-0.001000</coordinates>
</Point>
<ExtendedData>
	<Data name="IconNumber">
		<value>901001</value>
	</Data>
</ExtendedData>
</Placemark>
<Placemark>
<name>KG0110</name>
<TimeStamp><when>2026-09-23T21:24:57Z</when></TimeStamp>
<styleUrl>#route</styleUrl>
<Point>
<coordinates>139.449221,36.258946,-0.001000</coordinates>
</Point>
<ExtendedData>
	<Data name="IconNumber">
		<value>901001</value>
	</Data>
</ExtendedData>
</Placemark>
<Placemark>
<name>KG0111</name>
<TimeStamp><when>2026-09-23T21:25:07Z</when></TimeStamp>
<styleUrl>#route</styleUrl>
<Point>
<coordinates>139.449232,36.258714,-0.001000</coordinates>
</Point>
<ExtendedData>
	<Data name="IconNumber">
		<value>901001</value>
	</Data>
</ExtendedData>
</Placemark>
<Placemark>
<name>KG0112</name>
<TimeStamp><when>2026-09-23T21:25:17Z</when></TimeStamp>
<styleUrl>#route</styleUrl>
<Point>
<coordinates>139.449221,36.258568,-0.001000</coordinates>
</Point>
<ExtendedData>
	<Data name="IconNumber">
		<value>901001</value>
	</Data>
</ExtendedData>
</Placemark>
<Placemark>
<name>KG0113</name>
<TimeStamp><when>2026-09-23T21:25:27Z</when></TimeStamp>
<styleUrl>#route</styleUrl>
<Point>
<coordinates>139.449168,36.258337,-0.001000</coordinates>
</Point>
<ExtendedData>
	<Data name="IconNumber">
		<value>901001</value>
	</Data>
</ExtendedData>
</Placemark>
<Placemark>
<name>KG0114</name>
<TimeStamp><when>2026-09-23T21:25:37Z</when></TimeStamp>
<styleUrl>#route</styleUrl>
<Point>
<coordinates>139.449082,36.258156,-0.001000</coordinates>
</Point>
<ExtendedData>
	<Data name="IconNumber">
		<value>901001</value>
	</Data>
</ExtendedData>
</Placemark>
<Placemark>
<name>KG0115</name>
<TimeStamp><when>2026-09-23T21:25:47Z</when></TimeStamp>
<styleUrl>#route</styleUrl>
<Point>
<coordinates>139.448910,36.257882,-0.001000</coordinates>
</Point>
<ExtendedData>
	<Data name="IconNumber">
		<value>901001</value>
	</Data>
</ExtendedData>
</Placemark>
<Placemark>
<name>KG0116</name>
<TimeStamp><when>2026-09-23T21:25:57Z</when></TimeStamp>
<styleUrl>#route</styleUrl>
<Point>
<coordinates>139.448792,36.257762,-0.001000</coordinates>
</Point>
<ExtendedData>
	<Data name="IconNumber">
		<value>901001</value>
	</Data>
</ExtendedData>
</Placemark>
<Placemark>
<name>KG0117</name>
<TimeStamp><when>2026-09-23T21:26:07Z</when></TimeStamp>
<styleUrl>#route</styleUrl>
<Point>
<coordinates>139.448503,36.257521,-0.001000</coordinates>
</Point>
<ExtendedData>
	<Data name="IconNumber">
		<value>901001</value>
	</Data>
</ExtendedData>
</Placemark>
<Placemark>
<name>KG0118</name>
<TimeStamp><when>2026-09-23T21:26:17Z</when></TimeStamp>
<styleUrl>#route</styleUrl>
<Point>
<coordinates>139.447601,36.256852,-0.001000</coordinates>
</Point>
<ExtendedData>
	<Data name="IconNumber">
		<value>901001</value>
	</Data>
</ExtendedData>
</Placemark>
<Placemark>
<name>KG0119</name>
<TimeStamp><when>2026-09-23T21:26:27Z</when></TimeStamp>
<styleUrl>#route</styleUrl>
<Point>
<coordinates>139.447451,36.256715,-0.001000</coordinates>
</Point>
<ExtendedData>
	<Data name="IconNumber">
		<value>901001</value>
	</Data>
</ExtendedData>
</Placemark>
<Placemark>
<name>KG0120</name>
<TimeStamp><when>2026-09-23T21:26:37Z</when></TimeStamp>
<styleUrl>#route</styleUrl>
<Point>
<coordinates>139.447301,36.256448,-0.001000</coordinates>
</Point>
<ExtendedData>
	<Data name="IconNumber">
		<value>901001</value>
	</Data>
</ExtendedData>
</Placemark>
<Placemark>
<name>KG0121</name>
<TimeStamp><when>2026-09-23T21:26:47Z</when></TimeStamp>
<styleUrl>#route</styleUrl>
<Point>
<coordinates>139.447194,36.256268,-0.001000</coordinates>
</Point>
<ExtendedData>
	<Data name="IconNumber">
		<value>901001</value>
	</Data>
</ExtendedData>
</Placemark>
<Placemark>
<name>KG0122</name>
<TimeStamp><when>2026-09-23T21:26:57Z</when></TimeStamp>
<styleUrl>#route</styleUrl>
<Point>
<coordinates>139.446893,36.256028,-0.001000</coordinates>
</Point>
<ExtendedData>
	<Data name="IconNumber">
		<value>901001</value>
	</Data>
</ExtendedData>
</Placemark>
<Placemark>
<name>KG0123</name>
<TimeStamp><when>2026-09-23T21:27:07Z</when></TimeStamp>
<styleUrl>#route</styleUrl>
<Point>
<coordinates>139.446539,36.255822,-0.001000</coordinates>
</Point>
<ExtendedData>
	<Data name="IconNumber">
		<value>901001</value>
	</Data>
</ExtendedData>
</Placemark>
<Placemark>
<name>KG0124</name>
<TimeStamp><when>2026-09-23T21:27:17Z</when></TimeStamp>
<styleUrl>#route</styleUrl>
<Point>
<coordinates>139.446089,36.255539,-0.001000</coordinates>
</Point>
<ExtendedData>
	<Data name="IconNumber">
		<value>901001</value>
	</Data>
</ExtendedData>
</Placemark>
<Placemark>
<name>KG0125</name>
<TimeStamp><when>2026-09-23T21:27:27Z</when></TimeStamp>
<styleUrl>#route</styleUrl>
<Point>
<coordinates>139.445906,36.255393,-0.001000</coordinates>
</Point>
<ExtendedData>
	<Data name="IconNumber">
		<value>901001</value>
	</Data>
</ExtendedData>
</Placemark>
<Placemark>
<name>KG0126</name>
<TimeStamp><when>2026-09-23T21:27:37Z</when></TimeStamp>
<styleUrl>#route</styleUrl>
<Point>
<coordinates>139.445735,36.255127,-0.001000</coordinates>
</Point>
<ExtendedData>
	<Data name="IconNumber">
		<value>901001</value>
	</Data>
</ExtendedData>
</Placemark>
<Placemark>
<name>KG0127</name>
<TimeStamp><when>2026-09-23T21:27:47Z</when></TimeStamp>
<styleUrl>#route</styleUrl>
<Point>
<coordinates>139.445488,36.254586,-0.001000</coordinates>
</Point>
<ExtendedData>
	<Data name="IconNumber">
		<value>901001</value>
	</Data>
</ExtendedData>
</Placemark>
<Placemark>
<name>KG0128</name>
<TimeStamp><when>2026-09-23T21:27:57Z</when></TimeStamp>
<styleUrl>#route</styleUrl>
<Point>
<coordinates>139.445069,36.253642,-0.001000</coordinates>
</Point>
<ExtendedData>
	<Data name="IconNumber">
		<value>901001</value>
	</Data>
</ExtendedData>
</Placemark>
<Placemark>
<name>KG0129</name>
<TimeStamp><when>2026-09-23T21:28:07Z</when></TimeStamp>
<styleUrl>#route</styleUrl>
<Point>
<coordinates>139.444254,36.251874,-0.001000</coordinates>
</Point>
<ExtendedData>
	<Data name="IconNumber">
		<value>901001</value>
	</Data>
</ExtendedData>
</Placemark>
<Placemark>
<name>ET0232</name>
<TimeStamp><when>2026-09-23T21:28:17Z</when></TimeStamp>
<styleUrl>#route</styleUrl>
<Point>
<coordinates>139.443845,36.250971,-0.001000</coordinates>
</Point>
<ExtendedData>
	<Data name="IconNumber">
		<value>901001</value>
	</Data>
</ExtendedData>
</Placemark>
<Placemark>
<name>KG0131</name>
<TimeStamp><when>2026-09-23T21:28:27Z</when></TimeStamp>
<styleUrl>#route</styleUrl>
<Point>
<coordinates>139.443396,36.250054,-0.001000</coordinates>
</Point>
<ExtendedData>
	<Data name="IconNumber">
		<value>901001</value>
	</Data>
</ExtendedData>
</Placemark>
<Placemark>
<name>KG0132</name>
<TimeStamp><when>2026-09-23T21:28:37Z</when></TimeStamp>
<styleUrl>#route</styleUrl>
<Point>
<coordinates>139.442838,36.248861,-0.001000</coordinates>
</Point>
<ExtendedData>
	<Data name="IconNumber">
		<value>901001</value>
	</Data>
</ExtendedData>
</Placemark>
<Placemark>
<name>KG0133</name>
<TimeStamp><when>2026-09-23T21:28:47Z</when></TimeStamp>
<styleUrl>#route</styleUrl>
<Point>
<coordinates>139.442773,36.248646,-0.001000</coordinates>
</Point>
<ExtendedData>
	<Data name="IconNumber">
		<value>901001</value>
	</Data>
</ExtendedData>
</Placemark>
<Placemark>
<name>KG0134</name>
<TimeStamp><when>2026-09-23T21:28:57Z</when></TimeStamp>
<styleUrl>#route</styleUrl>
<Point>
<coordinates>139.442763,36.248415,-0.001000</coordinates>
</Point>
<ExtendedData>
	<Data name="IconNumber">
		<value>901001</value>
	</Data>
</ExtendedData>
</Placemark>
<Placemark>
<name>KG0135</name>
<TimeStamp><when>2026-09-23T21:29:07Z</when></TimeStamp>
<styleUrl>#route</styleUrl>
<Point>
<coordinates>139.442784,36.247668,-0.001000</coordinates>
</Point>
<ExtendedData>
	<Data name="IconNumber">
		<value>901001</value>
	</Data>
</ExtendedData>
</Placemark>
<Placemark>
<name>KG0136</name>
<TimeStamp><when>2026-09-23T21:29:17Z</when></TimeStamp>
<styleUrl>#route</styleUrl>
<Point>
<coordinates>139.442913,36.245067,-0.001000</coordinates>
</Point>
<ExtendedData>
	<Data name="IconNumber">
		<value>901001</value>
	</Data>
</ExtendedData>
</Placemark>
<Placemark>
<name>KG0137</name>
<TimeStamp><when>2026-09-23T21:29:27Z</when></TimeStamp>
<styleUrl>#route</styleUrl>
<Point>
<coordinates>139.442945,36.244209,-0.001000</coordinates>
</Point>
<ExtendedData>
	<Data name="IconNumber">
		<value>901001</value>
	</Data>
</ExtendedData>
</Placemark>
<Placemark>
<name>KG0138</name>
<TimeStamp><when>2026-09-23T21:29:37Z</when></TimeStamp>
<styleUrl>#route</styleUrl>
<Point>
<coordinates>139.443052,36.241943,-0.001000</coordinates>
</Point>
<ExtendedData>
	<Data name="IconNumber">
		<value>901001</value>
	</Data>
</ExtendedData>
</Placemark>
<Placemark>
<name>KG0139</name>
<TimeStamp><when>2026-09-23T21:29:47Z</when></TimeStamp>
<styleUrl>#route</styleUrl>
<Point>
<coordinates>139.443063,36.241325,-0.001000</coordinates>
</Point>
<ExtendedData>
	<Data name="IconNumber">
		<value>901001</value>
	</Data>
</ExtendedData>
</Placemark>
<Placemark>
<name>KG0140</name>
<TimeStamp><when>2026-09-23T21:29:57Z</when></TimeStamp>
<styleUrl>#route</styleUrl>
<Point>
<coordinates>139.442967,36.240870,-0.001000</coordinates>
</Point>
<ExtendedData>
	<Data name="IconNumber">
		<value>901001</value>
	</Data>
</ExtendedData>
</Placemark>
<Placemark>
<name>KG0141</name>
<TimeStamp><when>2026-09-23T21:30:07Z</when></TimeStamp>
<styleUrl>#route</styleUrl>
<Point>
<coordinates>139.442806,36.240081,-0.001000</coordinates>
</Point>
<ExtendedData>
	<Data name="IconNumber">
		<value>901001</value>
	</Data>
</ExtendedData>
</Placemark>
<Placemark>
<name>KG0142</name>
<TimeStamp><when>2026-09-23T21:30:17Z</when></TimeStamp>
<styleUrl>#route</styleUrl>
<Point>
<coordinates>139.442430,36.238312,-0.001000</coordinates>
</Point>
<ExtendedData>
	<Data name="IconNumber">
		<value>901001</value>
	</Data>
</ExtendedData>
</Placemark>
<Placemark>
<name>KG0143</name>
<TimeStamp><when>2026-09-23T21:30:27Z</when></TimeStamp>
<styleUrl>#route</styleUrl>
<Point>
<coordinates>139.442216,36.237411,-0.001000</coordinates>
</Point>
<ExtendedData>
	<Data name="IconNumber">
		<value>901001</value>
	</Data>
</ExtendedData>
</Placemark>
<Placemark>
<name>KG0144</name>
<TimeStamp><when>2026-09-23T21:30:37Z</when></TimeStamp>
<styleUrl>#route</styleUrl>
<Point>
<coordinates>139.441540,36.234819,-0.001000</coordinates>
</Point>
<ExtendedData>
	<Data name="IconNumber">
		<value>901001</value>
	</Data>
</ExtendedData>
</Placemark>
<Placemark>
<name>KG0145</name>
<TimeStamp><when>2026-09-23T21:30:47Z</when></TimeStamp>
<styleUrl>#route</styleUrl>
<Point>
<coordinates>139.441229,36.233712,-0.001000</coordinates>
</Point>
<ExtendedData>
	<Data name="IconNumber">
		<value>901001</value>
	</Data>
</ExtendedData>
</Placemark>
<Placemark>
<name>KG0146</name>
<TimeStamp><when>2026-09-23T21:30:57Z</when></TimeStamp>
<styleUrl>#route</styleUrl>
<Point>
<coordinates>139.441239,36.233300,-0.001000</coordinates>
</Point>
<ExtendedData>
	<Data name="IconNumber">
		<value>901001</value>
	</Data>
</ExtendedData>
</Placemark>
<Placemark>
<name>KG0147</name>
<TimeStamp><when>2026-09-23T21:31:07Z</when></TimeStamp>
<styleUrl>#route</styleUrl>
<Point>
<coordinates>139.441486,36.232167,-0.001000</coordinates>
</Point>
<ExtendedData>
	<Data name="IconNumber">
		<value>901001</value>
	</Data>
</ExtendedData>
</Placemark>
<Placemark>
<name>KG0148</name>
<TimeStamp><when>2026-09-23T21:31:17Z</when></TimeStamp>
<styleUrl>#route</styleUrl>
<Point>
<coordinates>139.441915,36.231163,-0.001000</coordinates>
</Point>
<ExtendedData>
	<Data name="IconNumber">
		<value>901001</value>
	</Data>
</ExtendedData>
</Placemark>
<Placemark>
<name>KG0149</name>
<TimeStamp><when>2026-09-23T21:31:27Z</when></TimeStamp>
<styleUrl>#route</styleUrl>
<Point>
<coordinates>139.442055,36.230691,-0.001000</coordinates>
</Point>
<ExtendedData>
	<Data name="IconNumber">
		<value>901001</value>
	</Data>
</ExtendedData>
</Placemark>
<Placemark>
<name>KG0150</name>
<TimeStamp><when>2026-09-23T21:31:37Z</when></TimeStamp>
<styleUrl>#route</styleUrl>
<Point>
<coordinates>139.442226,36.229566,-0.001000</coordinates>
</Point>
<ExtendedData>
	<Data name="IconNumber">
		<value>901001</value>
	</Data>
</ExtendedData>
</Placemark>
<Placemark>
<name>KG0151</name>
<TimeStamp><when>2026-09-23T21:31:47Z</when></TimeStamp>
<styleUrl>#route</styleUrl>
<Point>
<coordinates>139.442280,36.229129,-0.001000</coordinates>
</Point>
<ExtendedData>
	<Data name="IconNumber">
		<value>901001</value>
	</Data>
</ExtendedData>
</Placemark>
<Placemark>
<name>KG0152</name>
<TimeStamp><when>2026-09-23T21:31:57Z</when></TimeStamp>
<styleUrl>#route</styleUrl>
<Point>
<coordinates>139.442280,36.228888,-0.001000</coordinates>
</Point>
<ExtendedData>
	<Data name="IconNumber">
		<value>901001</value>
	</Data>
</ExtendedData>
</Placemark>
<Placemark>
<name>KG0153</name>
<TimeStamp><when>2026-09-23T21:32:07Z</when></TimeStamp>
<styleUrl>#route</styleUrl>
<Point>
<coordinates>139.442237,36.228682,-0.001000</coordinates>
</Point>
<ExtendedData>
	<Data name="IconNumber">
		<value>901001</value>
	</Data>
</ExtendedData>
</Placemark>
<Placemark>
<name>KG0154</name>
<TimeStamp><when>2026-09-23T21:32:17Z</when></TimeStamp>
<styleUrl>#route</styleUrl>
<Point>
<coordinates>139.442119,36.228287,-0.001000</coordinates>
</Point>
<ExtendedData>
	<Data name="IconNumber">
		<value>901001</value>
	</Data>
</ExtendedData>
</Placemark>
<Placemark>
<name>KG0155</name>
<TimeStamp><when>2026-09-23T21:32:27Z</when></TimeStamp>
<styleUrl>#route</styleUrl>
<Point>
<coordinates>139.441400,36.226485,-0.001000</coordinates>
</Point>
<ExtendedData>
	<Data name="IconNumber">
		<value>901001</value>
	</Data>
</ExtendedData>
</Placemark>
<Placemark>
<name>KG0156</name>
<TimeStamp><when>2026-09-23T21:32:37Z</when></TimeStamp>
<styleUrl>#route</styleUrl>
<Point>
<coordinates>139.440628,36.224494,-0.001000</coordinates>
</Point>
<ExtendedData>
	<Data name="IconNumber">
		<value>901001</value>
	</Data>
</ExtendedData>
</Placemark>
<Placemark>
<name>KG0157</name>
<TimeStamp><when>2026-09-23T21:32:47Z</when></TimeStamp>
<styleUrl>#route</styleUrl>
<Point>
<coordinates>139.440574,36.224331,-0.001000</coordinates>
</Point>
<ExtendedData>
	<Data name="IconNumber">
		<value>901001</value>
	</Data>
</ExtendedData>
</Placemark>
<Placemark>
<name>KG0158</name>
<TimeStamp><when>2026-09-23T21:32:57Z</when></TimeStamp>
<styleUrl>#route</styleUrl>
<Point>
<coordinates>139.439834,36.220528,-0.001000</coordinates>
</Point>
<ExtendedData>
	<Data name="IconNumber">
		<value>901001</value>
	</Data>
</ExtendedData>
</Placemark>
<Placemark>
<name>KG0159</name>
<TimeStamp><when>2026-09-23T21:33:07Z</when></TimeStamp>
<styleUrl>#route</styleUrl>
<Point>
<coordinates>139.439608,36.219447,-0.001000</coordinates>
</Point>
<ExtendedData>
	<Data name="IconNumber">
		<value>901001</value>
	</Data>
</ExtendedData>
</Placemark>
<Placemark>
<name>KG0160</name>
<TimeStamp><when>2026-09-23T21:33:17Z</when></TimeStamp>
<styleUrl>#route</styleUrl>
<Point>
<coordinates>139.439566,36.219155,-0.001000</coordinates>
</Point>
<ExtendedData>
	<Data name="IconNumber">
		<value>901001</value>
	</Data>
</ExtendedData>
</Placemark>
<Placemark>
<name>KG0161</name>
<TimeStamp><when>2026-09-23T21:33:27Z</when></TimeStamp>
<styleUrl>#route</styleUrl>
<Point>
<coordinates>139.439555,36.218932,-0.001000</coordinates>
</Point>
<ExtendedData>
	<Data name="IconNumber">
		<value>901001</value>
	</Data>
</ExtendedData>
</Placemark>
<Placemark>
<name>KG0162</name>
<TimeStamp><when>2026-09-23T21:33:37Z</when></TimeStamp>
<styleUrl>#route</styleUrl>
<Point>
<coordinates>139.439587,36.218417,-0.001000</coordinates>
</Point>
<ExtendedData>
	<Data name="IconNumber">
		<value>901001</value>
	</Data>
</ExtendedData>
</Placemark>
<Placemark>
<name>KG0163</name>
<TimeStamp><when>2026-09-23T21:33:47Z</when></TimeStamp>
<styleUrl>#route</styleUrl>
<Point>
<coordinates>139.439641,36.217971,-0.001000</coordinates>
</Point>
<ExtendedData>
	<Data name="IconNumber">
		<value>901001</value>
	</Data>
</ExtendedData>
</Placemark>
<Placemark>
<name>KG0164</name>
<TimeStamp><when>2026-09-23T21:33:57Z</when></TimeStamp>
<styleUrl>#route</styleUrl>
<Point>
<coordinates>139.439726,36.217662,-0.001000</coordinates>
</Point>
<ExtendedData>
	<Data name="IconNumber">
		<value>901001</value>
	</Data>
</ExtendedData>
</Placemark>
<Placemark>
<name>KG0165</name>
<TimeStamp><when>2026-09-23T21:34:07Z</when></TimeStamp>
<styleUrl>#route</styleUrl>
<Point>
<coordinates>139.440274,36.216220,-0.001000</coordinates>
</Point>
<ExtendedData>
	<Data name="IconNumber">
		<value>901001</value>
	</Data>
</ExtendedData>
</Placemark>
<Placemark>
<name>KG0166</name>
<TimeStamp><when>2026-09-23T21:34:17Z</when></TimeStamp>
<styleUrl>#route</styleUrl>
<Point>
<coordinates>139.440349,36.215979,-0.001000</coordinates>
</Point>
<ExtendedData>
	<Data name="IconNumber">
		<value>901001</value>
	</Data>
</ExtendedData>
</Placemark>
<Placemark>
<name>KG0167</name>
<TimeStamp><when>2026-09-23T21:34:27Z</when></TimeStamp>
<styleUrl>#route</styleUrl>
<Point>
<coordinates>139.440413,36.215722,-0.001000</coordinates>
</Point>
<ExtendedData>
	<Data name="IconNumber">
		<value>901001</value>
	</Data>
</ExtendedData>
</Placemark>
<Placemark>
<name>KG0168</name>
<TimeStamp><when>2026-09-23T21:34:37Z</when></TimeStamp>
<styleUrl>#route</styleUrl>
<Point>
<coordinates>139.440435,36.215018,-0.001000</coordinates>
</Point>
<ExtendedData>
	<Data name="IconNumber">
		<value>901001</value>
	</Data>
</ExtendedData>
</Placemark>
<Placemark>
<name>KG0169</name>
<TimeStamp><when>2026-09-23T21:34:47Z</when></TimeStamp>
<styleUrl>#route</styleUrl>
<Point>
<coordinates>139.440370,36.214529,-0.001000</coordinates>
</Point>
<ExtendedData>
	<Data name="IconNumber">
		<value>901001</value>
	</Data>
</ExtendedData>
</Placemark>
<Placemark>
<name>KG0170</name>
<TimeStamp><when>2026-09-23T21:34:57Z</when></TimeStamp>
<styleUrl>#route</styleUrl>
<Point>
<coordinates>139.440241,36.213928,-0.001000</coordinates>
</Point>
<ExtendedData>
	<Data name="IconNumber">
		<value>901001</value>
	</Data>
</ExtendedData>
</Placemark>
<Placemark>
<name>KG0171</name>
<TimeStamp><when>2026-09-23T21:35:07Z</when></TimeStamp>
<styleUrl>#route</styleUrl>
<Point>
<coordinates>139.440145,36.213585,-0.001000</coordinates>
</Point>
<ExtendedData>
	<Data name="IconNumber">
		<value>901001</value>
	</Data>
</ExtendedData>
</Placemark>
<Placemark>
<name>KG0172</name>
<TimeStamp><when>2026-09-23T21:35:17Z</when></TimeStamp>
<styleUrl>#route</styleUrl>
<Point>
<coordinates>139.440048,36.213353,-0.001000</coordinates>
</Point>
<ExtendedData>
	<Data name="IconNumber">
		<value>901001</value>
	</Data>
</ExtendedData>
</Placemark>
<Placemark>
<name>KG0173</name>
<TimeStamp><when>2026-09-23T21:35:27Z</when></TimeStamp>
<styleUrl>#route</styleUrl>
<Point>
<coordinates>139.439898,36.213147,-0.001000</coordinates>
</Point>
<ExtendedData>
	<Data name="IconNumber">
		<value>901001</value>
	</Data>
</ExtendedData>
</Placemark>
<Placemark>
<name>KG0174</name>
<TimeStamp><when>2026-09-23T21:35:37Z</when></TimeStamp>
<styleUrl>#route</styleUrl>
<Point>
<coordinates>139.438815,36.211799,-0.001000</coordinates>
</Point>
<ExtendedData>
	<Data name="IconNumber">
		<value>901001</value>
	</Data>
</ExtendedData>
</Placemark>
<Placemark>
<name>KG0175</name>
<TimeStamp><when>2026-09-23T21:35:47Z</when></TimeStamp>
<styleUrl>#route</styleUrl>
<Point>
<coordinates>139.438182,36.211190,-0.001000</coordinates>
</Point>
<ExtendedData>
	<Data name="IconNumber">
		<value>901001</value>
	</Data>
</ExtendedData>
</Placemark>
<Placemark>
<name>KG0176</name>
<TimeStamp><when>2026-09-23T21:35:57Z</when></TimeStamp>
<styleUrl>#route</styleUrl>
<Point>
<coordinates>139.438031,36.211018,-0.001000</coordinates>
</Point>
<ExtendedData>
	<Data name="IconNumber">
		<value>901001</value>
	</Data>
</ExtendedData>
</Placemark>
<Placemark>
<name>KG0177</name>
<TimeStamp><when>2026-09-23T21:36:07Z</when></TimeStamp>
<styleUrl>#route</styleUrl>
<Point>
<coordinates>139.437731,36.210520,-0.001000</coordinates>
</Point>
<ExtendedData>
	<Data name="IconNumber">
		<value>901001</value>
	</Data>
</ExtendedData>
</Placemark>
<Placemark>
<name>KG0178</name>
<TimeStamp><when>2026-09-23T21:36:17Z</when></TimeStamp>
<styleUrl>#route</styleUrl>
<Point>
<coordinates>139.437323,36.209662,-0.001000</coordinates>
</Point>
<ExtendedData>
	<Data name="IconNumber">
		<value>901001</value>
	</Data>
</ExtendedData>
</Placemark>
<Placemark>
<name>KG0179</name>
<TimeStamp><when>2026-09-23T21:36:27Z</when></TimeStamp>
<styleUrl>#route</styleUrl>
<Point>
<coordinates>139.437066,36.209070,-0.001000</coordinates>
</Point>
<ExtendedData>
	<Data name="IconNumber">
		<value>901001</value>
	</Data>
</ExtendedData>
</Placemark>
<Placemark>
<name>KG0180</name>
<TimeStamp><when>2026-09-23T21:36:37Z</when></TimeStamp>
<styleUrl>#route</styleUrl>
<Point>
<coordinates>139.436765,36.208684,-0.001000</coordinates>
</Point>
<ExtendedData>
	<Data name="IconNumber">
		<value>901001</value>
	</Data>
</ExtendedData>
</Placemark>
<Placemark>
<name>KG0181</name>
<TimeStamp><when>2026-09-23T21:36:47Z</when></TimeStamp>
<styleUrl>#route</styleUrl>
<Point>
<coordinates>139.435971,36.207817,-0.001000</coordinates>
</Point>
<ExtendedData>
	<Data name="IconNumber">
		<value>901001</value>
	</Data>
</ExtendedData>
</Placemark>
<Placemark>
<name>KG0182</name>
<TimeStamp><when>2026-09-23T21:36:57Z</when></TimeStamp>
<styleUrl>#route</styleUrl>
<Point>
<coordinates>139.435719,36.207538,-0.001000</coordinates>
</Point>
<ExtendedData>
	<Data name="IconNumber">
		<value>901001</value>
	</Data>
</ExtendedData>
</Placemark>
<Placemark>
<name>KG0183</name>
<TimeStamp><when>2026-09-23T21:37:07Z</when></TimeStamp>
<styleUrl>#route</styleUrl>
<Point>
<coordinates>139.435650,36.207568,-0.001000</coordinates>
</Point>
<ExtendedData>
	<Data name="IconNumber">
		<value>901001</value>
	</Data>
</ExtendedData>
</Placemark>
<Placemark>
<name>KG0184</name>
<TimeStamp><when>2026-09-23T21:37:17Z</when></TimeStamp>
<styleUrl>#route</styleUrl>
<Point>
<coordinates>139.435312,36.207014,-0.001000</coordinates>
</Point>
<ExtendedData>
	<Data name="IconNumber">
		<value>901001</value>
	</Data>
</ExtendedData>
</Placemark>
</Folder>
<Placemark>
<name>Path</name>
<Style>
<LineStyle>
 <color>ff0000ff</color>
 <width>2</width>
</LineStyle>
</Style>
<LineString>
<tessellate>1</tessellate>
<coordinates>
139.449713,36.318599,-0.001000
139.449774,36.318495,-0.001000
139.449865,36.318418,-0.001000
139.450445,36.318075,-0.001000
139.450917,36.317877,-0.001000
139.451045,36.317792,-0.001000
139.451196,36.317363,-0.001000
139.451260,36.317225,-0.001000
139.451485,36.316856,-0.001000
139.452258,36.316255,-0.001000
139.452451,36.316015,-0.001000
139.452547,36.315852,-0.001000
139.452859,36.315028,-0.001000
139.452944,36.314796,-0.001000
139.452955,36.314633,-0.001000
139.452912,36.314427,-0.001000
139.452676,36.313414,-0.001000
139.452558,36.313294,-0.001000
139.452483,36.313088,-0.001000
139.452451,36.312916,-0.001000
139.452483,36.312710,-0.001000
139.452816,36.311303,-0.001000
139.453191,36.310359,-0.001000
139.453245,36.309981,-0.001000
139.453395,36.308591,-0.001000
139.453406,36.308316,-0.001000
139.453395,36.308101,-0.001000
139.453331,36.307595,-0.001000
139.452998,36.306857,-0.001000
139.452633,36.306136,-0.001000
139.452215,36.304754,-0.001000
139.452161,36.304565,-0.001000
139.452118,36.304290,-0.001000
139.452129,36.303956,-0.001000
139.452118,36.301724,-0.001000
139.452129,36.301518,-0.001000
139.452129,36.301261,-0.001000
139.452032,36.300797,-0.001000
139.451957,36.300256,-0.001000
139.451925,36.299819,-0.001000
139.451925,36.299338,-0.001000
139.451957,36.299081,-0.001000
139.452086,36.298420,-0.001000
139.452258,36.297501,-0.001000
139.452397,36.296557,-0.001000
139.452526,36.295562,-0.001000
139.452494,36.295201,-0.001000
139.452129,36.293072,-0.001000
139.452097,36.292815,-0.001000
139.451829,36.292163,-0.001000
139.451829,36.291957,-0.001000
139.452172,36.291579,-0.001000
139.452301,36.291407,-0.001000
139.452376,36.291253,-0.001000
139.452397,36.290729,-0.001000
139.452462,36.290532,-0.001000
139.452633,36.290274,-0.001000
139.452826,36.289983,-0.001000
139.453052,36.289691,-0.001000
139.453492,36.289304,-0.001000
139.454414,36.288592,-0.001000
139.454597,36.288420,-0.001000
139.456936,36.286566,-0.001000
139.457440,36.286189,-0.001000
139.457783,36.285888,-0.001000
139.457912,36.285760,-0.001000
139.457998,36.285639,-0.001000
139.458062,36.285468,-0.001000
139.458084,36.285296,-0.001000
139.457987,36.284678,-0.001000
139.457805,36.283374,-0.001000
139.457708,36.282756,-0.001000
139.457440,36.280842,-0.001000
139.457279,36.279717,-0.001000
139.457204,36.279528,-0.001000
139.457086,36.279357,-0.001000
139.456936,36.279168,-0.001000
139.455058,36.277031,-0.001000
139.454929,36.276833,-0.001000
139.454790,36.276370,-0.001000
139.454768,36.276129,-0.001000
139.454779,36.276001,-0.001000
139.454908,36.275469,-0.001000
139.455037,36.274670,-0.001000
139.455230,36.273812,-0.001000
139.455208,36.273597,-0.001000
139.455069,36.272765,-0.001000
139.455047,36.272310,-0.001000
139.454994,36.271958,-0.001000
139.454940,36.271804,-0.001000
139.454704,36.271752,-0.001000
139.453878,36.271640,-0.001000
139.453652,36.271563,-0.001000
139.453320,36.271374,-0.001000
139.453127,36.271229,-0.001000
139.452998,36.271031,-0.001000
139.452590,36.269778,-0.001000
139.452440,36.269211,-0.001000
139.452360,36.268933,-0.001000
139.452301,36.268731,-0.001000
139.451517,36.266834,-0.001000
139.450380,36.264044,-0.001000
139.449522,36.261847,-0.001000
139.449436,36.261564,-0.001000
139.449340,36.261118,-0.001000
139.449297,36.260937,-0.001000
139.449211,36.260783,-0.001000
139.449146,36.260611,-0.001000
139.449168,36.259410,-0.001000
139.449221,36.258946,-0.001000
139.449232,36.258714,-0.001000
139.449221,36.258568,-0.001000
139.449168,36.258337,-0.001000
139.449082,36.258156,-0.001000
139.448910,36.257882,-0.001000
139.448792,36.257762,-0.001000
139.448503,36.257521,-0.001000
139.447601,36.256852,-0.001000
139.447451,36.256715,-0.001000
139.447301,36.256448,-0.001000
139.447194,36.256268,-0.001000
139.446893,36.256028,-0.001000
139.446539,36.255822,-0.001000
139.446089,36.255539,-0.001000
139.445906,36.255393,-0.001000
139.445735,36.255127,-0.001000
139.445488,36.254586,-0.001000
139.445069,36.253642,-0.001000
139.444254,36.251874,-0.001000
139.443845,36.250971,-0.001000
139.443396,36.250054,-0.001000
139.442838,36.248861,-0.001000
139.442773,36.248646,-0.001000
139.442763,36.248415,-0.001000
139.442784,36.247668,-0.001000
139.442913,36.245067,-0.001000
139.442945,36.244209,-0.001000
139.443052,36.241943,-0.001000
139.443063,36.241325,-0.001000
139.442967,36.240870,-0.001000
139.442806,36.240081,-0.001000
139.442430,36.238312,-0.001000
139.442216,36.237411,-0.001000
139.441540,36.234819,-0.001000
139.441229,36.233712,-0.001000
139.441239,36.233300,-0.001000
139.441486,36.232167,-0.001000
139.441915,36.231163,-0.001000
139.442055,36.230691,-0.001000
139.442226,36.229566,-0.001000
139.442280,36.229129,-0.001000
139.442280,36.228888,-0.001000
139.442237,36.228682,-0.001000
139.442119,36.228287,-0.001000
139.441400,36.226485,-0.001000
139.440628,36.224494,-0.001000
139.440574,36.224331,-0.001000
139.439834,36.220528,-0.001000
139.439608,36.219447,-0.001000
139.439566,36.219155,-0.001000
139.439555,36.218932,-0.001000
139.439587,36.218417,-0.001000
139.439641,36.217971,-0.001000
139.439726,36.217662,-0.001000
139.440274,36.216220,-0.001000
139.440349,36.215979,-0.001000
139.440413,36.215722,-0.001000
139.440435,36.215018,-0.001000
139.440370,36.214529,-0.001000
139.440241,36.213928,-0.001000
139.440145,36.213585,-0.001000
139.440048,36.213353,-0.001000
139.439898,36.213147,-0.001000
139.438815,36.211799,-0.001000
139.438182,36.211190,-0.001000
139.438031,36.211018,-0.001000
139.437731,36.210520,-0.001000
139.437323,36.209662,-0.001000
139.437066,36.209070,-0.001000
139.436765,36.208684,-0.001000
139.435971,36.207817,-0.001000
139.435719,36.207538,-0.001000
139.435650,36.207568,-0.001000
139.435312,36.207014,-0.001000
</coordinates>
</LineString>
</Placemark>
</Folder>
<Folder>
<name>日本坂トンネル左ルート</name>
<Folder>
<name>Points</name>
<Placemark>
<name>KF0001</name>
<TimeStamp><when>2026-09-23T20:51:02Z</when></TimeStamp>
<styleUrl>#route</styleUrl>
<Point>
<coordinates>138.332750,34.896041,-0.001000</coordinates>
</Point>
<ExtendedData>
	<Data name="IconNumber">
		<value>901001</value>
	</Data>
</ExtendedData>
</Placemark>
<Placemark>
<name>KF0002</name>
<TimeStamp><when>2026-09-23T20:51:12Z</when></TimeStamp>
<styleUrl>#route</styleUrl>
<Point>
<coordinates>138.332841,34.896217,-0.001000</coordinates>
</Point>
<ExtendedData>
	<Data name="IconNumber">
		<value>901001</value>
	</Data>
</ExtendedData>
</Placemark>
<Placemark>
<name>KF0003</name>
<TimeStamp><when>2026-09-23T20:51:22Z</when></TimeStamp>
<styleUrl>#route</styleUrl>
<Point>
<coordinates>138.333667,34.897088,-0.001000</coordinates>
</Point>
<ExtendedData>
	<Data name="IconNumber">
		<value>901001</value>
	</Data>
</ExtendedData>
</Placemark>
<Placemark>
<name>KF0004</name>
<TimeStamp><when>2026-09-23T20:51:32Z</when></TimeStamp>
<styleUrl>#route</styleUrl>
<Point>
<coordinates>138.334021,34.897483,-0.001000</coordinates>
</Point>
<ExtendedData>
	<Data name="IconNumber">
		<value>901001</value>
	</Data>
</ExtendedData>
</Placemark>
<Placemark>
<name>KF0005</name>
<TimeStamp><when>2026-09-23T20:51:42Z</when></TimeStamp>
<styleUrl>#route</styleUrl>
<Point>
<coordinates>138.334654,34.898264,-0.001000</coordinates>
</Point>
<ExtendedData>
	<Data name="IconNumber">
		<value>901001</value>
	</Data>
</ExtendedData>
</Placemark>
<Placemark>
<name>KF0006</name>
<TimeStamp><when>2026-09-23T20:51:52Z</when></TimeStamp>
<styleUrl>#route</styleUrl>
<Point>
<coordinates>138.335233,34.899020,-0.001000</coordinates>
</Point>
<ExtendedData>
	<Data name="IconNumber">
		<value>901001</value>
	</Data>
</ExtendedData>
</Placemark>
<Placemark>
<name>KF0007</name>
<TimeStamp><when>2026-09-23T20:52:02Z</when></TimeStamp>
<styleUrl>#route</styleUrl>
<Point>
<coordinates>138.335942,34.900110,-0.001000</coordinates>
</Point>
<ExtendedData>
	<Data name="IconNumber">
		<value>901001</value>
	</Data>
</ExtendedData>
</Placemark>
<Placemark>
<name>KF0008</name>
<TimeStamp><when>2026-09-23T20:52:12Z</when></TimeStamp>
<styleUrl>#route</styleUrl>
<Point>
<coordinates>138.336457,34.900934,-0.001000</coordinates>
</Point>
<ExtendedData>
	<Data name="IconNumber">
		<value>901001</value>
	</Data>
</ExtendedData>
</Placemark>
<Placemark>
<name>KF0009</name>
<TimeStamp><when>2026-09-23T20:52:22Z</when></TimeStamp>
<styleUrl>#route</styleUrl>
<Point>
<coordinates>138.336982,34.901758,-0.001000</coordinates>
</Point>
<ExtendedData>
	<Data name="IconNumber">
		<value>901001</value>
	</Data>
</ExtendedData>
</Placemark>
<Placemark>
<name>KF0010</name>
<TimeStamp><when>2026-09-23T20:52:32Z</when></TimeStamp>
<styleUrl>#route</styleUrl>
<Point>
<coordinates>138.337476,34.902582,-0.001000</coordinates>
</Point>
<ExtendedData>
	<Data name="IconNumber">
		<value>901001</value>
	</Data>
</ExtendedData>
</Placemark>
<Placemark>
<name>KF0011</name>
<TimeStamp><when>2026-09-23T20:52:42Z</when></TimeStamp>
<styleUrl>#route</styleUrl>
<Point>
<coordinates>138.340673,34.909036,-0.001000</coordinates>
</Point>
<ExtendedData>
	<Data name="IconNumber">
		<value>901001</value>
	</Data>
</ExtendedData>
</Placemark>
<Placemark>
<name>KF0012</name>
<TimeStamp><when>2026-09-23T20:52:52Z</when></TimeStamp>
<styleUrl>#route</styleUrl>
<Point>
<coordinates>138.342529,34.912847,-0.001000</coordinates>
</Point>
<ExtendedData>
	<Data name="IconNumber">
		<value>901001</value>
	</Data>
</ExtendedData>
</Placemark>
<Placemark>
<name>KF0013</name>
<TimeStamp><when>2026-09-23T20:53:02Z</when></TimeStamp>
<styleUrl>#route</styleUrl>
<Point>
<coordinates>138.343312,34.914581,-0.001000</coordinates>
</Point>
<ExtendedData>
	<Data name="IconNumber">
		<value>901001</value>
	</Data>
</ExtendedData>
</Placemark>
<Placemark>
<name>KF0014</name>
<TimeStamp><when>2026-09-23T20:53:12Z</when></TimeStamp>
<styleUrl>#route</styleUrl>
<Point>
<coordinates>138.344342,34.916709,-0.001000</coordinates>
</Point>
<ExtendedData>
	<Data name="IconNumber">
		<value>901001</value>
	</Data>
</ExtendedData>
</Placemark>
<Placemark>
<name>KF0015</name>
<TimeStamp><when>2026-09-23T20:53:22Z</when></TimeStamp>
<styleUrl>#route</styleUrl>
<Point>
<coordinates>138.344825,34.917551,-0.001000</coordinates>
</Point>
<ExtendedData>
	<Data name="IconNumber">
		<value>901001</value>
	</Data>
</ExtendedData>
</Placemark>
<Placemark>
<name>KF0016</name>
<TimeStamp><when>2026-09-23T20:53:32Z</when></TimeStamp>
<styleUrl>#route</styleUrl>
<Point>
<coordinates>138.345319,34.918366,-0.001000</coordinates>
</Point>
<ExtendedData>
	<Data name="IconNumber">
		<value>901001</value>
	</Data>
</ExtendedData>
</Placemark>
<Placemark>
<name>KF0017</name>
<TimeStamp><when>2026-09-23T20:53:42Z</when></TimeStamp>
<styleUrl>#route</styleUrl>
<Point>
<coordinates>138.345576,34.918786,-0.001000</coordinates>
</Point>
<ExtendedData>
	<Data name="IconNumber">
		<value>901001</value>
	</Data>
</ExtendedData>
</Placemark>
<Placemark>
<name>KF0018</name>
<TimeStamp><when>2026-09-23T20:53:52Z</when></TimeStamp>
<styleUrl>#route</styleUrl>
<Point>
<coordinates>138.345834,34.919198,-0.001000</coordinates>
</Point>
<ExtendedData>
	<Data name="IconNumber">
		<value>901001</value>
	</Data>
</ExtendedData>
</Placemark>
<Placemark>
<name>KF0019</name>
<TimeStamp><when>2026-09-23T20:54:02Z</when></TimeStamp>
<styleUrl>#route</styleUrl>
<Point>
<coordinates>138.346134,34.919585,-0.001000</coordinates>
</Point>
<ExtendedData>
	<Data name="IconNumber">
		<value>901001</value>
	</Data>
</ExtendedData>
</Placemark>
<Placemark>
<name>KF0020</name>
<TimeStamp><when>2026-09-23T20:54:12Z</when></TimeStamp>
<styleUrl>#route</styleUrl>
<Point>
<coordinates>138.346284,34.919791,-0.001000</coordinates>
</Point>
<ExtendedData>
	<Data name="IconNumber">
		<value>901001</value>
	</Data>
</ExtendedData>
</Placemark>
<Placemark>
<name>KF0021</name>
<TimeStamp><when>2026-09-23T20:54:22Z</when></TimeStamp>
<styleUrl>#route</styleUrl>
<Point>
<coordinates>138.346585,34.920194,-0.001000</coordinates>
</Point>
<ExtendedData>
	<Data name="IconNumber">
		<value>901001</value>
	</Data>
</ExtendedData>
</Placemark>
<Placemark>
<name>KF0022</name>
<TimeStamp><when>2026-09-23T20:54:32Z</when></TimeStamp>
<styleUrl>#route</styleUrl>
<Point>
<coordinates>138.346874,34.920555,-0.001000</coordinates>
</Point>
<ExtendedData>
	<Data name="IconNumber">
		<value>901001</value>
	</Data>
</ExtendedData>
</Placemark>
<Placemark>
<name>KF0023</name>
<TimeStamp><when>2026-09-23T20:54:42Z</when></TimeStamp>
<styleUrl>#route</styleUrl>
<Point>
<coordinates>138.347518,34.921301,-0.001000</coordinates>
</Point>
<ExtendedData>
	<Data name="IconNumber">
		<value>901001</value>
	</Data>
</ExtendedData>
</Placemark>
<Placemark>
<name>KF0024</name>
<TimeStamp><when>2026-09-23T20:54:52Z</when></TimeStamp>
<styleUrl>#route</styleUrl>
<Point>
<coordinates>138.348130,34.921979,-0.001000</coordinates>
</Point>
<ExtendedData>
	<Data name="IconNumber">
		<value>901001</value>
	</Data>
</ExtendedData>
</Placemark>
<Placemark>
<name>KF0025</name>
<TimeStamp><when>2026-09-23T20:55:02Z</when></TimeStamp>
<styleUrl>#route</styleUrl>
<Point>
<coordinates>138.348623,34.922494,-0.001000</coordinates>
</Point>
<ExtendedData>
	<Data name="IconNumber">
		<value>901001</value>
	</Data>
</ExtendedData>
</Placemark>
<Placemark>
<name>KF0026</name>
<TimeStamp><when>2026-09-23T20:55:12Z</when></TimeStamp>
<styleUrl>#route</styleUrl>
<Point>
<coordinates>138.349052,34.922889,-0.001000</coordinates>
</Point>
<ExtendedData>
	<Data name="IconNumber">
		<value>901001</value>
	</Data>
</ExtendedData>
</Placemark>
<Placemark>
<name>KF0027</name>
<TimeStamp><when>2026-09-23T20:55:22Z</when></TimeStamp>
<styleUrl>#route</styleUrl>
<Point>
<coordinates>138.349455,34.923138,-0.001000</coordinates>
</Point>
<ExtendedData>
	<Data name="IconNumber">
		<value>901001</value>
	</Data>
</ExtendedData>
</Placemark>
</Folder>
<Placemark>
<name>Path</name>
<Style>
<LineStyle>
 <color>ff0000ff</color>
 <width>2</width>
</LineStyle>
</Style>
<LineString>
<tessellate>1</tessellate>
<coordinates>
138.332750,34.896041,-0.001000
138.332841,34.896217,-0.001000
138.333667,34.897088,-0.001000
138.334021,34.897483,-0.001000
138.334654,34.898264,-0.001000
138.335233,34.899020,-0.001000
138.335942,34.900110,-0.001000
138.336457,34.900934,-0.001000
138.336982,34.901758,-0.001000
138.337476,34.902582,-0.001000
138.340673,34.909036,-0.001000
138.342529,34.912847,-0.001000
138.343312,34.914581,-0.001000
138.344342,34.916709,-0.001000
138.344825,34.917551,-0.001000
138.345319,34.918366,-0.001000
138.345576,34.918786,-0.001000
138.345834,34.919198,-0.001000
138.346134,34.919585,-0.001000
138.346284,34.919791,-0.001000
138.346585,34.920194,-0.001000
138.346874,34.920555,-0.001000
138.347518,34.921301,-0.001000
138.348130,34.921979,-0.001000
138.348623,34.922494,-0.001000
138.349052,34.922889,-0.001000
138.349455,34.923138,-0.001000
</coordinates>
</LineString>
</Placemark>
</Folder>
<Folder>
<name>太平記館駐車場</name>
<Folder>
<name>Points</name>
<Placemark>
<name>PB0028</name>
<TimeStamp><when>2026-09-23T12:33:30Z</when></TimeStamp>
<styleUrl>#route</styleUrl>
<Point>
<coordinates>139.454411,36.336446,-0.001000</coordinates>
</Point>
<ExtendedData>
	<Data name="IconNumber">
		<value>901001</value>
	</Data>
</ExtendedData>
</Placemark>
<Placemark>
<name>KE0002</name>
<TimeStamp><when>2026-09-23T12:33:40Z</when></TimeStamp>
<styleUrl>#route</styleUrl>
<Point>
<coordinates>139.454531,36.336430,-0.001000</coordinates>
</Point>
<ExtendedData>
	<Data name="IconNumber">
		<value>901001</value>
	</Data>
</ExtendedData>
</Placemark>
<Placemark>
<name>KE0003</name>
<TimeStamp><when>2026-09-23T12:33:50Z</when></TimeStamp>
<styleUrl>#route</styleUrl>
<Point>
<coordinates>139.455378,36.336194,-0.001000</coordinates>
</Point>
<ExtendedData>
	<Data name="IconNumber">
		<value>901001</value>
	</Data>
</ExtendedData>
</Placemark>
<Placemark>
<name>KE0004</name>
<TimeStamp><when>2026-09-23T12:34:00Z</when></TimeStamp>
<styleUrl>#route</styleUrl>
<Point>
<coordinates>139.456108,36.335979,-0.001000</coordinates>
</Point>
<ExtendedData>
	<Data name="IconNumber">
		<value>901001</value>
	</Data>
</ExtendedData>
</Placemark>
<Placemark>
<name>KE0005</name>
<TimeStamp><when>2026-09-23T12:34:10Z</when></TimeStamp>
<styleUrl>#route</styleUrl>
<Point>
<coordinates>139.457079,36.335705,-0.001000</coordinates>
</Point>
<ExtendedData>
	<Data name="IconNumber">
		<value>901001</value>
	</Data>
</ExtendedData>
</Placemark>
<Placemark>
<name>KE0006</name>
<TimeStamp><when>2026-09-23T12:34:20Z</when></TimeStamp>
<styleUrl>#route</styleUrl>
<Point>
<coordinates>139.456794,36.335044,-0.001000</coordinates>
</Point>
<ExtendedData>
	<Data name="IconNumber">
		<value>901001</value>
	</Data>
</ExtendedData>
</Placemark>
<Placemark>
<name>KE0007</name>
<TimeStamp><when>2026-09-23T12:34:30Z</when></TimeStamp>
<styleUrl>#route</styleUrl>
<Point>
<coordinates>139.456666,36.334645,-0.001000</coordinates>
</Point>
<ExtendedData>
	<Data name="IconNumber">
		<value>901001</value>
	</Data>
</ExtendedData>
</Placemark>
<Placemark>
<name>KE0008</name>
<TimeStamp><when>2026-09-23T12:34:40Z</when></TimeStamp>
<styleUrl>#route</styleUrl>
<Point>
<coordinates>139.454928,36.335078,-0.001000</coordinates>
</Point>
<ExtendedData>
	<Data name="IconNumber">
		<value>901001</value>
	</Data>
</ExtendedData>
</Placemark>
<Placemark>
<name>KE0009</name>
<TimeStamp><when>2026-09-23T12:34:50Z</when></TimeStamp>
<styleUrl>#route</styleUrl>
<Point>
<coordinates>139.454134,36.335280,-0.001000</coordinates>
</Point>
<ExtendedData>
	<Data name="IconNumber">
		<value>901001</value>
	</Data>
</ExtendedData>
</Placemark>
<Placemark>
<name>PB0027</name>
<TimeStamp><when>2026-09-23T12:35:00Z</when></TimeStamp>
<styleUrl>#route</styleUrl>
<Point>
<coordinates>139.454035,36.335321,-0.001000</coordinates>
</Point>
<ExtendedData>
	<Data name="IconNumber">
		<value>901001</value>
	</Data>
</ExtendedData>
</Placemark>
<Placemark>
<name>PB0027</name>
<TimeStamp><when>2026-09-23T12:35:10Z</when></TimeStamp>
<styleUrl>#route</styleUrl>
<Point>
<coordinates>139.454035,36.335321,-0.001000</coordinates>
</Point>
<ExtendedData>
	<Data name="IconNumber">
		<value>901001</value>
	</Data>
</ExtendedData>
</Placemark>
</Folder>
<Placemark>
<name>Path</name>
<Style>
<LineStyle>
 <color>ff0000ff</color>
 <width>2</width>
</LineStyle>
</Style>
<LineString>
<tessellate>1</tessellate>
<coordinates>
139.454411,36.336446,-0.001000
139.454531,36.336430,-0.001000
139.455378,36.336194,-0.001000
139.456108,36.335979,-0.001000
139.457079,36.335705,-0.001000
139.456794,36.335044,-0.001000
139.456666,36.334645,-0.001000
139.454928,36.335078,-0.001000
139.454134,36.335280,-0.001000
139.454035,36.335321,-0.001000
139.454035,36.335321,-0.001000
</coordinates>
</LineString>
</Placemark>
</Folder>
<Folder>
<name>渡良瀬橋・借宿</name>
<Folder>
<name>Points</name>
<Placemark>
<name>KD0001</name>
<TimeStamp><when>2026-09-23T12:31:03Z</when></TimeStamp>
<styleUrl>#route</styleUrl>
<Point>
<coordinates>139.447396,36.336035,-0.001000</coordinates>
</Point>
<ExtendedData>
	<Data name="IconNumber">
		<value>901001</value>
	</Data>
</ExtendedData>
</Placemark>
<Placemark>
<name>KD0002</name>
<TimeStamp><when>2026-09-23T12:31:13Z</when></TimeStamp>
<styleUrl>#route</styleUrl>
<Point>
<coordinates>139.447348,36.335954,-0.001000</coordinates>
</Point>
<ExtendedData>
	<Data name="IconNumber">
		<value>901001</value>
	</Data>
</ExtendedData>
</Placemark>
<Placemark>
<name>KD0003</name>
<TimeStamp><when>2026-09-23T12:31:23Z</when></TimeStamp>
<styleUrl>#route</styleUrl>
<Point>
<coordinates>139.446977,36.335177,-0.001000</coordinates>
</Point>
<ExtendedData>
	<Data name="IconNumber">
		<value>901001</value>
	</Data>
</ExtendedData>
</Placemark>
<Placemark>
<name>KD0004</name>
<TimeStamp><when>2026-09-23T12:31:33Z</when></TimeStamp>
<styleUrl>#route</styleUrl>
<Point>
<coordinates>139.446699,36.334653,-0.001000</coordinates>
</Point>
<ExtendedData>
	<Data name="IconNumber">
		<value>901001</value>
	</Data>
</ExtendedData>
</Placemark>
<Placemark>
<name>KD0005</name>
<TimeStamp><when>2026-09-23T12:31:43Z</when></TimeStamp>
<styleUrl>#route</styleUrl>
<Point>
<coordinates>139.446613,36.334499,-0.001000</coordinates>
</Point>
<ExtendedData>
	<Data name="IconNumber">
		<value>901001</value>
	</Data>
</ExtendedData>
</Placemark>
<Placemark>
<name>KD0006</name>
<TimeStamp><when>2026-09-23T12:31:53Z</when></TimeStamp>
<styleUrl>#route</styleUrl>
<Point>
<coordinates>139.446543,36.334396,-0.001000</coordinates>
</Point>
<ExtendedData>
	<Data name="IconNumber">
		<value>901001</value>
	</Data>
</ExtendedData>
</Placemark>
<Placemark>
<name>KD0007</name>
<TimeStamp><when>2026-09-23T12:32:03Z</when></TimeStamp>
<styleUrl>#route</styleUrl>
<Point>
<coordinates>139.446473,36.334327,-0.001000</coordinates>
</Point>
<ExtendedData>
	<Data name="IconNumber">
		<value>901001</value>
	</Data>
</ExtendedData>
</Placemark>
<Placemark>
<name>KD0008</name>
<TimeStamp><when>2026-09-23T12:32:13Z</when></TimeStamp>
<styleUrl>#route</styleUrl>
<Point>
<coordinates>139.445159,36.334568,-0.001000</coordinates>
</Point>
<ExtendedData>
	<Data name="IconNumber">
		<value>901001</value>
	</Data>
</ExtendedData>
</Placemark>
<Placemark>
<name>KD0009</name>
<TimeStamp><when>2026-09-23T12:32:23Z</when></TimeStamp>
<styleUrl>#route</styleUrl>
<Point>
<coordinates>139.444687,36.334653,-0.001000</coordinates>
</Point>
<ExtendedData>
	<Data name="IconNumber">
		<value>901001</value>
	</Data>
</ExtendedData>
</Placemark>
<Placemark>
<name>KD0010</name>
<TimeStamp><when>2026-09-23T12:32:33Z</when></TimeStamp>
<styleUrl>#route</styleUrl>
<Point>
<coordinates>139.444606,36.334542,-0.001000</coordinates>
</Point>
<ExtendedData>
	<Data name="IconNumber">
		<value>901001</value>
	</Data>
</ExtendedData>
</Placemark>
<Placemark>
<name>KD0011</name>
<TimeStamp><when>2026-09-23T12:32:43Z</when></TimeStamp>
<styleUrl>#route</styleUrl>
<Point>
<coordinates>139.443657,36.332482,-0.001000</coordinates>
</Point>
<ExtendedData>
	<Data name="IconNumber">
		<value>901001</value>
	</Data>
</ExtendedData>
</Placemark>
<Placemark>
<name>KD0012</name>
<TimeStamp><when>2026-09-23T12:32:53Z</when></TimeStamp>
<styleUrl>#route</styleUrl>
<Point>
<coordinates>139.443593,36.332400,-0.001000</coordinates>
</Point>
<ExtendedData>
	<Data name="IconNumber">
		<value>901001</value>
	</Data>
</ExtendedData>
</Placemark>
<Placemark>
<name>KD0013</name>
<TimeStamp><when>2026-09-23T12:33:03Z</when></TimeStamp>
<styleUrl>#route</styleUrl>
<Point>
<coordinates>139.443496,36.332164,-0.001000</coordinates>
</Point>
<ExtendedData>
	<Data name="IconNumber">
		<value>901001</value>
	</Data>
</ExtendedData>
</Placemark>
<Placemark>
<name>KD0014</name>
<TimeStamp><when>2026-09-23T12:33:13Z</when></TimeStamp>
<styleUrl>#route</styleUrl>
<Point>
<coordinates>139.443410,36.331928,-0.001000</coordinates>
</Point>
<ExtendedData>
	<Data name="IconNumber">
		<value>901001</value>
	</Data>
</ExtendedData>
</Placemark>
<Placemark>
<name>KD0015</name>
<TimeStamp><when>2026-09-23T12:33:23Z</when></TimeStamp>
<styleUrl>#route</styleUrl>
<Point>
<coordinates>139.443362,36.331834,-0.001000</coordinates>
</Point>
<ExtendedData>
	<Data name="IconNumber">
		<value>901001</value>
	</Data>
</ExtendedData>
</Placemark>
<Placemark>
<name>KD0016</name>
<TimeStamp><when>2026-09-23T12:33:33Z</when></TimeStamp>
<styleUrl>#route</styleUrl>
<Point>
<coordinates>139.443314,36.331761,-0.001000</coordinates>
</Point>
<ExtendedData>
	<Data name="IconNumber">
		<value>901001</value>
	</Data>
</ExtendedData>
</Placemark>
<Placemark>
<name>KD0017</name>
<TimeStamp><when>2026-09-23T12:33:43Z</when></TimeStamp>
<styleUrl>#route</styleUrl>
<Point>
<coordinates>139.443201,36.331709,-0.001000</coordinates>
</Point>
<ExtendedData>
	<Data name="IconNumber">
		<value>901001</value>
	</Data>
</ExtendedData>
</Placemark>
<Placemark>
<name>KD0018</name>
<TimeStamp><when>2026-09-23T12:33:53Z</when></TimeStamp>
<styleUrl>#route</styleUrl>
<Point>
<coordinates>139.443013,36.331645,-0.001000</coordinates>
</Point>
<ExtendedData>
	<Data name="IconNumber">
		<value>901001</value>
	</Data>
</ExtendedData>
</Placemark>
<Placemark>
<name>KD0019</name>
<TimeStamp><when>2026-09-23T12:34:03Z</when></TimeStamp>
<styleUrl>#route</styleUrl>
<Point>
<coordinates>139.442439,36.331546,-0.001000</coordinates>
</Point>
<ExtendedData>
	<Data name="IconNumber">
		<value>901001</value>
	</Data>
</ExtendedData>
</Placemark>
<Placemark>
<name>KD0020</name>
<TimeStamp><when>2026-09-23T12:34:13Z</when></TimeStamp>
<styleUrl>#route</styleUrl>
<Point>
<coordinates>139.442074,36.331478,-0.001000</coordinates>
</Point>
<ExtendedData>
	<Data name="IconNumber">
		<value>901001</value>
	</Data>
</ExtendedData>
</Placemark>
<Placemark>
<name>KD0021</name>
<TimeStamp><when>2026-09-23T12:34:23Z</when></TimeStamp>
<styleUrl>#route</styleUrl>
<Point>
<coordinates>139.441720,36.331409,-0.001000</coordinates>
</Point>
<ExtendedData>
	<Data name="IconNumber">
		<value>901001</value>
	</Data>
</ExtendedData>
</Placemark>
<Placemark>
<name>KD0022</name>
<TimeStamp><when>2026-09-23T12:34:33Z</when></TimeStamp>
<styleUrl>#route</styleUrl>
<Point>
<coordinates>139.441334,36.331289,-0.001000</coordinates>
</Point>
<ExtendedData>
	<Data name="IconNumber">
		<value>901001</value>
	</Data>
</ExtendedData>
</Placemark>
<Placemark>
<name>KD0023</name>
<TimeStamp><when>2026-09-23T12:34:43Z</when></TimeStamp>
<styleUrl>#route</styleUrl>
<Point>
<coordinates>139.440251,36.330920,-0.001000</coordinates>
</Point>
<ExtendedData>
	<Data name="IconNumber">
		<value>901001</value>
	</Data>
</ExtendedData>
</Placemark>
<Placemark>
<name>KD0024</name>
<TimeStamp><when>2026-09-23T12:34:53Z</when></TimeStamp>
<styleUrl>#route</styleUrl>
<Point>
<coordinates>139.439103,36.330491,-0.001000</coordinates>
</Point>
<ExtendedData>
	<Data name="IconNumber">
		<value>901001</value>
	</Data>
</ExtendedData>
</Placemark>
<Placemark>
<name>KC0016</name>
<TimeStamp><when>2026-09-23T12:35:03Z</when></TimeStamp>
<styleUrl>#route</styleUrl>
<Point>
<coordinates>139.438893,36.330422,-0.001000</coordinates>
</Point>
<ExtendedData>
	<Data name="IconNumber">
		<value>901001</value>
	</Data>
</ExtendedData>
</Placemark>
</Folder>
<Placemark>
<name>Path</name>
<Style>
<LineStyle>
 <color>ff0000ff</color>
 <width>2</width>
</LineStyle>
</Style>
<LineString>
<tessellate>1</tessellate>
<coordinates>
139.447396,36.336035,-0.001000
139.447348,36.335954,-0.001000
139.446977,36.335177,-0.001000
139.446699,36.334653,-0.001000
139.446613,36.334499,-0.001000
139.446543,36.334396,-0.001000
139.446473,36.334327,-0.001000
139.445159,36.334568,-0.001000
139.444687,36.334653,-0.001000
139.444606,36.334542,-0.001000
139.443657,36.332482,-0.001000
139.443593,36.332400,-0.001000
139.443496,36.332164,-0.001000
139.443410,36.331928,-0.001000
139.443362,36.331834,-0.001000
139.443314,36.331761,-0.001000
139.443201,36.331709,-0.001000
139.443013,36.331645,-0.001000
139.442439,36.331546,-0.001000
139.442074,36.331478,-0.001000
139.441720,36.331409,-0.001000
139.441334,36.331289,-0.001000
139.440251,36.330920,-0.001000
139.439103,36.330491,-0.001000
139.438893,36.330422,-0.001000
</coordinates>
</LineString>
</Placemark>
</Folder>
<Folder>
<name>野州山辺・借宿</name>
<Folder>
<name>Points</name>
<Placemark>
<name>KC0001</name>
<TimeStamp><when>2026-09-23T12:28:06Z</when></TimeStamp>
<styleUrl>#route</styleUrl>
<Point>
<coordinates>139.435219,36.323547,-0.001000</coordinates>
</Point>
<ExtendedData>
	<Data name="IconNumber">
		<value>901001</value>
	</Data>
</ExtendedData>
</Placemark>
<Placemark>
<name>KC0002</name>
<TimeStamp><when>2026-09-23T12:28:16Z</when></TimeStamp>
<styleUrl>#route</styleUrl>
<Point>
<coordinates>139.435176,36.323410,-0.001000</coordinates>
</Point>
<ExtendedData>
	<Data name="IconNumber">
		<value>901001</value>
	</Data>
</ExtendedData>
</Placemark>
<Placemark>
<name>KC0003</name>
<TimeStamp><when>2026-09-23T12:28:26Z</when></TimeStamp>
<styleUrl>#route</styleUrl>
<Point>
<coordinates>139.435079,36.323032,-0.001000</coordinates>
</Point>
<ExtendedData>
	<Data name="IconNumber">
		<value>901001</value>
	</Data>
</ExtendedData>
</Placemark>
<Placemark>
<name>KC0004</name>
<TimeStamp><when>2026-09-23T12:28:36Z</when></TimeStamp>
<styleUrl>#route</styleUrl>
<Point>
<coordinates>139.434822,36.322148,-0.001000</coordinates>
</Point>
<ExtendedData>
	<Data name="IconNumber">
		<value>901001</value>
	</Data>
</ExtendedData>
</Placemark>
<Placemark>
<name>KC0005</name>
<TimeStamp><when>2026-09-23T12:28:46Z</when></TimeStamp>
<styleUrl>#route</styleUrl>
<Point>
<coordinates>139.434296,36.322457,-0.001000</coordinates>
</Point>
<ExtendedData>
	<Data name="IconNumber">
		<value>901001</value>
	</Data>
</ExtendedData>
</Placemark>
<Placemark>
<name>KC0006</name>
<TimeStamp><when>2026-09-23T12:28:56Z</when></TimeStamp>
<styleUrl>#route</styleUrl>
<Point>
<coordinates>139.434570,36.323414,-0.001000</coordinates>
</Point>
<ExtendedData>
	<Data name="IconNumber">
		<value>901001</value>
	</Data>
</ExtendedData>
</Placemark>
<Placemark>
<name>KC0007</name>
<TimeStamp><when>2026-09-23T12:29:06Z</when></TimeStamp>
<styleUrl>#route</styleUrl>
<Point>
<coordinates>139.434645,36.323701,-0.001000</coordinates>
</Point>
<ExtendedData>
	<Data name="IconNumber">
		<value>901001</value>
	</Data>
</ExtendedData>
</Placemark>
<Placemark>
<name>IN0244</name>
<TimeStamp><when>2026-09-23T12:29:16Z</when></TimeStamp>
<styleUrl>#route</styleUrl>
<Point>
<coordinates>139.434701,36.323868,-0.001000</coordinates>
</Point>
<ExtendedData>
	<Data name="IconNumber">
		<value>901001</value>
	</Data>
</ExtendedData>
</Placemark>
<Placemark>
<name>KC0009</name>
<TimeStamp><when>2026-09-23T12:29:26Z</when></TimeStamp>
<styleUrl>#route</styleUrl>
<Point>
<coordinates>139.434956,36.324289,-0.001000</coordinates>
</Point>
<ExtendedData>
	<Data name="IconNumber">
		<value>901001</value>
	</Data>
</ExtendedData>
</Placemark>
<Placemark>
<name>KC0010</name>
<TimeStamp><when>2026-09-23T12:29:36Z</when></TimeStamp>
<styleUrl>#route</styleUrl>
<Point>
<coordinates>139.435154,36.324594,-0.001000</coordinates>
</Point>
<ExtendedData>
	<Data name="IconNumber">
		<value>901001</value>
	</Data>
</ExtendedData>
</Placemark>
<Placemark>
<name>KC0011</name>
<TimeStamp><when>2026-09-23T12:29:46Z</when></TimeStamp>
<styleUrl>#route</styleUrl>
<Point>
<coordinates>139.435605,36.325315,-0.001000</coordinates>
</Point>
<ExtendedData>
	<Data name="IconNumber">
		<value>901001</value>
	</Data>
</ExtendedData>
</Placemark>
<Placemark>
<name>KC0012</name>
<TimeStamp><when>2026-09-23T12:29:56Z</when></TimeStamp>
<styleUrl>#route</styleUrl>
<Point>
<coordinates>139.438244,36.329263,-0.001000</coordinates>
</Point>
<ExtendedData>
	<Data name="IconNumber">
		<value>901001</value>
	</Data>
</ExtendedData>
</Placemark>
<Placemark>
<name>KC0013</name>
<TimeStamp><when>2026-09-23T12:30:06Z</when></TimeStamp>
<styleUrl>#route</styleUrl>
<Point>
<coordinates>139.438770,36.330036,-0.001000</coordinates>
</Point>
<ExtendedData>
	<Data name="IconNumber">
		<value>901001</value>
	</Data>
</ExtendedData>
</Placemark>
<Placemark>
<name>KC0014</name>
<TimeStamp><when>2026-09-23T12:30:16Z</when></TimeStamp>
<styleUrl>#route</styleUrl>
<Point>
<coordinates>139.438802,36.330147,-0.001000</coordinates>
</Point>
<ExtendedData>
	<Data name="IconNumber">
		<value>901001</value>
	</Data>
</ExtendedData>
</Placemark>
<Placemark>
<name>KC0015</name>
<TimeStamp><when>2026-09-23T12:30:26Z</when></TimeStamp>
<styleUrl>#route</styleUrl>
<Point>
<coordinates>139.438883,36.330280,-0.001000</coordinates>
</Point>
<ExtendedData>
	<Data name="IconNumber">
		<value>901001</value>
	</Data>
</ExtendedData>
</Placemark>
<Placemark>
<name>KC0016</name>
<TimeStamp><when>2026-09-23T12:30:36Z</when></TimeStamp>
<styleUrl>#route</styleUrl>
<Point>
<coordinates>139.438893,36.330422,-0.001000</coordinates>
</Point>
<ExtendedData>
	<Data name="IconNumber">
		<value>901001</value>
	</Data>
</ExtendedData>
</Placemark>
<Placemark>
<name>KC0017</name>
<TimeStamp><when>2026-09-23T12:30:46Z</when></TimeStamp>
<styleUrl>#route</styleUrl>
<Point>
<coordinates>139.438432,36.330272,-0.001000</coordinates>
</Point>
<ExtendedData>
	<Data name="IconNumber">
		<value>901001</value>
	</Data>
</ExtendedData>
</Placemark>
<Placemark>
<name>KC0018</name>
<TimeStamp><when>2026-09-23T12:30:56Z</when></TimeStamp>
<styleUrl>#route</styleUrl>
<Point>
<coordinates>139.438174,36.330220,-0.001000</coordinates>
</Point>
<ExtendedData>
	<Data name="IconNumber">
		<value>901001</value>
	</Data>
</ExtendedData>
</Placemark>
<Placemark>
<name>KC0019</name>
<TimeStamp><when>2026-09-23T12:31:06Z</when></TimeStamp>
<styleUrl>#route</styleUrl>
<Point>
<coordinates>139.437820,36.330199,-0.001000</coordinates>
</Point>
<ExtendedData>
	<Data name="IconNumber">
		<value>901001</value>
	</Data>
</ExtendedData>
</Placemark>
<Placemark>
<name>KC0020</name>
<TimeStamp><when>2026-09-23T12:31:16Z</when></TimeStamp>
<styleUrl>#route</styleUrl>
<Point>
<coordinates>139.437096,36.330190,-0.001000</coordinates>
</Point>
<ExtendedData>
	<Data name="IconNumber">
		<value>901001</value>
	</Data>
</ExtendedData>
</Placemark>
<Placemark>
<name>KC0021</name>
<TimeStamp><when>2026-09-23T12:31:26Z</when></TimeStamp>
<styleUrl>#route</styleUrl>
<Point>
<coordinates>139.435433,36.330190,-0.001000</coordinates>
</Point>
<ExtendedData>
	<Data name="IconNumber">
		<value>901001</value>
	</Data>
</ExtendedData>
</Placemark>
<Placemark>
<name>KC0022</name>
<TimeStamp><when>2026-09-23T12:31:36Z</when></TimeStamp>
<styleUrl>#route</styleUrl>
<Point>
<coordinates>139.435138,36.330220,-0.001000</coordinates>
</Point>
<ExtendedData>
	<Data name="IconNumber">
		<value>901001</value>
	</Data>
</ExtendedData>
</Placemark>
<Placemark>
<name>KC0023</name>
<TimeStamp><when>2026-09-23T12:31:46Z</when></TimeStamp>
<styleUrl>#route</styleUrl>
<Point>
<coordinates>139.434505,36.330220,-0.001000</coordinates>
</Point>
<ExtendedData>
	<Data name="IconNumber">
		<value>901001</value>
	</Data>
</ExtendedData>
</Placemark>
<Placemark>
<name>KC0024</name>
<TimeStamp><when>2026-09-23T12:31:56Z</when></TimeStamp>
<styleUrl>#route</styleUrl>
<Point>
<coordinates>139.433904,36.330117,-0.001000</coordinates>
</Point>
<ExtendedData>
	<Data name="IconNumber">
		<value>901001</value>
	</Data>
</ExtendedData>
</Placemark>
<Placemark>
<name>KC0025</name>
<TimeStamp><when>2026-09-23T12:32:06Z</when></TimeStamp>
<styleUrl>#route</styleUrl>
<Point>
<coordinates>139.432574,36.329722,-0.001000</coordinates>
</Point>
<ExtendedData>
	<Data name="IconNumber">
		<value>901001</value>
	</Data>
</ExtendedData>
</Placemark>
<Placemark>
<name>KC0026</name>
<TimeStamp><when>2026-09-23T12:32:16Z</when></TimeStamp>
<styleUrl>#route</styleUrl>
<Point>
<coordinates>139.431244,36.329328,-0.001000</coordinates>
</Point>
<ExtendedData>
	<Data name="IconNumber">
		<value>901001</value>
	</Data>
</ExtendedData>
</Placemark>
<Placemark>
<name>KC0027</name>
<TimeStamp><when>2026-09-23T12:32:26Z</when></TimeStamp>
<styleUrl>#route</styleUrl>
<Point>
<coordinates>139.430933,36.329165,-0.001000</coordinates>
</Point>
<ExtendedData>
	<Data name="IconNumber">
		<value>901001</value>
	</Data>
</ExtendedData>
</Placemark>
<Placemark>
<name>KC0028</name>
<TimeStamp><when>2026-09-23T12:32:36Z</when></TimeStamp>
<styleUrl>#route</styleUrl>
<Point>
<coordinates>139.430235,36.328744,-0.001000</coordinates>
</Point>
<ExtendedData>
	<Data name="IconNumber">
		<value>901001</value>
	</Data>
</ExtendedData>
</Placemark>
<Placemark>
<name>IR0002</name>
<TimeStamp><when>2026-09-23T12:32:46Z</when></TimeStamp>
<styleUrl>#route</styleUrl>
<Point>
<coordinates>139.428401,36.327650,-0.001000</coordinates>
</Point>
<ExtendedData>
	<Data name="IconNumber">
		<value>901001</value>
	</Data>
</ExtendedData>
</Placemark>
</Folder>
<Placemark>
<name>Path</name>
<Style>
<LineStyle>
 <color>ff0000ff</color>
 <width>2</width>
</LineStyle>
</Style>
<LineString>
<tessellate>1</tessellate>
<coordinates>
139.435219,36.323547,-0.001000
139.435176,36.323410,-0.001000
139.435079,36.323032,-0.001000
139.434822,36.322148,-0.001000
139.434296,36.322457,-0.001000
139.434570,36.323414,-0.001000
139.434645,36.323701,-0.001000
139.434701,36.323868,-0.001000
139.434956,36.324289,-0.001000
139.435154,36.324594,-0.001000
139.435605,36.325315,-0.001000
139.438244,36.329263,-0.001000
139.438770,36.330036,-0.001000
139.438802,36.330147,-0.001000
139.438883,36.330280,-0.001000
139.438893,36.330422,-0.001000
139.438432,36.330272,-0.001000
139.438174,36.330220,-0.001000
139.437820,36.330199,-0.001000
139.437096,36.330190,-0.001000
139.435433,36.330190,-0.001000
139.435138,36.330220,-0.001000
139.434505,36.330220,-0.001000
139.433904,36.330117,-0.001000
139.432574,36.329722,-0.001000
139.431244,36.329328,-0.001000
139.430933,36.329165,-0.001000
139.430235,36.328744,-0.001000
139.428401,36.327650,-0.001000
</coordinates>
</LineString>
</Placemark>
</Folder>
<Folder>
<name>足利福富・朝倉</name>
<Folder>
<name>Points</name>
<Placemark>
<name>IQ0243</name>
<TimeStamp><when>2026-09-23T12:24:17Z</when></TimeStamp>
<styleUrl>#route</styleUrl>
<Point>
<coordinates>139.482522,36.310179,-0.001000</coordinates>
</Point>
<ExtendedData>
	<Data name="IconNumber">
		<value>901001</value>
	</Data>
</ExtendedData>
</Placemark>
<Placemark>
<name>KB0002</name>
<TimeStamp><when>2026-09-23T12:24:27Z</when></TimeStamp>
<styleUrl>#route</styleUrl>
<Point>
<coordinates>139.482232,36.309685,-0.001000</coordinates>
</Point>
<ExtendedData>
	<Data name="IconNumber">
		<value>901001</value>
	</Data>
</ExtendedData>
</Placemark>
<Placemark>
<name>KB0003</name>
<TimeStamp><when>2026-09-23T12:24:37Z</when></TimeStamp>
<styleUrl>#route</styleUrl>
<Point>
<coordinates>139.482023,36.309329,-0.001000</coordinates>
</Point>
<ExtendedData>
	<Data name="IconNumber">
		<value>901001</value>
	</Data>
</ExtendedData>
</Placemark>
<Placemark>
<name>KB0004</name>
<TimeStamp><when>2026-09-23T12:24:47Z</when></TimeStamp>
<styleUrl>#route</styleUrl>
<Point>
<coordinates>139.481750,36.308900,-0.001000</coordinates>
</Point>
<ExtendedData>
	<Data name="IconNumber">
		<value>901001</value>
	</Data>
</ExtendedData>
</Placemark>
<Placemark>
<name>KB0005</name>
<TimeStamp><when>2026-09-23T12:24:57Z</when></TimeStamp>
<styleUrl>#route</styleUrl>
<Point>
<coordinates>139.481321,36.308136,-0.001000</coordinates>
</Point>
<ExtendedData>
	<Data name="IconNumber">
		<value>901001</value>
	</Data>
</ExtendedData>
</Placemark>
<Placemark>
<name>KB0006</name>
<TimeStamp><when>2026-09-23T12:25:07Z</when></TimeStamp>
<styleUrl>#route</styleUrl>
<Point>
<coordinates>139.480698,36.308368,-0.001000</coordinates>
</Point>
<ExtendedData>
	<Data name="IconNumber">
		<value>901001</value>
	</Data>
</ExtendedData>
</Placemark>
<Placemark>
<name>KB0007</name>
<TimeStamp><when>2026-09-23T12:25:17Z</when></TimeStamp>
<styleUrl>#route</styleUrl>
<Point>
<coordinates>139.474272,36.310539,-0.001000</coordinates>
</Point>
<ExtendedData>
	<Data name="IconNumber">
		<value>901001</value>
	</Data>
</ExtendedData>
</Placemark>
<Placemark>
<name>KB0008</name>
<TimeStamp><when>2026-09-23T12:25:27Z</when></TimeStamp>
<styleUrl>#route</styleUrl>
<Point>
<coordinates>139.468607,36.312479,-0.001000</coordinates>
</Point>
<ExtendedData>
	<Data name="IconNumber">
		<value>901001</value>
	</Data>
</ExtendedData>
</Placemark>
<Placemark>
<name>KB0009</name>
<TimeStamp><when>2026-09-23T12:25:37Z</when></TimeStamp>
<styleUrl>#route</styleUrl>
<Point>
<coordinates>139.462996,36.314402,-0.001000</coordinates>
</Point>
<ExtendedData>
	<Data name="IconNumber">
		<value>901001</value>
	</Data>
</ExtendedData>
</Placemark>
<Placemark>
<name>KB0010</name>
<TimeStamp><when>2026-09-23T12:25:47Z</when></TimeStamp>
<styleUrl>#route</styleUrl>
<Point>
<coordinates>139.459026,36.315749,-0.001000</coordinates>
</Point>
<ExtendedData>
	<Data name="IconNumber">
		<value>901001</value>
	</Data>
</ExtendedData>
</Placemark>
<Placemark>
<name>KB0011</name>
<TimeStamp><when>2026-09-23T12:25:57Z</when></TimeStamp>
<styleUrl>#route</styleUrl>
<Point>
<coordinates>139.457857,36.316153,-0.001000</coordinates>
</Point>
<ExtendedData>
	<Data name="IconNumber">
		<value>901001</value>
	</Data>
</ExtendedData>
</Placemark>
<Placemark>
<name>KB0012</name>
<TimeStamp><when>2026-09-23T12:26:07Z</when></TimeStamp>
<styleUrl>#route</styleUrl>
<Point>
<coordinates>139.456226,36.316719,-0.001000</coordinates>
</Point>
<ExtendedData>
	<Data name="IconNumber">
		<value>901001</value>
	</Data>
</ExtendedData>
</Placemark>
<Placemark>
<name>KB0013</name>
<TimeStamp><when>2026-09-23T12:26:17Z</when></TimeStamp>
<styleUrl>#route</styleUrl>
<Point>
<coordinates>139.453962,36.317474,-0.001000</coordinates>
</Point>
<ExtendedData>
	<Data name="IconNumber">
		<value>901001</value>
	</Data>
</ExtendedData>
</Placemark>
<Placemark>
<name>KB0014</name>
<TimeStamp><when>2026-09-23T12:26:27Z</when></TimeStamp>
<styleUrl>#route</styleUrl>
<Point>
<coordinates>139.453436,36.317629,-0.001000</coordinates>
</Point>
<ExtendedData>
	<Data name="IconNumber">
		<value>901001</value>
	</Data>
</ExtendedData>
</Placemark>
<Placemark>
<name>KB0015</name>
<TimeStamp><when>2026-09-23T12:26:37Z</when></TimeStamp>
<styleUrl>#route</styleUrl>
<Point>
<coordinates>139.452953,36.317758,-0.001000</coordinates>
</Point>
<ExtendedData>
	<Data name="IconNumber">
		<value>901001</value>
	</Data>
</ExtendedData>
</Placemark>
<Placemark>
<name>KB0016</name>
<TimeStamp><when>2026-09-23T12:26:47Z</when></TimeStamp>
<styleUrl>#route</styleUrl>
<Point>
<coordinates>139.451795,36.318067,-0.001000</coordinates>
</Point>
<ExtendedData>
	<Data name="IconNumber">
		<value>901001</value>
	</Data>
</ExtendedData>
</Placemark>
<Placemark>
<name>KB0017</name>
<TimeStamp><when>2026-09-23T12:26:57Z</when></TimeStamp>
<styleUrl>#route</styleUrl>
<Point>
<coordinates>139.449713,36.318599,-0.001000</coordinates>
</Point>
<ExtendedData>
	<Data name="IconNumber">
		<value>901001</value>
	</Data>
</ExtendedData>
</Placemark>
<Placemark>
<name>KB0018</name>
<TimeStamp><when>2026-09-23T12:27:07Z</when></TimeStamp>
<styleUrl>#route</styleUrl>
<Point>
<coordinates>139.449080,36.318779,-0.001000</coordinates>
</Point>
<ExtendedData>
	<Data name="IconNumber">
		<value>901001</value>
	</Data>
</ExtendedData>
</Placemark>
<Placemark>
<name>KB0019</name>
<TimeStamp><when>2026-09-23T12:27:17Z</when></TimeStamp>
<styleUrl>#route</styleUrl>
<Point>
<coordinates>139.448565,36.318899,-0.001000</coordinates>
</Point>
<ExtendedData>
	<Data name="IconNumber">
		<value>901001</value>
	</Data>
</ExtendedData>
</Placemark>
<Placemark>
<name>KB0020</name>
<TimeStamp><when>2026-09-23T12:27:27Z</when></TimeStamp>
<styleUrl>#route</styleUrl>
<Point>
<coordinates>139.448233,36.318985,-0.001000</coordinates>
</Point>
<ExtendedData>
	<Data name="IconNumber">
		<value>901001</value>
	</Data>
</ExtendedData>
</Placemark>
<Placemark>
<name>KB0021</name>
<TimeStamp><when>2026-09-23T12:27:37Z</when></TimeStamp>
<styleUrl>#route</styleUrl>
<Point>
<coordinates>139.447729,36.319131,-0.001000</coordinates>
</Point>
<ExtendedData>
	<Data name="IconNumber">
		<value>901001</value>
	</Data>
</ExtendedData>
</Placemark>
<Placemark>
<name>PB0012</name>
<TimeStamp><when>2026-09-23T12:27:47Z</when></TimeStamp>
<styleUrl>#route</styleUrl>
<Point>
<coordinates>139.447534,36.319211,-0.001000</coordinates>
</Point>
<ExtendedData>
	<Data name="IconNumber">
		<value>901001</value>
	</Data>
</ExtendedData>
</Placemark>
<Placemark>
<name>PB0012</name>
<TimeStamp><when>2026-09-23T12:27:57Z</when></TimeStamp>
<styleUrl>#route</styleUrl>
<Point>
<coordinates>139.447534,36.319211,-0.001000</coordinates>
</Point>
<ExtendedData>
	<Data name="IconNumber">
		<value>901001</value>
	</Data>
</ExtendedData>
</Placemark>
</Folder>
<Placemark>
<name>Path</name>
<Style>
<LineStyle>
 <color>ff0000ff</color>
 <width>2</width>
</LineStyle>
</Style>
<LineString>
<tessellate>1</tessellate>
<coordinates>
139.482522,36.310179,-0.001000
139.482232,36.309685,-0.001000
139.482023,36.309329,-0.001000
139.481750,36.308900,-0.001000
139.481321,36.308136,-0.001000
139.480698,36.308368,-0.001000
139.474272,36.310539,-0.001000
139.468607,36.312479,-0.001000
139.462996,36.314402,-0.001000
139.459026,36.315749,-0.001000
139.457857,36.316153,-0.001000
139.456226,36.316719,-0.001000
139.453962,36.317474,-0.001000
139.453436,36.317629,-0.001000
139.452953,36.317758,-0.001000
139.451795,36.318067,-0.001000
139.449713,36.318599,-0.001000
139.449080,36.318779,-0.001000
139.448565,36.318899,-0.001000
139.448233,36.318985,-0.001000
139.447729,36.319131,-0.001000
139.447534,36.319211,-0.001000
139.447534,36.319211,-0.001000
</coordinates>
</LineString>
</Placemark>
</Folder>
<Folder>
<name>鹿島橋・山川アンダー</name>
<Folder>
<name>Points</name>
<Placemark>
<name>IN0163</name>
<TimeStamp><when>2026-09-23T12:20:12Z</when></TimeStamp>
<styleUrl>#route</styleUrl>
<Point>
<coordinates>139.402815,36.338078,-0.001000</coordinates>
</Point>
<ExtendedData>
	<Data name="IconNumber">
		<value>901001</value>
	</Data>
</ExtendedData>
</Placemark>
<Placemark>
<name>KA0002</name>
<TimeStamp><when>2026-09-23T12:20:22Z</when></TimeStamp>
<styleUrl>#route</styleUrl>
<Point>
<coordinates>139.402968,36.338576,-0.001000</coordinates>
</Point>
<ExtendedData>
	<Data name="IconNumber">
		<value>901001</value>
	</Data>
</ExtendedData>
</Placemark>
<Placemark>
<name>KA0003</name>
<TimeStamp><when>2026-09-23T12:20:32Z</when></TimeStamp>
<styleUrl>#route</styleUrl>
<Point>
<coordinates>139.403032,36.338919,-0.001000</coordinates>
</Point>
<ExtendedData>
	<Data name="IconNumber">
		<value>901001</value>
	</Data>
</ExtendedData>
</Placemark>
<Placemark>
<name>KA0004</name>
<TimeStamp><when>2026-09-23T12:20:42Z</when></TimeStamp>
<styleUrl>#route</styleUrl>
<Point>
<coordinates>139.403451,36.340438,-0.001000</coordinates>
</Point>
<ExtendedData>
	<Data name="IconNumber">
		<value>901001</value>
	</Data>
</ExtendedData>
</Placemark>
<Placemark>
<name>KA0005</name>
<TimeStamp><when>2026-09-23T12:20:52Z</when></TimeStamp>
<styleUrl>#route</styleUrl>
<Point>
<coordinates>139.403579,36.340756,-0.001000</coordinates>
</Point>
<ExtendedData>
	<Data name="IconNumber">
		<value>901001</value>
	</Data>
</ExtendedData>
</Placemark>
<Placemark>
<name>KA0006</name>
<TimeStamp><when>2026-09-23T12:21:02Z</when></TimeStamp>
<styleUrl>#route</styleUrl>
<Point>
<coordinates>139.404202,36.341674,-0.001000</coordinates>
</Point>
<ExtendedData>
	<Data name="IconNumber">
		<value>901001</value>
	</Data>
</ExtendedData>
</Placemark>
<Placemark>
<name>KA0007</name>
<TimeStamp><when>2026-09-23T12:21:12Z</when></TimeStamp>
<styleUrl>#route</styleUrl>
<Point>
<coordinates>139.405071,36.342910,-0.001000</coordinates>
</Point>
<ExtendedData>
	<Data name="IconNumber">
		<value>901001</value>
	</Data>
</ExtendedData>
</Placemark>
<Placemark>
<name>KA0008</name>
<TimeStamp><when>2026-09-23T12:21:22Z</when></TimeStamp>
<styleUrl>#route</styleUrl>
<Point>
<coordinates>139.405350,36.343331,-0.001000</coordinates>
</Point>
<ExtendedData>
	<Data name="IconNumber">
		<value>901001</value>
	</Data>
</ExtendedData>
</Placemark>
<Placemark>
<name>KA0009</name>
<TimeStamp><when>2026-09-23T12:21:32Z</when></TimeStamp>
<styleUrl>#route</styleUrl>
<Point>
<coordinates>139.405489,36.343623,-0.001000</coordinates>
</Point>
<ExtendedData>
	<Data name="IconNumber">
		<value>901001</value>
	</Data>
</ExtendedData>
</Placemark>
<Placemark>
<name>KA0010</name>
<TimeStamp><when>2026-09-23T12:21:42Z</when></TimeStamp>
<styleUrl>#route</styleUrl>
<Point>
<coordinates>139.405607,36.343949,-0.001000</coordinates>
</Point>
<ExtendedData>
	<Data name="IconNumber">
		<value>901001</value>
	</Data>
</ExtendedData>
</Placemark>
<Placemark>
<name>KA0011</name>
<TimeStamp><when>2026-09-23T12:21:52Z</when></TimeStamp>
<styleUrl>#route</styleUrl>
<Point>
<coordinates>139.405757,36.344387,-0.001000</coordinates>
</Point>
<ExtendedData>
	<Data name="IconNumber">
		<value>901001</value>
	</Data>
</ExtendedData>
</Placemark>
<Placemark>
<name>KA0012</name>
<TimeStamp><when>2026-09-23T12:22:02Z</when></TimeStamp>
<styleUrl>#route</styleUrl>
<Point>
<coordinates>139.406058,36.345193,-0.001000</coordinates>
</Point>
<ExtendedData>
	<Data name="IconNumber">
		<value>901001</value>
	</Data>
</ExtendedData>
</Placemark>
<Placemark>
<name>KA0013</name>
<TimeStamp><when>2026-09-23T12:22:12Z</when></TimeStamp>
<styleUrl>#route</styleUrl>
<Point>
<coordinates>139.406401,36.345914,-0.001000</coordinates>
</Point>
<ExtendedData>
	<Data name="IconNumber">
		<value>901001</value>
	</Data>
</ExtendedData>
</Placemark>
<Placemark>
<name>KA0014</name>
<TimeStamp><when>2026-09-23T12:22:22Z</when></TimeStamp>
<styleUrl>#route</styleUrl>
<Point>
<coordinates>139.406852,36.346661,-0.001000</coordinates>
</Point>
<ExtendedData>
	<Data name="IconNumber">
		<value>901001</value>
	</Data>
</ExtendedData>
</Placemark>
<Placemark>
<name>KA0015</name>
<TimeStamp><when>2026-09-23T12:22:32Z</when></TimeStamp>
<styleUrl>#route</styleUrl>
<Point>
<coordinates>139.407431,36.347468,-0.001000</coordinates>
</Point>
<ExtendedData>
	<Data name="IconNumber">
		<value>901001</value>
	</Data>
</ExtendedData>
</Placemark>
<Placemark>
<name>KA0016</name>
<TimeStamp><when>2026-09-23T12:22:42Z</when></TimeStamp>
<styleUrl>#route</styleUrl>
<Point>
<coordinates>139.407624,36.347682,-0.001000</coordinates>
</Point>
<ExtendedData>
	<Data name="IconNumber">
		<value>901001</value>
	</Data>
</ExtendedData>
</Placemark>
<Placemark>
<name>KA0017</name>
<TimeStamp><when>2026-09-23T12:22:52Z</when></TimeStamp>
<styleUrl>#route</styleUrl>
<Point>
<coordinates>139.407624,36.347923,-0.001000</coordinates>
</Point>
<ExtendedData>
	<Data name="IconNumber">
		<value>901001</value>
	</Data>
</ExtendedData>
</Placemark>
<Placemark>
<name>KA0018</name>
<TimeStamp><when>2026-09-23T12:23:02Z</when></TimeStamp>
<styleUrl>#route</styleUrl>
<Point>
<coordinates>139.408064,36.348489,-0.001000</coordinates>
</Point>
<ExtendedData>
	<Data name="IconNumber">
		<value>901001</value>
	</Data>
</ExtendedData>
</Placemark>
<Placemark>
<name>KA0019</name>
<TimeStamp><when>2026-09-23T12:23:12Z</when></TimeStamp>
<styleUrl>#route</styleUrl>
<Point>
<coordinates>139.408397,36.348953,-0.001000</coordinates>
</Point>
<ExtendedData>
	<Data name="IconNumber">
		<value>901001</value>
	</Data>
</ExtendedData>
</Placemark>
<Placemark>
<name>KA0020</name>
<TimeStamp><when>2026-09-23T12:23:22Z</when></TimeStamp>
<styleUrl>#route</styleUrl>
<Point>
<coordinates>139.408633,36.348781,-0.001000</coordinates>
</Point>
<ExtendedData>
	<Data name="IconNumber">
		<value>901001</value>
	</Data>
</ExtendedData>
</Placemark>
<Placemark>
<name>KA0021</name>
<TimeStamp><when>2026-09-23T12:23:32Z</when></TimeStamp>
<styleUrl>#route</styleUrl>
<Point>
<coordinates>139.409630,36.348026,-0.001000</coordinates>
</Point>
<ExtendedData>
	<Data name="IconNumber">
		<value>901001</value>
	</Data>
</ExtendedData>
</Placemark>
<Placemark>
<name>KA0022</name>
<TimeStamp><when>2026-09-23T12:23:42Z</when></TimeStamp>
<styleUrl>#route</styleUrl>
<Point>
<coordinates>139.410864,36.347056,-0.001000</coordinates>
</Point>
<ExtendedData>
	<Data name="IconNumber">
		<value>901001</value>
	</Data>
</ExtendedData>
</Placemark>
<Placemark>
<name>KA0023</name>
<TimeStamp><when>2026-09-23T12:23:52Z</when></TimeStamp>
<styleUrl>#route</styleUrl>
<Point>
<coordinates>139.413332,36.345125,-0.001000</coordinates>
</Point>
<ExtendedData>
	<Data name="IconNumber">
		<value>901001</value>
	</Data>
</ExtendedData>
</Placemark>
<Placemark>
<name>KA0024</name>
<TimeStamp><when>2026-09-23T12:24:02Z</when></TimeStamp>
<styleUrl>#route</styleUrl>
<Point>
<coordinates>139.415531,36.343382,-0.001000</coordinates>
</Point>
<ExtendedData>
	<Data name="IconNumber">
		<value>901001</value>
	</Data>
</ExtendedData>
</Placemark>
<Placemark>
<name>KA0025</name>
<TimeStamp><when>2026-09-23T12:24:12Z</when></TimeStamp>
<styleUrl>#route</styleUrl>
<Point>
<coordinates>139.416636,36.342533,-0.001000</coordinates>
</Point>
<ExtendedData>
	<Data name="IconNumber">
		<value>901001</value>
	</Data>
</ExtendedData>
</Placemark>
<Placemark>
<name>KA0026</name>
<TimeStamp><when>2026-09-23T12:24:22Z</when></TimeStamp>
<styleUrl>#route</styleUrl>
<Point>
<coordinates>139.416915,36.342309,-0.001000</coordinates>
</Point>
<ExtendedData>
	<Data name="IconNumber">
		<value>901001</value>
	</Data>
</ExtendedData>
</Placemark>
<Placemark>
<name>KA0027</name>
<TimeStamp><when>2026-09-23T12:24:32Z</when></TimeStamp>
<styleUrl>#route</styleUrl>
<Point>
<coordinates>139.417312,36.342069,-0.001000</coordinates>
</Point>
<ExtendedData>
	<Data name="IconNumber">
		<value>901001</value>
	</Data>
</ExtendedData>
</Placemark>
<Placemark>
<name>KA0028</name>
<TimeStamp><when>2026-09-23T12:24:42Z</when></TimeStamp>
<styleUrl>#route</styleUrl>
<Point>
<coordinates>139.417570,36.341932,-0.001000</coordinates>
</Point>
<ExtendedData>
	<Data name="IconNumber">
		<value>901001</value>
	</Data>
</ExtendedData>
</Placemark>
<Placemark>
<name>KA0029</name>
<TimeStamp><when>2026-09-23T12:24:52Z</when></TimeStamp>
<styleUrl>#route</styleUrl>
<Point>
<coordinates>139.417806,36.341846,-0.001000</coordinates>
</Point>
<ExtendedData>
	<Data name="IconNumber">
		<value>901001</value>
	</Data>
</ExtendedData>
</Placemark>
<Placemark>
<name>KA0030</name>
<TimeStamp><when>2026-09-23T12:25:02Z</when></TimeStamp>
<styleUrl>#route</styleUrl>
<Point>
<coordinates>139.419222,36.341477,-0.001000</coordinates>
</Point>
<ExtendedData>
	<Data name="IconNumber">
		<value>901001</value>
	</Data>
</ExtendedData>
</Placemark>
<Placemark>
<name>KA0031</name>
<TimeStamp><when>2026-09-23T12:25:12Z</when></TimeStamp>
<styleUrl>#route</styleUrl>
<Point>
<coordinates>139.422237,36.340713,-0.001000</coordinates>
</Point>
<ExtendedData>
	<Data name="IconNumber">
		<value>901001</value>
	</Data>
</ExtendedData>
</Placemark>
<Placemark>
<name>KA0032</name>
<TimeStamp><when>2026-09-23T12:25:22Z</when></TimeStamp>
<styleUrl>#route</styleUrl>
<Point>
<coordinates>139.423041,36.340473,-0.001000</coordinates>
</Point>
<ExtendedData>
	<Data name="IconNumber">
		<value>901001</value>
	</Data>
</ExtendedData>
</Placemark>
<Placemark>
<name>KA0033</name>
<TimeStamp><when>2026-09-23T12:25:32Z</when></TimeStamp>
<styleUrl>#route</styleUrl>
<Point>
<coordinates>139.424436,36.340095,-0.001000</coordinates>
</Point>
<ExtendedData>
	<Data name="IconNumber">
		<value>901001</value>
	</Data>
</ExtendedData>
</Placemark>
<Placemark>
<name>KA0034</name>
<TimeStamp><when>2026-09-23T12:25:42Z</when></TimeStamp>
<styleUrl>#route</styleUrl>
<Point>
<coordinates>139.424898,36.340026,-0.001000</coordinates>
</Point>
<ExtendedData>
	<Data name="IconNumber">
		<value>901001</value>
	</Data>
</ExtendedData>
</Placemark>
<Placemark>
<name>KA0035</name>
<TimeStamp><when>2026-09-23T12:25:52Z</when></TimeStamp>
<styleUrl>#route</styleUrl>
<Point>
<coordinates>139.425166,36.340052,-0.001000</coordinates>
</Point>
<ExtendedData>
	<Data name="IconNumber">
		<value>901001</value>
	</Data>
</ExtendedData>
</Placemark>
<Placemark>
<name>KA0036</name>
<TimeStamp><when>2026-09-23T12:26:02Z</when></TimeStamp>
<styleUrl>#route</styleUrl>
<Point>
<coordinates>139.425455,36.340147,-0.001000</coordinates>
</Point>
<ExtendedData>
	<Data name="IconNumber">
		<value>901001</value>
	</Data>
</ExtendedData>
</Placemark>
<Placemark>
<name>KA0037</name>
<TimeStamp><when>2026-09-23T12:26:12Z</when></TimeStamp>
<styleUrl>#route</styleUrl>
<Point>
<coordinates>139.425831,36.340275,-0.001000</coordinates>
</Point>
<ExtendedData>
	<Data name="IconNumber">
		<value>901001</value>
	</Data>
</ExtendedData>
</Placemark>
<Placemark>
<name>KA0038</name>
<TimeStamp><when>2026-09-23T12:26:22Z</when></TimeStamp>
<styleUrl>#route</styleUrl>
<Point>
<coordinates>139.426936,36.340696,-0.001000</coordinates>
</Point>
<ExtendedData>
	<Data name="IconNumber">
		<value>901001</value>
	</Data>
</ExtendedData>
</Placemark>
<Placemark>
<name>KA0039</name>
<TimeStamp><when>2026-09-23T12:26:32Z</when></TimeStamp>
<styleUrl>#route</styleUrl>
<Point>
<coordinates>139.427354,36.340799,-0.001000</coordinates>
</Point>
<ExtendedData>
	<Data name="IconNumber">
		<value>901001</value>
	</Data>
</ExtendedData>
</Placemark>
<Placemark>
<name>KA0040</name>
<TimeStamp><when>2026-09-23T12:26:42Z</when></TimeStamp>
<styleUrl>#route</styleUrl>
<Point>
<coordinates>139.427687,36.340859,-0.001000</coordinates>
</Point>
<ExtendedData>
	<Data name="IconNumber">
		<value>901001</value>
	</Data>
</ExtendedData>
</Placemark>
<Placemark>
<name>KA0041</name>
<TimeStamp><when>2026-09-23T12:26:52Z</when></TimeStamp>
<styleUrl>#route</styleUrl>
<Point>
<coordinates>139.427859,36.340885,-0.001000</coordinates>
</Point>
<ExtendedData>
	<Data name="IconNumber">
		<value>901001</value>
	</Data>
</ExtendedData>
</Placemark>
<Placemark>
<name>KA0042</name>
<TimeStamp><when>2026-09-23T12:27:02Z</when></TimeStamp>
<styleUrl>#route</styleUrl>
<Point>
<coordinates>139.428213,36.340885,-0.001000</coordinates>
</Point>
<ExtendedData>
	<Data name="IconNumber">
		<value>901001</value>
	</Data>
</ExtendedData>
</Placemark>
<Placemark>
<name>KA0043</name>
<TimeStamp><when>2026-09-23T12:27:12Z</when></TimeStamp>
<styleUrl>#route</styleUrl>
<Point>
<coordinates>139.428964,36.340859,-0.001000</coordinates>
</Point>
<ExtendedData>
	<Data name="IconNumber">
		<value>901001</value>
	</Data>
</ExtendedData>
</Placemark>
<Placemark>
<name>KA0044</name>
<TimeStamp><when>2026-09-23T12:27:22Z</when></TimeStamp>
<styleUrl>#route</styleUrl>
<Point>
<coordinates>139.431560,36.340679,-0.001000</coordinates>
</Point>
<ExtendedData>
	<Data name="IconNumber">
		<value>901001</value>
	</Data>
</ExtendedData>
</Placemark>
<Placemark>
<name>KA0045</name>
<TimeStamp><when>2026-09-23T12:27:32Z</when></TimeStamp>
<styleUrl>#route</styleUrl>
<Point>
<coordinates>139.432644,36.340610,-0.001000</coordinates>
</Point>
<ExtendedData>
	<Data name="IconNumber">
		<value>901001</value>
	</Data>
</ExtendedData>
</Placemark>
<Placemark>
<name>KA0046</name>
<TimeStamp><when>2026-09-23T12:27:42Z</when></TimeStamp>
<styleUrl>#route</styleUrl>
<Point>
<coordinates>139.433545,36.340490,-0.001000</coordinates>
</Point>
<ExtendedData>
	<Data name="IconNumber">
		<value>901001</value>
	</Data>
</ExtendedData>
</Placemark>
<Placemark>
<name>KA0047</name>
<TimeStamp><when>2026-09-23T12:27:52Z</when></TimeStamp>
<styleUrl>#route</styleUrl>
<Point>
<coordinates>139.434532,36.340275,-0.001000</coordinates>
</Point>
<ExtendedData>
	<Data name="IconNumber">
		<value>901001</value>
	</Data>
</ExtendedData>
</Placemark>
<Placemark>
<name>KA0048</name>
<TimeStamp><when>2026-09-23T12:28:02Z</when></TimeStamp>
<styleUrl>#route</styleUrl>
<Point>
<coordinates>139.434983,36.340155,-0.001000</coordinates>
</Point>
<ExtendedData>
	<Data name="IconNumber">
		<value>901001</value>
	</Data>
</ExtendedData>
</Placemark>
<Placemark>
<name>KA0049</name>
<TimeStamp><when>2026-09-23T12:28:12Z</when></TimeStamp>
<styleUrl>#route</styleUrl>
<Point>
<coordinates>139.435895,36.339966,-0.001000</coordinates>
</Point>
<ExtendedData>
	<Data name="IconNumber">
		<value>901001</value>
	</Data>
</ExtendedData>
</Placemark>
<Placemark>
<name>KA0050</name>
<TimeStamp><when>2026-09-23T12:28:22Z</when></TimeStamp>
<styleUrl>#route</styleUrl>
<Point>
<coordinates>139.437719,36.339546,-0.001000</coordinates>
</Point>
<ExtendedData>
	<Data name="IconNumber">
		<value>901001</value>
	</Data>
</ExtendedData>
</Placemark>
<Placemark>
<name>KA0051</name>
<TimeStamp><when>2026-09-23T12:28:32Z</when></TimeStamp>
<styleUrl>#route</styleUrl>
<Point>
<coordinates>139.438212,36.339400,-0.001000</coordinates>
</Point>
<ExtendedData>
	<Data name="IconNumber">
		<value>901001</value>
	</Data>
</ExtendedData>
</Placemark>
<Placemark>
<name>KA0052</name>
<TimeStamp><when>2026-09-23T12:28:42Z</when></TimeStamp>
<styleUrl>#route</styleUrl>
<Point>
<coordinates>139.438470,36.339305,-0.001000</coordinates>
</Point>
<ExtendedData>
	<Data name="IconNumber">
		<value>901001</value>
	</Data>
</ExtendedData>
</Placemark>
<Placemark>
<name>KA0053</name>
<TimeStamp><when>2026-09-23T12:28:52Z</when></TimeStamp>
<styleUrl>#route</styleUrl>
<Point>
<coordinates>139.439285,36.339014,-0.001000</coordinates>
</Point>
<ExtendedData>
	<Data name="IconNumber">
		<value>901001</value>
	</Data>
</ExtendedData>
</Placemark>
<Placemark>
<name>KA0054</name>
<TimeStamp><when>2026-09-23T12:29:02Z</when></TimeStamp>
<styleUrl>#route</styleUrl>
<Point>
<coordinates>139.444145,36.337203,-0.001000</coordinates>
</Point>
<ExtendedData>
	<Data name="IconNumber">
		<value>901001</value>
	</Data>
</ExtendedData>
</Placemark>
<Placemark>
<name>KA0055</name>
<TimeStamp><when>2026-09-23T12:29:12Z</when></TimeStamp>
<styleUrl>#route</styleUrl>
<Point>
<coordinates>139.444982,36.336902,-0.001000</coordinates>
</Point>
<ExtendedData>
	<Data name="IconNumber">
		<value>901001</value>
	</Data>
</ExtendedData>
</Placemark>
<Placemark>
<name>KA0056</name>
<TimeStamp><when>2026-09-23T12:29:22Z</when></TimeStamp>
<styleUrl>#route</styleUrl>
<Point>
<coordinates>139.446387,36.336387,-0.001000</coordinates>
</Point>
<ExtendedData>
	<Data name="IconNumber">
		<value>901001</value>
	</Data>
</ExtendedData>
</Placemark>
<Placemark>
<name>KA0057</name>
<TimeStamp><when>2026-09-23T12:29:32Z</when></TimeStamp>
<styleUrl>#route</styleUrl>
<Point>
<coordinates>139.447407,36.336027,-0.001000</coordinates>
</Point>
<ExtendedData>
	<Data name="IconNumber">
		<value>901001</value>
	</Data>
</ExtendedData>
</Placemark>
<Placemark>
<name>KA0058</name>
<TimeStamp><when>2026-09-23T12:29:42Z</when></TimeStamp>
<styleUrl>#route</styleUrl>
<Point>
<coordinates>139.450336,36.334962,-0.001000</coordinates>
</Point>
<ExtendedData>
	<Data name="IconNumber">
		<value>901001</value>
	</Data>
</ExtendedData>
</Placemark>
<Placemark>
<name>PB0025</name>
<TimeStamp><when>2026-09-23T12:29:52Z</when></TimeStamp>
<styleUrl>#route</styleUrl>
<Point>
<coordinates>139.453488,36.333879,-0.001000</coordinates>
</Point>
<ExtendedData>
	<Data name="IconNumber">
		<value>901001</value>
	</Data>
</ExtendedData>
</Placemark>
<Placemark>
<name>KA0060</name>
<TimeStamp><when>2026-09-23T12:30:02Z</when></TimeStamp>
<styleUrl>#route</styleUrl>
<Point>
<coordinates>139.456387,36.332988,-0.001000</coordinates>
</Point>
<ExtendedData>
	<Data name="IconNumber">
		<value>901001</value>
	</Data>
</ExtendedData>
</Placemark>
<Placemark>
<name>KA0061</name>
<TimeStamp><when>2026-09-23T12:30:12Z</when></TimeStamp>
<styleUrl>#route</styleUrl>
<Point>
<coordinates>139.458296,36.332387,-0.001000</coordinates>
</Point>
<ExtendedData>
	<Data name="IconNumber">
		<value>901001</value>
	</Data>
</ExtendedData>
</Placemark>
<Placemark>
<name>KA0062</name>
<TimeStamp><when>2026-09-23T12:30:22Z</when></TimeStamp>
<styleUrl>#route</styleUrl>
<Point>
<coordinates>139.460228,36.331795,-0.001000</coordinates>
</Point>
<ExtendedData>
	<Data name="IconNumber">
		<value>901001</value>
	</Data>
</ExtendedData>
</Placemark>
<Placemark>
<name>KA0063</name>
<TimeStamp><when>2026-09-23T12:30:32Z</when></TimeStamp>
<styleUrl>#route</styleUrl>
<Point>
<coordinates>139.461955,36.331254,-0.001000</coordinates>
</Point>
<ExtendedData>
	<Data name="IconNumber">
		<value>901001</value>
	</Data>
</ExtendedData>
</Placemark>
<Placemark>
<name>KA0064</name>
<TimeStamp><when>2026-09-23T12:30:42Z</when></TimeStamp>
<styleUrl>#route</styleUrl>
<Point>
<coordinates>139.462223,36.331220,-0.001000</coordinates>
</Point>
<ExtendedData>
	<Data name="IconNumber">
		<value>901001</value>
	</Data>
</ExtendedData>
</Placemark>
<Placemark>
<name>KA0065</name>
<TimeStamp><when>2026-09-23T12:30:52Z</when></TimeStamp>
<styleUrl>#route</styleUrl>
<Point>
<coordinates>139.462502,36.331254,-0.001000</coordinates>
</Point>
<ExtendedData>
	<Data name="IconNumber">
		<value>901001</value>
	</Data>
</ExtendedData>
</Placemark>
<Placemark>
<name>KA0066</name>
<TimeStamp><when>2026-09-23T12:31:02Z</when></TimeStamp>
<styleUrl>#route</styleUrl>
<Point>
<coordinates>139.463961,36.331323,-0.001000</coordinates>
</Point>
<ExtendedData>
	<Data name="IconNumber">
		<value>901001</value>
	</Data>
</ExtendedData>
</Placemark>
<Placemark>
<name>KA0067</name>
<TimeStamp><when>2026-09-23T12:31:12Z</when></TimeStamp>
<styleUrl>#route</styleUrl>
<Point>
<coordinates>139.464380,36.331357,-0.001000</coordinates>
</Point>
<ExtendedData>
	<Data name="IconNumber">
		<value>901001</value>
	</Data>
</ExtendedData>
</Placemark>
<Placemark>
<name>KA0068</name>
<TimeStamp><when>2026-09-23T12:31:22Z</when></TimeStamp>
<styleUrl>#route</styleUrl>
<Point>
<coordinates>139.464669,36.331340,-0.001000</coordinates>
</Point>
<ExtendedData>
	<Data name="IconNumber">
		<value>901001</value>
	</Data>
</ExtendedData>
</Placemark>
<Placemark>
<name>KA0069</name>
<TimeStamp><when>2026-09-23T12:31:32Z</when></TimeStamp>
<styleUrl>#route</styleUrl>
<Point>
<coordinates>139.465066,36.331229,-0.001000</coordinates>
</Point>
<ExtendedData>
	<Data name="IconNumber">
		<value>901001</value>
	</Data>
</ExtendedData>
</Placemark>
<Placemark>
<name>KA0070</name>
<TimeStamp><when>2026-09-23T12:31:42Z</when></TimeStamp>
<styleUrl>#route</styleUrl>
<Point>
<coordinates>139.465538,36.331083,-0.001000</coordinates>
</Point>
<ExtendedData>
	<Data name="IconNumber">
		<value>901001</value>
	</Data>
</ExtendedData>
</Placemark>
<Placemark>
<name>KA0071</name>
<TimeStamp><when>2026-09-23T12:31:52Z</when></TimeStamp>
<styleUrl>#route</styleUrl>
<Point>
<coordinates>139.468832,36.330190,-0.001000</coordinates>
</Point>
<ExtendedData>
	<Data name="IconNumber">
		<value>901001</value>
	</Data>
</ExtendedData>
</Placemark>
<Placemark>
<name>KA0072</name>
<TimeStamp><when>2026-09-23T12:32:02Z</when></TimeStamp>
<styleUrl>#route</styleUrl>
<Point>
<coordinates>139.472405,36.329229,-0.001000</coordinates>
</Point>
<ExtendedData>
	<Data name="IconNumber">
		<value>901001</value>
	</Data>
</ExtendedData>
</Placemark>
<Placemark>
<name>KA0073</name>
<TimeStamp><when>2026-09-23T12:32:12Z</when></TimeStamp>
<styleUrl>#route</styleUrl>
<Point>
<coordinates>139.473091,36.329006,-0.001000</coordinates>
</Point>
<ExtendedData>
	<Data name="IconNumber">
		<value>901001</value>
	</Data>
</ExtendedData>
</Placemark>
<Placemark>
<name>KA0074</name>
<TimeStamp><when>2026-09-23T12:32:22Z</when></TimeStamp>
<styleUrl>#route</styleUrl>
<Point>
<coordinates>139.473199,36.328937,-0.001000</coordinates>
</Point>
<ExtendedData>
	<Data name="IconNumber">
		<value>901001</value>
	</Data>
</ExtendedData>
</Placemark>
<Placemark>
<name>KA0075</name>
<TimeStamp><when>2026-09-23T12:32:32Z</when></TimeStamp>
<styleUrl>#route</styleUrl>
<Point>
<coordinates>139.473649,36.328748,-0.001000</coordinates>
</Point>
<ExtendedData>
	<Data name="IconNumber">
		<value>901001</value>
	</Data>
</ExtendedData>
</Placemark>
<Placemark>
<name>KA0076</name>
<TimeStamp><when>2026-09-23T12:32:42Z</when></TimeStamp>
<styleUrl>#route</styleUrl>
<Point>
<coordinates>139.474497,36.328439,-0.001000</coordinates>
</Point>
<ExtendedData>
	<Data name="IconNumber">
		<value>901001</value>
	</Data>
</ExtendedData>
</Placemark>
<Placemark>
<name>KA0077</name>
<TimeStamp><when>2026-09-23T12:32:52Z</when></TimeStamp>
<styleUrl>#route</styleUrl>
<Point>
<coordinates>139.474765,36.328362,-0.001000</coordinates>
</Point>
<ExtendedData>
	<Data name="IconNumber">
		<value>901001</value>
	</Data>
</ExtendedData>
</Placemark>
<Placemark>
<name>KA0078</name>
<TimeStamp><when>2026-09-23T12:33:02Z</when></TimeStamp>
<styleUrl>#route</styleUrl>
<Point>
<coordinates>139.478241,36.327032,-0.001000</coordinates>
</Point>
<ExtendedData>
	<Data name="IconNumber">
		<value>901001</value>
	</Data>
</ExtendedData>
</Placemark>
<Placemark>
<name>KA0079</name>
<TimeStamp><when>2026-09-23T12:33:12Z</when></TimeStamp>
<styleUrl>#route</styleUrl>
<Point>
<coordinates>139.478799,36.326791,-0.001000</coordinates>
</Point>
<ExtendedData>
	<Data name="IconNumber">
		<value>901001</value>
	</Data>
</ExtendedData>
</Placemark>
<Placemark>
<name>KA0080</name>
<TimeStamp><when>2026-09-23T12:33:22Z</when></TimeStamp>
<styleUrl>#route</styleUrl>
<Point>
<coordinates>139.479497,36.326465,-0.001000</coordinates>
</Point>
<ExtendedData>
	<Data name="IconNumber">
		<value>901001</value>
	</Data>
</ExtendedData>
</Placemark>
<Placemark>
<name>KA0081</name>
<TimeStamp><when>2026-09-23T12:33:32Z</when></TimeStamp>
<styleUrl>#route</styleUrl>
<Point>
<coordinates>139.479754,36.326354,-0.001000</coordinates>
</Point>
<ExtendedData>
	<Data name="IconNumber">
		<value>901001</value>
	</Data>
</ExtendedData>
</Placemark>
<Placemark>
<name>KA0082</name>
<TimeStamp><when>2026-09-23T12:33:42Z</when></TimeStamp>
<styleUrl>#route</styleUrl>
<Point>
<coordinates>139.480956,36.325710,-0.001000</coordinates>
</Point>
<ExtendedData>
	<Data name="IconNumber">
		<value>901001</value>
	</Data>
</ExtendedData>
</Placemark>
<Placemark>
<name>KA0083</name>
<TimeStamp><when>2026-09-23T12:33:52Z</when></TimeStamp>
<styleUrl>#route</styleUrl>
<Point>
<coordinates>139.481964,36.325058,-0.001000</coordinates>
</Point>
<ExtendedData>
	<Data name="IconNumber">
		<value>901001</value>
	</Data>
</ExtendedData>
</Placemark>
<Placemark>
<name>KA0084</name>
<TimeStamp><when>2026-09-23T12:34:02Z</when></TimeStamp>
<styleUrl>#route</styleUrl>
<Point>
<coordinates>139.482533,36.324603,-0.001000</coordinates>
</Point>
<ExtendedData>
	<Data name="IconNumber">
		<value>901001</value>
	</Data>
</ExtendedData>
</Placemark>
<Placemark>
<name>KA0085</name>
<TimeStamp><when>2026-09-23T12:34:12Z</when></TimeStamp>
<styleUrl>#route</styleUrl>
<Point>
<coordinates>139.482908,36.324259,-0.001000</coordinates>
</Point>
<ExtendedData>
	<Data name="IconNumber">
		<value>901001</value>
	</Data>
</ExtendedData>
</Placemark>
<Placemark>
<name>KA0086</name>
<TimeStamp><when>2026-09-23T12:34:22Z</when></TimeStamp>
<styleUrl>#route</styleUrl>
<Point>
<coordinates>139.483895,36.323289,-0.001000</coordinates>
</Point>
<ExtendedData>
	<Data name="IconNumber">
		<value>901001</value>
	</Data>
</ExtendedData>
</Placemark>
<Placemark>
<name>KA0087</name>
<TimeStamp><when>2026-09-23T12:34:32Z</when></TimeStamp>
<styleUrl>#route</styleUrl>
<Point>
<coordinates>139.482726,36.321195,-0.001000</coordinates>
</Point>
<ExtendedData>
	<Data name="IconNumber">
		<value>901001</value>
	</Data>
</ExtendedData>
</Placemark>
<Placemark>
<name>IQ0260</name>
<TimeStamp><when>2026-09-23T12:34:42Z</when></TimeStamp>
<styleUrl>#route</styleUrl>
<Point>
<coordinates>139.482560,36.320886,-0.001000</coordinates>
</Point>
<ExtendedData>
	<Data name="IconNumber">
		<value>901001</value>
	</Data>
</ExtendedData>
</Placemark>
</Folder>
<Placemark>
<name>Path</name>
<Style>
<LineStyle>
 <color>ff0000ff</color>
 <width>2</width>
</LineStyle>
</Style>
<LineString>
<tessellate>1</tessellate>
<coordinates>
139.402815,36.338078,-0.001000
139.402968,36.338576,-0.001000
139.403032,36.338919,-0.001000
139.403451,36.340438,-0.001000
139.403579,36.340756,-0.001000
139.404202,36.341674,-0.001000
139.405071,36.342910,-0.001000
139.405350,36.343331,-0.001000
139.405489,36.343623,-0.001000
139.405607,36.343949,-0.001000
139.405757,36.344387,-0.001000
139.406058,36.345193,-0.001000
139.406401,36.345914,-0.001000
139.406852,36.346661,-0.001000
139.407431,36.347468,-0.001000
139.407624,36.347682,-0.001000
139.407624,36.347923,-0.001000
139.408064,36.348489,-0.001000
139.408397,36.348953,-0.001000
139.408633,36.348781,-0.001000
139.409630,36.348026,-0.001000
139.410864,36.347056,-0.001000
139.413332,36.345125,-0.001000
139.415531,36.343382,-0.001000
139.416636,36.342533,-0.001000
139.416915,36.342309,-0.001000
139.417312,36.342069,-0.001000
139.417570,36.341932,-0.001000
139.417806,36.341846,-0.001000
139.419222,36.341477,-0.001000
139.422237,36.340713,-0.001000
139.423041,36.340473,-0.001000
139.424436,36.340095,-0.001000
139.424898,36.340026,-0.001000
139.425166,36.340052,-0.001000
139.425455,36.340147,-0.001000
139.425831,36.340275,-0.001000
139.426936,36.340696,-0.001000
139.427354,36.340799,-0.001000
139.427687,36.340859,-0.001000
139.427859,36.340885,-0.001000
139.428213,36.340885,-0.001000
139.428964,36.340859,-0.001000
139.431560,36.340679,-0.001000
139.432644,36.340610,-0.001000
139.433545,36.340490,-0.001000
139.434532,36.340275,-0.001000
139.434983,36.340155,-0.001000
139.435895,36.339966,-0.001000
139.437719,36.339546,-0.001000
139.438212,36.339400,-0.001000
139.438470,36.339305,-0.001000
139.439285,36.339014,-0.001000
139.444145,36.337203,-0.001000
139.444982,36.336902,-0.001000
139.446387,36.336387,-0.001000
139.447407,36.336027,-0.001000
139.450336,36.334962,-0.001000
139.453488,36.333879,-0.001000
139.456387,36.332988,-0.001000
139.458296,36.332387,-0.001000
139.460228,36.331795,-0.001000
139.461955,36.331254,-0.001000
139.462223,36.331220,-0.001000
139.462502,36.331254,-0.001000
139.463961,36.331323,-0.001000
139.464380,36.331357,-0.001000
139.464669,36.331340,-0.001000
139.465066,36.331229,-0.001000
139.465538,36.331083,-0.001000
139.468832,36.330190,-0.001000
139.472405,36.329229,-0.001000
139.473091,36.329006,-0.001000
139.473199,36.328937,-0.001000
139.473649,36.328748,-0.001000
139.474497,36.328439,-0.001000
139.474765,36.328362,-0.001000
139.478241,36.327032,-0.001000
139.478799,36.326791,-0.001000
139.479497,36.326465,-0.001000
139.479754,36.326354,-0.001000
139.480956,36.325710,-0.001000
139.481964,36.325058,-0.001000
139.482533,36.324603,-0.001000
139.482908,36.324259,-0.001000
139.483895,36.323289,-0.001000
139.482726,36.321195,-0.001000
139.482560,36.320886,-0.001000
</coordinates>
</LineString>
</Placemark>
</Folder>
<Folder>
<name>高崎JCT・太田桐生IC</name>
<Folder>
<name>Points</name>
<Placemark>
<name>JZ0001</name>
<TimeStamp><when>2026-09-23T12:07:38Z</when></TimeStamp>
<styleUrl>#route</styleUrl>
<Point>
<coordinates>139.079472,36.318440,-0.001000</coordinates>
</Point>
<ExtendedData>
	<Data name="IconNumber">
		<value>901001</value>
	</Data>
</ExtendedData>
</Placemark>
<Placemark>
<name>JZ0002</name>
<TimeStamp><when>2026-09-23T12:07:48Z</when></TimeStamp>
<styleUrl>#route</styleUrl>
<Point>
<coordinates>139.078995,36.318633,-0.001000</coordinates>
</Point>
<ExtendedData>
	<Data name="IconNumber">
		<value>901001</value>
	</Data>
</ExtendedData>
</Placemark>
<Placemark>
<name>JZ0003</name>
<TimeStamp><when>2026-09-23T12:07:58Z</when></TimeStamp>
<styleUrl>#route</styleUrl>
<Point>
<coordinates>139.078651,36.318822,-0.001000</coordinates>
</Point>
<ExtendedData>
	<Data name="IconNumber">
		<value>901001</value>
	</Data>
</ExtendedData>
</Placemark>
<Placemark>
<name>JZ0004</name>
<TimeStamp><when>2026-09-23T12:08:08Z</when></TimeStamp>
<styleUrl>#route</styleUrl>
<Point>
<coordinates>139.078201,36.319006,-0.001000</coordinates>
</Point>
<ExtendedData>
	<Data name="IconNumber">
		<value>901001</value>
	</Data>
</ExtendedData>
</Placemark>
<Placemark>
<name>JZ0005</name>
<TimeStamp><when>2026-09-23T12:08:18Z</when></TimeStamp>
<styleUrl>#route</styleUrl>
<Point>
<coordinates>139.077873,36.319114,-0.001000</coordinates>
</Point>
<ExtendedData>
	<Data name="IconNumber">
		<value>901001</value>
	</Data>
</ExtendedData>
</Placemark>
<Placemark>
<name>JZ0006</name>
<TimeStamp><when>2026-09-23T12:08:28Z</when></TimeStamp>
<styleUrl>#route</styleUrl>
<Point>
<coordinates>139.077337,36.319251,-0.001000</coordinates>
</Point>
<ExtendedData>
	<Data name="IconNumber">
		<value>901001</value>
	</Data>
</ExtendedData>
</Placemark>
<Placemark>
<name>JZ0007</name>
<TimeStamp><when>2026-09-23T12:08:38Z</when></TimeStamp>
<styleUrl>#route</styleUrl>
<Point>
<coordinates>139.077004,36.319367,-0.001000</coordinates>
</Point>
<ExtendedData>
	<Data name="IconNumber">
		<value>901001</value>
	</Data>
</ExtendedData>
</Placemark>
<Placemark>
<name>JZ0008</name>
<TimeStamp><when>2026-09-23T12:08:48Z</when></TimeStamp>
<styleUrl>#route</styleUrl>
<Point>
<coordinates>139.076774,36.319487,-0.001000</coordinates>
</Point>
<ExtendedData>
	<Data name="IconNumber">
		<value>901001</value>
	</Data>
</ExtendedData>
</Placemark>
<Placemark>
<name>JZ0009</name>
<TimeStamp><when>2026-09-23T12:08:58Z</when></TimeStamp>
<styleUrl>#route</styleUrl>
<Point>
<coordinates>139.076559,36.319616,-0.001000</coordinates>
</Point>
<ExtendedData>
	<Data name="IconNumber">
		<value>901001</value>
	</Data>
</ExtendedData>
</Placemark>
<Placemark>
<name>JZ0010</name>
<TimeStamp><when>2026-09-23T12:09:08Z</when></TimeStamp>
<styleUrl>#route</styleUrl>
<Point>
<coordinates>139.076361,36.319805,-0.001000</coordinates>
</Point>
<ExtendedData>
	<Data name="IconNumber">
		<value>901001</value>
	</Data>
</ExtendedData>
</Placemark>
<Placemark>
<name>JZ0011</name>
<TimeStamp><when>2026-09-23T12:09:18Z</when></TimeStamp>
<styleUrl>#route</styleUrl>
<Point>
<coordinates>139.076248,36.319938,-0.001000</coordinates>
</Point>
<ExtendedData>
	<Data name="IconNumber">
		<value>901001</value>
	</Data>
</ExtendedData>
</Placemark>
<Placemark>
<name>JZ0012</name>
<TimeStamp><when>2026-09-23T12:09:28Z</when></TimeStamp>
<styleUrl>#route</styleUrl>
<Point>
<coordinates>139.076135,36.320114,-0.001000</coordinates>
</Point>
<ExtendedData>
	<Data name="IconNumber">
		<value>901001</value>
	</Data>
</ExtendedData>
</Placemark>
<Placemark>
<name>JZ0013</name>
<TimeStamp><when>2026-09-23T12:09:38Z</when></TimeStamp>
<styleUrl>#route</styleUrl>
<Point>
<coordinates>139.076098,36.320217,-0.001000</coordinates>
</Point>
<ExtendedData>
	<Data name="IconNumber">
		<value>901001</value>
	</Data>
</ExtendedData>
</Placemark>
<Placemark>
<name>JZ0014</name>
<TimeStamp><when>2026-09-23T12:09:48Z</when></TimeStamp>
<styleUrl>#route</styleUrl>
<Point>
<coordinates>139.076044,36.320414,-0.001000</coordinates>
</Point>
<ExtendedData>
	<Data name="IconNumber">
		<value>901001</value>
	</Data>
</ExtendedData>
</Placemark>
<Placemark>
<name>JZ0015</name>
<TimeStamp><when>2026-09-23T12:09:58Z</when></TimeStamp>
<styleUrl>#route</styleUrl>
<Point>
<coordinates>139.076023,36.320594,-0.001000</coordinates>
</Point>
<ExtendedData>
	<Data name="IconNumber">
		<value>901001</value>
	</Data>
</ExtendedData>
</Placemark>
<Placemark>
<name>JZ0016</name>
<TimeStamp><when>2026-09-23T12:10:08Z</when></TimeStamp>
<styleUrl>#route</styleUrl>
<Point>
<coordinates>139.076028,36.320740,-0.001000</coordinates>
</Point>
<ExtendedData>
	<Data name="IconNumber">
		<value>901001</value>
	</Data>
</ExtendedData>
</Placemark>
<Placemark>
<name>JZ0017</name>
<TimeStamp><when>2026-09-23T12:10:18Z</when></TimeStamp>
<styleUrl>#route</styleUrl>
<Point>
<coordinates>139.076039,36.320890,-0.001000</coordinates>
</Point>
<ExtendedData>
	<Data name="IconNumber">
		<value>901001</value>
	</Data>
</ExtendedData>
</Placemark>
<Placemark>
<name>JZ0018</name>
<TimeStamp><when>2026-09-23T12:10:28Z</when></TimeStamp>
<styleUrl>#route</styleUrl>
<Point>
<coordinates>139.076108,36.321341,-0.001000</coordinates>
</Point>
<ExtendedData>
	<Data name="IconNumber">
		<value>901001</value>
	</Data>
</ExtendedData>
</Placemark>
<Placemark>
<name>JZ0019</name>
<TimeStamp><when>2026-09-23T12:10:38Z</when></TimeStamp>
<styleUrl>#route</styleUrl>
<Point>
<coordinates>139.076243,36.322122,-0.001000</coordinates>
</Point>
<ExtendedData>
	<Data name="IconNumber">
		<value>901001</value>
	</Data>
</ExtendedData>
</Placemark>
<Placemark>
<name>JZ0020</name>
<TimeStamp><when>2026-09-23T12:10:48Z</when></TimeStamp>
<styleUrl>#route</styleUrl>
<Point>
<coordinates>139.076302,36.322508,-0.001000</coordinates>
</Point>
<ExtendedData>
	<Data name="IconNumber">
		<value>901001</value>
	</Data>
</ExtendedData>
</Placemark>
<Placemark>
<name>JZ0021</name>
<TimeStamp><when>2026-09-23T12:10:58Z</when></TimeStamp>
<styleUrl>#route</styleUrl>
<Point>
<coordinates>139.076613,36.324431,-0.001000</coordinates>
</Point>
<ExtendedData>
	<Data name="IconNumber">
		<value>901001</value>
	</Data>
</ExtendedData>
</Placemark>
<Placemark>
<name>JZ0022</name>
<TimeStamp><when>2026-09-23T12:11:08Z</when></TimeStamp>
<styleUrl>#route</styleUrl>
<Point>
<coordinates>139.076640,36.324628,-0.001000</coordinates>
</Point>
<ExtendedData>
	<Data name="IconNumber">
		<value>901001</value>
	</Data>
</ExtendedData>
</Placemark>
<Placemark>
<name>JZ0023</name>
<TimeStamp><when>2026-09-23T12:11:18Z</when></TimeStamp>
<styleUrl>#route</styleUrl>
<Point>
<coordinates>139.076704,36.325002,-0.001000</coordinates>
</Point>
<ExtendedData>
	<Data name="IconNumber">
		<value>901001</value>
	</Data>
</ExtendedData>
</Placemark>
<Placemark>
<name>JZ0024</name>
<TimeStamp><when>2026-09-23T12:11:28Z</when></TimeStamp>
<styleUrl>#route</styleUrl>
<Point>
<coordinates>139.076876,36.325577,-0.001000</coordinates>
</Point>
<ExtendedData>
	<Data name="IconNumber">
		<value>901001</value>
	</Data>
</ExtendedData>
</Placemark>
<Placemark>
<name>JZ0025</name>
<TimeStamp><when>2026-09-23T12:11:38Z</when></TimeStamp>
<styleUrl>#route</styleUrl>
<Point>
<coordinates>139.077096,36.326246,-0.001000</coordinates>
</Point>
<ExtendedData>
	<Data name="IconNumber">
		<value>901001</value>
	</Data>
</ExtendedData>
</Placemark>
<Placemark>
<name>JZ0026</name>
<TimeStamp><when>2026-09-23T12:11:48Z</when></TimeStamp>
<styleUrl>#route</styleUrl>
<Point>
<coordinates>139.077584,36.327328,-0.001000</coordinates>
</Point>
<ExtendedData>
	<Data name="IconNumber">
		<value>901001</value>
	</Data>
</ExtendedData>
</Placemark>
<Placemark>
<name>JZ0027</name>
<TimeStamp><when>2026-09-23T12:11:58Z</when></TimeStamp>
<styleUrl>#route</styleUrl>
<Point>
<coordinates>139.078002,36.327971,-0.001000</coordinates>
</Point>
<ExtendedData>
	<Data name="IconNumber">
		<value>901001</value>
	</Data>
</ExtendedData>
</Placemark>
<Placemark>
<name>JZ0028</name>
<TimeStamp><when>2026-09-23T12:12:08Z</when></TimeStamp>
<styleUrl>#route</styleUrl>
<Point>
<coordinates>139.078463,36.328589,-0.001000</coordinates>
</Point>
<ExtendedData>
	<Data name="IconNumber">
		<value>901001</value>
	</Data>
</ExtendedData>
</Placemark>
<Placemark>
<name>JZ0029</name>
<TimeStamp><when>2026-09-23T12:12:18Z</when></TimeStamp>
<styleUrl>#route</styleUrl>
<Point>
<coordinates>139.078742,36.328933,-0.001000</coordinates>
</Point>
<ExtendedData>
	<Data name="IconNumber">
		<value>901001</value>
	</Data>
</ExtendedData>
</Placemark>
<Placemark>
<name>JZ0030</name>
<TimeStamp><when>2026-09-23T12:12:28Z</when></TimeStamp>
<styleUrl>#route</styleUrl>
<Point>
<coordinates>139.079118,36.329319,-0.001000</coordinates>
</Point>
<ExtendedData>
	<Data name="IconNumber">
		<value>901001</value>
	</Data>
</ExtendedData>
</Placemark>
<Placemark>
<name>JZ0031</name>
<TimeStamp><when>2026-09-23T12:12:38Z</when></TimeStamp>
<styleUrl>#route</styleUrl>
<Point>
<coordinates>139.079429,36.329619,-0.001000</coordinates>
</Point>
<ExtendedData>
	<Data name="IconNumber">
		<value>901001</value>
	</Data>
</ExtendedData>
</Placemark>
<Placemark>
<name>JZ0032</name>
<TimeStamp><when>2026-09-23T12:12:48Z</when></TimeStamp>
<styleUrl>#route</styleUrl>
<Point>
<coordinates>139.079880,36.330014,-0.001000</coordinates>
</Point>
<ExtendedData>
	<Data name="IconNumber">
		<value>901001</value>
	</Data>
</ExtendedData>
</Placemark>
<Placemark>
<name>JZ0033</name>
<TimeStamp><when>2026-09-23T12:12:58Z</when></TimeStamp>
<styleUrl>#route</styleUrl>
<Point>
<coordinates>139.080716,36.330641,-0.001000</coordinates>
</Point>
<ExtendedData>
	<Data name="IconNumber">
		<value>901001</value>
	</Data>
</ExtendedData>
</Placemark>
<Placemark>
<name>JZ0034</name>
<TimeStamp><when>2026-09-23T12:13:08Z</when></TimeStamp>
<styleUrl>#route</styleUrl>
<Point>
<coordinates>139.081618,36.331216,-0.001000</coordinates>
</Point>
<ExtendedData>
	<Data name="IconNumber">
		<value>901001</value>
	</Data>
</ExtendedData>
</Placemark>
<Placemark>
<name>JZ0035</name>
<TimeStamp><when>2026-09-23T12:13:18Z</when></TimeStamp>
<styleUrl>#route</styleUrl>
<Point>
<coordinates>139.082734,36.331817,-0.001000</coordinates>
</Point>
<ExtendedData>
	<Data name="IconNumber">
		<value>901001</value>
	</Data>
</ExtendedData>
</Placemark>
<Placemark>
<name>JZ0036</name>
<TimeStamp><when>2026-09-23T12:13:28Z</when></TimeStamp>
<styleUrl>#route</styleUrl>
<Point>
<coordinates>139.083141,36.332006,-0.001000</coordinates>
</Point>
<ExtendedData>
	<Data name="IconNumber">
		<value>901001</value>
	</Data>
</ExtendedData>
</Placemark>
<Placemark>
<name>JZ0037</name>
<TimeStamp><when>2026-09-23T12:13:38Z</when></TimeStamp>
<styleUrl>#route</styleUrl>
<Point>
<coordinates>139.083967,36.332340,-0.001000</coordinates>
</Point>
<ExtendedData>
	<Data name="IconNumber">
		<value>901001</value>
	</Data>
</ExtendedData>
</Placemark>
<Placemark>
<name>JZ0038</name>
<TimeStamp><when>2026-09-23T12:13:48Z</when></TimeStamp>
<styleUrl>#route</styleUrl>
<Point>
<coordinates>139.085008,36.332666,-0.001000</coordinates>
</Point>
<ExtendedData>
	<Data name="IconNumber">
		<value>901001</value>
	</Data>
</ExtendedData>
</Placemark>
<Placemark>
<name>JZ0039</name>
<TimeStamp><when>2026-09-23T12:13:58Z</when></TimeStamp>
<styleUrl>#route</styleUrl>
<Point>
<coordinates>139.086102,36.332950,-0.001000</coordinates>
</Point>
<ExtendedData>
	<Data name="IconNumber">
		<value>901001</value>
	</Data>
</ExtendedData>
</Placemark>
<Placemark>
<name>JZ0040</name>
<TimeStamp><when>2026-09-23T12:14:08Z</when></TimeStamp>
<styleUrl>#route</styleUrl>
<Point>
<coordinates>139.087111,36.333121,-0.001000</coordinates>
</Point>
<ExtendedData>
	<Data name="IconNumber">
		<value>901001</value>
	</Data>
</ExtendedData>
</Placemark>
<Placemark>
<name>JZ0041</name>
<TimeStamp><when>2026-09-23T12:14:18Z</when></TimeStamp>
<styleUrl>#route</styleUrl>
<Point>
<coordinates>139.088141,36.333241,-0.001000</coordinates>
</Point>
<ExtendedData>
	<Data name="IconNumber">
		<value>901001</value>
	</Data>
</ExtendedData>
</Placemark>
<Placemark>
<name>JZ0042</name>
<TimeStamp><when>2026-09-23T12:14:28Z</when></TimeStamp>
<styleUrl>#route</styleUrl>
<Point>
<coordinates>139.089257,36.333327,-0.001000</coordinates>
</Point>
<ExtendedData>
	<Data name="IconNumber">
		<value>901001</value>
	</Data>
</ExtendedData>
</Placemark>
<Placemark>
<name>JZ0043</name>
<TimeStamp><when>2026-09-23T12:14:38Z</when></TimeStamp>
<styleUrl>#route</styleUrl>
<Point>
<coordinates>139.090737,36.333379,-0.001000</coordinates>
</Point>
<ExtendedData>
	<Data name="IconNumber">
		<value>901001</value>
	</Data>
</ExtendedData>
</Placemark>
<Placemark>
<name>JZ0044</name>
<TimeStamp><when>2026-09-23T12:14:48Z</when></TimeStamp>
<styleUrl>#route</styleUrl>
<Point>
<coordinates>139.092518,36.333473,-0.001000</coordinates>
</Point>
<ExtendedData>
	<Data name="IconNumber">
		<value>901001</value>
	</Data>
</ExtendedData>
</Placemark>
<Placemark>
<name>JZ0045</name>
<TimeStamp><when>2026-09-23T12:14:58Z</when></TimeStamp>
<styleUrl>#route</styleUrl>
<Point>
<coordinates>139.095758,36.333628,-0.001000</coordinates>
</Point>
<ExtendedData>
	<Data name="IconNumber">
		<value>901001</value>
	</Data>
</ExtendedData>
</Placemark>
<Placemark>
<name>JZ0046</name>
<TimeStamp><when>2026-09-23T12:15:08Z</when></TimeStamp>
<styleUrl>#route</styleUrl>
<Point>
<coordinates>139.096917,36.333671,-0.001000</coordinates>
</Point>
<ExtendedData>
	<Data name="IconNumber">
		<value>901001</value>
	</Data>
</ExtendedData>
</Placemark>
<Placemark>
<name>JZ0047</name>
<TimeStamp><when>2026-09-23T12:15:18Z</when></TimeStamp>
<styleUrl>#route</styleUrl>
<Point>
<coordinates>139.098151,36.333748,-0.001000</coordinates>
</Point>
<ExtendedData>
	<Data name="IconNumber">
		<value>901001</value>
	</Data>
</ExtendedData>
</Placemark>
<Placemark>
<name>JZ0048</name>
<TimeStamp><when>2026-09-23T12:15:28Z</when></TimeStamp>
<styleUrl>#route</styleUrl>
<Point>
<coordinates>139.099202,36.333834,-0.001000</coordinates>
</Point>
<ExtendedData>
	<Data name="IconNumber">
		<value>901001</value>
	</Data>
</ExtendedData>
</Placemark>
<Placemark>
<name>JZ0049</name>
<TimeStamp><when>2026-09-23T12:15:38Z</when></TimeStamp>
<styleUrl>#route</styleUrl>
<Point>
<coordinates>139.100865,36.333980,-0.001000</coordinates>
</Point>
<ExtendedData>
	<Data name="IconNumber">
		<value>901001</value>
	</Data>
</ExtendedData>
</Placemark>
<Placemark>
<name>JZ0050</name>
<TimeStamp><when>2026-09-23T12:15:48Z</when></TimeStamp>
<styleUrl>#route</styleUrl>
<Point>
<coordinates>139.102636,36.334134,-0.001000</coordinates>
</Point>
<ExtendedData>
	<Data name="IconNumber">
		<value>901001</value>
	</Data>
</ExtendedData>
</Placemark>
<Placemark>
<name>JZ0051</name>
<TimeStamp><when>2026-09-23T12:15:58Z</when></TimeStamp>
<styleUrl>#route</styleUrl>
<Point>
<coordinates>139.104116,36.334332,-0.001000</coordinates>
</Point>
<ExtendedData>
	<Data name="IconNumber">
		<value>901001</value>
	</Data>
</ExtendedData>
</Placemark>
<Placemark>
<name>JZ0052</name>
<TimeStamp><when>2026-09-23T12:16:08Z</when></TimeStamp>
<styleUrl>#route</styleUrl>
<Point>
<coordinates>139.105339,36.334503,-0.001000</coordinates>
</Point>
<ExtendedData>
	<Data name="IconNumber">
		<value>901001</value>
	</Data>
</ExtendedData>
</Placemark>
<Placemark>
<name>JZ0053</name>
<TimeStamp><when>2026-09-23T12:16:18Z</when></TimeStamp>
<styleUrl>#route</styleUrl>
<Point>
<coordinates>139.107474,36.334864,-0.001000</coordinates>
</Point>
<ExtendedData>
	<Data name="IconNumber">
		<value>901001</value>
	</Data>
</ExtendedData>
</Placemark>
<Placemark>
<name>JZ0054</name>
<TimeStamp><when>2026-09-23T12:16:28Z</when></TimeStamp>
<styleUrl>#route</styleUrl>
<Point>
<coordinates>139.108590,36.335061,-0.001000</coordinates>
</Point>
<ExtendedData>
	<Data name="IconNumber">
		<value>901001</value>
	</Data>
</ExtendedData>
</Placemark>
<Placemark>
<name>JZ0055</name>
<TimeStamp><when>2026-09-23T12:16:38Z</when></TimeStamp>
<styleUrl>#route</styleUrl>
<Point>
<coordinates>139.109684,36.335284,-0.001000</coordinates>
</Point>
<ExtendedData>
	<Data name="IconNumber">
		<value>901001</value>
	</Data>
</ExtendedData>
</Placemark>
<Placemark>
<name>JZ0056</name>
<TimeStamp><when>2026-09-23T12:16:48Z</when></TimeStamp>
<styleUrl>#route</styleUrl>
<Point>
<coordinates>139.111723,36.335679,-0.001000</coordinates>
</Point>
<ExtendedData>
	<Data name="IconNumber">
		<value>901001</value>
	</Data>
</ExtendedData>
</Placemark>
<Placemark>
<name>JZ0057</name>
<TimeStamp><when>2026-09-23T12:16:58Z</when></TimeStamp>
<styleUrl>#route</styleUrl>
<Point>
<coordinates>139.112796,36.335868,-0.001000</coordinates>
</Point>
<ExtendedData>
	<Data name="IconNumber">
		<value>901001</value>
	</Data>
</ExtendedData>
</Placemark>
<Placemark>
<name>JZ0058</name>
<TimeStamp><when>2026-09-23T12:17:08Z</when></TimeStamp>
<styleUrl>#route</styleUrl>
<Point>
<coordinates>139.114180,36.336082,-0.001000</coordinates>
</Point>
<ExtendedData>
	<Data name="IconNumber">
		<value>901001</value>
	</Data>
</ExtendedData>
</Placemark>
<Placemark>
<name>JZ0059</name>
<TimeStamp><when>2026-09-23T12:17:18Z</when></TimeStamp>
<styleUrl>#route</styleUrl>
<Point>
<coordinates>139.115499,36.336263,-0.001000</coordinates>
</Point>
<ExtendedData>
	<Data name="IconNumber">
		<value>901001</value>
	</Data>
</ExtendedData>
</Placemark>
<Placemark>
<name>JZ0060</name>
<TimeStamp><when>2026-09-23T12:17:28Z</when></TimeStamp>
<styleUrl>#route</styleUrl>
<Point>
<coordinates>139.116701,36.336400,-0.001000</coordinates>
</Point>
<ExtendedData>
	<Data name="IconNumber">
		<value>901001</value>
	</Data>
</ExtendedData>
</Placemark>
<Placemark>
<name>JZ0061</name>
<TimeStamp><when>2026-09-23T12:17:38Z</when></TimeStamp>
<styleUrl>#route</styleUrl>
<Point>
<coordinates>139.118804,36.336589,-0.001000</coordinates>
</Point>
<ExtendedData>
	<Data name="IconNumber">
		<value>901001</value>
	</Data>
</ExtendedData>
</Placemark>
<Placemark>
<name>JZ0062</name>
<TimeStamp><when>2026-09-23T12:17:48Z</when></TimeStamp>
<styleUrl>#route</styleUrl>
<Point>
<coordinates>139.119984,36.336658,-0.001000</coordinates>
</Point>
<ExtendedData>
	<Data name="IconNumber">
		<value>901001</value>
	</Data>
</ExtendedData>
</Placemark>
<Placemark>
<name>JZ0063</name>
<TimeStamp><when>2026-09-23T12:17:58Z</when></TimeStamp>
<styleUrl>#route</styleUrl>
<Point>
<coordinates>139.122194,36.336743,-0.001000</coordinates>
</Point>
<ExtendedData>
	<Data name="IconNumber">
		<value>901001</value>
	</Data>
</ExtendedData>
</Placemark>
<Placemark>
<name>JZ0064</name>
<TimeStamp><when>2026-09-23T12:18:08Z</when></TimeStamp>
<styleUrl>#route</styleUrl>
<Point>
<coordinates>139.124469,36.336795,-0.001000</coordinates>
</Point>
<ExtendedData>
	<Data name="IconNumber">
		<value>901001</value>
	</Data>
</ExtendedData>
</Placemark>
<Placemark>
<name>JZ0065</name>
<TimeStamp><when>2026-09-23T12:18:18Z</when></TimeStamp>
<styleUrl>#route</styleUrl>
<Point>
<coordinates>139.125348,36.336838,-0.001000</coordinates>
</Point>
<ExtendedData>
	<Data name="IconNumber">
		<value>901001</value>
	</Data>
</ExtendedData>
</Placemark>
<Placemark>
<name>JZ0066</name>
<TimeStamp><when>2026-09-23T12:18:28Z</when></TimeStamp>
<styleUrl>#route</styleUrl>
<Point>
<coordinates>139.126142,36.336915,-0.001000</coordinates>
</Point>
<ExtendedData>
	<Data name="IconNumber">
		<value>901001</value>
	</Data>
</ExtendedData>
</Placemark>
<Placemark>
<name>JZ0067</name>
<TimeStamp><when>2026-09-23T12:18:38Z</when></TimeStamp>
<styleUrl>#route</styleUrl>
<Point>
<coordinates>139.126786,36.336975,-0.001000</coordinates>
</Point>
<ExtendedData>
	<Data name="IconNumber">
		<value>901001</value>
	</Data>
</ExtendedData>
</Placemark>
<Placemark>
<name>JZ0068</name>
<TimeStamp><when>2026-09-23T12:18:48Z</when></TimeStamp>
<styleUrl>#route</styleUrl>
<Point>
<coordinates>139.127956,36.337155,-0.001000</coordinates>
</Point>
<ExtendedData>
	<Data name="IconNumber">
		<value>901001</value>
	</Data>
</ExtendedData>
</Placemark>
<Placemark>
<name>JZ0069</name>
<TimeStamp><when>2026-09-23T12:18:58Z</when></TimeStamp>
<styleUrl>#route</styleUrl>
<Point>
<coordinates>139.128835,36.337327,-0.001000</coordinates>
</Point>
<ExtendedData>
	<Data name="IconNumber">
		<value>901001</value>
	</Data>
</ExtendedData>
</Placemark>
<Placemark>
<name>JZ0070</name>
<TimeStamp><when>2026-09-23T12:19:08Z</when></TimeStamp>
<styleUrl>#route</styleUrl>
<Point>
<coordinates>139.130187,36.337653,-0.001000</coordinates>
</Point>
<ExtendedData>
	<Data name="IconNumber">
		<value>901001</value>
	</Data>
</ExtendedData>
</Placemark>
<Placemark>
<name>JZ0071</name>
<TimeStamp><when>2026-09-23T12:19:18Z</when></TimeStamp>
<styleUrl>#route</styleUrl>
<Point>
<coordinates>139.130960,36.337893,-0.001000</coordinates>
</Point>
<ExtendedData>
	<Data name="IconNumber">
		<value>901001</value>
	</Data>
</ExtendedData>
</Placemark>
<Placemark>
<name>JZ0072</name>
<TimeStamp><when>2026-09-23T12:19:28Z</when></TimeStamp>
<styleUrl>#route</styleUrl>
<Point>
<coordinates>139.131839,36.338202,-0.001000</coordinates>
</Point>
<ExtendedData>
	<Data name="IconNumber">
		<value>901001</value>
	</Data>
</ExtendedData>
</Placemark>
<Placemark>
<name>JZ0073</name>
<TimeStamp><when>2026-09-23T12:19:38Z</when></TimeStamp>
<styleUrl>#route</styleUrl>
<Point>
<coordinates>139.132612,36.338529,-0.001000</coordinates>
</Point>
<ExtendedData>
	<Data name="IconNumber">
		<value>901001</value>
	</Data>
</ExtendedData>
</Placemark>
<Placemark>
<name>JZ0074</name>
<TimeStamp><when>2026-09-23T12:19:48Z</when></TimeStamp>
<styleUrl>#route</styleUrl>
<Point>
<coordinates>139.133427,36.338889,-0.001000</coordinates>
</Point>
<ExtendedData>
	<Data name="IconNumber">
		<value>901001</value>
	</Data>
</ExtendedData>
</Placemark>
<Placemark>
<name>JZ0075</name>
<TimeStamp><when>2026-09-23T12:19:58Z</when></TimeStamp>
<styleUrl>#route</styleUrl>
<Point>
<coordinates>139.134554,36.339524,-0.001000</coordinates>
</Point>
<ExtendedData>
	<Data name="IconNumber">
		<value>901001</value>
	</Data>
</ExtendedData>
</Placemark>
<Placemark>
<name>JZ0076</name>
<TimeStamp><when>2026-09-23T12:20:08Z</when></TimeStamp>
<styleUrl>#route</styleUrl>
<Point>
<coordinates>139.135380,36.340091,-0.001000</coordinates>
</Point>
<ExtendedData>
	<Data name="IconNumber">
		<value>901001</value>
	</Data>
</ExtendedData>
</Placemark>
<Placemark>
<name>JZ0077</name>
<TimeStamp><when>2026-09-23T12:20:18Z</when></TimeStamp>
<styleUrl>#route</styleUrl>
<Point>
<coordinates>139.136034,36.340597,-0.001000</coordinates>
</Point>
<ExtendedData>
	<Data name="IconNumber">
		<value>901001</value>
	</Data>
</ExtendedData>
</Placemark>
<Placemark>
<name>JZ0078</name>
<TimeStamp><when>2026-09-23T12:20:28Z</when></TimeStamp>
<styleUrl>#route</styleUrl>
<Point>
<coordinates>139.136399,36.340906,-0.001000</coordinates>
</Point>
<ExtendedData>
	<Data name="IconNumber">
		<value>901001</value>
	</Data>
</ExtendedData>
</Placemark>
<Placemark>
<name>JZ0079</name>
<TimeStamp><when>2026-09-23T12:20:38Z</when></TimeStamp>
<styleUrl>#route</styleUrl>
<Point>
<coordinates>139.137054,36.341516,-0.001000</coordinates>
</Point>
<ExtendedData>
	<Data name="IconNumber">
		<value>901001</value>
	</Data>
</ExtendedData>
</Placemark>
<Placemark>
<name>JZ0080</name>
<TimeStamp><when>2026-09-23T12:20:48Z</when></TimeStamp>
<styleUrl>#route</styleUrl>
<Point>
<coordinates>139.137483,36.341953,-0.001000</coordinates>
</Point>
<ExtendedData>
	<Data name="IconNumber">
		<value>901001</value>
	</Data>
</ExtendedData>
</Placemark>
<Placemark>
<name>JZ0081</name>
<TimeStamp><when>2026-09-23T12:20:58Z</when></TimeStamp>
<styleUrl>#route</styleUrl>
<Point>
<coordinates>139.137912,36.342468,-0.001000</coordinates>
</Point>
<ExtendedData>
	<Data name="IconNumber">
		<value>901001</value>
	</Data>
</ExtendedData>
</Placemark>
<Placemark>
<name>JZ0082</name>
<TimeStamp><when>2026-09-23T12:21:08Z</when></TimeStamp>
<styleUrl>#route</styleUrl>
<Point>
<coordinates>139.138427,36.343112,-0.001000</coordinates>
</Point>
<ExtendedData>
	<Data name="IconNumber">
		<value>901001</value>
	</Data>
</ExtendedData>
</Placemark>
<Placemark>
<name>JZ0083</name>
<TimeStamp><when>2026-09-23T12:21:18Z</when></TimeStamp>
<styleUrl>#route</styleUrl>
<Point>
<coordinates>139.139232,36.344185,-0.001000</coordinates>
</Point>
<ExtendedData>
	<Data name="IconNumber">
		<value>901001</value>
	</Data>
</ExtendedData>
</Placemark>
<Placemark>
<name>JZ0084</name>
<TimeStamp><when>2026-09-23T12:21:28Z</when></TimeStamp>
<styleUrl>#route</styleUrl>
<Point>
<coordinates>139.139661,36.344760,-0.001000</coordinates>
</Point>
<ExtendedData>
	<Data name="IconNumber">
		<value>901001</value>
	</Data>
</ExtendedData>
</Placemark>
<Placemark>
<name>JZ0085</name>
<TimeStamp><when>2026-09-23T12:21:38Z</when></TimeStamp>
<styleUrl>#route</styleUrl>
<Point>
<coordinates>139.140144,36.345335,-0.001000</coordinates>
</Point>
<ExtendedData>
	<Data name="IconNumber">
		<value>901001</value>
	</Data>
</ExtendedData>
</Placemark>
<Placemark>
<name>JZ0086</name>
<TimeStamp><when>2026-09-23T12:21:48Z</when></TimeStamp>
<styleUrl>#route</styleUrl>
<Point>
<coordinates>139.140916,36.346168,-0.001000</coordinates>
</Point>
<ExtendedData>
	<Data name="IconNumber">
		<value>901001</value>
	</Data>
</ExtendedData>
</Placemark>
<Placemark>
<name>JZ0087</name>
<TimeStamp><when>2026-09-23T12:21:58Z</when></TimeStamp>
<styleUrl>#route</styleUrl>
<Point>
<coordinates>139.141570,36.346760,-0.001000</coordinates>
</Point>
<ExtendedData>
	<Data name="IconNumber">
		<value>901001</value>
	</Data>
</ExtendedData>
</Placemark>
<Placemark>
<name>JZ0088</name>
<TimeStamp><when>2026-09-23T12:22:08Z</when></TimeStamp>
<styleUrl>#route</styleUrl>
<Point>
<coordinates>139.142397,36.347421,-0.001000</coordinates>
</Point>
<ExtendedData>
	<Data name="IconNumber">
		<value>901001</value>
	</Data>
</ExtendedData>
</Placemark>
<Placemark>
<name>JZ0089</name>
<TimeStamp><when>2026-09-23T12:22:18Z</when></TimeStamp>
<styleUrl>#route</styleUrl>
<Point>
<coordinates>139.143083,36.347927,-0.001000</coordinates>
</Point>
<ExtendedData>
	<Data name="IconNumber">
		<value>901001</value>
	</Data>
</ExtendedData>
</Placemark>
<Placemark>
<name>JZ0090</name>
<TimeStamp><when>2026-09-23T12:22:28Z</when></TimeStamp>
<styleUrl>#route</styleUrl>
<Point>
<coordinates>139.144060,36.348519,-0.001000</coordinates>
</Point>
<ExtendedData>
	<Data name="IconNumber">
		<value>901001</value>
	</Data>
</ExtendedData>
</Placemark>
<Placemark>
<name>JZ0091</name>
<TimeStamp><when>2026-09-23T12:22:38Z</when></TimeStamp>
<styleUrl>#route</styleUrl>
<Point>
<coordinates>139.144617,36.348845,-0.001000</coordinates>
</Point>
<ExtendedData>
	<Data name="IconNumber">
		<value>901001</value>
	</Data>
</ExtendedData>
</Placemark>
<Placemark>
<name>JZ0092</name>
<TimeStamp><when>2026-09-23T12:22:48Z</when></TimeStamp>
<styleUrl>#route</styleUrl>
<Point>
<coordinates>139.145208,36.349137,-0.001000</coordinates>
</Point>
<ExtendedData>
	<Data name="IconNumber">
		<value>901001</value>
	</Data>
</ExtendedData>
</Placemark>
<Placemark>
<name>JZ0093</name>
<TimeStamp><when>2026-09-23T12:22:58Z</when></TimeStamp>
<styleUrl>#route</styleUrl>
<Point>
<coordinates>139.146130,36.349541,-0.001000</coordinates>
</Point>
<ExtendedData>
	<Data name="IconNumber">
		<value>901001</value>
	</Data>
</ExtendedData>
</Placemark>
<Placemark>
<name>JZ0094</name>
<TimeStamp><when>2026-09-23T12:23:08Z</when></TimeStamp>
<styleUrl>#route</styleUrl>
<Point>
<coordinates>139.146924,36.349858,-0.001000</coordinates>
</Point>
<ExtendedData>
	<Data name="IconNumber">
		<value>901001</value>
	</Data>
</ExtendedData>
</Placemark>
<Placemark>
<name>JZ0095</name>
<TimeStamp><when>2026-09-23T12:23:18Z</when></TimeStamp>
<styleUrl>#route</styleUrl>
<Point>
<coordinates>139.147493,36.350081,-0.001000</coordinates>
</Point>
<ExtendedData>
	<Data name="IconNumber">
		<value>901001</value>
	</Data>
</ExtendedData>
</Placemark>
<Placemark>
<name>JZ0096</name>
<TimeStamp><when>2026-09-23T12:23:28Z</when></TimeStamp>
<styleUrl>#route</styleUrl>
<Point>
<coordinates>139.148083,36.350262,-0.001000</coordinates>
</Point>
<ExtendedData>
	<Data name="IconNumber">
		<value>901001</value>
	</Data>
</ExtendedData>
</Placemark>
<Placemark>
<name>JZ0097</name>
<TimeStamp><when>2026-09-23T12:23:38Z</when></TimeStamp>
<styleUrl>#route</styleUrl>
<Point>
<coordinates>139.148877,36.350476,-0.001000</coordinates>
</Point>
<ExtendedData>
	<Data name="IconNumber">
		<value>901001</value>
	</Data>
</ExtendedData>
</Placemark>
<Placemark>
<name>JZ0098</name>
<TimeStamp><when>2026-09-23T12:23:48Z</when></TimeStamp>
<styleUrl>#route</styleUrl>
<Point>
<coordinates>139.149875,36.350691,-0.001000</coordinates>
</Point>
<ExtendedData>
	<Data name="IconNumber">
		<value>901001</value>
	</Data>
</ExtendedData>
</Placemark>
<Placemark>
<name>JZ0099</name>
<TimeStamp><when>2026-09-23T12:23:58Z</when></TimeStamp>
<styleUrl>#route</styleUrl>
<Point>
<coordinates>139.150851,36.350854,-0.001000</coordinates>
</Point>
<ExtendedData>
	<Data name="IconNumber">
		<value>901001</value>
	</Data>
</ExtendedData>
</Placemark>
<Placemark>
<name>JZ0100</name>
<TimeStamp><when>2026-09-23T12:24:08Z</when></TimeStamp>
<styleUrl>#route</styleUrl>
<Point>
<coordinates>139.152117,36.351008,-0.001000</coordinates>
</Point>
<ExtendedData>
	<Data name="IconNumber">
		<value>901001</value>
	</Data>
</ExtendedData>
</Placemark>
<Placemark>
<name>JZ0101</name>
<TimeStamp><when>2026-09-23T12:24:18Z</when></TimeStamp>
<styleUrl>#route</styleUrl>
<Point>
<coordinates>139.153093,36.351077,-0.001000</coordinates>
</Point>
<ExtendedData>
	<Data name="IconNumber">
		<value>901001</value>
	</Data>
</ExtendedData>
</Placemark>
<Placemark>
<name>JZ0102</name>
<TimeStamp><when>2026-09-23T12:24:28Z</when></TimeStamp>
<styleUrl>#route</styleUrl>
<Point>
<coordinates>139.154960,36.351163,-0.001000</coordinates>
</Point>
<ExtendedData>
	<Data name="IconNumber">
		<value>901001</value>
	</Data>
</ExtendedData>
</Placemark>
<Placemark>
<name>JZ0103</name>
<TimeStamp><when>2026-09-23T12:24:38Z</when></TimeStamp>
<styleUrl>#route</styleUrl>
<Point>
<coordinates>139.165152,36.351498,-0.001000</coordinates>
</Point>
<ExtendedData>
	<Data name="IconNumber">
		<value>901001</value>
	</Data>
</ExtendedData>
</Placemark>
<Placemark>
<name>JZ0104</name>
<TimeStamp><when>2026-09-23T12:24:48Z</when></TimeStamp>
<styleUrl>#route</styleUrl>
<Point>
<coordinates>139.177104,36.351850,-0.001000</coordinates>
</Point>
<ExtendedData>
	<Data name="IconNumber">
		<value>901001</value>
	</Data>
</ExtendedData>
</Placemark>
<Placemark>
<name>JZ0105</name>
<TimeStamp><when>2026-09-23T12:24:58Z</when></TimeStamp>
<styleUrl>#route</styleUrl>
<Point>
<coordinates>139.178617,36.351927,-0.001000</coordinates>
</Point>
<ExtendedData>
	<Data name="IconNumber">
		<value>901001</value>
	</Data>
</ExtendedData>
</Placemark>
<Placemark>
<name>JZ0106</name>
<TimeStamp><when>2026-09-23T12:25:08Z</when></TimeStamp>
<styleUrl>#route</styleUrl>
<Point>
<coordinates>139.179497,36.351978,-0.001000</coordinates>
</Point>
<ExtendedData>
	<Data name="IconNumber">
		<value>901001</value>
	</Data>
</ExtendedData>
</Placemark>
<Placemark>
<name>JZ0107</name>
<TimeStamp><when>2026-09-23T12:25:18Z</when></TimeStamp>
<styleUrl>#route</styleUrl>
<Point>
<coordinates>139.180677,36.352090,-0.001000</coordinates>
</Point>
<ExtendedData>
	<Data name="IconNumber">
		<value>901001</value>
	</Data>
</ExtendedData>
</Placemark>
<Placemark>
<name>JZ0108</name>
<TimeStamp><when>2026-09-23T12:25:28Z</when></TimeStamp>
<styleUrl>#route</styleUrl>
<Point>
<coordinates>139.181836,36.352244,-0.001000</coordinates>
</Point>
<ExtendedData>
	<Data name="IconNumber">
		<value>901001</value>
	</Data>
</ExtendedData>
</Placemark>
<Placemark>
<name>JZ0109</name>
<TimeStamp><when>2026-09-23T12:25:38Z</when></TimeStamp>
<styleUrl>#route</styleUrl>
<Point>
<coordinates>139.182512,36.352330,-0.001000</coordinates>
</Point>
<ExtendedData>
	<Data name="IconNumber">
		<value>901001</value>
	</Data>
</ExtendedData>
</Placemark>
<Placemark>
<name>JZ0110</name>
<TimeStamp><when>2026-09-23T12:25:48Z</when></TimeStamp>
<styleUrl>#route</styleUrl>
<Point>
<coordinates>139.183381,36.352485,-0.001000</coordinates>
</Point>
<ExtendedData>
	<Data name="IconNumber">
		<value>901001</value>
	</Data>
</ExtendedData>
</Placemark>
<Placemark>
<name>JZ0111</name>
<TimeStamp><when>2026-09-23T12:25:58Z</when></TimeStamp>
<styleUrl>#route</styleUrl>
<Point>
<coordinates>139.184969,36.352785,-0.001000</coordinates>
</Point>
<ExtendedData>
	<Data name="IconNumber">
		<value>901001</value>
	</Data>
</ExtendedData>
</Placemark>
<Placemark>
<name>JZ0112</name>
<TimeStamp><when>2026-09-23T12:26:08Z</when></TimeStamp>
<styleUrl>#route</styleUrl>
<Point>
<coordinates>139.185720,36.352965,-0.001000</coordinates>
</Point>
<ExtendedData>
	<Data name="IconNumber">
		<value>901001</value>
	</Data>
</ExtendedData>
</Placemark>
<Placemark>
<name>JZ0113</name>
<TimeStamp><when>2026-09-23T12:26:18Z</when></TimeStamp>
<styleUrl>#route</styleUrl>
<Point>
<coordinates>139.186803,36.353231,-0.001000</coordinates>
</Point>
<ExtendedData>
	<Data name="IconNumber">
		<value>901001</value>
	</Data>
</ExtendedData>
</Placemark>
<Placemark>
<name>JZ0114</name>
<TimeStamp><when>2026-09-23T12:26:28Z</when></TimeStamp>
<styleUrl>#route</styleUrl>
<Point>
<coordinates>139.187340,36.353377,-0.001000</coordinates>
</Point>
<ExtendedData>
	<Data name="IconNumber">
		<value>901001</value>
	</Data>
</ExtendedData>
</Placemark>
<Placemark>
<name>JZ0115</name>
<TimeStamp><when>2026-09-23T12:26:38Z</when></TimeStamp>
<styleUrl>#route</styleUrl>
<Point>
<coordinates>139.188852,36.353772,-0.001000</coordinates>
</Point>
<ExtendedData>
	<Data name="IconNumber">
		<value>901001</value>
	</Data>
</ExtendedData>
</Placemark>
<Placemark>
<name>JZ0116</name>
<TimeStamp><when>2026-09-23T12:26:48Z</when></TimeStamp>
<styleUrl>#route</styleUrl>
<Point>
<coordinates>139.191513,36.354485,-0.001000</coordinates>
</Point>
<ExtendedData>
	<Data name="IconNumber">
		<value>901001</value>
	</Data>
</ExtendedData>
</Placemark>
<Placemark>
<name>JZ0117</name>
<TimeStamp><when>2026-09-23T12:26:58Z</when></TimeStamp>
<styleUrl>#route</styleUrl>
<Point>
<coordinates>139.192500,36.354716,-0.001000</coordinates>
</Point>
<ExtendedData>
	<Data name="IconNumber">
		<value>901001</value>
	</Data>
</ExtendedData>
</Placemark>
<Placemark>
<name>JZ0118</name>
<TimeStamp><when>2026-09-23T12:27:08Z</when></TimeStamp>
<styleUrl>#route</styleUrl>
<Point>
<coordinates>139.193165,36.354871,-0.001000</coordinates>
</Point>
<ExtendedData>
	<Data name="IconNumber">
		<value>901001</value>
	</Data>
</ExtendedData>
</Placemark>
<Placemark>
<name>JZ0119</name>
<TimeStamp><when>2026-09-23T12:27:18Z</when></TimeStamp>
<styleUrl>#route</styleUrl>
<Point>
<coordinates>139.193777,36.355008,-0.001000</coordinates>
</Point>
<ExtendedData>
	<Data name="IconNumber">
		<value>901001</value>
	</Data>
</ExtendedData>
</Placemark>
<Placemark>
<name>JZ0120</name>
<TimeStamp><when>2026-09-23T12:27:28Z</when></TimeStamp>
<styleUrl>#route</styleUrl>
<Point>
<coordinates>139.194732,36.355180,-0.001000</coordinates>
</Point>
<ExtendedData>
	<Data name="IconNumber">
		<value>901001</value>
	</Data>
</ExtendedData>
</Placemark>
<Placemark>
<name>JZ0121</name>
<TimeStamp><when>2026-09-23T12:27:38Z</when></TimeStamp>
<styleUrl>#route</styleUrl>
<Point>
<coordinates>139.195880,36.355377,-0.001000</coordinates>
</Point>
<ExtendedData>
	<Data name="IconNumber">
		<value>901001</value>
	</Data>
</ExtendedData>
</Placemark>
<Placemark>
<name>JZ0122</name>
<TimeStamp><when>2026-09-23T12:27:48Z</when></TimeStamp>
<styleUrl>#route</styleUrl>
<Point>
<coordinates>139.196985,36.355540,-0.001000</coordinates>
</Point>
<ExtendedData>
	<Data name="IconNumber">
		<value>901001</value>
	</Data>
</ExtendedData>
</Placemark>
<Placemark>
<name>JZ0123</name>
<TimeStamp><when>2026-09-23T12:27:58Z</when></TimeStamp>
<styleUrl>#route</styleUrl>
<Point>
<coordinates>139.198047,36.355660,-0.001000</coordinates>
</Point>
<ExtendedData>
	<Data name="IconNumber">
		<value>901001</value>
	</Data>
</ExtendedData>
</Placemark>
<Placemark>
<name>JZ0124</name>
<TimeStamp><when>2026-09-23T12:28:08Z</when></TimeStamp>
<styleUrl>#route</styleUrl>
<Point>
<coordinates>139.199710,36.355824,-0.001000</coordinates>
</Point>
<ExtendedData>
	<Data name="IconNumber">
		<value>901001</value>
	</Data>
</ExtendedData>
</Placemark>
<Placemark>
<name>JZ0125</name>
<TimeStamp><when>2026-09-23T12:28:18Z</when></TimeStamp>
<styleUrl>#route</styleUrl>
<Point>
<coordinates>139.200922,36.355918,-0.001000</coordinates>
</Point>
<ExtendedData>
	<Data name="IconNumber">
		<value>901001</value>
	</Data>
</ExtendedData>
</Placemark>
<Placemark>
<name>JZ0126</name>
<TimeStamp><when>2026-09-23T12:28:28Z</when></TimeStamp>
<styleUrl>#route</styleUrl>
<Point>
<coordinates>139.202510,36.355995,-0.001000</coordinates>
</Point>
<ExtendedData>
	<Data name="IconNumber">
		<value>901001</value>
	</Data>
</ExtendedData>
</Placemark>
<Placemark>
<name>JZ0127</name>
<TimeStamp><when>2026-09-23T12:28:38Z</when></TimeStamp>
<styleUrl>#route</styleUrl>
<Point>
<coordinates>139.203744,36.356030,-0.001000</coordinates>
</Point>
<ExtendedData>
	<Data name="IconNumber">
		<value>901001</value>
	</Data>
</ExtendedData>
</Placemark>
<Placemark>
<name>JZ0128</name>
<TimeStamp><when>2026-09-23T12:28:48Z</when></TimeStamp>
<styleUrl>#route</styleUrl>
<Point>
<coordinates>139.205310,36.356072,-0.001000</coordinates>
</Point>
<ExtendedData>
	<Data name="IconNumber">
		<value>901001</value>
	</Data>
</ExtendedData>
</Placemark>
<Placemark>
<name>JZ0129</name>
<TimeStamp><when>2026-09-23T12:28:58Z</when></TimeStamp>
<styleUrl>#route</styleUrl>
<Point>
<coordinates>139.207306,36.356021,-0.001000</coordinates>
</Point>
<ExtendedData>
	<Data name="IconNumber">
		<value>901001</value>
	</Data>
</ExtendedData>
</Placemark>
<Placemark>
<name>JZ0130</name>
<TimeStamp><when>2026-09-23T12:29:08Z</when></TimeStamp>
<styleUrl>#route</styleUrl>
<Point>
<coordinates>139.209312,36.355969,-0.001000</coordinates>
</Point>
<ExtendedData>
	<Data name="IconNumber">
		<value>901001</value>
	</Data>
</ExtendedData>
</Placemark>
<Placemark>
<name>JZ0131</name>
<TimeStamp><when>2026-09-23T12:29:18Z</when></TimeStamp>
<styleUrl>#route</styleUrl>
<Point>
<coordinates>139.211083,36.355858,-0.001000</coordinates>
</Point>
<ExtendedData>
	<Data name="IconNumber">
		<value>901001</value>
	</Data>
</ExtendedData>
</Placemark>
<Placemark>
<name>JZ0132</name>
<TimeStamp><when>2026-09-23T12:29:28Z</when></TimeStamp>
<styleUrl>#route</styleUrl>
<Point>
<coordinates>139.212638,36.355729,-0.001000</coordinates>
</Point>
<ExtendedData>
	<Data name="IconNumber">
		<value>901001</value>
	</Data>
</ExtendedData>
</Placemark>
<Placemark>
<name>JZ0133</name>
<TimeStamp><when>2026-09-23T12:29:38Z</when></TimeStamp>
<styleUrl>#route</styleUrl>
<Point>
<coordinates>139.214290,36.355575,-0.001000</coordinates>
</Point>
<ExtendedData>
	<Data name="IconNumber">
		<value>901001</value>
	</Data>
</ExtendedData>
</Placemark>
<Placemark>
<name>JZ0134</name>
<TimeStamp><when>2026-09-23T12:29:48Z</when></TimeStamp>
<styleUrl>#route</styleUrl>
<Point>
<coordinates>139.216007,36.355386,-0.001000</coordinates>
</Point>
<ExtendedData>
	<Data name="IconNumber">
		<value>901001</value>
	</Data>
</ExtendedData>
</Placemark>
<Placemark>
<name>JZ0135</name>
<TimeStamp><when>2026-09-23T12:29:58Z</when></TimeStamp>
<styleUrl>#route</styleUrl>
<Point>
<coordinates>139.217230,36.355214,-0.001000</coordinates>
</Point>
<ExtendedData>
	<Data name="IconNumber">
		<value>901001</value>
	</Data>
</ExtendedData>
</Placemark>
<Placemark>
<name>JZ0136</name>
<TimeStamp><when>2026-09-23T12:30:08Z</when></TimeStamp>
<styleUrl>#route</styleUrl>
<Point>
<coordinates>139.219644,36.354836,-0.001000</coordinates>
</Point>
<ExtendedData>
	<Data name="IconNumber">
		<value>901001</value>
	</Data>
</ExtendedData>
</Placemark>
<Placemark>
<name>JZ0137</name>
<TimeStamp><when>2026-09-23T12:30:18Z</when></TimeStamp>
<styleUrl>#route</styleUrl>
<Point>
<coordinates>139.221425,36.354493,-0.001000</coordinates>
</Point>
<ExtendedData>
	<Data name="IconNumber">
		<value>901001</value>
	</Data>
</ExtendedData>
</Placemark>
<Placemark>
<name>JZ0138</name>
<TimeStamp><when>2026-09-23T12:30:28Z</when></TimeStamp>
<styleUrl>#route</styleUrl>
<Point>
<coordinates>139.222992,36.354167,-0.001000</coordinates>
</Point>
<ExtendedData>
	<Data name="IconNumber">
		<value>901001</value>
	</Data>
</ExtendedData>
</Placemark>
<Placemark>
<name>JZ0139</name>
<TimeStamp><when>2026-09-23T12:30:38Z</when></TimeStamp>
<styleUrl>#route</styleUrl>
<Point>
<coordinates>139.224794,36.353755,-0.001000</coordinates>
</Point>
<ExtendedData>
	<Data name="IconNumber">
		<value>901001</value>
	</Data>
</ExtendedData>
</Placemark>
<Placemark>
<name>JZ0140</name>
<TimeStamp><when>2026-09-23T12:30:48Z</when></TimeStamp>
<styleUrl>#route</styleUrl>
<Point>
<coordinates>139.227036,36.353180,-0.001000</coordinates>
</Point>
<ExtendedData>
	<Data name="IconNumber">
		<value>901001</value>
	</Data>
</ExtendedData>
</Placemark>
<Placemark>
<name>JZ0141</name>
<TimeStamp><when>2026-09-23T12:30:58Z</when></TimeStamp>
<styleUrl>#route</styleUrl>
<Point>
<coordinates>139.233302,36.351480,-0.001000</coordinates>
</Point>
<ExtendedData>
	<Data name="IconNumber">
		<value>901001</value>
	</Data>
</ExtendedData>
</Placemark>
<Placemark>
<name>JZ0142</name>
<TimeStamp><when>2026-09-23T12:31:08Z</when></TimeStamp>
<styleUrl>#route</styleUrl>
<Point>
<coordinates>139.235469,36.350888,-0.001000</coordinates>
</Point>
<ExtendedData>
	<Data name="IconNumber">
		<value>901001</value>
	</Data>
</ExtendedData>
</Placemark>
<Placemark>
<name>JZ0143</name>
<TimeStamp><when>2026-09-23T12:31:18Z</when></TimeStamp>
<styleUrl>#route</styleUrl>
<Point>
<coordinates>139.239428,36.349704,-0.001000</coordinates>
</Point>
<ExtendedData>
	<Data name="IconNumber">
		<value>901001</value>
	</Data>
</ExtendedData>
</Placemark>
<Placemark>
<name>JZ0144</name>
<TimeStamp><when>2026-09-23T12:31:28Z</when></TimeStamp>
<styleUrl>#route</styleUrl>
<Point>
<coordinates>139.240930,36.349180,-0.001000</coordinates>
</Point>
<ExtendedData>
	<Data name="IconNumber">
		<value>901001</value>
	</Data>
</ExtendedData>
</Placemark>
<Placemark>
<name>JZ0145</name>
<TimeStamp><when>2026-09-23T12:31:38Z</when></TimeStamp>
<styleUrl>#route</styleUrl>
<Point>
<coordinates>139.241982,36.348811,-0.001000</coordinates>
</Point>
<ExtendedData>
	<Data name="IconNumber">
		<value>901001</value>
	</Data>
</ExtendedData>
</Placemark>
<Placemark>
<name>JZ0146</name>
<TimeStamp><when>2026-09-23T12:31:48Z</when></TimeStamp>
<styleUrl>#route</styleUrl>
<Point>
<coordinates>139.242936,36.348459,-0.001000</coordinates>
</Point>
<ExtendedData>
	<Data name="IconNumber">
		<value>901001</value>
	</Data>
</ExtendedData>
</Placemark>
<Placemark>
<name>JZ0147</name>
<TimeStamp><when>2026-09-23T12:31:58Z</when></TimeStamp>
<styleUrl>#route</styleUrl>
<Point>
<coordinates>139.243977,36.348039,-0.001000</coordinates>
</Point>
<ExtendedData>
	<Data name="IconNumber">
		<value>901001</value>
	</Data>
</ExtendedData>
</Placemark>
<Placemark>
<name>JZ0148</name>
<TimeStamp><when>2026-09-23T12:32:08Z</when></TimeStamp>
<styleUrl>#route</styleUrl>
<Point>
<coordinates>139.244986,36.347644,-0.001000</coordinates>
</Point>
<ExtendedData>
	<Data name="IconNumber">
		<value>901001</value>
	</Data>
</ExtendedData>
</Placemark>
<Placemark>
<name>JZ0149</name>
<TimeStamp><when>2026-09-23T12:32:18Z</when></TimeStamp>
<styleUrl>#route</styleUrl>
<Point>
<coordinates>139.247528,36.346528,-0.001000</coordinates>
</Point>
<ExtendedData>
	<Data name="IconNumber">
		<value>901001</value>
	</Data>
</ExtendedData>
</Placemark>
<Placemark>
<name>JZ0150</name>
<TimeStamp><when>2026-09-23T12:32:28Z</when></TimeStamp>
<styleUrl>#route</styleUrl>
<Point>
<coordinates>139.248569,36.346056,-0.001000</coordinates>
</Point>
<ExtendedData>
	<Data name="IconNumber">
		<value>901001</value>
	</Data>
</ExtendedData>
</Placemark>
<Placemark>
<name>JZ0151</name>
<TimeStamp><when>2026-09-23T12:32:38Z</when></TimeStamp>
<styleUrl>#route</styleUrl>
<Point>
<coordinates>139.249975,36.345455,-0.001000</coordinates>
</Point>
<ExtendedData>
	<Data name="IconNumber">
		<value>901001</value>
	</Data>
</ExtendedData>
</Placemark>
<Placemark>
<name>JZ0152</name>
<TimeStamp><when>2026-09-23T12:32:48Z</when></TimeStamp>
<styleUrl>#route</styleUrl>
<Point>
<coordinates>139.251037,36.345052,-0.001000</coordinates>
</Point>
<ExtendedData>
	<Data name="IconNumber">
		<value>901001</value>
	</Data>
</ExtendedData>
</Placemark>
<Placemark>
<name>JZ0153</name>
<TimeStamp><when>2026-09-23T12:32:58Z</when></TimeStamp>
<styleUrl>#route</styleUrl>
<Point>
<coordinates>139.252056,36.344717,-0.001000</coordinates>
</Point>
<ExtendedData>
	<Data name="IconNumber">
		<value>901001</value>
	</Data>
</ExtendedData>
</Placemark>
<Placemark>
<name>JZ0154</name>
<TimeStamp><when>2026-09-23T12:33:08Z</when></TimeStamp>
<styleUrl>#route</styleUrl>
<Point>
<coordinates>139.253172,36.344434,-0.001000</coordinates>
</Point>
<ExtendedData>
	<Data name="IconNumber">
		<value>901001</value>
	</Data>
</ExtendedData>
</Placemark>
<Placemark>
<name>JZ0155</name>
<TimeStamp><when>2026-09-23T12:33:18Z</when></TimeStamp>
<styleUrl>#route</styleUrl>
<Point>
<coordinates>139.253955,36.344254,-0.001000</coordinates>
</Point>
<ExtendedData>
	<Data name="IconNumber">
		<value>901001</value>
	</Data>
</ExtendedData>
</Placemark>
<Placemark>
<name>JZ0156</name>
<TimeStamp><when>2026-09-23T12:33:28Z</when></TimeStamp>
<styleUrl>#route</styleUrl>
<Point>
<coordinates>139.254727,36.344108,-0.001000</coordinates>
</Point>
<ExtendedData>
	<Data name="IconNumber">
		<value>901001</value>
	</Data>
</ExtendedData>
</Placemark>
<Placemark>
<name>JZ0157</name>
<TimeStamp><when>2026-09-23T12:33:38Z</when></TimeStamp>
<styleUrl>#route</styleUrl>
<Point>
<coordinates>139.256240,36.343953,-0.001000</coordinates>
</Point>
<ExtendedData>
	<Data name="IconNumber">
		<value>901001</value>
	</Data>
</ExtendedData>
</Placemark>
<Placemark>
<name>JZ0158</name>
<TimeStamp><when>2026-09-23T12:33:48Z</when></TimeStamp>
<styleUrl>#route</styleUrl>
<Point>
<coordinates>139.256959,36.343884,-0.001000</coordinates>
</Point>
<ExtendedData>
	<Data name="IconNumber">
		<value>901001</value>
	</Data>
</ExtendedData>
</Placemark>
<Placemark>
<name>JZ0159</name>
<TimeStamp><when>2026-09-23T12:33:58Z</when></TimeStamp>
<styleUrl>#route</styleUrl>
<Point>
<coordinates>139.257807,36.343859,-0.001000</coordinates>
</Point>
<ExtendedData>
	<Data name="IconNumber">
		<value>901001</value>
	</Data>
</ExtendedData>
</Placemark>
<Placemark>
<name>JZ0160</name>
<TimeStamp><when>2026-09-23T12:34:08Z</when></TimeStamp>
<styleUrl>#route</styleUrl>
<Point>
<coordinates>139.258579,36.343884,-0.001000</coordinates>
</Point>
<ExtendedData>
	<Data name="IconNumber">
		<value>901001</value>
	</Data>
</ExtendedData>
</Placemark>
<Placemark>
<name>JZ0161</name>
<TimeStamp><when>2026-09-23T12:34:18Z</when></TimeStamp>
<styleUrl>#route</styleUrl>
<Point>
<coordinates>139.259437,36.343927,-0.001000</coordinates>
</Point>
<ExtendedData>
	<Data name="IconNumber">
		<value>901001</value>
	</Data>
</ExtendedData>
</Placemark>
<Placemark>
<name>JZ0162</name>
<TimeStamp><when>2026-09-23T12:34:28Z</when></TimeStamp>
<styleUrl>#route</styleUrl>
<Point>
<coordinates>139.260242,36.344030,-0.001000</coordinates>
</Point>
<ExtendedData>
	<Data name="IconNumber">
		<value>901001</value>
	</Data>
</ExtendedData>
</Placemark>
<Placemark>
<name>JZ0163</name>
<TimeStamp><when>2026-09-23T12:34:38Z</when></TimeStamp>
<styleUrl>#route</styleUrl>
<Point>
<coordinates>139.261154,36.344159,-0.001000</coordinates>
</Point>
<ExtendedData>
	<Data name="IconNumber">
		<value>901001</value>
	</Data>
</ExtendedData>
</Placemark>
<Placemark>
<name>JZ0164</name>
<TimeStamp><when>2026-09-23T12:34:48Z</when></TimeStamp>
<styleUrl>#route</styleUrl>
<Point>
<coordinates>139.261905,36.344296,-0.001000</coordinates>
</Point>
<ExtendedData>
	<Data name="IconNumber">
		<value>901001</value>
	</Data>
</ExtendedData>
</Placemark>
<Placemark>
<name>JZ0165</name>
<TimeStamp><when>2026-09-23T12:34:58Z</when></TimeStamp>
<styleUrl>#route</styleUrl>
<Point>
<coordinates>139.262667,36.344442,-0.001000</coordinates>
</Point>
<ExtendedData>
	<Data name="IconNumber">
		<value>901001</value>
	</Data>
</ExtendedData>
</Placemark>
<Placemark>
<name>JZ0166</name>
<TimeStamp><when>2026-09-23T12:35:08Z</when></TimeStamp>
<styleUrl>#route</styleUrl>
<Point>
<coordinates>139.263557,36.344674,-0.001000</coordinates>
</Point>
<ExtendedData>
	<Data name="IconNumber">
		<value>901001</value>
	</Data>
</ExtendedData>
</Placemark>
<Placemark>
<name>JZ0167</name>
<TimeStamp><when>2026-09-23T12:35:18Z</when></TimeStamp>
<styleUrl>#route</styleUrl>
<Point>
<coordinates>139.264373,36.344932,-0.001000</coordinates>
</Point>
<ExtendedData>
	<Data name="IconNumber">
		<value>901001</value>
	</Data>
</ExtendedData>
</Placemark>
<Placemark>
<name>JZ0168</name>
<TimeStamp><when>2026-09-23T12:35:28Z</when></TimeStamp>
<styleUrl>#route</styleUrl>
<Point>
<coordinates>139.265531,36.345292,-0.001000</coordinates>
</Point>
<ExtendedData>
	<Data name="IconNumber">
		<value>901001</value>
	</Data>
</ExtendedData>
</Placemark>
<Placemark>
<name>JZ0169</name>
<TimeStamp><when>2026-09-23T12:35:38Z</when></TimeStamp>
<styleUrl>#route</styleUrl>
<Point>
<coordinates>139.266486,36.345584,-0.001000</coordinates>
</Point>
<ExtendedData>
	<Data name="IconNumber">
		<value>901001</value>
	</Data>
</ExtendedData>
</Placemark>
<Placemark>
<name>JZ0170</name>
<TimeStamp><when>2026-09-23T12:35:48Z</when></TimeStamp>
<styleUrl>#route</styleUrl>
<Point>
<coordinates>139.267752,36.345962,-0.001000</coordinates>
</Point>
<ExtendedData>
	<Data name="IconNumber">
		<value>901001</value>
	</Data>
</ExtendedData>
</Placemark>
<Placemark>
<name>JZ0171</name>
<TimeStamp><when>2026-09-23T12:35:58Z</when></TimeStamp>
<styleUrl>#route</styleUrl>
<Point>
<coordinates>139.268568,36.346176,-0.001000</coordinates>
</Point>
<ExtendedData>
	<Data name="IconNumber">
		<value>901001</value>
	</Data>
</ExtendedData>
</Placemark>
<Placemark>
<name>JZ0172</name>
<TimeStamp><when>2026-09-23T12:36:08Z</when></TimeStamp>
<styleUrl>#route</styleUrl>
<Point>
<coordinates>139.269394,36.346399,-0.001000</coordinates>
</Point>
<ExtendedData>
	<Data name="IconNumber">
		<value>901001</value>
	</Data>
</ExtendedData>
</Placemark>
<Placemark>
<name>JZ0173</name>
<TimeStamp><when>2026-09-23T12:36:18Z</when></TimeStamp>
<styleUrl>#route</styleUrl>
<Point>
<coordinates>139.270080,36.346528,-0.001000</coordinates>
</Point>
<ExtendedData>
	<Data name="IconNumber">
		<value>901001</value>
	</Data>
</ExtendedData>
</Placemark>
<Placemark>
<name>JZ0174</name>
<TimeStamp><when>2026-09-23T12:36:28Z</when></TimeStamp>
<styleUrl>#route</styleUrl>
<Point>
<coordinates>139.271314,36.346743,-0.001000</coordinates>
</Point>
<ExtendedData>
	<Data name="IconNumber">
		<value>901001</value>
	</Data>
</ExtendedData>
</Placemark>
<Placemark>
<name>JZ0175</name>
<TimeStamp><when>2026-09-23T12:36:38Z</when></TimeStamp>
<styleUrl>#route</styleUrl>
<Point>
<coordinates>139.272795,36.346940,-0.001000</coordinates>
</Point>
<ExtendedData>
	<Data name="IconNumber">
		<value>901001</value>
	</Data>
</ExtendedData>
</Placemark>
<Placemark>
<name>JZ0176</name>
<TimeStamp><when>2026-09-23T12:36:48Z</when></TimeStamp>
<styleUrl>#route</styleUrl>
<Point>
<coordinates>139.274018,36.347060,-0.001000</coordinates>
</Point>
<ExtendedData>
	<Data name="IconNumber">
		<value>901001</value>
	</Data>
</ExtendedData>
</Placemark>
<Placemark>
<name>JZ0177</name>
<TimeStamp><when>2026-09-23T12:36:58Z</when></TimeStamp>
<styleUrl>#route</styleUrl>
<Point>
<coordinates>139.274447,36.347103,-0.001000</coordinates>
</Point>
<ExtendedData>
	<Data name="IconNumber">
		<value>901001</value>
	</Data>
</ExtendedData>
</Placemark>
<Placemark>
<name>JZ0178</name>
<TimeStamp><when>2026-09-23T12:37:08Z</when></TimeStamp>
<styleUrl>#route</styleUrl>
<Point>
<coordinates>139.275563,36.347129,-0.001000</coordinates>
</Point>
<ExtendedData>
	<Data name="IconNumber">
		<value>901001</value>
	</Data>
</ExtendedData>
</Placemark>
<Placemark>
<name>JZ0179</name>
<TimeStamp><when>2026-09-23T12:37:18Z</when></TimeStamp>
<styleUrl>#route</styleUrl>
<Point>
<coordinates>139.276593,36.347137,-0.001000</coordinates>
</Point>
<ExtendedData>
	<Data name="IconNumber">
		<value>901001</value>
	</Data>
</ExtendedData>
</Placemark>
<Placemark>
<name>JZ0180</name>
<TimeStamp><when>2026-09-23T12:37:28Z</when></TimeStamp>
<styleUrl>#route</styleUrl>
<Point>
<coordinates>139.277644,36.347120,-0.001000</coordinates>
</Point>
<ExtendedData>
	<Data name="IconNumber">
		<value>901001</value>
	</Data>
</ExtendedData>
</Placemark>
<Placemark>
<name>JZ0181</name>
<TimeStamp><when>2026-09-23T12:37:38Z</when></TimeStamp>
<styleUrl>#route</styleUrl>
<Point>
<coordinates>139.278256,36.347095,-0.001000</coordinates>
</Point>
<ExtendedData>
	<Data name="IconNumber">
		<value>901001</value>
	</Data>
</ExtendedData>
</Placemark>
<Placemark>
<name>JZ0182</name>
<TimeStamp><when>2026-09-23T12:37:48Z</when></TimeStamp>
<styleUrl>#route</styleUrl>
<Point>
<coordinates>139.279093,36.347026,-0.001000</coordinates>
</Point>
<ExtendedData>
	<Data name="IconNumber">
		<value>901001</value>
	</Data>
</ExtendedData>
</Placemark>
<Placemark>
<name>JZ0183</name>
<TimeStamp><when>2026-09-23T12:37:58Z</when></TimeStamp>
<styleUrl>#route</styleUrl>
<Point>
<coordinates>139.280005,36.346940,-0.001000</coordinates>
</Point>
<ExtendedData>
	<Data name="IconNumber">
		<value>901001</value>
	</Data>
</ExtendedData>
</Placemark>
<Placemark>
<name>JZ0184</name>
<TimeStamp><when>2026-09-23T12:38:08Z</when></TimeStamp>
<styleUrl>#route</styleUrl>
<Point>
<coordinates>139.281646,36.346700,-0.001000</coordinates>
</Point>
<ExtendedData>
	<Data name="IconNumber">
		<value>901001</value>
	</Data>
</ExtendedData>
</Placemark>
<Placemark>
<name>JZ0185</name>
<TimeStamp><when>2026-09-23T12:38:18Z</when></TimeStamp>
<styleUrl>#route</styleUrl>
<Point>
<coordinates>139.283899,36.346348,-0.001000</coordinates>
</Point>
<ExtendedData>
	<Data name="IconNumber">
		<value>901001</value>
	</Data>
</ExtendedData>
</Placemark>
<Placemark>
<name>JZ0186</name>
<TimeStamp><when>2026-09-23T12:38:28Z</when></TimeStamp>
<styleUrl>#route</styleUrl>
<Point>
<coordinates>139.286099,36.346013,-0.001000</coordinates>
</Point>
<ExtendedData>
	<Data name="IconNumber">
		<value>901001</value>
	</Data>
</ExtendedData>
</Placemark>
<Placemark>
<name>JZ0187</name>
<TimeStamp><when>2026-09-23T12:38:38Z</when></TimeStamp>
<styleUrl>#route</styleUrl>
<Point>
<coordinates>139.288319,36.345730,-0.001000</coordinates>
</Point>
<ExtendedData>
	<Data name="IconNumber">
		<value>901001</value>
	</Data>
</ExtendedData>
</Placemark>
<Placemark>
<name>JZ0188</name>
<TimeStamp><when>2026-09-23T12:38:48Z</when></TimeStamp>
<styleUrl>#route</styleUrl>
<Point>
<coordinates>139.290240,36.345610,-0.001000</coordinates>
</Point>
<ExtendedData>
	<Data name="IconNumber">
		<value>901001</value>
	</Data>
</ExtendedData>
</Placemark>
<Placemark>
<name>JZ0189</name>
<TimeStamp><when>2026-09-23T12:38:58Z</when></TimeStamp>
<styleUrl>#route</styleUrl>
<Point>
<coordinates>139.292225,36.345532,-0.001000</coordinates>
</Point>
<ExtendedData>
	<Data name="IconNumber">
		<value>901001</value>
	</Data>
</ExtendedData>
</Placemark>
<Placemark>
<name>JZ0190</name>
<TimeStamp><when>2026-09-23T12:39:08Z</when></TimeStamp>
<styleUrl>#route</styleUrl>
<Point>
<coordinates>139.293941,36.345515,-0.001000</coordinates>
</Point>
<ExtendedData>
	<Data name="IconNumber">
		<value>901001</value>
	</Data>
</ExtendedData>
</Placemark>
<Placemark>
<name>JZ0191</name>
<TimeStamp><when>2026-09-23T12:39:18Z</when></TimeStamp>
<styleUrl>#route</styleUrl>
<Point>
<coordinates>139.295615,36.345558,-0.001000</coordinates>
</Point>
<ExtendedData>
	<Data name="IconNumber">
		<value>901001</value>
	</Data>
</ExtendedData>
</Placemark>
<Placemark>
<name>JZ0192</name>
<TimeStamp><when>2026-09-23T12:39:28Z</when></TimeStamp>
<styleUrl>#route</styleUrl>
<Point>
<coordinates>139.297911,36.345704,-0.001000</coordinates>
</Point>
<ExtendedData>
	<Data name="IconNumber">
		<value>901001</value>
	</Data>
</ExtendedData>
</Placemark>
<Placemark>
<name>JZ0193</name>
<TimeStamp><when>2026-09-23T12:39:38Z</when></TimeStamp>
<styleUrl>#route</styleUrl>
<Point>
<coordinates>139.307181,36.346477,-0.001000</coordinates>
</Point>
<ExtendedData>
	<Data name="IconNumber">
		<value>901001</value>
	</Data>
</ExtendedData>
</Placemark>
<Placemark>
<name>JZ0194</name>
<TimeStamp><when>2026-09-23T12:39:48Z</when></TimeStamp>
<styleUrl>#route</styleUrl>
<Point>
<coordinates>139.315356,36.347137,-0.001000</coordinates>
</Point>
<ExtendedData>
	<Data name="IconNumber">
		<value>901001</value>
	</Data>
</ExtendedData>
</Placemark>
<Placemark>
<name>JZ0195</name>
<TimeStamp><when>2026-09-23T12:39:58Z</when></TimeStamp>
<styleUrl>#route</styleUrl>
<Point>
<coordinates>139.317008,36.347266,-0.001000</coordinates>
</Point>
<ExtendedData>
	<Data name="IconNumber">
		<value>901001</value>
	</Data>
</ExtendedData>
</Placemark>
<Placemark>
<name>JZ0196</name>
<TimeStamp><when>2026-09-23T12:40:08Z</when></TimeStamp>
<styleUrl>#route</styleUrl>
<Point>
<coordinates>139.317802,36.347318,-0.001000</coordinates>
</Point>
<ExtendedData>
	<Data name="IconNumber">
		<value>901001</value>
	</Data>
</ExtendedData>
</Placemark>
<Placemark>
<name>JZ0197</name>
<TimeStamp><when>2026-09-23T12:40:18Z</when></TimeStamp>
<styleUrl>#route</styleUrl>
<Point>
<coordinates>139.318693,36.347335,-0.001000</coordinates>
</Point>
<ExtendedData>
	<Data name="IconNumber">
		<value>901001</value>
	</Data>
</ExtendedData>
</Placemark>
<Placemark>
<name>JZ0198</name>
<TimeStamp><when>2026-09-23T12:40:28Z</when></TimeStamp>
<styleUrl>#route</styleUrl>
<Point>
<coordinates>139.320206,36.347326,-0.001000</coordinates>
</Point>
<ExtendedData>
	<Data name="IconNumber">
		<value>901001</value>
	</Data>
</ExtendedData>
</Placemark>
<Placemark>
<name>JZ0199</name>
<TimeStamp><when>2026-09-23T12:40:38Z</when></TimeStamp>
<styleUrl>#route</styleUrl>
<Point>
<coordinates>139.321418,36.347249,-0.001000</coordinates>
</Point>
<ExtendedData>
	<Data name="IconNumber">
		<value>901001</value>
	</Data>
</ExtendedData>
</Placemark>
<Placemark>
<name>JZ0200</name>
<TimeStamp><when>2026-09-23T12:40:48Z</when></TimeStamp>
<styleUrl>#route</styleUrl>
<Point>
<coordinates>139.322437,36.347155,-0.001000</coordinates>
</Point>
<ExtendedData>
	<Data name="IconNumber">
		<value>901001</value>
	</Data>
</ExtendedData>
</Placemark>
<Placemark>
<name>JZ0201</name>
<TimeStamp><when>2026-09-23T12:40:58Z</when></TimeStamp>
<styleUrl>#route</styleUrl>
<Point>
<coordinates>139.323371,36.347009,-0.001000</coordinates>
</Point>
<ExtendedData>
	<Data name="IconNumber">
		<value>901001</value>
	</Data>
</ExtendedData>
</Placemark>
<Placemark>
<name>JZ0202</name>
<TimeStamp><when>2026-09-23T12:41:08Z</when></TimeStamp>
<styleUrl>#route</styleUrl>
<Point>
<coordinates>139.325023,36.346717,-0.001000</coordinates>
</Point>
<ExtendedData>
	<Data name="IconNumber">
		<value>901001</value>
	</Data>
</ExtendedData>
</Placemark>
<Placemark>
<name>JZ0203</name>
<TimeStamp><when>2026-09-23T12:41:18Z</when></TimeStamp>
<styleUrl>#route</styleUrl>
<Point>
<coordinates>139.326815,36.346228,-0.001000</coordinates>
</Point>
<ExtendedData>
	<Data name="IconNumber">
		<value>901001</value>
	</Data>
</ExtendedData>
</Placemark>
<Placemark>
<name>JZ0204</name>
<TimeStamp><when>2026-09-23T12:41:28Z</when></TimeStamp>
<styleUrl>#route</styleUrl>
<Point>
<coordinates>139.327941,36.345893,-0.001000</coordinates>
</Point>
<ExtendedData>
	<Data name="IconNumber">
		<value>901001</value>
	</Data>
</ExtendedData>
</Placemark>
<Placemark>
<name>JZ0205</name>
<TimeStamp><when>2026-09-23T12:41:38Z</when></TimeStamp>
<styleUrl>#route</styleUrl>
<Point>
<coordinates>139.328885,36.345575,-0.001000</coordinates>
</Point>
<ExtendedData>
	<Data name="IconNumber">
		<value>901001</value>
	</Data>
</ExtendedData>
</Placemark>
<Placemark>
<name>JZ0206</name>
<TimeStamp><when>2026-09-23T12:41:48Z</when></TimeStamp>
<styleUrl>#route</styleUrl>
<Point>
<coordinates>139.330312,36.345069,-0.001000</coordinates>
</Point>
<ExtendedData>
	<Data name="IconNumber">
		<value>901001</value>
	</Data>
</ExtendedData>
</Placemark>
<Placemark>
<name>JZ0207</name>
<TimeStamp><when>2026-09-23T12:41:58Z</when></TimeStamp>
<styleUrl>#route</styleUrl>
<Point>
<coordinates>139.331632,36.344631,-0.001000</coordinates>
</Point>
<ExtendedData>
	<Data name="IconNumber">
		<value>901001</value>
	</Data>
</ExtendedData>
</Placemark>
<Placemark>
<name>JZ0208</name>
<TimeStamp><when>2026-09-23T12:42:08Z</when></TimeStamp>
<styleUrl>#route</styleUrl>
<Point>
<coordinates>139.332672,36.344339,-0.001000</coordinates>
</Point>
<ExtendedData>
	<Data name="IconNumber">
		<value>901001</value>
	</Data>
</ExtendedData>
</Placemark>
<Placemark>
<name>JZ0209</name>
<TimeStamp><when>2026-09-23T12:42:18Z</when></TimeStamp>
<styleUrl>#route</styleUrl>
<Point>
<coordinates>139.333702,36.344090,-0.001000</coordinates>
</Point>
<ExtendedData>
	<Data name="IconNumber">
		<value>901001</value>
	</Data>
</ExtendedData>
</Placemark>
<Placemark>
<name>JZ0210</name>
<TimeStamp><when>2026-09-23T12:42:28Z</when></TimeStamp>
<styleUrl>#route</styleUrl>
<Point>
<coordinates>139.334829,36.343850,-0.001000</coordinates>
</Point>
<ExtendedData>
	<Data name="IconNumber">
		<value>901001</value>
	</Data>
</ExtendedData>
</Placemark>
<Placemark>
<name>JZ0211</name>
<TimeStamp><when>2026-09-23T12:42:38Z</when></TimeStamp>
<styleUrl>#route</styleUrl>
<Point>
<coordinates>139.335891,36.343653,-0.001000</coordinates>
</Point>
<ExtendedData>
	<Data name="IconNumber">
		<value>901001</value>
	</Data>
</ExtendedData>
</Placemark>
<Placemark>
<name>JZ0212</name>
<TimeStamp><when>2026-09-23T12:42:48Z</when></TimeStamp>
<styleUrl>#route</styleUrl>
<Point>
<coordinates>139.336953,36.343472,-0.001000</coordinates>
</Point>
<ExtendedData>
	<Data name="IconNumber">
		<value>901001</value>
	</Data>
</ExtendedData>
</Placemark>
<Placemark>
<name>JZ0213</name>
<TimeStamp><when>2026-09-23T12:42:58Z</when></TimeStamp>
<styleUrl>#route</styleUrl>
<Point>
<coordinates>139.339035,36.343078,-0.001000</coordinates>
</Point>
<ExtendedData>
	<Data name="IconNumber">
		<value>901001</value>
	</Data>
</ExtendedData>
</Placemark>
<Placemark>
<name>JZ0214</name>
<TimeStamp><when>2026-09-23T12:43:08Z</when></TimeStamp>
<styleUrl>#route</styleUrl>
<Point>
<coordinates>139.339818,36.342906,-0.001000</coordinates>
</Point>
<ExtendedData>
	<Data name="IconNumber">
		<value>901001</value>
	</Data>
</ExtendedData>
</Placemark>
<Placemark>
<name>JZ0215</name>
<TimeStamp><when>2026-09-23T12:43:18Z</when></TimeStamp>
<styleUrl>#route</styleUrl>
<Point>
<coordinates>139.340462,36.342717,-0.001000</coordinates>
</Point>
<ExtendedData>
	<Data name="IconNumber">
		<value>901001</value>
	</Data>
</ExtendedData>
</Placemark>
<Placemark>
<name>JZ0216</name>
<TimeStamp><when>2026-09-23T12:43:28Z</when></TimeStamp>
<styleUrl>#route</styleUrl>
<Point>
<coordinates>139.341653,36.342340,-0.001000</coordinates>
</Point>
<ExtendedData>
	<Data name="IconNumber">
		<value>901001</value>
	</Data>
</ExtendedData>
</Placemark>
<Placemark>
<name>JZ0217</name>
<TimeStamp><when>2026-09-23T12:43:38Z</when></TimeStamp>
<styleUrl>#route</styleUrl>
<Point>
<coordinates>139.343187,36.341773,-0.001000</coordinates>
</Point>
<ExtendedData>
	<Data name="IconNumber">
		<value>901001</value>
	</Data>
</ExtendedData>
</Placemark>
<Placemark>
<name>JZ0218</name>
<TimeStamp><when>2026-09-23T12:43:48Z</when></TimeStamp>
<styleUrl>#route</styleUrl>
<Point>
<coordinates>139.344410,36.341215,-0.001000</coordinates>
</Point>
<ExtendedData>
	<Data name="IconNumber">
		<value>901001</value>
	</Data>
</ExtendedData>
</Placemark>
<Placemark>
<name>JZ0219</name>
<TimeStamp><when>2026-09-23T12:43:58Z</when></TimeStamp>
<styleUrl>#route</styleUrl>
<Point>
<coordinates>139.345139,36.340846,-0.001000</coordinates>
</Point>
<ExtendedData>
	<Data name="IconNumber">
		<value>901001</value>
	</Data>
</ExtendedData>
</Placemark>
<Placemark>
<name>JZ0220</name>
<TimeStamp><when>2026-09-23T12:44:08Z</when></TimeStamp>
<styleUrl>#route</styleUrl>
<Point>
<coordinates>139.346266,36.340202,-0.001000</coordinates>
</Point>
<ExtendedData>
	<Data name="IconNumber">
		<value>901001</value>
	</Data>
</ExtendedData>
</Placemark>
<Placemark>
<name>JZ0221</name>
<TimeStamp><when>2026-09-23T12:44:18Z</when></TimeStamp>
<styleUrl>#route</styleUrl>
<Point>
<coordinates>139.348567,36.338769,-0.001000</coordinates>
</Point>
<ExtendedData>
	<Data name="IconNumber">
		<value>901001</value>
	</Data>
</ExtendedData>
</Placemark>
<Placemark>
<name>JZ0222</name>
<TimeStamp><when>2026-09-23T12:44:28Z</when></TimeStamp>
<styleUrl>#route</styleUrl>
<Point>
<coordinates>139.349409,36.338258,-0.001000</coordinates>
</Point>
<ExtendedData>
	<Data name="IconNumber">
		<value>901001</value>
	</Data>
</ExtendedData>
</Placemark>
<Placemark>
<name>JZ0223</name>
<TimeStamp><when>2026-09-23T12:44:38Z</when></TimeStamp>
<styleUrl>#route</styleUrl>
<Point>
<coordinates>139.350284,36.337773,-0.001000</coordinates>
</Point>
<ExtendedData>
	<Data name="IconNumber">
		<value>901001</value>
	</Data>
</ExtendedData>
</Placemark>
<Placemark>
<name>JZ0224</name>
<TimeStamp><when>2026-09-23T12:44:48Z</when></TimeStamp>
<styleUrl>#route</styleUrl>
<Point>
<coordinates>139.350745,36.337546,-0.001000</coordinates>
</Point>
<ExtendedData>
	<Data name="IconNumber">
		<value>901001</value>
	</Data>
</ExtendedData>
</Placemark>
<Placemark>
<name>JZ0225</name>
<TimeStamp><when>2026-09-23T12:44:58Z</when></TimeStamp>
<styleUrl>#route</styleUrl>
<Point>
<coordinates>139.351019,36.337430,-0.001000</coordinates>
</Point>
<ExtendedData>
	<Data name="IconNumber">
		<value>901001</value>
	</Data>
</ExtendedData>
</Placemark>
<Placemark>
<name>JZ0226</name>
<TimeStamp><when>2026-09-23T12:45:08Z</when></TimeStamp>
<styleUrl>#route</styleUrl>
<Point>
<coordinates>139.351491,36.337237,-0.001000</coordinates>
</Point>
<ExtendedData>
	<Data name="IconNumber">
		<value>901001</value>
	</Data>
</ExtendedData>
</Placemark>
<Placemark>
<name>JZ0227</name>
<TimeStamp><when>2026-09-23T12:45:18Z</when></TimeStamp>
<styleUrl>#route</styleUrl>
<Point>
<coordinates>139.352231,36.336962,-0.001000</coordinates>
</Point>
<ExtendedData>
	<Data name="IconNumber">
		<value>901001</value>
	</Data>
</ExtendedData>
</Placemark>
<Placemark>
<name>JZ0228</name>
<TimeStamp><when>2026-09-23T12:45:28Z</when></TimeStamp>
<styleUrl>#route</styleUrl>
<Point>
<coordinates>139.353207,36.336679,-0.001000</coordinates>
</Point>
<ExtendedData>
	<Data name="IconNumber">
		<value>901001</value>
	</Data>
</ExtendedData>
</Placemark>
<Placemark>
<name>JZ0229</name>
<TimeStamp><when>2026-09-23T12:45:38Z</when></TimeStamp>
<styleUrl>#route</styleUrl>
<Point>
<coordinates>139.353948,36.336490,-0.001000</coordinates>
</Point>
<ExtendedData>
	<Data name="IconNumber">
		<value>901001</value>
	</Data>
</ExtendedData>
</Placemark>
<Placemark>
<name>JZ0230</name>
<TimeStamp><when>2026-09-23T12:45:48Z</when></TimeStamp>
<styleUrl>#route</styleUrl>
<Point>
<coordinates>139.355096,36.336267,-0.001000</coordinates>
</Point>
<ExtendedData>
	<Data name="IconNumber">
		<value>901001</value>
	</Data>
</ExtendedData>
</Placemark>
<Placemark>
<name>JZ0231</name>
<TimeStamp><when>2026-09-23T12:45:58Z</when></TimeStamp>
<styleUrl>#route</styleUrl>
<Point>
<coordinates>139.356351,36.336121,-0.001000</coordinates>
</Point>
<ExtendedData>
	<Data name="IconNumber">
		<value>901001</value>
	</Data>
</ExtendedData>
</Placemark>
<Placemark>
<name>JZ0232</name>
<TimeStamp><when>2026-09-23T12:46:08Z</when></TimeStamp>
<styleUrl>#route</styleUrl>
<Point>
<coordinates>139.357134,36.336095,-0.001000</coordinates>
</Point>
<ExtendedData>
	<Data name="IconNumber">
		<value>901001</value>
	</Data>
</ExtendedData>
</Placemark>
<Placemark>
<name>JZ0233</name>
<TimeStamp><when>2026-09-23T12:46:18Z</when></TimeStamp>
<styleUrl>#route</styleUrl>
<Point>
<coordinates>139.358175,36.336061,-0.001000</coordinates>
</Point>
<ExtendedData>
	<Data name="IconNumber">
		<value>901001</value>
	</Data>
</ExtendedData>
</Placemark>
<Placemark>
<name>JZ0234</name>
<TimeStamp><when>2026-09-23T12:46:28Z</when></TimeStamp>
<styleUrl>#route</styleUrl>
<Point>
<coordinates>139.359323,36.336147,-0.001000</coordinates>
</Point>
<ExtendedData>
	<Data name="IconNumber">
		<value>901001</value>
	</Data>
</ExtendedData>
</Placemark>
<Placemark>
<name>JZ0235</name>
<TimeStamp><when>2026-09-23T12:46:38Z</when></TimeStamp>
<styleUrl>#route</styleUrl>
<Point>
<coordinates>139.360525,36.336250,-0.001000</coordinates>
</Point>
<ExtendedData>
	<Data name="IconNumber">
		<value>901001</value>
	</Data>
</ExtendedData>
</Placemark>
<Placemark>
<name>JZ0236</name>
<TimeStamp><when>2026-09-23T12:46:48Z</when></TimeStamp>
<styleUrl>#route</styleUrl>
<Point>
<coordinates>139.363421,36.336567,-0.001000</coordinates>
</Point>
<ExtendedData>
	<Data name="IconNumber">
		<value>901001</value>
	</Data>
</ExtendedData>
</Placemark>
<Placemark>
<name>JZ0237</name>
<TimeStamp><when>2026-09-23T12:46:58Z</when></TimeStamp>
<styleUrl>#route</styleUrl>
<Point>
<coordinates>139.364355,36.336627,-0.001000</coordinates>
</Point>
<ExtendedData>
	<Data name="IconNumber">
		<value>901001</value>
	</Data>
</ExtendedData>
</Placemark>
<Placemark>
<name>JZ0238</name>
<TimeStamp><when>2026-09-23T12:47:08Z</when></TimeStamp>
<styleUrl>#route</styleUrl>
<Point>
<coordinates>139.365599,36.336619,-0.001000</coordinates>
</Point>
<ExtendedData>
	<Data name="IconNumber">
		<value>901001</value>
	</Data>
</ExtendedData>
</Placemark>
<Placemark>
<name>JZ0239</name>
<TimeStamp><when>2026-09-23T12:47:18Z</when></TimeStamp>
<styleUrl>#route</styleUrl>
<Point>
<coordinates>139.366726,36.336524,-0.001000</coordinates>
</Point>
<ExtendedData>
	<Data name="IconNumber">
		<value>901001</value>
	</Data>
</ExtendedData>
</Placemark>
<Placemark>
<name>JZ0240</name>
<TimeStamp><when>2026-09-23T12:47:28Z</when></TimeStamp>
<styleUrl>#route</styleUrl>
<Point>
<coordinates>139.367874,36.336310,-0.001000</coordinates>
</Point>
<ExtendedData>
	<Data name="IconNumber">
		<value>901001</value>
	</Data>
</ExtendedData>
</Placemark>
<Placemark>
<name>JZ0241</name>
<TimeStamp><when>2026-09-23T12:47:38Z</when></TimeStamp>
<styleUrl>#route</styleUrl>
<Point>
<coordinates>139.368743,36.336095,-0.001000</coordinates>
</Point>
<ExtendedData>
	<Data name="IconNumber">
		<value>901001</value>
	</Data>
</ExtendedData>
</Placemark>
<Placemark>
<name>JZ0242</name>
<TimeStamp><when>2026-09-23T12:47:48Z</when></TimeStamp>
<styleUrl>#route</styleUrl>
<Point>
<coordinates>139.369258,36.335924,-0.001000</coordinates>
</Point>
<ExtendedData>
	<Data name="IconNumber">
		<value>901001</value>
	</Data>
</ExtendedData>
</Placemark>
<Placemark>
<name>JZ0243</name>
<TimeStamp><when>2026-09-23T12:47:58Z</when></TimeStamp>
<styleUrl>#route</styleUrl>
<Point>
<coordinates>139.369794,36.335701,-0.001000</coordinates>
</Point>
<ExtendedData>
	<Data name="IconNumber">
		<value>901001</value>
	</Data>
</ExtendedData>
</Placemark>
<Placemark>
<name>JZ0244</name>
<TimeStamp><when>2026-09-23T12:48:08Z</when></TimeStamp>
<styleUrl>#route</styleUrl>
<Point>
<coordinates>139.370706,36.335306,-0.001000</coordinates>
</Point>
<ExtendedData>
	<Data name="IconNumber">
		<value>901001</value>
	</Data>
</ExtendedData>
</Placemark>
<Placemark>
<name>JZ0245</name>
<TimeStamp><when>2026-09-23T12:48:18Z</when></TimeStamp>
<styleUrl>#route</styleUrl>
<Point>
<coordinates>139.371393,36.334980,-0.001000</coordinates>
</Point>
<ExtendedData>
	<Data name="IconNumber">
		<value>901001</value>
	</Data>
</ExtendedData>
</Placemark>
<Placemark>
<name>JZ0246</name>
<TimeStamp><when>2026-09-23T12:48:28Z</when></TimeStamp>
<styleUrl>#route</styleUrl>
<Point>
<coordinates>139.372734,36.334224,-0.001000</coordinates>
</Point>
<ExtendedData>
	<Data name="IconNumber">
		<value>901001</value>
	</Data>
</ExtendedData>
</Placemark>
<Placemark>
<name>JZ0247</name>
<TimeStamp><when>2026-09-23T12:48:38Z</when></TimeStamp>
<styleUrl>#route</styleUrl>
<Point>
<coordinates>139.377798,36.331495,-0.001000</coordinates>
</Point>
<ExtendedData>
	<Data name="IconNumber">
		<value>901001</value>
	</Data>
</ExtendedData>
</Placemark>
<Placemark>
<name>JZ0248</name>
<TimeStamp><when>2026-09-23T12:48:48Z</when></TimeStamp>
<styleUrl>#route</styleUrl>
<Point>
<coordinates>139.378570,36.331143,-0.001000</coordinates>
</Point>
<ExtendedData>
	<Data name="IconNumber">
		<value>901001</value>
	</Data>
</ExtendedData>
</Placemark>
<Placemark>
<name>JZ0249</name>
<TimeStamp><when>2026-09-23T12:48:58Z</when></TimeStamp>
<styleUrl>#route</styleUrl>
<Point>
<coordinates>139.379515,36.330774,-0.001000</coordinates>
</Point>
<ExtendedData>
	<Data name="IconNumber">
		<value>901001</value>
	</Data>
</ExtendedData>
</Placemark>
<Placemark>
<name>JZ0250</name>
<TimeStamp><when>2026-09-23T12:49:08Z</when></TimeStamp>
<styleUrl>#route</styleUrl>
<Point>
<coordinates>139.380287,36.330516,-0.001000</coordinates>
</Point>
<ExtendedData>
	<Data name="IconNumber">
		<value>901001</value>
	</Data>
</ExtendedData>
</Placemark>
<Placemark>
<name>JZ0251</name>
<TimeStamp><when>2026-09-23T12:49:18Z</when></TimeStamp>
<styleUrl>#route</styleUrl>
<Point>
<coordinates>139.381102,36.330293,-0.001000</coordinates>
</Point>
<ExtendedData>
	<Data name="IconNumber">
		<value>901001</value>
	</Data>
</ExtendedData>
</Placemark>
<Placemark>
<name>JZ0252</name>
<TimeStamp><when>2026-09-23T12:49:28Z</when></TimeStamp>
<styleUrl>#route</styleUrl>
<Point>
<coordinates>139.381929,36.330122,-0.001000</coordinates>
</Point>
<ExtendedData>
	<Data name="IconNumber">
		<value>901001</value>
	</Data>
</ExtendedData>
</Placemark>
<Placemark>
<name>JZ0253</name>
<TimeStamp><when>2026-09-23T12:49:38Z</when></TimeStamp>
<styleUrl>#route</styleUrl>
<Point>
<coordinates>139.382926,36.329976,-0.001000</coordinates>
</Point>
<ExtendedData>
	<Data name="IconNumber">
		<value>901001</value>
	</Data>
</ExtendedData>
</Placemark>
<Placemark>
<name>JZ0254</name>
<TimeStamp><when>2026-09-23T12:49:48Z</when></TimeStamp>
<styleUrl>#route</styleUrl>
<Point>
<coordinates>139.383645,36.329916,-0.001000</coordinates>
</Point>
<ExtendedData>
	<Data name="IconNumber">
		<value>901001</value>
	</Data>
</ExtendedData>
</Placemark>
<Placemark>
<name>JZ0255</name>
<TimeStamp><when>2026-09-23T12:49:58Z</when></TimeStamp>
<styleUrl>#route</styleUrl>
<Point>
<coordinates>139.384471,36.329873,-0.001000</coordinates>
</Point>
<ExtendedData>
	<Data name="IconNumber">
		<value>901001</value>
	</Data>
</ExtendedData>
</Placemark>
<Placemark>
<name>JZ0256</name>
<TimeStamp><when>2026-09-23T12:50:08Z</when></TimeStamp>
<styleUrl>#route</styleUrl>
<Point>
<coordinates>139.384874,36.329881,-0.001000</coordinates>
</Point>
<ExtendedData>
	<Data name="IconNumber">
		<value>901001</value>
	</Data>
</ExtendedData>
</Placemark>
<Placemark>
<name>JZ0257</name>
<TimeStamp><when>2026-09-23T12:50:18Z</when></TimeStamp>
<styleUrl>#route</styleUrl>
<Point>
<coordinates>139.385340,36.329898,-0.001000</coordinates>
</Point>
<ExtendedData>
	<Data name="IconNumber">
		<value>901001</value>
	</Data>
</ExtendedData>
</Placemark>
<Placemark>
<name>JZ0258</name>
<TimeStamp><when>2026-09-23T12:50:28Z</when></TimeStamp>
<styleUrl>#route</styleUrl>
<Point>
<coordinates>139.385759,36.329967,-0.001000</coordinates>
</Point>
<ExtendedData>
	<Data name="IconNumber">
		<value>901001</value>
	</Data>
</ExtendedData>
</Placemark>
<Placemark>
<name>JZ0259</name>
<TimeStamp><when>2026-09-23T12:50:38Z</when></TimeStamp>
<styleUrl>#route</styleUrl>
<Point>
<coordinates>139.386521,36.330040,-0.001000</coordinates>
</Point>
<ExtendedData>
	<Data name="IconNumber">
		<value>901001</value>
	</Data>
</ExtendedData>
</Placemark>
<Placemark>
<name>JZ0260</name>
<TimeStamp><when>2026-09-23T12:50:48Z</when></TimeStamp>
<styleUrl>#route</styleUrl>
<Point>
<coordinates>139.386757,36.330091,-0.001000</coordinates>
</Point>
<ExtendedData>
	<Data name="IconNumber">
		<value>901001</value>
	</Data>
</ExtendedData>
</Placemark>
<Placemark>
<name>JZ0261</name>
<TimeStamp><when>2026-09-23T12:50:58Z</when></TimeStamp>
<styleUrl>#route</styleUrl>
<Point>
<coordinates>139.386939,36.330160,-0.001000</coordinates>
</Point>
<ExtendedData>
	<Data name="IconNumber">
		<value>901001</value>
	</Data>
</ExtendedData>
</Placemark>
<Placemark>
<name>JZ0262</name>
<TimeStamp><when>2026-09-23T12:51:08Z</when></TimeStamp>
<styleUrl>#route</styleUrl>
<Point>
<coordinates>139.387068,36.330242,-0.001000</coordinates>
</Point>
<ExtendedData>
	<Data name="IconNumber">
		<value>901001</value>
	</Data>
</ExtendedData>
</Placemark>
<Placemark>
<name>JZ0263</name>
<TimeStamp><when>2026-09-23T12:51:18Z</when></TimeStamp>
<styleUrl>#route</styleUrl>
<Point>
<coordinates>139.387196,36.330328,-0.001000</coordinates>
</Point>
<ExtendedData>
	<Data name="IconNumber">
		<value>901001</value>
	</Data>
</ExtendedData>
</Placemark>
<Placemark>
<name>JZ0264</name>
<TimeStamp><when>2026-09-23T12:51:28Z</when></TimeStamp>
<styleUrl>#route</styleUrl>
<Point>
<coordinates>139.387293,36.330443,-0.001000</coordinates>
</Point>
<ExtendedData>
	<Data name="IconNumber">
		<value>901001</value>
	</Data>
</ExtendedData>
</Placemark>
<Placemark>
<name>JZ0265</name>
<TimeStamp><when>2026-09-23T12:51:38Z</when></TimeStamp>
<styleUrl>#route</styleUrl>
<Point>
<coordinates>139.387400,36.330594,-0.001000</coordinates>
</Point>
<ExtendedData>
	<Data name="IconNumber">
		<value>901001</value>
	</Data>
</ExtendedData>
</Placemark>
<Placemark>
<name>JZ0266</name>
<TimeStamp><when>2026-09-23T12:51:48Z</when></TimeStamp>
<styleUrl>#route</styleUrl>
<Point>
<coordinates>139.387561,36.330894,-0.001000</coordinates>
</Point>
<ExtendedData>
	<Data name="IconNumber">
		<value>901001</value>
	</Data>
</ExtendedData>
</Placemark>
<Placemark>
<name>JZ0267</name>
<TimeStamp><when>2026-09-23T12:51:58Z</when></TimeStamp>
<styleUrl>#route</styleUrl>
<Point>
<coordinates>139.387652,36.331023,-0.001000</coordinates>
</Point>
<ExtendedData>
	<Data name="IconNumber">
		<value>901001</value>
	</Data>
</ExtendedData>
</Placemark>
<Placemark>
<name>JZ0268</name>
<TimeStamp><when>2026-09-23T12:52:08Z</when></TimeStamp>
<styleUrl>#route</styleUrl>
<Point>
<coordinates>139.387760,36.331143,-0.001000</coordinates>
</Point>
<ExtendedData>
	<Data name="IconNumber">
		<value>901001</value>
	</Data>
</ExtendedData>
</Placemark>
<Placemark>
<name>JZ0269</name>
<TimeStamp><when>2026-09-23T12:52:18Z</when></TimeStamp>
<styleUrl>#route</styleUrl>
<Point>
<coordinates>139.387910,36.331259,-0.001000</coordinates>
</Point>
<ExtendedData>
	<Data name="IconNumber">
		<value>901001</value>
	</Data>
</ExtendedData>
</Placemark>
<Placemark>
<name>JZ0270</name>
<TimeStamp><when>2026-09-23T12:52:28Z</when></TimeStamp>
<styleUrl>#route</styleUrl>
<Point>
<coordinates>139.388098,36.331340,-0.001000</coordinates>
</Point>
<ExtendedData>
	<Data name="IconNumber">
		<value>901001</value>
	</Data>
</ExtendedData>
</Placemark>
<Placemark>
<name>JZ0271</name>
<TimeStamp><when>2026-09-23T12:52:38Z</when></TimeStamp>
<styleUrl>#route</styleUrl>
<Point>
<coordinates>139.388344,36.331362,-0.001000</coordinates>
</Point>
<ExtendedData>
	<Data name="IconNumber">
		<value>901001</value>
	</Data>
</ExtendedData>
</Placemark>
<Placemark>
<name>JZ0272</name>
<TimeStamp><when>2026-09-23T12:52:48Z</when></TimeStamp>
<styleUrl>#route</styleUrl>
<Point>
<coordinates>139.388473,36.331349,-0.001000</coordinates>
</Point>
<ExtendedData>
	<Data name="IconNumber">
		<value>901001</value>
	</Data>
</ExtendedData>
</Placemark>
<Placemark>
<name>JZ0273</name>
<TimeStamp><when>2026-09-23T12:52:58Z</when></TimeStamp>
<styleUrl>#route</styleUrl>
<Point>
<coordinates>139.388666,36.331285,-0.001000</coordinates>
</Point>
<ExtendedData>
	<Data name="IconNumber">
		<value>901001</value>
	</Data>
</ExtendedData>
</Placemark>
<Placemark>
<name>JZ0274</name>
<TimeStamp><when>2026-09-23T12:53:08Z</when></TimeStamp>
<styleUrl>#route</styleUrl>
<Point>
<coordinates>139.388838,36.331164,-0.001000</coordinates>
</Point>
<ExtendedData>
	<Data name="IconNumber">
		<value>901001</value>
	</Data>
</ExtendedData>
</Placemark>
<Placemark>
<name>JZ0275</name>
<TimeStamp><when>2026-09-23T12:53:18Z</when></TimeStamp>
<styleUrl>#route</styleUrl>
<Point>
<coordinates>139.388956,36.331023,-0.001000</coordinates>
</Point>
<ExtendedData>
	<Data name="IconNumber">
		<value>901001</value>
	</Data>
</ExtendedData>
</Placemark>
<Placemark>
<name>JZ0276</name>
<TimeStamp><when>2026-09-23T12:53:28Z</when></TimeStamp>
<styleUrl>#route</styleUrl>
<Point>
<coordinates>139.389095,36.330739,-0.001000</coordinates>
</Point>
<ExtendedData>
	<Data name="IconNumber">
		<value>901001</value>
	</Data>
</ExtendedData>
</Placemark>
<Placemark>
<name>JZ0277</name>
<TimeStamp><when>2026-09-23T12:53:38Z</when></TimeStamp>
<styleUrl>#route</styleUrl>
<Point>
<coordinates>139.389267,36.330302,-0.001000</coordinates>
</Point>
<ExtendedData>
	<Data name="IconNumber">
		<value>901001</value>
	</Data>
</ExtendedData>
</Placemark>
<Placemark>
<name>JZ0278</name>
<TimeStamp><when>2026-09-23T12:53:48Z</when></TimeStamp>
<styleUrl>#route</styleUrl>
<Point>
<coordinates>139.389374,36.330053,-0.001000</coordinates>
</Point>
<ExtendedData>
	<Data name="IconNumber">
		<value>901001</value>
	</Data>
</ExtendedData>
</Placemark>
<Placemark>
<name>JZ0279</name>
<TimeStamp><when>2026-09-23T12:53:58Z</when></TimeStamp>
<styleUrl>#route</styleUrl>
<Point>
<coordinates>139.389621,36.329662,-0.001000</coordinates>
</Point>
<ExtendedData>
	<Data name="IconNumber">
		<value>901001</value>
	</Data>
</ExtendedData>
</Placemark>
<Placemark>
<name>JZ0280</name>
<TimeStamp><when>2026-09-23T12:54:08Z</when></TimeStamp>
<styleUrl>#route</styleUrl>
<Point>
<coordinates>139.389782,36.329448,-0.001000</coordinates>
</Point>
<ExtendedData>
	<Data name="IconNumber">
		<value>901001</value>
	</Data>
</ExtendedData>
</Placemark>
<Placemark>
<name>IN0118</name>
<TimeStamp><when>2026-09-23T12:54:18Z</when></TimeStamp>
<styleUrl>#route</styleUrl>
<Point>
<coordinates>139.389978,36.329276,-0.001000</coordinates>
</Point>
<ExtendedData>
	<Data name="IconNumber">
		<value>901001</value>
	</Data>
</ExtendedData>
</Placemark>
</Folder>
<Placemark>
<name>Path</name>
<Style>
<LineStyle>
 <color>ff0000ff</color>
 <width>2</width>
</LineStyle>
</Style>
<LineString>
<tessellate>1</tessellate>
<coordinates>
139.079472,36.318440,-0.001000
139.078995,36.318633,-0.001000
139.078651,36.318822,-0.001000
139.078201,36.319006,-0.001000
139.077873,36.319114,-0.001000
139.077337,36.319251,-0.001000
139.077004,36.319367,-0.001000
139.076774,36.319487,-0.001000
139.076559,36.319616,-0.001000
139.076361,36.319805,-0.001000
139.076248,36.319938,-0.001000
139.076135,36.320114,-0.001000
139.076098,36.320217,-0.001000
139.076044,36.320414,-0.001000
139.076023,36.320594,-0.001000
139.076028,36.320740,-0.001000
139.076039,36.320890,-0.001000
139.076108,36.321341,-0.001000
139.076243,36.322122,-0.001000
139.076302,36.322508,-0.001000
139.076613,36.324431,-0.001000
139.076640,36.324628,-0.001000
139.076704,36.325002,-0.001000
139.076876,36.325577,-0.001000
139.077096,36.326246,-0.001000
139.077584,36.327328,-0.001000
139.078002,36.327971,-0.001000
139.078463,36.328589,-0.001000
139.078742,36.328933,-0.001000
139.079118,36.329319,-0.001000
139.079429,36.329619,-0.001000
139.079880,36.330014,-0.001000
139.080716,36.330641,-0.001000
139.081618,36.331216,-0.001000
139.082734,36.331817,-0.001000
139.083141,36.332006,-0.001000
139.083967,36.332340,-0.001000
139.085008,36.332666,-0.001000
139.086102,36.332950,-0.001000
139.087111,36.333121,-0.001000
139.088141,36.333241,-0.001000
139.089257,36.333327,-0.001000
139.090737,36.333379,-0.001000
139.092518,36.333473,-0.001000
139.095758,36.333628,-0.001000
139.096917,36.333671,-0.001000
139.098151,36.333748,-0.001000
139.099202,36.333834,-0.001000
139.100865,36.333980,-0.001000
139.102636,36.334134,-0.001000
139.104116,36.334332,-0.001000
139.105339,36.334503,-0.001000
139.107474,36.334864,-0.001000
139.108590,36.335061,-0.001000
139.109684,36.335284,-0.001000
139.111723,36.335679,-0.001000
139.112796,36.335868,-0.001000
139.114180,36.336082,-0.001000
139.115499,36.336263,-0.001000
139.116701,36.336400,-0.001000
139.118804,36.336589,-0.001000
139.119984,36.336658,-0.001000
139.122194,36.336743,-0.001000
139.124469,36.336795,-0.001000
139.125348,36.336838,-0.001000
139.126142,36.336915,-0.001000
139.126786,36.336975,-0.001000
139.127956,36.337155,-0.001000
139.128835,36.337327,-0.001000
139.130187,36.337653,-0.001000
139.130960,36.337893,-0.001000
139.131839,36.338202,-0.001000
139.132612,36.338529,-0.001000
139.133427,36.338889,-0.001000
139.134554,36.339524,-0.001000
139.135380,36.340091,-0.001000
139.136034,36.340597,-0.001000
139.136399,36.340906,-0.001000
139.137054,36.341516,-0.001000
139.137483,36.341953,-0.001000
139.137912,36.342468,-0.001000
139.138427,36.343112,-0.001000
139.139232,36.344185,-0.001000
139.139661,36.344760,-0.001000
139.140144,36.345335,-0.001000
139.140916,36.346168,-0.001000
139.141570,36.346760,-0.001000
139.142397,36.347421,-0.001000
139.143083,36.347927,-0.001000
139.144060,36.348519,-0.001000
139.144617,36.348845,-0.001000
139.145208,36.349137,-0.001000
139.146130,36.349541,-0.001000
139.146924,36.349858,-0.001000
139.147493,36.350081,-0.001000
139.148083,36.350262,-0.001000
139.148877,36.350476,-0.001000
139.149875,36.350691,-0.001000
139.150851,36.350854,-0.001000
139.152117,36.351008,-0.001000
139.153093,36.351077,-0.001000
139.154960,36.351163,-0.001000
139.165152,36.351498,-0.001000
139.177104,36.351850,-0.001000
139.178617,36.351927,-0.001000
139.179497,36.351978,-0.001000
139.180677,36.352090,-0.001000
139.181836,36.352244,-0.001000
139.182512,36.352330,-0.001000
139.183381,36.352485,-0.001000
139.184969,36.352785,-0.001000
139.185720,36.352965,-0.001000
139.186803,36.353231,-0.001000
139.187340,36.353377,-0.001000
139.188852,36.353772,-0.001000
139.191513,36.354485,-0.001000
139.192500,36.354716,-0.001000
139.193165,36.354871,-0.001000
139.193777,36.355008,-0.001000
139.194732,36.355180,-0.001000
139.195880,36.355377,-0.001000
139.196985,36.355540,-0.001000
139.198047,36.355660,-0.001000
139.199710,36.355824,-0.001000
139.200922,36.355918,-0.001000
139.202510,36.355995,-0.001000
139.203744,36.356030,-0.001000
139.205310,36.356072,-0.001000
139.207306,36.356021,-0.001000
139.209312,36.355969,-0.001000
139.211083,36.355858,-0.001000
139.212638,36.355729,-0.001000
139.214290,36.355575,-0.001000
139.216007,36.355386,-0.001000
139.217230,36.355214,-0.001000
139.219644,36.354836,-0.001000
139.221425,36.354493,-0.001000
139.222992,36.354167,-0.001000
139.224794,36.353755,-0.001000
139.227036,36.353180,-0.001000
139.233302,36.351480,-0.001000
139.235469,36.350888,-0.001000
139.239428,36.349704,-0.001000
139.240930,36.349180,-0.001000
139.241982,36.348811,-0.001000
139.242936,36.348459,-0.001000
139.243977,36.348039,-0.001000
139.244986,36.347644,-0.001000
139.247528,36.346528,-0.001000
139.248569,36.346056,-0.001000
139.249975,36.345455,-0.001000
139.251037,36.345052,-0.001000
139.252056,36.344717,-0.001000
139.253172,36.344434,-0.001000
139.253955,36.344254,-0.001000
139.254727,36.344108,-0.001000
139.256240,36.343953,-0.001000
139.256959,36.343884,-0.001000
139.257807,36.343859,-0.001000
139.258579,36.343884,-0.001000
139.259437,36.343927,-0.001000
139.260242,36.344030,-0.001000
139.261154,36.344159,-0.001000
139.261905,36.344296,-0.001000
139.262667,36.344442,-0.001000
139.263557,36.344674,-0.001000
139.264373,36.344932,-0.001000
139.265531,36.345292,-0.001000
139.266486,36.345584,-0.001000
139.267752,36.345962,-0.001000
139.268568,36.346176,-0.001000
139.269394,36.346399,-0.001000
139.270080,36.346528,-0.001000
139.271314,36.346743,-0.001000
139.272795,36.346940,-0.001000
139.274018,36.347060,-0.001000
139.274447,36.347103,-0.001000
139.275563,36.347129,-0.001000
139.276593,36.347137,-0.001000
139.277644,36.347120,-0.001000
139.278256,36.347095,-0.001000
139.279093,36.347026,-0.001000
139.280005,36.346940,-0.001000
139.281646,36.346700,-0.001000
139.283899,36.346348,-0.001000
139.286099,36.346013,-0.001000
139.288319,36.345730,-0.001000
139.290240,36.345610,-0.001000
139.292225,36.345532,-0.001000
139.293941,36.345515,-0.001000
139.295615,36.345558,-0.001000
139.297911,36.345704,-0.001000
139.307181,36.346477,-0.001000
139.315356,36.347137,-0.001000
139.317008,36.347266,-0.001000
139.317802,36.347318,-0.001000
139.318693,36.347335,-0.001000
139.320206,36.347326,-0.001000
139.321418,36.347249,-0.001000
139.322437,36.347155,-0.001000
139.323371,36.347009,-0.001000
139.325023,36.346717,-0.001000
139.326815,36.346228,-0.001000
139.327941,36.345893,-0.001000
139.328885,36.345575,-0.001000
139.330312,36.345069,-0.001000
139.331632,36.344631,-0.001000
139.332672,36.344339,-0.001000
139.333702,36.344090,-0.001000
139.334829,36.343850,-0.001000
139.335891,36.343653,-0.001000
139.336953,36.343472,-0.001000
139.339035,36.343078,-0.001000
139.339818,36.342906,-0.001000
139.340462,36.342717,-0.001000
139.341653,36.342340,-0.001000
139.343187,36.341773,-0.001000
139.344410,36.341215,-0.001000
139.345139,36.340846,-0.001000
139.346266,36.340202,-0.001000
139.348567,36.338769,-0.001000
139.349409,36.338258,-0.001000
139.350284,36.337773,-0.001000
139.350745,36.337546,-0.001000
139.351019,36.337430,-0.001000
139.351491,36.337237,-0.001000
139.352231,36.336962,-0.001000
139.353207,36.336679,-0.001000
139.353948,36.336490,-0.001000
139.355096,36.336267,-0.001000
139.356351,36.336121,-0.001000
139.357134,36.336095,-0.001000
139.358175,36.336061,-0.001000
139.359323,36.336147,-0.001000
139.360525,36.336250,-0.001000
139.363421,36.336567,-0.001000
139.364355,36.336627,-0.001000
139.365599,36.336619,-0.001000
139.366726,36.336524,-0.001000
139.367874,36.336310,-0.001000
139.368743,36.336095,-0.001000
139.369258,36.335924,-0.001000
139.369794,36.335701,-0.001000
139.370706,36.335306,-0.001000
139.371393,36.334980,-0.001000
139.372734,36.334224,-0.001000
139.377798,36.331495,-0.001000
139.378570,36.331143,-0.001000
139.379515,36.330774,-0.001000
139.380287,36.330516,-0.001000
139.381102,36.330293,-0.001000
139.381929,36.330122,-0.001000
139.382926,36.329976,-0.001000
139.383645,36.329916,-0.001000
139.384471,36.329873,-0.001000
139.384874,36.329881,-0.001000
139.385340,36.329898,-0.001000
139.385759,36.329967,-0.001000
139.386521,36.330040,-0.001000
139.386757,36.330091,-0.001000
139.386939,36.330160,-0.001000
139.387068,36.330242,-0.001000
139.387196,36.330328,-0.001000
139.387293,36.330443,-0.001000
139.387400,36.330594,-0.001000
139.387561,36.330894,-0.001000
139.387652,36.331023,-0.001000
139.387760,36.331143,-0.001000
139.387910,36.331259,-0.001000
139.388098,36.331340,-0.001000
139.388344,36.331362,-0.001000
139.388473,36.331349,-0.001000
139.388666,36.331285,-0.001000
139.388838,36.331164,-0.001000
139.388956,36.331023,-0.001000
139.389095,36.330739,-0.001000
139.389267,36.330302,-0.001000
139.389374,36.330053,-0.001000
139.389621,36.329662,-0.001000
139.389782,36.329448,-0.001000
139.389978,36.329276,-0.001000
</coordinates>
</LineString>
</Placemark>
</Folder>
<Folder>
<name>愛鷹PA上り</name>
<Folder>
<name>Points</name>
<Placemark>
<name>JY0001</name>
<TimeStamp><when>2026-09-23T11:33:29Z</when></TimeStamp>
<styleUrl>#route</styleUrl>
<Point>
<coordinates>138.833996,35.143386,-0.001000</coordinates>
</Point>
<ExtendedData>
	<Data name="IconNumber">
		<value>901001</value>
	</Data>
</ExtendedData>
</Placemark>
<Placemark>
<name>JY0002</name>
<TimeStamp><when>2026-09-23T11:33:39Z</when></TimeStamp>
<styleUrl>#route</styleUrl>
<Point>
<coordinates>138.834392,35.143343,-0.001000</coordinates>
</Point>
<ExtendedData>
	<Data name="IconNumber">
		<value>901001</value>
	</Data>
</ExtendedData>
</Placemark>
<Placemark>
<name>JY0003</name>
<TimeStamp><when>2026-09-23T11:33:49Z</when></TimeStamp>
<styleUrl>#route</styleUrl>
<Point>
<coordinates>138.834881,35.143270,-0.001000</coordinates>
</Point>
<ExtendedData>
	<Data name="IconNumber">
		<value>901001</value>
	</Data>
</ExtendedData>
</Placemark>
<Placemark>
<name>JY0004</name>
<TimeStamp><when>2026-09-23T11:33:59Z</when></TimeStamp>
<styleUrl>#route</styleUrl>
<Point>
<coordinates>138.835154,35.143232,-0.001000</coordinates>
</Point>
<ExtendedData>
	<Data name="IconNumber">
		<value>901001</value>
	</Data>
</ExtendedData>
</Placemark>
<Placemark>
<name>JY0005</name>
<TimeStamp><when>2026-09-23T11:34:09Z</when></TimeStamp>
<styleUrl>#route</styleUrl>
<Point>
<coordinates>138.835363,35.143257,-0.001000</coordinates>
</Point>
<ExtendedData>
	<Data name="IconNumber">
		<value>901001</value>
	</Data>
</ExtendedData>
</Placemark>
<Placemark>
<name>JY0006</name>
<TimeStamp><when>2026-09-23T11:34:19Z</when></TimeStamp>
<styleUrl>#route</styleUrl>
<Point>
<coordinates>138.835589,35.143343,-0.001000</coordinates>
</Point>
<ExtendedData>
	<Data name="IconNumber">
		<value>901001</value>
	</Data>
</ExtendedData>
</Placemark>
<Placemark>
<name>JY0007</name>
<TimeStamp><when>2026-09-23T11:34:29Z</when></TimeStamp>
<styleUrl>#route</styleUrl>
<Point>
<coordinates>138.835814,35.143515,-0.001000</coordinates>
</Point>
<ExtendedData>
	<Data name="IconNumber">
		<value>901001</value>
	</Data>
</ExtendedData>
</Placemark>
<Placemark>
<name>JY0008</name>
<TimeStamp><when>2026-09-23T11:34:39Z</when></TimeStamp>
<styleUrl>#route</styleUrl>
<Point>
<coordinates>138.835975,35.143575,-0.001000</coordinates>
</Point>
<ExtendedData>
	<Data name="IconNumber">
		<value>901001</value>
	</Data>
</ExtendedData>
</Placemark>
<Placemark>
<name>JY0009</name>
<TimeStamp><when>2026-09-23T11:34:49Z</when></TimeStamp>
<styleUrl>#route</styleUrl>
<Point>
<coordinates>138.836114,35.143583,-0.001000</coordinates>
</Point>
<ExtendedData>
	<Data name="IconNumber">
		<value>901001</value>
	</Data>
</ExtendedData>
</Placemark>
<Placemark>
<name>JY0010</name>
<TimeStamp><when>2026-09-23T11:34:59Z</when></TimeStamp>
<styleUrl>#route</styleUrl>
<Point>
<coordinates>138.837520,35.143390,-0.001000</coordinates>
</Point>
<ExtendedData>
	<Data name="IconNumber">
		<value>901001</value>
	</Data>
</ExtendedData>
</Placemark>
<Placemark>
<name>JY0011</name>
<TimeStamp><when>2026-09-23T11:35:09Z</when></TimeStamp>
<styleUrl>#route</styleUrl>
<Point>
<coordinates>138.837702,35.143322,-0.001000</coordinates>
</Point>
<ExtendedData>
	<Data name="IconNumber">
		<value>901001</value>
	</Data>
</ExtendedData>
</Placemark>
<Placemark>
<name>JY0012</name>
<TimeStamp><when>2026-09-23T11:35:19Z</when></TimeStamp>
<styleUrl>#route</styleUrl>
<Point>
<coordinates>138.837981,35.143064,-0.001000</coordinates>
</Point>
<ExtendedData>
	<Data name="IconNumber">
		<value>901001</value>
	</Data>
</ExtendedData>
</Placemark>
<Placemark>
<name>JY0013</name>
<TimeStamp><when>2026-09-23T11:35:29Z</when></TimeStamp>
<styleUrl>#route</styleUrl>
<Point>
<coordinates>138.838158,35.142978,-0.001000</coordinates>
</Point>
<ExtendedData>
	<Data name="IconNumber">
		<value>901001</value>
	</Data>
</ExtendedData>
</Placemark>
<Placemark>
<name>JY0014</name>
<TimeStamp><when>2026-09-23T11:35:39Z</when></TimeStamp>
<styleUrl>#route</styleUrl>
<Point>
<coordinates>138.838319,35.142940,-0.001000</coordinates>
</Point>
<ExtendedData>
	<Data name="IconNumber">
		<value>901001</value>
	</Data>
</ExtendedData>
</Placemark>
<Placemark>
<name>JY0015</name>
<TimeStamp><when>2026-09-23T11:35:49Z</when></TimeStamp>
<styleUrl>#route</styleUrl>
<Point>
<coordinates>138.838829,35.142905,-0.001000</coordinates>
</Point>
<ExtendedData>
	<Data name="IconNumber">
		<value>901001</value>
	</Data>
</ExtendedData>
</Placemark>
<Placemark>
<name>JY0016</name>
<TimeStamp><when>2026-09-23T11:35:59Z</when></TimeStamp>
<styleUrl>#route</styleUrl>
<Point>
<coordinates>138.840041,35.142888,-0.001000</coordinates>
</Point>
<ExtendedData>
	<Data name="IconNumber">
		<value>901001</value>
	</Data>
</ExtendedData>
</Placemark>
<Placemark>
<name>AW0913</name>
<TimeStamp><when>2026-09-23T11:36:09Z</when></TimeStamp>
<styleUrl>#route</styleUrl>
<Point>
<coordinates>138.840485,35.142821,-0.001000</coordinates>
</Point>
<ExtendedData>
	<Data name="IconNumber">
		<value>901001</value>
	</Data>
</ExtendedData>
</Placemark>
</Folder>
<Placemark>
<name>Path</name>
<Style>
<LineStyle>
 <color>ff0000ff</color>
 <width>2</width>
</LineStyle>
</Style>
<LineString>
<tessellate>1</tessellate>
<coordinates>
138.833996,35.143386,-0.001000
138.834392,35.143343,-0.001000
138.834881,35.143270,-0.001000
138.835154,35.143232,-0.001000
138.835363,35.143257,-0.001000
138.835589,35.143343,-0.001000
138.835814,35.143515,-0.001000
138.835975,35.143575,-0.001000
138.836114,35.143583,-0.001000
138.837520,35.143390,-0.001000
138.837702,35.143322,-0.001000
138.837981,35.143064,-0.001000
138.838158,35.142978,-0.001000
138.838319,35.142940,-0.001000
138.838829,35.142905,-0.001000
138.840041,35.142888,-0.001000
138.840485,35.142821,-0.001000
</coordinates>
</LineString>
</Placemark>
</Folder>
<Folder>
<name>磐田福田西・磐田IC</name>
<Folder>
<name>Points</name>
<Placemark>
<name>FJ0417</name>
<TimeStamp><when>2026-09-23T11:28:05Z</when></TimeStamp>
<styleUrl>#route</styleUrl>
<Point>
<coordinates>137.876147,34.675100,-0.001000</coordinates>
</Point>
<ExtendedData>
	<Data name="IconNumber">
		<value>901001</value>
	</Data>
</ExtendedData>
</Placemark>
<Placemark>
<name>JX0002</name>
<TimeStamp><when>2026-09-23T11:28:15Z</when></TimeStamp>
<styleUrl>#route</styleUrl>
<Point>
<coordinates>137.876128,34.675167,-0.001000</coordinates>
</Point>
<ExtendedData>
	<Data name="IconNumber">
		<value>901001</value>
	</Data>
</ExtendedData>
</Placemark>
<Placemark>
<name>JX0003</name>
<TimeStamp><when>2026-09-23T11:28:25Z</when></TimeStamp>
<styleUrl>#route</styleUrl>
<Point>
<coordinates>137.876182,34.676000,-0.001000</coordinates>
</Point>
<ExtendedData>
	<Data name="IconNumber">
		<value>901001</value>
	</Data>
</ExtendedData>
</Placemark>
<Placemark>
<name>JX0004</name>
<TimeStamp><when>2026-09-23T11:28:35Z</when></TimeStamp>
<styleUrl>#route</styleUrl>
<Point>
<coordinates>137.876311,34.677875,-0.001000</coordinates>
</Point>
<ExtendedData>
	<Data name="IconNumber">
		<value>901001</value>
	</Data>
</ExtendedData>
</Placemark>
<Placemark>
<name>JX0005</name>
<TimeStamp><when>2026-09-23T11:28:45Z</when></TimeStamp>
<styleUrl>#route</styleUrl>
<Point>
<coordinates>137.876332,34.678442,-0.001000</coordinates>
</Point>
<ExtendedData>
	<Data name="IconNumber">
		<value>901001</value>
	</Data>
</ExtendedData>
</Placemark>
<Placemark>
<name>JX0006</name>
<TimeStamp><when>2026-09-23T11:28:55Z</when></TimeStamp>
<styleUrl>#route</styleUrl>
<Point>
<coordinates>137.876300,34.679111,-0.001000</coordinates>
</Point>
<ExtendedData>
	<Data name="IconNumber">
		<value>901001</value>
	</Data>
</ExtendedData>
</Placemark>
<Placemark>
<name>JX0007</name>
<TimeStamp><when>2026-09-23T11:29:05Z</when></TimeStamp>
<styleUrl>#route</styleUrl>
<Point>
<coordinates>137.876171,34.679609,-0.001000</coordinates>
</Point>
<ExtendedData>
	<Data name="IconNumber">
		<value>901001</value>
	</Data>
</ExtendedData>
</Placemark>
<Placemark>
<name>JX0008</name>
<TimeStamp><when>2026-09-23T11:29:15Z</when></TimeStamp>
<styleUrl>#route</styleUrl>
<Point>
<coordinates>137.876075,34.679884,-0.001000</coordinates>
</Point>
<ExtendedData>
	<Data name="IconNumber">
		<value>901001</value>
	</Data>
</ExtendedData>
</Placemark>
<Placemark>
<name>JX0009</name>
<TimeStamp><when>2026-09-23T11:29:25Z</when></TimeStamp>
<styleUrl>#route</styleUrl>
<Point>
<coordinates>137.875667,34.680862,-0.001000</coordinates>
</Point>
<ExtendedData>
	<Data name="IconNumber">
		<value>901001</value>
	</Data>
</ExtendedData>
</Placemark>
<Placemark>
<name>JX0010</name>
<TimeStamp><when>2026-09-23T11:29:35Z</when></TimeStamp>
<styleUrl>#route</styleUrl>
<Point>
<coordinates>137.875442,34.681257,-0.001000</coordinates>
</Point>
<ExtendedData>
	<Data name="IconNumber">
		<value>901001</value>
	</Data>
</ExtendedData>
</Placemark>
<Placemark>
<name>JX0011</name>
<TimeStamp><when>2026-09-23T11:29:45Z</when></TimeStamp>
<styleUrl>#route</styleUrl>
<Point>
<coordinates>137.875420,34.681386,-0.001000</coordinates>
</Point>
<ExtendedData>
	<Data name="IconNumber">
		<value>901001</value>
	</Data>
</ExtendedData>
</Placemark>
<Placemark>
<name>JX0012</name>
<TimeStamp><when>2026-09-23T11:29:55Z</when></TimeStamp>
<styleUrl>#route</styleUrl>
<Point>
<coordinates>137.875109,34.681446,-0.001000</coordinates>
</Point>
<ExtendedData>
	<Data name="IconNumber">
		<value>901001</value>
	</Data>
</ExtendedData>
</Placemark>
<Placemark>
<name>JX0013</name>
<TimeStamp><when>2026-09-23T11:30:05Z</when></TimeStamp>
<styleUrl>#route</styleUrl>
<Point>
<coordinates>137.874219,34.681652,-0.001000</coordinates>
</Point>
<ExtendedData>
	<Data name="IconNumber">
		<value>901001</value>
	</Data>
</ExtendedData>
</Placemark>
<Placemark>
<name>JX0014</name>
<TimeStamp><when>2026-09-23T11:30:15Z</when></TimeStamp>
<styleUrl>#route</styleUrl>
<Point>
<coordinates>137.869820,34.682596,-0.001000</coordinates>
</Point>
<ExtendedData>
	<Data name="IconNumber">
		<value>901001</value>
	</Data>
</ExtendedData>
</Placemark>
<Placemark>
<name>JX0015</name>
<TimeStamp><when>2026-09-23T11:30:25Z</when></TimeStamp>
<styleUrl>#route</styleUrl>
<Point>
<coordinates>137.869605,34.682682,-0.001000</coordinates>
</Point>
<ExtendedData>
	<Data name="IconNumber">
		<value>901001</value>
	</Data>
</ExtendedData>
</Placemark>
<Placemark>
<name>JX0016</name>
<TimeStamp><when>2026-09-23T11:30:35Z</when></TimeStamp>
<styleUrl>#route</styleUrl>
<Point>
<coordinates>137.869369,34.682836,-0.001000</coordinates>
</Point>
<ExtendedData>
	<Data name="IconNumber">
		<value>901001</value>
	</Data>
</ExtendedData>
</Placemark>
<Placemark>
<name>JX0017</name>
<TimeStamp><when>2026-09-23T11:30:45Z</when></TimeStamp>
<styleUrl>#route</styleUrl>
<Point>
<coordinates>137.869305,34.682931,-0.001000</coordinates>
</Point>
<ExtendedData>
	<Data name="IconNumber">
		<value>901001</value>
	</Data>
</ExtendedData>
</Placemark>
<Placemark>
<name>JX0018</name>
<TimeStamp><when>2026-09-23T11:30:55Z</when></TimeStamp>
<styleUrl>#route</styleUrl>
<Point>
<coordinates>137.869165,34.683197,-0.001000</coordinates>
</Point>
<ExtendedData>
	<Data name="IconNumber">
		<value>901001</value>
	</Data>
</ExtendedData>
</Placemark>
<Placemark>
<name>JX0019</name>
<TimeStamp><when>2026-09-23T11:31:05Z</when></TimeStamp>
<styleUrl>#route</styleUrl>
<Point>
<coordinates>137.869133,34.683334,-0.001000</coordinates>
</Point>
<ExtendedData>
	<Data name="IconNumber">
		<value>901001</value>
	</Data>
</ExtendedData>
</Placemark>
<Placemark>
<name>JX0020</name>
<TimeStamp><when>2026-09-23T11:31:15Z</when></TimeStamp>
<styleUrl>#route</styleUrl>
<Point>
<coordinates>137.869144,34.683557,-0.001000</coordinates>
</Point>
<ExtendedData>
	<Data name="IconNumber">
		<value>901001</value>
	</Data>
</ExtendedData>
</Placemark>
<Placemark>
<name>JX0021</name>
<TimeStamp><when>2026-09-23T11:31:25Z</when></TimeStamp>
<styleUrl>#route</styleUrl>
<Point>
<coordinates>137.868479,34.683652,-0.001000</coordinates>
</Point>
<ExtendedData>
	<Data name="IconNumber">
		<value>901001</value>
	</Data>
</ExtendedData>
</Placemark>
<Placemark>
<name>JX0022</name>
<TimeStamp><when>2026-09-23T11:31:35Z</when></TimeStamp>
<styleUrl>#route</styleUrl>
<Point>
<coordinates>137.868275,34.683755,-0.001000</coordinates>
</Point>
<ExtendedData>
	<Data name="IconNumber">
		<value>901001</value>
	</Data>
</ExtendedData>
</Placemark>
<Placemark>
<name>JX0023</name>
<TimeStamp><when>2026-09-23T11:31:45Z</when></TimeStamp>
<styleUrl>#route</styleUrl>
<Point>
<coordinates>137.868125,34.683866,-0.001000</coordinates>
</Point>
<ExtendedData>
	<Data name="IconNumber">
		<value>901001</value>
	</Data>
</ExtendedData>
</Placemark>
<Placemark>
<name>JX0024</name>
<TimeStamp><when>2026-09-23T11:31:55Z</when></TimeStamp>
<styleUrl>#route</styleUrl>
<Point>
<coordinates>137.868017,34.684004,-0.001000</coordinates>
</Point>
<ExtendedData>
	<Data name="IconNumber">
		<value>901001</value>
	</Data>
</ExtendedData>
</Placemark>
<Placemark>
<name>JX0025</name>
<TimeStamp><when>2026-09-23T11:32:05Z</when></TimeStamp>
<styleUrl>#route</styleUrl>
<Point>
<coordinates>137.867095,34.685892,-0.001000</coordinates>
</Point>
<ExtendedData>
	<Data name="IconNumber">
		<value>901001</value>
	</Data>
</ExtendedData>
</Placemark>
<Placemark>
<name>JX0026</name>
<TimeStamp><when>2026-09-23T11:32:15Z</when></TimeStamp>
<styleUrl>#route</styleUrl>
<Point>
<coordinates>137.866977,34.686149,-0.001000</coordinates>
</Point>
<ExtendedData>
	<Data name="IconNumber">
		<value>901001</value>
	</Data>
</ExtendedData>
</Placemark>
<Placemark>
<name>JX0027</name>
<TimeStamp><when>2026-09-23T11:32:25Z</when></TimeStamp>
<styleUrl>#route</styleUrl>
<Point>
<coordinates>137.866869,34.686630,-0.001000</coordinates>
</Point>
<ExtendedData>
	<Data name="IconNumber">
		<value>901001</value>
	</Data>
</ExtendedData>
</Placemark>
<Placemark>
<name>JX0028</name>
<TimeStamp><when>2026-09-23T11:32:35Z</when></TimeStamp>
<styleUrl>#route</styleUrl>
<Point>
<coordinates>137.866837,34.687162,-0.001000</coordinates>
</Point>
<ExtendedData>
	<Data name="IconNumber">
		<value>901001</value>
	</Data>
</ExtendedData>
</Placemark>
<Placemark>
<name>JX0029</name>
<TimeStamp><when>2026-09-23T11:32:45Z</when></TimeStamp>
<styleUrl>#route</styleUrl>
<Point>
<coordinates>137.866848,34.687497,-0.001000</coordinates>
</Point>
<ExtendedData>
	<Data name="IconNumber">
		<value>901001</value>
	</Data>
</ExtendedData>
</Placemark>
<Placemark>
<name>JX0030</name>
<TimeStamp><when>2026-09-23T11:32:55Z</when></TimeStamp>
<styleUrl>#route</styleUrl>
<Point>
<coordinates>137.866869,34.687712,-0.001000</coordinates>
</Point>
<ExtendedData>
	<Data name="IconNumber">
		<value>901001</value>
	</Data>
</ExtendedData>
</Placemark>
<Placemark>
<name>JX0031</name>
<TimeStamp><when>2026-09-23T11:33:05Z</when></TimeStamp>
<styleUrl>#route</styleUrl>
<Point>
<coordinates>137.866977,34.687952,-0.001000</coordinates>
</Point>
<ExtendedData>
	<Data name="IconNumber">
		<value>901001</value>
	</Data>
</ExtendedData>
</Placemark>
<Placemark>
<name>JX0032</name>
<TimeStamp><when>2026-09-23T11:33:15Z</when></TimeStamp>
<styleUrl>#route</styleUrl>
<Point>
<coordinates>137.867696,34.688578,-0.001000</coordinates>
</Point>
<ExtendedData>
	<Data name="IconNumber">
		<value>901001</value>
	</Data>
</ExtendedData>
</Placemark>
<Placemark>
<name>JX0033</name>
<TimeStamp><when>2026-09-23T11:33:25Z</when></TimeStamp>
<styleUrl>#route</styleUrl>
<Point>
<coordinates>137.867814,34.688724,-0.001000</coordinates>
</Point>
<ExtendedData>
	<Data name="IconNumber">
		<value>901001</value>
	</Data>
</ExtendedData>
</Placemark>
<Placemark>
<name>JX0034</name>
<TimeStamp><when>2026-09-23T11:33:35Z</when></TimeStamp>
<styleUrl>#route</styleUrl>
<Point>
<coordinates>137.867889,34.688905,-0.001000</coordinates>
</Point>
<ExtendedData>
	<Data name="IconNumber">
		<value>901001</value>
	</Data>
</ExtendedData>
</Placemark>
<Placemark>
<name>JX0035</name>
<TimeStamp><when>2026-09-23T11:33:45Z</when></TimeStamp>
<styleUrl>#route</styleUrl>
<Point>
<coordinates>137.867685,34.690570,-0.001000</coordinates>
</Point>
<ExtendedData>
	<Data name="IconNumber">
		<value>901001</value>
	</Data>
</ExtendedData>
</Placemark>
<Placemark>
<name>JX0036</name>
<TimeStamp><when>2026-09-23T11:33:55Z</when></TimeStamp>
<styleUrl>#route</styleUrl>
<Point>
<coordinates>137.867417,34.692947,-0.001000</coordinates>
</Point>
<ExtendedData>
	<Data name="IconNumber">
		<value>901001</value>
	</Data>
</ExtendedData>
</Placemark>
<Placemark>
<name>JX0037</name>
<TimeStamp><when>2026-09-23T11:34:05Z</when></TimeStamp>
<styleUrl>#route</styleUrl>
<Point>
<coordinates>137.867084,34.694235,-0.001000</coordinates>
</Point>
<ExtendedData>
	<Data name="IconNumber">
		<value>901001</value>
	</Data>
</ExtendedData>
</Placemark>
<Placemark>
<name>JX0038</name>
<TimeStamp><when>2026-09-23T11:34:15Z</when></TimeStamp>
<styleUrl>#route</styleUrl>
<Point>
<coordinates>137.867041,34.694466,-0.001000</coordinates>
</Point>
<ExtendedData>
	<Data name="IconNumber">
		<value>901001</value>
	</Data>
</ExtendedData>
</Placemark>
<Placemark>
<name>JX0039</name>
<TimeStamp><when>2026-09-23T11:34:25Z</when></TimeStamp>
<styleUrl>#route</styleUrl>
<Point>
<coordinates>137.866912,34.695445,-0.001000</coordinates>
</Point>
<ExtendedData>
	<Data name="IconNumber">
		<value>901001</value>
	</Data>
</ExtendedData>
</Placemark>
<Placemark>
<name>JX0040</name>
<TimeStamp><when>2026-09-23T11:34:35Z</when></TimeStamp>
<styleUrl>#route</styleUrl>
<Point>
<coordinates>137.866741,34.696320,-0.001000</coordinates>
</Point>
<ExtendedData>
	<Data name="IconNumber">
		<value>901001</value>
	</Data>
</ExtendedData>
</Placemark>
<Placemark>
<name>JX0041</name>
<TimeStamp><when>2026-09-23T11:34:45Z</when></TimeStamp>
<styleUrl>#route</styleUrl>
<Point>
<coordinates>137.866698,34.696578,-0.001000</coordinates>
</Point>
<ExtendedData>
	<Data name="IconNumber">
		<value>901001</value>
	</Data>
</ExtendedData>
</Placemark>
<Placemark>
<name>JX0042</name>
<TimeStamp><when>2026-09-23T11:34:55Z</when></TimeStamp>
<styleUrl>#route</styleUrl>
<Point>
<coordinates>137.866601,34.697282,-0.001000</coordinates>
</Point>
<ExtendedData>
	<Data name="IconNumber">
		<value>901001</value>
	</Data>
</ExtendedData>
</Placemark>
<Placemark>
<name>JX0043</name>
<TimeStamp><when>2026-09-23T11:35:05Z</when></TimeStamp>
<styleUrl>#route</styleUrl>
<Point>
<coordinates>137.866290,34.698509,-0.001000</coordinates>
</Point>
<ExtendedData>
	<Data name="IconNumber">
		<value>901001</value>
	</Data>
</ExtendedData>
</Placemark>
<Placemark>
<name>JX0044</name>
<TimeStamp><when>2026-09-23T11:35:15Z</when></TimeStamp>
<styleUrl>#route</styleUrl>
<Point>
<coordinates>137.866118,34.698990,-0.001000</coordinates>
</Point>
<ExtendedData>
	<Data name="IconNumber">
		<value>901001</value>
	</Data>
</ExtendedData>
</Placemark>
<Placemark>
<name>JX0045</name>
<TimeStamp><when>2026-09-23T11:35:25Z</when></TimeStamp>
<styleUrl>#route</styleUrl>
<Point>
<coordinates>137.865829,34.699556,-0.001000</coordinates>
</Point>
<ExtendedData>
	<Data name="IconNumber">
		<value>901001</value>
	</Data>
</ExtendedData>
</Placemark>
<Placemark>
<name>JX0046</name>
<TimeStamp><when>2026-09-23T11:35:35Z</when></TimeStamp>
<styleUrl>#route</styleUrl>
<Point>
<coordinates>137.865003,34.700895,-0.001000</coordinates>
</Point>
<ExtendedData>
	<Data name="IconNumber">
		<value>901001</value>
	</Data>
</ExtendedData>
</Placemark>
<Placemark>
<name>JX0047</name>
<TimeStamp><when>2026-09-23T11:35:45Z</when></TimeStamp>
<styleUrl>#route</styleUrl>
<Point>
<coordinates>137.864295,34.702114,-0.001000</coordinates>
</Point>
<ExtendedData>
	<Data name="IconNumber">
		<value>901001</value>
	</Data>
</ExtendedData>
</Placemark>
<Placemark>
<name>JX0048</name>
<TimeStamp><when>2026-09-23T11:35:55Z</when></TimeStamp>
<styleUrl>#route</styleUrl>
<Point>
<coordinates>137.863876,34.702835,-0.001000</coordinates>
</Point>
<ExtendedData>
	<Data name="IconNumber">
		<value>901001</value>
	</Data>
</ExtendedData>
</Placemark>
<Placemark>
<name>JX0049</name>
<TimeStamp><when>2026-09-23T11:36:05Z</when></TimeStamp>
<styleUrl>#route</styleUrl>
<Point>
<coordinates>137.863565,34.703238,-0.001000</coordinates>
</Point>
<ExtendedData>
	<Data name="IconNumber">
		<value>901001</value>
	</Data>
</ExtendedData>
</Placemark>
<Placemark>
<name>JX0050</name>
<TimeStamp><when>2026-09-23T11:36:15Z</when></TimeStamp>
<styleUrl>#route</styleUrl>
<Point>
<coordinates>137.862975,34.704054,-0.001000</coordinates>
</Point>
<ExtendedData>
	<Data name="IconNumber">
		<value>901001</value>
	</Data>
</ExtendedData>
</Placemark>
<Placemark>
<name>JX0051</name>
<TimeStamp><when>2026-09-23T11:36:25Z</when></TimeStamp>
<styleUrl>#route</styleUrl>
<Point>
<coordinates>137.862514,34.704706,-0.001000</coordinates>
</Point>
<ExtendedData>
	<Data name="IconNumber">
		<value>901001</value>
	</Data>
</ExtendedData>
</Placemark>
<Placemark>
<name>JX0052</name>
<TimeStamp><when>2026-09-23T11:36:35Z</when></TimeStamp>
<styleUrl>#route</styleUrl>
<Point>
<coordinates>137.861827,34.705650,-0.001000</coordinates>
</Point>
<ExtendedData>
	<Data name="IconNumber">
		<value>901001</value>
	</Data>
</ExtendedData>
</Placemark>
<Placemark>
<name>JX0053</name>
<TimeStamp><when>2026-09-23T11:36:45Z</when></TimeStamp>
<styleUrl>#route</styleUrl>
<Point>
<coordinates>137.861580,34.706036,-0.001000</coordinates>
</Point>
<ExtendedData>
	<Data name="IconNumber">
		<value>901001</value>
	</Data>
</ExtendedData>
</Placemark>
<Placemark>
<name>JX0054</name>
<TimeStamp><when>2026-09-23T11:36:55Z</when></TimeStamp>
<styleUrl>#route</styleUrl>
<Point>
<coordinates>137.861441,34.706371,-0.001000</coordinates>
</Point>
<ExtendedData>
	<Data name="IconNumber">
		<value>901001</value>
	</Data>
</ExtendedData>
</Placemark>
<Placemark>
<name>JX0055</name>
<TimeStamp><when>2026-09-23T11:37:05Z</when></TimeStamp>
<styleUrl>#route</styleUrl>
<Point>
<coordinates>137.861323,34.706697,-0.001000</coordinates>
</Point>
<ExtendedData>
	<Data name="IconNumber">
		<value>901001</value>
	</Data>
</ExtendedData>
</Placemark>
<Placemark>
<name>JX0056</name>
<TimeStamp><when>2026-09-23T11:37:15Z</when></TimeStamp>
<styleUrl>#route</styleUrl>
<Point>
<coordinates>137.860904,34.708088,-0.001000</coordinates>
</Point>
<ExtendedData>
	<Data name="IconNumber">
		<value>901001</value>
	</Data>
</ExtendedData>
</Placemark>
<Placemark>
<name>JX0057</name>
<TimeStamp><when>2026-09-23T11:37:25Z</when></TimeStamp>
<styleUrl>#route</styleUrl>
<Point>
<coordinates>137.860389,34.709616,-0.001000</coordinates>
</Point>
<ExtendedData>
	<Data name="IconNumber">
		<value>901001</value>
	</Data>
</ExtendedData>
</Placemark>
<Placemark>
<name>JX0058</name>
<TimeStamp><when>2026-09-23T11:37:35Z</when></TimeStamp>
<styleUrl>#route</styleUrl>
<Point>
<coordinates>137.859488,34.712225,-0.001000</coordinates>
</Point>
<ExtendedData>
	<Data name="IconNumber">
		<value>901001</value>
	</Data>
</ExtendedData>
</Placemark>
<Placemark>
<name>JX0059</name>
<TimeStamp><when>2026-09-23T11:37:45Z</when></TimeStamp>
<styleUrl>#route</styleUrl>
<Point>
<coordinates>137.858930,34.713332,-0.001000</coordinates>
</Point>
<ExtendedData>
	<Data name="IconNumber">
		<value>901001</value>
	</Data>
</ExtendedData>
</Placemark>
<Placemark>
<name>JX0060</name>
<TimeStamp><when>2026-09-23T11:37:55Z</when></TimeStamp>
<styleUrl>#route</styleUrl>
<Point>
<coordinates>137.858630,34.713950,-0.001000</coordinates>
</Point>
<ExtendedData>
	<Data name="IconNumber">
		<value>901001</value>
	</Data>
</ExtendedData>
</Placemark>
<Placemark>
<name>JX0061</name>
<TimeStamp><when>2026-09-23T11:38:05Z</when></TimeStamp>
<styleUrl>#route</styleUrl>
<Point>
<coordinates>137.858555,34.714182,-0.001000</coordinates>
</Point>
<ExtendedData>
	<Data name="IconNumber">
		<value>901001</value>
	</Data>
</ExtendedData>
</Placemark>
<Placemark>
<name>JX0062</name>
<TimeStamp><when>2026-09-23T11:38:15Z</when></TimeStamp>
<styleUrl>#route</styleUrl>
<Point>
<coordinates>137.858394,34.714714,-0.001000</coordinates>
</Point>
<ExtendedData>
	<Data name="IconNumber">
		<value>901001</value>
	</Data>
</ExtendedData>
</Placemark>
<Placemark>
<name>JX0063</name>
<TimeStamp><when>2026-09-23T11:38:25Z</when></TimeStamp>
<styleUrl>#route</styleUrl>
<Point>
<coordinates>137.858308,34.715134,-0.001000</coordinates>
</Point>
<ExtendedData>
	<Data name="IconNumber">
		<value>901001</value>
	</Data>
</ExtendedData>
</Placemark>
<Placemark>
<name>JX0064</name>
<TimeStamp><when>2026-09-23T11:38:35Z</when></TimeStamp>
<styleUrl>#route</styleUrl>
<Point>
<coordinates>137.858104,34.717392,-0.001000</coordinates>
</Point>
<ExtendedData>
	<Data name="IconNumber">
		<value>901001</value>
	</Data>
</ExtendedData>
</Placemark>
<Placemark>
<name>JX0065</name>
<TimeStamp><when>2026-09-23T11:38:45Z</when></TimeStamp>
<styleUrl>#route</styleUrl>
<Point>
<coordinates>137.858125,34.718276,-0.001000</coordinates>
</Point>
<ExtendedData>
	<Data name="IconNumber">
		<value>901001</value>
	</Data>
</ExtendedData>
</Placemark>
<Placemark>
<name>JX0066</name>
<TimeStamp><when>2026-09-23T11:38:55Z</when></TimeStamp>
<styleUrl>#route</styleUrl>
<Point>
<coordinates>137.858125,34.719641,-0.001000</coordinates>
</Point>
<ExtendedData>
	<Data name="IconNumber">
		<value>901001</value>
	</Data>
</ExtendedData>
</Placemark>
<Placemark>
<name>JX0067</name>
<TimeStamp><when>2026-09-23T11:39:05Z</when></TimeStamp>
<styleUrl>#route</styleUrl>
<Point>
<coordinates>137.858125,34.724670,-0.001000</coordinates>
</Point>
<ExtendedData>
	<Data name="IconNumber">
		<value>901001</value>
	</Data>
</ExtendedData>
</Placemark>
<Placemark>
<name>JX0068</name>
<TimeStamp><when>2026-09-23T11:39:15Z</when></TimeStamp>
<styleUrl>#route</styleUrl>
<Point>
<coordinates>137.857986,34.725323,-0.001000</coordinates>
</Point>
<ExtendedData>
	<Data name="IconNumber">
		<value>901001</value>
	</Data>
</ExtendedData>
</Placemark>
<Placemark>
<name>JX0069</name>
<TimeStamp><when>2026-09-23T11:39:25Z</when></TimeStamp>
<styleUrl>#route</styleUrl>
<Point>
<coordinates>137.857739,34.726713,-0.001000</coordinates>
</Point>
<ExtendedData>
	<Data name="IconNumber">
		<value>901001</value>
	</Data>
</ExtendedData>
</Placemark>
<Placemark>
<name>JX0070</name>
<TimeStamp><when>2026-09-23T11:39:35Z</when></TimeStamp>
<styleUrl>#route</styleUrl>
<Point>
<coordinates>137.857739,34.726936,-0.001000</coordinates>
</Point>
<ExtendedData>
	<Data name="IconNumber">
		<value>901001</value>
	</Data>
</ExtendedData>
</Placemark>
<Placemark>
<name>JX0071</name>
<TimeStamp><when>2026-09-23T11:39:45Z</when></TimeStamp>
<styleUrl>#route</styleUrl>
<Point>
<coordinates>137.857793,34.727331,-0.001000</coordinates>
</Point>
<ExtendedData>
	<Data name="IconNumber">
		<value>901001</value>
	</Data>
</ExtendedData>
</Placemark>
<Placemark>
<name>JX0072</name>
<TimeStamp><when>2026-09-23T11:39:55Z</when></TimeStamp>
<styleUrl>#route</styleUrl>
<Point>
<coordinates>137.857879,34.728000,-0.001000</coordinates>
</Point>
<ExtendedData>
	<Data name="IconNumber">
		<value>901001</value>
	</Data>
</ExtendedData>
</Placemark>
<Placemark>
<name>JX0073</name>
<TimeStamp><when>2026-09-23T11:40:05Z</when></TimeStamp>
<styleUrl>#route</styleUrl>
<Point>
<coordinates>137.858233,34.729966,-0.001000</coordinates>
</Point>
<ExtendedData>
	<Data name="IconNumber">
		<value>901001</value>
	</Data>
</ExtendedData>
</Placemark>
<Placemark>
<name>JX0074</name>
<TimeStamp><when>2026-09-23T11:40:15Z</when></TimeStamp>
<styleUrl>#route</styleUrl>
<Point>
<coordinates>137.858555,34.731631,-0.001000</coordinates>
</Point>
<ExtendedData>
	<Data name="IconNumber">
		<value>901001</value>
	</Data>
</ExtendedData>
</Placemark>
<Placemark>
<name>JX0075</name>
<TimeStamp><when>2026-09-23T11:40:25Z</when></TimeStamp>
<styleUrl>#route</styleUrl>
<Point>
<coordinates>137.858683,34.732103,-0.001000</coordinates>
</Point>
<ExtendedData>
	<Data name="IconNumber">
		<value>901001</value>
	</Data>
</ExtendedData>
</Placemark>
<Placemark>
<name>JX0076</name>
<TimeStamp><when>2026-09-23T11:40:35Z</when></TimeStamp>
<styleUrl>#route</styleUrl>
<Point>
<coordinates>137.858791,34.732395,-0.001000</coordinates>
</Point>
<ExtendedData>
	<Data name="IconNumber">
		<value>901001</value>
	</Data>
</ExtendedData>
</Placemark>
<Placemark>
<name>JX0077</name>
<TimeStamp><when>2026-09-23T11:40:45Z</when></TimeStamp>
<styleUrl>#route</styleUrl>
<Point>
<coordinates>137.858876,34.732790,-0.001000</coordinates>
</Point>
<ExtendedData>
	<Data name="IconNumber">
		<value>901001</value>
	</Data>
</ExtendedData>
</Placemark>
<Placemark>
<name>JX0078</name>
<TimeStamp><when>2026-09-23T11:40:55Z</when></TimeStamp>
<styleUrl>#route</styleUrl>
<Point>
<coordinates>137.858962,34.733648,-0.001000</coordinates>
</Point>
<ExtendedData>
	<Data name="IconNumber">
		<value>901001</value>
	</Data>
</ExtendedData>
</Placemark>
<Placemark>
<name>JX0079</name>
<TimeStamp><when>2026-09-23T11:41:05Z</when></TimeStamp>
<styleUrl>#route</styleUrl>
<Point>
<coordinates>137.858930,34.734258,-0.001000</coordinates>
</Point>
<ExtendedData>
	<Data name="IconNumber">
		<value>901001</value>
	</Data>
</ExtendedData>
</Placemark>
<Placemark>
<name>JX0080</name>
<TimeStamp><when>2026-09-23T11:41:15Z</when></TimeStamp>
<styleUrl>#route</styleUrl>
<Point>
<coordinates>137.858887,34.734472,-0.001000</coordinates>
</Point>
<ExtendedData>
	<Data name="IconNumber">
		<value>901001</value>
	</Data>
</ExtendedData>
</Placemark>
<Placemark>
<name>JX0081</name>
<TimeStamp><when>2026-09-23T11:41:25Z</when></TimeStamp>
<styleUrl>#route</styleUrl>
<Point>
<coordinates>137.858801,34.735391,-0.001000</coordinates>
</Point>
<ExtendedData>
	<Data name="IconNumber">
		<value>901001</value>
	</Data>
</ExtendedData>
</Placemark>
<Placemark>
<name>JX0082</name>
<TimeStamp><when>2026-09-23T11:41:35Z</when></TimeStamp>
<styleUrl>#route</styleUrl>
<Point>
<coordinates>137.858876,34.736335,-0.001000</coordinates>
</Point>
<ExtendedData>
	<Data name="IconNumber">
		<value>901001</value>
	</Data>
</ExtendedData>
</Placemark>
<Placemark>
<name>JX0083</name>
<TimeStamp><when>2026-09-23T11:41:45Z</when></TimeStamp>
<styleUrl>#route</styleUrl>
<Point>
<coordinates>137.858930,34.736729,-0.001000</coordinates>
</Point>
<ExtendedData>
	<Data name="IconNumber">
		<value>901001</value>
	</Data>
</ExtendedData>
</Placemark>
<Placemark>
<name>JX0084</name>
<TimeStamp><when>2026-09-23T11:41:55Z</when></TimeStamp>
<styleUrl>#route</styleUrl>
<Point>
<coordinates>137.859048,34.737347,-0.001000</coordinates>
</Point>
<ExtendedData>
	<Data name="IconNumber">
		<value>901001</value>
	</Data>
</ExtendedData>
</Placemark>
<Placemark>
<name>JX0085</name>
<TimeStamp><when>2026-09-23T11:42:05Z</when></TimeStamp>
<styleUrl>#route</styleUrl>
<Point>
<coordinates>137.859070,34.737648,-0.001000</coordinates>
</Point>
<ExtendedData>
	<Data name="IconNumber">
		<value>901001</value>
	</Data>
</ExtendedData>
</Placemark>
<Placemark>
<name>JX0086</name>
<TimeStamp><when>2026-09-23T11:42:15Z</when></TimeStamp>
<styleUrl>#route</styleUrl>
<Point>
<coordinates>137.859102,34.738335,-0.001000</coordinates>
</Point>
<ExtendedData>
	<Data name="IconNumber">
		<value>901001</value>
	</Data>
</ExtendedData>
</Placemark>
<Placemark>
<name>JX0087</name>
<TimeStamp><when>2026-09-23T11:42:25Z</when></TimeStamp>
<styleUrl>#route</styleUrl>
<Point>
<coordinates>137.859070,34.738549,-0.001000</coordinates>
</Point>
<ExtendedData>
	<Data name="IconNumber">
		<value>901001</value>
	</Data>
</ExtendedData>
</Placemark>
<Placemark>
<name>JX0088</name>
<TimeStamp><when>2026-09-23T11:42:35Z</when></TimeStamp>
<styleUrl>#route</styleUrl>
<Point>
<coordinates>137.858995,34.739124,-0.001000</coordinates>
</Point>
<ExtendedData>
	<Data name="IconNumber">
		<value>901001</value>
	</Data>
</ExtendedData>
</Placemark>
<Placemark>
<name>JX0089</name>
<TimeStamp><when>2026-09-23T11:42:45Z</when></TimeStamp>
<styleUrl>#route</styleUrl>
<Point>
<coordinates>137.858898,34.739708,-0.001000</coordinates>
</Point>
<ExtendedData>
	<Data name="IconNumber">
		<value>901001</value>
	</Data>
</ExtendedData>
</Placemark>
<Placemark>
<name>JX0090</name>
<TimeStamp><when>2026-09-23T11:42:55Z</when></TimeStamp>
<styleUrl>#route</styleUrl>
<Point>
<coordinates>137.858780,34.740163,-0.001000</coordinates>
</Point>
<ExtendedData>
	<Data name="IconNumber">
		<value>901001</value>
	</Data>
</ExtendedData>
</Placemark>
<Placemark>
<name>JX0091</name>
<TimeStamp><when>2026-09-23T11:43:05Z</when></TimeStamp>
<styleUrl>#route</styleUrl>
<Point>
<coordinates>137.858716,34.740249,-0.001000</coordinates>
</Point>
<ExtendedData>
	<Data name="IconNumber">
		<value>901001</value>
	</Data>
</ExtendedData>
</Placemark>
<Placemark>
<name>JX0092</name>
<TimeStamp><when>2026-09-23T11:43:15Z</when></TimeStamp>
<styleUrl>#route</styleUrl>
<Point>
<coordinates>137.858651,34.740558,-0.001000</coordinates>
</Point>
<ExtendedData>
	<Data name="IconNumber">
		<value>901001</value>
	</Data>
</ExtendedData>
</Placemark>
<Placemark>
<name>JX0093</name>
<TimeStamp><when>2026-09-23T11:43:25Z</when></TimeStamp>
<styleUrl>#route</styleUrl>
<Point>
<coordinates>137.858565,34.740867,-0.001000</coordinates>
</Point>
<ExtendedData>
	<Data name="IconNumber">
		<value>901001</value>
	</Data>
</ExtendedData>
</Placemark>
<Placemark>
<name>JX0094</name>
<TimeStamp><when>2026-09-23T11:43:35Z</when></TimeStamp>
<styleUrl>#route</styleUrl>
<Point>
<coordinates>137.858522,34.741201,-0.001000</coordinates>
</Point>
<ExtendedData>
	<Data name="IconNumber">
		<value>901001</value>
	</Data>
</ExtendedData>
</Placemark>
<Placemark>
<name>JX0095</name>
<TimeStamp><when>2026-09-23T11:43:45Z</when></TimeStamp>
<styleUrl>#route</styleUrl>
<Point>
<coordinates>137.858512,34.741510,-0.001000</coordinates>
</Point>
<ExtendedData>
	<Data name="IconNumber">
		<value>901001</value>
	</Data>
</ExtendedData>
</Placemark>
<Placemark>
<name>JX0096</name>
<TimeStamp><when>2026-09-23T11:43:55Z</when></TimeStamp>
<styleUrl>#route</styleUrl>
<Point>
<coordinates>137.858512,34.741828,-0.001000</coordinates>
</Point>
<ExtendedData>
	<Data name="IconNumber">
		<value>901001</value>
	</Data>
</ExtendedData>
</Placemark>
<Placemark>
<name>JX0097</name>
<TimeStamp><when>2026-09-23T11:44:05Z</when></TimeStamp>
<styleUrl>#route</styleUrl>
<Point>
<coordinates>137.858619,34.742523,-0.001000</coordinates>
</Point>
<ExtendedData>
	<Data name="IconNumber">
		<value>901001</value>
	</Data>
</ExtendedData>
</Placemark>
<Placemark>
<name>JX0098</name>
<TimeStamp><when>2026-09-23T11:44:15Z</when></TimeStamp>
<styleUrl>#route</styleUrl>
<Point>
<coordinates>137.858640,34.743029,-0.001000</coordinates>
</Point>
<ExtendedData>
	<Data name="IconNumber">
		<value>901001</value>
	</Data>
</ExtendedData>
</Placemark>
<Placemark>
<name>JX0099</name>
<TimeStamp><when>2026-09-23T11:44:25Z</when></TimeStamp>
<styleUrl>#route</styleUrl>
<Point>
<coordinates>137.858565,34.743570,-0.001000</coordinates>
</Point>
<ExtendedData>
	<Data name="IconNumber">
		<value>901001</value>
	</Data>
</ExtendedData>
</Placemark>
<Placemark>
<name>JX0100</name>
<TimeStamp><when>2026-09-23T11:44:35Z</when></TimeStamp>
<styleUrl>#route</styleUrl>
<Point>
<coordinates>137.858437,34.743982,-0.001000</coordinates>
</Point>
<ExtendedData>
	<Data name="IconNumber">
		<value>901001</value>
	</Data>
</ExtendedData>
</Placemark>
<Placemark>
<name>JX0101</name>
<TimeStamp><when>2026-09-23T11:44:45Z</when></TimeStamp>
<styleUrl>#route</styleUrl>
<Point>
<coordinates>137.858265,34.744411,-0.001000</coordinates>
</Point>
<ExtendedData>
	<Data name="IconNumber">
		<value>901001</value>
	</Data>
</ExtendedData>
</Placemark>
<Placemark>
<name>JX0102</name>
<TimeStamp><when>2026-09-23T11:44:55Z</when></TimeStamp>
<styleUrl>#route</styleUrl>
<Point>
<coordinates>137.857943,34.745064,-0.001000</coordinates>
</Point>
<ExtendedData>
	<Data name="IconNumber">
		<value>901001</value>
	</Data>
</ExtendedData>
</Placemark>
<Placemark>
<name>JX0103</name>
<TimeStamp><when>2026-09-23T11:45:05Z</when></TimeStamp>
<styleUrl>#route</styleUrl>
<Point>
<coordinates>137.857230,34.746621,-0.001000</coordinates>
</Point>
<ExtendedData>
	<Data name="IconNumber">
		<value>901001</value>
	</Data>
</ExtendedData>
</Placemark>
<Placemark>
<name>JX0104</name>
<TimeStamp><when>2026-09-23T11:45:15Z</when></TimeStamp>
<styleUrl>#route</styleUrl>
<Point>
<coordinates>137.857396,34.746669,-0.001000</coordinates>
</Point>
<ExtendedData>
	<Data name="IconNumber">
		<value>901001</value>
	</Data>
</ExtendedData>
</Placemark>
<Placemark>
<name>JX0105</name>
<TimeStamp><when>2026-09-23T11:45:25Z</when></TimeStamp>
<styleUrl>#route</styleUrl>
<Point>
<coordinates>137.857471,34.746746,-0.001000</coordinates>
</Point>
<ExtendedData>
	<Data name="IconNumber">
		<value>901001</value>
	</Data>
</ExtendedData>
</Placemark>
<Placemark>
<name>JX0106</name>
<TimeStamp><when>2026-09-23T11:45:35Z</when></TimeStamp>
<styleUrl>#route</styleUrl>
<Point>
<coordinates>137.857991,34.746926,-0.001000</coordinates>
</Point>
<ExtendedData>
	<Data name="IconNumber">
		<value>901001</value>
	</Data>
</ExtendedData>
</Placemark>
<Placemark>
<name>JX0107</name>
<TimeStamp><when>2026-09-23T11:45:45Z</when></TimeStamp>
<styleUrl>#route</styleUrl>
<Point>
<coordinates>137.858265,34.747046,-0.001000</coordinates>
</Point>
<ExtendedData>
	<Data name="IconNumber">
		<value>901001</value>
	</Data>
</ExtendedData>
</Placemark>
<Placemark>
<name>JX0108</name>
<TimeStamp><when>2026-09-23T11:45:55Z</when></TimeStamp>
<styleUrl>#route</styleUrl>
<Point>
<coordinates>137.858458,34.747154,-0.001000</coordinates>
</Point>
<ExtendedData>
	<Data name="IconNumber">
		<value>901001</value>
	</Data>
</ExtendedData>
</Placemark>
<Placemark>
<name>JX0109</name>
<TimeStamp><when>2026-09-23T11:46:05Z</when></TimeStamp>
<styleUrl>#route</styleUrl>
<Point>
<coordinates>137.858657,34.747274,-0.001000</coordinates>
</Point>
<ExtendedData>
	<Data name="IconNumber">
		<value>901001</value>
	</Data>
</ExtendedData>
</Placemark>
<Placemark>
<name>JX0110</name>
<TimeStamp><when>2026-09-23T11:46:15Z</when></TimeStamp>
<styleUrl>#route</styleUrl>
<Point>
<coordinates>137.858855,34.747433,-0.001000</coordinates>
</Point>
<ExtendedData>
	<Data name="IconNumber">
		<value>901001</value>
	</Data>
</ExtendedData>
</Placemark>
<Placemark>
<name>JX0111</name>
<TimeStamp><when>2026-09-23T11:46:25Z</when></TimeStamp>
<styleUrl>#route</styleUrl>
<Point>
<coordinates>137.859086,34.747626,-0.001000</coordinates>
</Point>
<ExtendedData>
	<Data name="IconNumber">
		<value>901001</value>
	</Data>
</ExtendedData>
</Placemark>
<Placemark>
<name>JX0112</name>
<TimeStamp><when>2026-09-23T11:46:35Z</when></TimeStamp>
<styleUrl>#route</styleUrl>
<Point>
<coordinates>137.859670,34.748115,-0.001000</coordinates>
</Point>
<ExtendedData>
	<Data name="IconNumber">
		<value>901001</value>
	</Data>
</ExtendedData>
</Placemark>
<Placemark>
<name>JX0113</name>
<TimeStamp><when>2026-09-23T11:46:45Z</when></TimeStamp>
<styleUrl>#route</styleUrl>
<Point>
<coordinates>137.859971,34.748390,-0.001000</coordinates>
</Point>
<ExtendedData>
	<Data name="IconNumber">
		<value>901001</value>
	</Data>
</ExtendedData>
</Placemark>
<Placemark>
<name>JX0114</name>
<TimeStamp><when>2026-09-23T11:46:55Z</when></TimeStamp>
<styleUrl>#route</styleUrl>
<Point>
<coordinates>137.860207,34.748660,-0.001000</coordinates>
</Point>
<ExtendedData>
	<Data name="IconNumber">
		<value>901001</value>
	</Data>
</ExtendedData>
</Placemark>
<Placemark>
<name>JX0115</name>
<TimeStamp><when>2026-09-23T11:47:05Z</when></TimeStamp>
<styleUrl>#route</styleUrl>
<Point>
<coordinates>137.860277,34.748814,-0.001000</coordinates>
</Point>
<ExtendedData>
	<Data name="IconNumber">
		<value>901001</value>
	</Data>
</ExtendedData>
</Placemark>
<Placemark>
<name>JX0116</name>
<TimeStamp><when>2026-09-23T11:47:15Z</when></TimeStamp>
<styleUrl>#route</styleUrl>
<Point>
<coordinates>137.860314,34.748990,-0.001000</coordinates>
</Point>
<ExtendedData>
	<Data name="IconNumber">
		<value>901001</value>
	</Data>
</ExtendedData>
</Placemark>
<Placemark>
<name>JX0117</name>
<TimeStamp><when>2026-09-23T11:47:25Z</when></TimeStamp>
<styleUrl>#route</styleUrl>
<Point>
<coordinates>137.860330,34.749179,-0.001000</coordinates>
</Point>
<ExtendedData>
	<Data name="IconNumber">
		<value>901001</value>
	</Data>
</ExtendedData>
</Placemark>
<Placemark>
<name>JX0118</name>
<TimeStamp><when>2026-09-23T11:47:35Z</when></TimeStamp>
<styleUrl>#route</styleUrl>
<Point>
<coordinates>137.860320,34.749377,-0.001000</coordinates>
</Point>
<ExtendedData>
	<Data name="IconNumber">
		<value>901001</value>
	</Data>
</ExtendedData>
</Placemark>
<Placemark>
<name>JX0119</name>
<TimeStamp><when>2026-09-23T11:47:45Z</when></TimeStamp>
<styleUrl>#route</styleUrl>
<Point>
<coordinates>137.860271,34.749660,-0.001000</coordinates>
</Point>
<ExtendedData>
	<Data name="IconNumber">
		<value>901001</value>
	</Data>
</ExtendedData>
</Placemark>
<Placemark>
<name>JX0120</name>
<TimeStamp><when>2026-09-23T11:47:55Z</when></TimeStamp>
<styleUrl>#route</styleUrl>
<Point>
<coordinates>137.860196,34.749887,-0.001000</coordinates>
</Point>
<ExtendedData>
	<Data name="IconNumber">
		<value>901001</value>
	</Data>
</ExtendedData>
</Placemark>
<Placemark>
<name>JX0121</name>
<TimeStamp><when>2026-09-23T11:48:05Z</when></TimeStamp>
<styleUrl>#route</styleUrl>
<Point>
<coordinates>137.860100,34.750106,-0.001000</coordinates>
</Point>
<ExtendedData>
	<Data name="IconNumber">
		<value>901001</value>
	</Data>
</ExtendedData>
</Placemark>
<Placemark>
<name>JX0122</name>
<TimeStamp><when>2026-09-23T11:48:15Z</when></TimeStamp>
<styleUrl>#route</styleUrl>
<Point>
<coordinates>137.859987,34.750304,-0.001000</coordinates>
</Point>
<ExtendedData>
	<Data name="IconNumber">
		<value>901001</value>
	</Data>
</ExtendedData>
</Placemark>
<Placemark>
<name>JX0123</name>
<TimeStamp><when>2026-09-23T11:48:25Z</when></TimeStamp>
<styleUrl>#route</styleUrl>
<Point>
<coordinates>137.859842,34.750428,-0.001000</coordinates>
</Point>
<ExtendedData>
	<Data name="IconNumber">
		<value>901001</value>
	</Data>
</ExtendedData>
</Placemark>
<Placemark>
<name>JX0124</name>
<TimeStamp><when>2026-09-23T11:48:35Z</when></TimeStamp>
<styleUrl>#route</styleUrl>
<Point>
<coordinates>137.859687,34.750510,-0.001000</coordinates>
</Point>
<ExtendedData>
	<Data name="IconNumber">
		<value>901001</value>
	</Data>
</ExtendedData>
</Placemark>
<Placemark>
<name>JX0125</name>
<TimeStamp><when>2026-09-23T11:48:45Z</when></TimeStamp>
<styleUrl>#route</styleUrl>
<Point>
<coordinates>137.859493,34.750535,-0.001000</coordinates>
</Point>
<ExtendedData>
	<Data name="IconNumber">
		<value>901001</value>
	</Data>
</ExtendedData>
</Placemark>
<Placemark>
<name>JX0126</name>
<TimeStamp><when>2026-09-23T11:48:55Z</when></TimeStamp>
<styleUrl>#route</styleUrl>
<Point>
<coordinates>137.859327,34.750501,-0.001000</coordinates>
</Point>
<ExtendedData>
	<Data name="IconNumber">
		<value>901001</value>
	</Data>
</ExtendedData>
</Placemark>
<Placemark>
<name>JX0127</name>
<TimeStamp><when>2026-09-23T11:49:05Z</when></TimeStamp>
<styleUrl>#route</styleUrl>
<Point>
<coordinates>137.859166,34.750424,-0.001000</coordinates>
</Point>
<ExtendedData>
	<Data name="IconNumber">
		<value>901001</value>
	</Data>
</ExtendedData>
</Placemark>
<Placemark>
<name>JX0128</name>
<TimeStamp><when>2026-09-23T11:49:15Z</when></TimeStamp>
<styleUrl>#route</styleUrl>
<Point>
<coordinates>137.859048,34.750295,-0.001000</coordinates>
</Point>
<ExtendedData>
	<Data name="IconNumber">
		<value>901001</value>
	</Data>
</ExtendedData>
</Placemark>
<Placemark>
<name>JX0129</name>
<TimeStamp><when>2026-09-23T11:49:25Z</when></TimeStamp>
<styleUrl>#route</styleUrl>
<Point>
<coordinates>137.858995,34.750158,-0.001000</coordinates>
</Point>
<ExtendedData>
	<Data name="IconNumber">
		<value>901001</value>
	</Data>
</ExtendedData>
</Placemark>
<Placemark>
<name>JX0130</name>
<TimeStamp><when>2026-09-23T11:49:35Z</when></TimeStamp>
<styleUrl>#route</styleUrl>
<Point>
<coordinates>137.858995,34.750020,-0.001000</coordinates>
</Point>
<ExtendedData>
	<Data name="IconNumber">
		<value>901001</value>
	</Data>
</ExtendedData>
</Placemark>
<Placemark>
<name>JX0131</name>
<TimeStamp><when>2026-09-23T11:49:45Z</when></TimeStamp>
<styleUrl>#route</styleUrl>
<Point>
<coordinates>137.859059,34.749883,-0.001000</coordinates>
</Point>
<ExtendedData>
	<Data name="IconNumber">
		<value>901001</value>
	</Data>
</ExtendedData>
</Placemark>
<Placemark>
<name>JX0132</name>
<TimeStamp><when>2026-09-23T11:49:55Z</when></TimeStamp>
<styleUrl>#route</styleUrl>
<Point>
<coordinates>137.859166,34.749780,-0.001000</coordinates>
</Point>
<ExtendedData>
	<Data name="IconNumber">
		<value>901001</value>
	</Data>
</ExtendedData>
</Placemark>
<Placemark>
<name>JX0133</name>
<TimeStamp><when>2026-09-23T11:50:05Z</when></TimeStamp>
<styleUrl>#route</styleUrl>
<Point>
<coordinates>137.859295,34.749711,-0.001000</coordinates>
</Point>
<ExtendedData>
	<Data name="IconNumber">
		<value>901001</value>
	</Data>
</ExtendedData>
</Placemark>
<Placemark>
<name>JX0134</name>
<TimeStamp><when>2026-09-23T11:50:15Z</when></TimeStamp>
<styleUrl>#route</styleUrl>
<Point>
<coordinates>137.859456,34.749668,-0.001000</coordinates>
</Point>
<ExtendedData>
	<Data name="IconNumber">
		<value>901001</value>
	</Data>
</ExtendedData>
</Placemark>
<Placemark>
<name>JX0135</name>
<TimeStamp><when>2026-09-23T11:50:25Z</when></TimeStamp>
<styleUrl>#route</styleUrl>
<Point>
<coordinates>137.859617,34.749660,-0.001000</coordinates>
</Point>
<ExtendedData>
	<Data name="IconNumber">
		<value>901001</value>
	</Data>
</ExtendedData>
</Placemark>
<Placemark>
<name>AW0117</name>
<TimeStamp><when>2026-09-23T11:50:35Z</when></TimeStamp>
<styleUrl>#route</styleUrl>
<Point>
<coordinates>137.859901,34.749639,-0.001000</coordinates>
</Point>
<ExtendedData>
	<Data name="IconNumber">
		<value>901001</value>
	</Data>
</ExtendedData>
</Placemark>
</Folder>
<Placemark>
<name>Path</name>
<Style>
<LineStyle>
 <color>ff0000ff</color>
 <width>2</width>
</LineStyle>
</Style>
<LineString>
<tessellate>1</tessellate>
<coordinates>
137.876147,34.675100,-0.001000
137.876128,34.675167,-0.001000
137.876182,34.676000,-0.001000
137.876311,34.677875,-0.001000
137.876332,34.678442,-0.001000
137.876300,34.679111,-0.001000
137.876171,34.679609,-0.001000
137.876075,34.679884,-0.001000
137.875667,34.680862,-0.001000
137.875442,34.681257,-0.001000
137.875420,34.681386,-0.001000
137.875109,34.681446,-0.001000
137.874219,34.681652,-0.001000
137.869820,34.682596,-0.001000
137.869605,34.682682,-0.001000
137.869369,34.682836,-0.001000
137.869305,34.682931,-0.001000
137.869165,34.683197,-0.001000
137.869133,34.683334,-0.001000
137.869144,34.683557,-0.001000
137.868479,34.683652,-0.001000
137.868275,34.683755,-0.001000
137.868125,34.683866,-0.001000
137.868017,34.684004,-0.001000
137.867095,34.685892,-0.001000
137.866977,34.686149,-0.001000
137.866869,34.686630,-0.001000
137.866837,34.687162,-0.001000
137.866848,34.687497,-0.001000
137.866869,34.687712,-0.001000
137.866977,34.687952,-0.001000
137.867696,34.688578,-0.001000
137.867814,34.688724,-0.001000
137.867889,34.688905,-0.001000
137.867685,34.690570,-0.001000
137.867417,34.692947,-0.001000
137.867084,34.694235,-0.001000
137.867041,34.694466,-0.001000
137.866912,34.695445,-0.001000
137.866741,34.696320,-0.001000
137.866698,34.696578,-0.001000
137.866601,34.697282,-0.001000
137.866290,34.698509,-0.001000
137.866118,34.698990,-0.001000
137.865829,34.699556,-0.001000
137.865003,34.700895,-0.001000
137.864295,34.702114,-0.001000
137.863876,34.702835,-0.001000
137.863565,34.703238,-0.001000
137.862975,34.704054,-0.001000
137.862514,34.704706,-0.001000
137.861827,34.705650,-0.001000
137.861580,34.706036,-0.001000
137.861441,34.706371,-0.001000
137.861323,34.706697,-0.001000
137.860904,34.708088,-0.001000
137.860389,34.709616,-0.001000
137.859488,34.712225,-0.001000
137.858930,34.713332,-0.001000
137.858630,34.713950,-0.001000
137.858555,34.714182,-0.001000
137.858394,34.714714,-0.001000
137.858308,34.715134,-0.001000
137.858104,34.717392,-0.001000
137.858125,34.718276,-0.001000
137.858125,34.719641,-0.001000
137.858125,34.724670,-0.001000
137.857986,34.725323,-0.001000
137.857739,34.726713,-0.001000
137.857739,34.726936,-0.001000
137.857793,34.727331,-0.001000
137.857879,34.728000,-0.001000
137.858233,34.729966,-0.001000
137.858555,34.731631,-0.001000
137.858683,34.732103,-0.001000
137.858791,34.732395,-0.001000
137.858876,34.732790,-0.001000
137.858962,34.733648,-0.001000
137.858930,34.734258,-0.001000
137.858887,34.734472,-0.001000
137.858801,34.735391,-0.001000
137.858876,34.736335,-0.001000
137.858930,34.736729,-0.001000
137.859048,34.737347,-0.001000
137.859070,34.737648,-0.001000
137.859102,34.738335,-0.001000
137.859070,34.738549,-0.001000
137.858995,34.739124,-0.001000
137.858898,34.739708,-0.001000
137.858780,34.740163,-0.001000
137.858716,34.740249,-0.001000
137.858651,34.740558,-0.001000
137.858565,34.740867,-0.001000
137.858522,34.741201,-0.001000
137.858512,34.741510,-0.001000
137.858512,34.741828,-0.001000
137.858619,34.742523,-0.001000
137.858640,34.743029,-0.001000
137.858565,34.743570,-0.001000
137.858437,34.743982,-0.001000
137.858265,34.744411,-0.001000
137.857943,34.745064,-0.001000
137.857230,34.746621,-0.001000
137.857396,34.746669,-0.001000
137.857471,34.746746,-0.001000
137.857991,34.746926,-0.001000
137.858265,34.747046,-0.001000
137.858458,34.747154,-0.001000
137.858657,34.747274,-0.001000
137.858855,34.747433,-0.001000
137.859086,34.747626,-0.001000
137.859670,34.748115,-0.001000
137.859971,34.748390,-0.001000
137.860207,34.748660,-0.001000
137.860277,34.748814,-0.001000
137.860314,34.748990,-0.001000
137.860330,34.749179,-0.001000
137.860320,34.749377,-0.001000
137.860271,34.749660,-0.001000
137.860196,34.749887,-0.001000
137.860100,34.750106,-0.001000
137.859987,34.750304,-0.001000
137.859842,34.750428,-0.001000
137.859687,34.750510,-0.001000
137.859493,34.750535,-0.001000
137.859327,34.750501,-0.001000
137.859166,34.750424,-0.001000
137.859048,34.750295,-0.001000
137.858995,34.750158,-0.001000
137.858995,34.750020,-0.001000
137.859059,34.749883,-0.001000
137.859166,34.749780,-0.001000
137.859295,34.749711,-0.001000
137.859456,34.749668,-0.001000
137.859617,34.749660,-0.001000
137.859901,34.749639,-0.001000
</coordinates>
</LineString>
</Placemark>
</Folder>
<Folder>
<name>潮見坂・浜名大橋・磐田南田伊兵衛新田</name>
<Folder>
<name>Points</name>
<Placemark>
<name>JV0628</name>
<TimeStamp><when>2026-09-23T09:55:15Z</when></TimeStamp>
<styleUrl>#route</styleUrl>
<Point>
<coordinates>137.499198,34.686922,-0.001000</coordinates>
</Point>
<ExtendedData>
	<Data name="IconNumber">
		<value>901001</value>
	</Data>
</ExtendedData>
</Placemark>
<Placemark>
<name>JW0002</name>
<TimeStamp><when>2026-09-23T09:55:25Z</when></TimeStamp>
<styleUrl>#route</styleUrl>
<Point>
<coordinates>137.499482,34.686338,-0.001000</coordinates>
</Point>
<ExtendedData>
	<Data name="IconNumber">
		<value>901001</value>
	</Data>
</ExtendedData>
</Placemark>
<Placemark>
<name>JW0003</name>
<TimeStamp><when>2026-09-23T09:55:35Z</when></TimeStamp>
<styleUrl>#route</styleUrl>
<Point>
<coordinates>137.499680,34.686051,-0.001000</coordinates>
</Point>
<ExtendedData>
	<Data name="IconNumber">
		<value>901001</value>
	</Data>
</ExtendedData>
</Placemark>
<Placemark>
<name>JW0004</name>
<TimeStamp><when>2026-09-23T09:55:45Z</when></TimeStamp>
<styleUrl>#route</styleUrl>
<Point>
<coordinates>137.499916,34.685798,-0.001000</coordinates>
</Point>
<ExtendedData>
	<Data name="IconNumber">
		<value>901001</value>
	</Data>
</ExtendedData>
</Placemark>
<Placemark>
<name>JW0005</name>
<TimeStamp><when>2026-09-23T09:55:55Z</when></TimeStamp>
<styleUrl>#route</styleUrl>
<Point>
<coordinates>137.500120,34.685613,-0.001000</coordinates>
</Point>
<ExtendedData>
	<Data name="IconNumber">
		<value>901001</value>
	</Data>
</ExtendedData>
</Placemark>
<Placemark>
<name>JW0006</name>
<TimeStamp><when>2026-09-23T09:56:05Z</when></TimeStamp>
<styleUrl>#route</styleUrl>
<Point>
<coordinates>137.500303,34.685471,-0.001000</coordinates>
</Point>
<ExtendedData>
	<Data name="IconNumber">
		<value>901001</value>
	</Data>
</ExtendedData>
</Placemark>
<Placemark>
<name>JW0007</name>
<TimeStamp><when>2026-09-23T09:56:15Z</when></TimeStamp>
<styleUrl>#route</styleUrl>
<Point>
<coordinates>137.500528,34.685325,-0.001000</coordinates>
</Point>
<ExtendedData>
	<Data name="IconNumber">
		<value>901001</value>
	</Data>
</ExtendedData>
</Placemark>
<Placemark>
<name>JW0008</name>
<TimeStamp><when>2026-09-23T09:56:25Z</when></TimeStamp>
<styleUrl>#route</styleUrl>
<Point>
<coordinates>137.500716,34.685222,-0.001000</coordinates>
</Point>
<ExtendedData>
	<Data name="IconNumber">
		<value>901001</value>
	</Data>
</ExtendedData>
</Placemark>
<Placemark>
<name>JW0009</name>
<TimeStamp><when>2026-09-23T09:56:35Z</when></TimeStamp>
<styleUrl>#route</styleUrl>
<Point>
<coordinates>137.501477,34.684871,-0.001000</coordinates>
</Point>
<ExtendedData>
	<Data name="IconNumber">
		<value>901001</value>
	</Data>
</ExtendedData>
</Placemark>
<Placemark>
<name>JW0010</name>
<TimeStamp><when>2026-09-23T09:56:45Z</when></TimeStamp>
<styleUrl>#route</styleUrl>
<Point>
<coordinates>137.502014,34.684630,-0.001000</coordinates>
</Point>
<ExtendedData>
	<Data name="IconNumber">
		<value>901001</value>
	</Data>
</ExtendedData>
</Placemark>
<Placemark>
<name>JW0011</name>
<TimeStamp><when>2026-09-23T09:56:55Z</when></TimeStamp>
<styleUrl>#route</styleUrl>
<Point>
<coordinates>137.502631,34.684399,-0.001000</coordinates>
</Point>
<ExtendedData>
	<Data name="IconNumber">
		<value>901001</value>
	</Data>
</ExtendedData>
</Placemark>
<Placemark>
<name>JW0012</name>
<TimeStamp><when>2026-09-23T09:57:05Z</when></TimeStamp>
<styleUrl>#route</styleUrl>
<Point>
<coordinates>137.503114,34.684270,-0.001000</coordinates>
</Point>
<ExtendedData>
	<Data name="IconNumber">
		<value>901001</value>
	</Data>
</ExtendedData>
</Placemark>
<Placemark>
<name>JW0013</name>
<TimeStamp><when>2026-09-23T09:57:15Z</when></TimeStamp>
<styleUrl>#route</styleUrl>
<Point>
<coordinates>137.503854,34.684111,-0.001000</coordinates>
</Point>
<ExtendedData>
	<Data name="IconNumber">
		<value>901001</value>
	</Data>
</ExtendedData>
</Placemark>
<Placemark>
<name>JW0014</name>
<TimeStamp><when>2026-09-23T09:57:25Z</when></TimeStamp>
<styleUrl>#route</styleUrl>
<Point>
<coordinates>137.505313,34.683832,-0.001000</coordinates>
</Point>
<ExtendedData>
	<Data name="IconNumber">
		<value>901001</value>
	</Data>
</ExtendedData>
</Placemark>
<Placemark>
<name>JW0015</name>
<TimeStamp><when>2026-09-23T09:57:35Z</when></TimeStamp>
<styleUrl>#route</styleUrl>
<Point>
<coordinates>137.507185,34.683489,-0.001000</coordinates>
</Point>
<ExtendedData>
	<Data name="IconNumber">
		<value>901001</value>
	</Data>
</ExtendedData>
</Placemark>
<Placemark>
<name>JW0016</name>
<TimeStamp><when>2026-09-23T09:57:45Z</when></TimeStamp>
<styleUrl>#route</styleUrl>
<Point>
<coordinates>137.507743,34.683386,-0.001000</coordinates>
</Point>
<ExtendedData>
	<Data name="IconNumber">
		<value>901001</value>
	</Data>
</ExtendedData>
</Placemark>
<Placemark>
<name>JW0017</name>
<TimeStamp><when>2026-09-23T09:57:55Z</when></TimeStamp>
<styleUrl>#route</styleUrl>
<Point>
<coordinates>137.508038,34.683300,-0.001000</coordinates>
</Point>
<ExtendedData>
	<Data name="IconNumber">
		<value>901001</value>
	</Data>
</ExtendedData>
</Placemark>
<Placemark>
<name>JW0018</name>
<TimeStamp><when>2026-09-23T09:58:05Z</when></TimeStamp>
<styleUrl>#route</styleUrl>
<Point>
<coordinates>137.508162,34.683231,-0.001000</coordinates>
</Point>
<ExtendedData>
	<Data name="IconNumber">
		<value>901001</value>
	</Data>
</ExtendedData>
</Placemark>
<Placemark>
<name>JW0019</name>
<TimeStamp><when>2026-09-23T09:58:15Z</when></TimeStamp>
<styleUrl>#route</styleUrl>
<Point>
<coordinates>137.508231,34.683163,-0.001000</coordinates>
</Point>
<ExtendedData>
	<Data name="IconNumber">
		<value>901001</value>
	</Data>
</ExtendedData>
</Placemark>
<Placemark>
<name>JW0020</name>
<TimeStamp><when>2026-09-23T09:58:25Z</when></TimeStamp>
<styleUrl>#route</styleUrl>
<Point>
<coordinates>137.508285,34.683081,-0.001000</coordinates>
</Point>
<ExtendedData>
	<Data name="IconNumber">
		<value>901001</value>
	</Data>
</ExtendedData>
</Placemark>
<Placemark>
<name>JW0021</name>
<TimeStamp><when>2026-09-23T09:58:35Z</when></TimeStamp>
<styleUrl>#route</styleUrl>
<Point>
<coordinates>137.508322,34.682978,-0.001000</coordinates>
</Point>
<ExtendedData>
	<Data name="IconNumber">
		<value>901001</value>
	</Data>
</ExtendedData>
</Placemark>
<Placemark>
<name>JW0022</name>
<TimeStamp><when>2026-09-23T09:58:45Z</when></TimeStamp>
<styleUrl>#route</styleUrl>
<Point>
<coordinates>137.508328,34.682896,-0.001000</coordinates>
</Point>
<ExtendedData>
	<Data name="IconNumber">
		<value>901001</value>
	</Data>
</ExtendedData>
</Placemark>
<Placemark>
<name>JW0023</name>
<TimeStamp><when>2026-09-23T09:58:55Z</when></TimeStamp>
<styleUrl>#route</styleUrl>
<Point>
<coordinates>137.508317,34.682806,-0.001000</coordinates>
</Point>
<ExtendedData>
	<Data name="IconNumber">
		<value>901001</value>
	</Data>
</ExtendedData>
</Placemark>
<Placemark>
<name>JW0024</name>
<TimeStamp><when>2026-09-23T09:59:05Z</when></TimeStamp>
<styleUrl>#route</styleUrl>
<Point>
<coordinates>137.508274,34.682682,-0.001000</coordinates>
</Point>
<ExtendedData>
	<Data name="IconNumber">
		<value>901001</value>
	</Data>
</ExtendedData>
</Placemark>
<Placemark>
<name>JW0025</name>
<TimeStamp><when>2026-09-23T09:59:15Z</when></TimeStamp>
<styleUrl>#route</styleUrl>
<Point>
<coordinates>137.507749,34.682017,-0.001000</coordinates>
</Point>
<ExtendedData>
	<Data name="IconNumber">
		<value>901001</value>
	</Data>
</ExtendedData>
</Placemark>
<Placemark>
<name>JW0026</name>
<TimeStamp><when>2026-09-23T09:59:25Z</when></TimeStamp>
<styleUrl>#route</styleUrl>
<Point>
<coordinates>137.507647,34.681879,-0.001000</coordinates>
</Point>
<ExtendedData>
	<Data name="IconNumber">
		<value>901001</value>
	</Data>
</ExtendedData>
</Placemark>
<Placemark>
<name>JW0027</name>
<TimeStamp><when>2026-09-23T09:59:35Z</when></TimeStamp>
<styleUrl>#route</styleUrl>
<Point>
<coordinates>137.507566,34.681746,-0.001000</coordinates>
</Point>
<ExtendedData>
	<Data name="IconNumber">
		<value>901001</value>
	</Data>
</ExtendedData>
</Placemark>
<Placemark>
<name>JW0028</name>
<TimeStamp><when>2026-09-23T09:59:45Z</when></TimeStamp>
<styleUrl>#route</styleUrl>
<Point>
<coordinates>137.507502,34.681549,-0.001000</coordinates>
</Point>
<ExtendedData>
	<Data name="IconNumber">
		<value>901001</value>
	</Data>
</ExtendedData>
</Placemark>
<Placemark>
<name>JW0029</name>
<TimeStamp><when>2026-09-23T09:59:55Z</when></TimeStamp>
<styleUrl>#route</styleUrl>
<Point>
<coordinates>137.507352,34.680888,-0.001000</coordinates>
</Point>
<ExtendedData>
	<Data name="IconNumber">
		<value>901001</value>
	</Data>
</ExtendedData>
</Placemark>
<Placemark>
<name>JW0030</name>
<TimeStamp><when>2026-09-23T10:00:05Z</when></TimeStamp>
<styleUrl>#route</styleUrl>
<Point>
<coordinates>137.507303,34.680776,-0.001000</coordinates>
</Point>
<ExtendedData>
	<Data name="IconNumber">
		<value>901001</value>
	</Data>
</ExtendedData>
</Placemark>
<Placemark>
<name>JW0031</name>
<TimeStamp><when>2026-09-23T10:00:15Z</when></TimeStamp>
<styleUrl>#route</styleUrl>
<Point>
<coordinates>137.507223,34.680652,-0.001000</coordinates>
</Point>
<ExtendedData>
	<Data name="IconNumber">
		<value>901001</value>
	</Data>
</ExtendedData>
</Placemark>
<Placemark>
<name>JW0032</name>
<TimeStamp><when>2026-09-23T10:00:25Z</when></TimeStamp>
<styleUrl>#route</styleUrl>
<Point>
<coordinates>137.506960,34.680369,-0.001000</coordinates>
</Point>
<ExtendedData>
	<Data name="IconNumber">
		<value>901001</value>
	</Data>
</ExtendedData>
</Placemark>
<Placemark>
<name>JW0033</name>
<TimeStamp><when>2026-09-23T10:00:35Z</when></TimeStamp>
<styleUrl>#route</styleUrl>
<Point>
<coordinates>137.506901,34.680279,-0.001000</coordinates>
</Point>
<ExtendedData>
	<Data name="IconNumber">
		<value>901001</value>
	</Data>
</ExtendedData>
</Placemark>
<Placemark>
<name>JW0034</name>
<TimeStamp><when>2026-09-23T10:00:45Z</when></TimeStamp>
<styleUrl>#route</styleUrl>
<Point>
<coordinates>137.506847,34.680150,-0.001000</coordinates>
</Point>
<ExtendedData>
	<Data name="IconNumber">
		<value>901001</value>
	</Data>
</ExtendedData>
</Placemark>
<Placemark>
<name>JW0035</name>
<TimeStamp><when>2026-09-23T10:00:55Z</when></TimeStamp>
<styleUrl>#route</styleUrl>
<Point>
<coordinates>137.506847,34.680043,-0.001000</coordinates>
</Point>
<ExtendedData>
	<Data name="IconNumber">
		<value>901001</value>
	</Data>
</ExtendedData>
</Placemark>
<Placemark>
<name>JW0036</name>
<TimeStamp><when>2026-09-23T10:01:05Z</when></TimeStamp>
<styleUrl>#route</styleUrl>
<Point>
<coordinates>137.506869,34.679935,-0.001000</coordinates>
</Point>
<ExtendedData>
	<Data name="IconNumber">
		<value>901001</value>
	</Data>
</ExtendedData>
</Placemark>
<Placemark>
<name>JW0037</name>
<TimeStamp><when>2026-09-23T10:01:15Z</when></TimeStamp>
<styleUrl>#route</styleUrl>
<Point>
<coordinates>137.506938,34.679815,-0.001000</coordinates>
</Point>
<ExtendedData>
	<Data name="IconNumber">
		<value>901001</value>
	</Data>
</ExtendedData>
</Placemark>
<Placemark>
<name>JW0038</name>
<TimeStamp><when>2026-09-23T10:01:25Z</when></TimeStamp>
<styleUrl>#route</styleUrl>
<Point>
<coordinates>137.506997,34.679742,-0.001000</coordinates>
</Point>
<ExtendedData>
	<Data name="IconNumber">
		<value>901001</value>
	</Data>
</ExtendedData>
</Placemark>
<Placemark>
<name>JW0039</name>
<TimeStamp><when>2026-09-23T10:01:35Z</when></TimeStamp>
<styleUrl>#route</styleUrl>
<Point>
<coordinates>137.507110,34.679674,-0.001000</coordinates>
</Point>
<ExtendedData>
	<Data name="IconNumber">
		<value>901001</value>
	</Data>
</ExtendedData>
</Placemark>
<Placemark>
<name>JW0040</name>
<TimeStamp><when>2026-09-23T10:01:45Z</when></TimeStamp>
<styleUrl>#route</styleUrl>
<Point>
<coordinates>137.507223,34.679639,-0.001000</coordinates>
</Point>
<ExtendedData>
	<Data name="IconNumber">
		<value>901001</value>
	</Data>
</ExtendedData>
</Placemark>
<Placemark>
<name>JW0041</name>
<TimeStamp><when>2026-09-23T10:01:55Z</when></TimeStamp>
<styleUrl>#route</styleUrl>
<Point>
<coordinates>137.507421,34.679626,-0.001000</coordinates>
</Point>
<ExtendedData>
	<Data name="IconNumber">
		<value>901001</value>
	</Data>
</ExtendedData>
</Placemark>
<Placemark>
<name>JW0042</name>
<TimeStamp><when>2026-09-23T10:02:05Z</when></TimeStamp>
<styleUrl>#route</styleUrl>
<Point>
<coordinates>137.507588,34.679665,-0.001000</coordinates>
</Point>
<ExtendedData>
	<Data name="IconNumber">
		<value>901001</value>
	</Data>
</ExtendedData>
</Placemark>
<Placemark>
<name>JW0043</name>
<TimeStamp><when>2026-09-23T10:02:15Z</when></TimeStamp>
<styleUrl>#route</styleUrl>
<Point>
<coordinates>137.507738,34.679716,-0.001000</coordinates>
</Point>
<ExtendedData>
	<Data name="IconNumber">
		<value>901001</value>
	</Data>
</ExtendedData>
</Placemark>
<Placemark>
<name>潮見坂</name>
<TimeStamp><when>2026-09-23T10:02:25Z</when></TimeStamp>
<styleUrl>#route</styleUrl>
<Point>
<coordinates>137.507944,34.679806,35.000000</coordinates>
</Point>
<ExtendedData>
	<Data name="IconNumber">
		<value>901001</value>
	</Data>
</ExtendedData>
</Placemark>
<Placemark>
<name>JW0045</name>
<TimeStamp><when>2026-09-23T10:02:35Z</when></TimeStamp>
<styleUrl>#route</styleUrl>
<Point>
<coordinates>137.508156,34.679940,-0.001000</coordinates>
</Point>
<ExtendedData>
	<Data name="IconNumber">
		<value>901001</value>
	</Data>
</ExtendedData>
</Placemark>
<Placemark>
<name>JW0046</name>
<TimeStamp><when>2026-09-23T10:02:45Z</when></TimeStamp>
<styleUrl>#route</styleUrl>
<Point>
<coordinates>137.508414,34.680077,-0.001000</coordinates>
</Point>
<ExtendedData>
	<Data name="IconNumber">
		<value>901001</value>
	</Data>
</ExtendedData>
</Placemark>
<Placemark>
<name>JW0047</name>
<TimeStamp><when>2026-09-23T10:02:55Z</when></TimeStamp>
<styleUrl>#route</styleUrl>
<Point>
<coordinates>137.508660,34.680163,-0.001000</coordinates>
</Point>
<ExtendedData>
	<Data name="IconNumber">
		<value>901001</value>
	</Data>
</ExtendedData>
</Placemark>
<Placemark>
<name>JW0048</name>
<TimeStamp><when>2026-09-23T10:03:05Z</when></TimeStamp>
<styleUrl>#route</styleUrl>
<Point>
<coordinates>137.508843,34.680197,-0.001000</coordinates>
</Point>
<ExtendedData>
	<Data name="IconNumber">
		<value>901001</value>
	</Data>
</ExtendedData>
</Placemark>
<Placemark>
<name>JW0049</name>
<TimeStamp><when>2026-09-23T10:03:15Z</when></TimeStamp>
<styleUrl>#route</styleUrl>
<Point>
<coordinates>137.509036,34.680197,-0.001000</coordinates>
</Point>
<ExtendedData>
	<Data name="IconNumber">
		<value>901001</value>
	</Data>
</ExtendedData>
</Placemark>
<Placemark>
<name>JW0050</name>
<TimeStamp><when>2026-09-23T10:03:25Z</when></TimeStamp>
<styleUrl>#route</styleUrl>
<Point>
<coordinates>137.509444,34.680214,-0.001000</coordinates>
</Point>
<ExtendedData>
	<Data name="IconNumber">
		<value>901001</value>
	</Data>
</ExtendedData>
</Placemark>
<Placemark>
<name>JW0051</name>
<TimeStamp><when>2026-09-23T10:03:35Z</when></TimeStamp>
<styleUrl>#route</styleUrl>
<Point>
<coordinates>137.509712,34.680206,-0.001000</coordinates>
</Point>
<ExtendedData>
	<Data name="IconNumber">
		<value>901001</value>
	</Data>
</ExtendedData>
</Placemark>
<Placemark>
<name>JW0052</name>
<TimeStamp><when>2026-09-23T10:03:45Z</when></TimeStamp>
<styleUrl>#route</styleUrl>
<Point>
<coordinates>137.510007,34.680154,-0.001000</coordinates>
</Point>
<ExtendedData>
	<Data name="IconNumber">
		<value>901001</value>
	</Data>
</ExtendedData>
</Placemark>
<Placemark>
<name>JW0053</name>
<TimeStamp><when>2026-09-23T10:03:55Z</when></TimeStamp>
<styleUrl>#route</styleUrl>
<Point>
<coordinates>137.510179,34.680120,-0.001000</coordinates>
</Point>
<ExtendedData>
	<Data name="IconNumber">
		<value>901001</value>
	</Data>
</ExtendedData>
</Placemark>
<Placemark>
<name>JW0054</name>
<TimeStamp><when>2026-09-23T10:04:05Z</when></TimeStamp>
<styleUrl>#route</styleUrl>
<Point>
<coordinates>137.510340,34.680068,-0.001000</coordinates>
</Point>
<ExtendedData>
	<Data name="IconNumber">
		<value>901001</value>
	</Data>
</ExtendedData>
</Placemark>
<Placemark>
<name>JW0055</name>
<TimeStamp><when>2026-09-23T10:04:15Z</when></TimeStamp>
<styleUrl>#route</styleUrl>
<Point>
<coordinates>137.510597,34.680038,-0.001000</coordinates>
</Point>
<ExtendedData>
	<Data name="IconNumber">
		<value>901001</value>
	</Data>
</ExtendedData>
</Placemark>
<Placemark>
<name>JW0056</name>
<TimeStamp><when>2026-09-23T10:04:25Z</when></TimeStamp>
<styleUrl>#route</styleUrl>
<Point>
<coordinates>137.511745,34.679648,-0.001000</coordinates>
</Point>
<ExtendedData>
	<Data name="IconNumber">
		<value>901001</value>
	</Data>
</ExtendedData>
</Placemark>
<Placemark>
<name>JW0057</name>
<TimeStamp><when>2026-09-23T10:04:35Z</when></TimeStamp>
<styleUrl>#route</styleUrl>
<Point>
<coordinates>137.512475,34.679356,-0.001000</coordinates>
</Point>
<ExtendedData>
	<Data name="IconNumber">
		<value>901001</value>
	</Data>
</ExtendedData>
</Placemark>
<Placemark>
<name>JW0058</name>
<TimeStamp><when>2026-09-23T10:04:45Z</when></TimeStamp>
<styleUrl>#route</styleUrl>
<Point>
<coordinates>137.512754,34.679219,-0.001000</coordinates>
</Point>
<ExtendedData>
	<Data name="IconNumber">
		<value>901001</value>
	</Data>
</ExtendedData>
</Placemark>
<Placemark>
<name>JW0059</name>
<TimeStamp><when>2026-09-23T10:04:55Z</when></TimeStamp>
<styleUrl>#route</styleUrl>
<Point>
<coordinates>137.512968,34.679167,-0.001000</coordinates>
</Point>
<ExtendedData>
	<Data name="IconNumber">
		<value>901001</value>
	</Data>
</ExtendedData>
</Placemark>
<Placemark>
<name>JW0060</name>
<TimeStamp><when>2026-09-23T10:05:05Z</when></TimeStamp>
<styleUrl>#route</styleUrl>
<Point>
<coordinates>137.513837,34.678910,-0.001000</coordinates>
</Point>
<ExtendedData>
	<Data name="IconNumber">
		<value>901001</value>
	</Data>
</ExtendedData>
</Placemark>
<Placemark>
<name>JW0061</name>
<TimeStamp><when>2026-09-23T10:05:15Z</when></TimeStamp>
<styleUrl>#route</styleUrl>
<Point>
<coordinates>137.514170,34.678858,-0.001000</coordinates>
</Point>
<ExtendedData>
	<Data name="IconNumber">
		<value>901001</value>
	</Data>
</ExtendedData>
</Placemark>
<Placemark>
<name>JW0062</name>
<TimeStamp><when>2026-09-23T10:05:25Z</when></TimeStamp>
<styleUrl>#route</styleUrl>
<Point>
<coordinates>137.514803,34.678747,-0.001000</coordinates>
</Point>
<ExtendedData>
	<Data name="IconNumber">
		<value>901001</value>
	</Data>
</ExtendedData>
</Placemark>
<Placemark>
<name>JW0063</name>
<TimeStamp><when>2026-09-23T10:05:35Z</when></TimeStamp>
<styleUrl>#route</styleUrl>
<Point>
<coordinates>137.515371,34.678695,-0.001000</coordinates>
</Point>
<ExtendedData>
	<Data name="IconNumber">
		<value>901001</value>
	</Data>
</ExtendedData>
</Placemark>
<Placemark>
<name>JW0064</name>
<TimeStamp><when>2026-09-23T10:05:45Z</when></TimeStamp>
<styleUrl>#route</styleUrl>
<Point>
<coordinates>137.515704,34.678678,-0.001000</coordinates>
</Point>
<ExtendedData>
	<Data name="IconNumber">
		<value>901001</value>
	</Data>
</ExtendedData>
</Placemark>
<Placemark>
<name>JW0065</name>
<TimeStamp><when>2026-09-23T10:05:55Z</when></TimeStamp>
<styleUrl>#route</styleUrl>
<Point>
<coordinates>137.516369,34.678678,-0.001000</coordinates>
</Point>
<ExtendedData>
	<Data name="IconNumber">
		<value>901001</value>
	</Data>
</ExtendedData>
</Placemark>
<Placemark>
<name>JW0066</name>
<TimeStamp><when>2026-09-23T10:06:05Z</when></TimeStamp>
<styleUrl>#route</styleUrl>
<Point>
<coordinates>137.517099,34.678729,-0.001000</coordinates>
</Point>
<ExtendedData>
	<Data name="IconNumber">
		<value>901001</value>
	</Data>
</ExtendedData>
</Placemark>
<Placemark>
<name>JW0067</name>
<TimeStamp><when>2026-09-23T10:06:15Z</when></TimeStamp>
<styleUrl>#route</styleUrl>
<Point>
<coordinates>137.518815,34.678935,-0.001000</coordinates>
</Point>
<ExtendedData>
	<Data name="IconNumber">
		<value>901001</value>
	</Data>
</ExtendedData>
</Placemark>
<Placemark>
<name>JW0068</name>
<TimeStamp><when>2026-09-23T10:06:25Z</when></TimeStamp>
<styleUrl>#route</styleUrl>
<Point>
<coordinates>137.521004,34.679201,-0.001000</coordinates>
</Point>
<ExtendedData>
	<Data name="IconNumber">
		<value>901001</value>
	</Data>
</ExtendedData>
</Placemark>
<Placemark>
<name>JW0069</name>
<TimeStamp><when>2026-09-23T10:06:35Z</when></TimeStamp>
<styleUrl>#route</styleUrl>
<Point>
<coordinates>137.523922,34.679562,-0.001000</coordinates>
</Point>
<ExtendedData>
	<Data name="IconNumber">
		<value>901001</value>
	</Data>
</ExtendedData>
</Placemark>
<Placemark>
<name>JW0070</name>
<TimeStamp><when>2026-09-23T10:06:45Z</when></TimeStamp>
<styleUrl>#route</styleUrl>
<Point>
<coordinates>137.526283,34.679837,-0.001000</coordinates>
</Point>
<ExtendedData>
	<Data name="IconNumber">
		<value>901001</value>
	</Data>
</ExtendedData>
</Placemark>
<Placemark>
<name>JW0071</name>
<TimeStamp><when>2026-09-23T10:06:55Z</when></TimeStamp>
<styleUrl>#route</styleUrl>
<Point>
<coordinates>137.530220,34.680292,-0.001000</coordinates>
</Point>
<ExtendedData>
	<Data name="IconNumber">
		<value>901001</value>
	</Data>
</ExtendedData>
</Placemark>
<Placemark>
<name>JW0072</name>
<TimeStamp><when>2026-09-23T10:07:05Z</when></TimeStamp>
<styleUrl>#route</styleUrl>
<Point>
<coordinates>137.531486,34.680429,-0.001000</coordinates>
</Point>
<ExtendedData>
	<Data name="IconNumber">
		<value>901001</value>
	</Data>
</ExtendedData>
</Placemark>
<Placemark>
<name>JW0073</name>
<TimeStamp><when>2026-09-23T10:07:15Z</when></TimeStamp>
<styleUrl>#route</styleUrl>
<Point>
<coordinates>137.532752,34.680592,-0.001000</coordinates>
</Point>
<ExtendedData>
	<Data name="IconNumber">
		<value>901001</value>
	</Data>
</ExtendedData>
</Placemark>
<Placemark>
<name>JW0074</name>
<TimeStamp><when>2026-09-23T10:07:25Z</when></TimeStamp>
<styleUrl>#route</styleUrl>
<Point>
<coordinates>137.533079,34.679322,-0.001000</coordinates>
</Point>
<ExtendedData>
	<Data name="IconNumber">
		<value>901001</value>
	</Data>
</ExtendedData>
</Placemark>
<Placemark>
<name>JW0075</name>
<TimeStamp><when>2026-09-23T10:07:35Z</when></TimeStamp>
<styleUrl>#route</styleUrl>
<Point>
<coordinates>137.533702,34.679360,-0.001000</coordinates>
</Point>
<ExtendedData>
	<Data name="IconNumber">
		<value>901001</value>
	</Data>
</ExtendedData>
</Placemark>
<Placemark>
<name>JW0076</name>
<TimeStamp><when>2026-09-23T10:07:45Z</when></TimeStamp>
<styleUrl>#route</styleUrl>
<Point>
<coordinates>137.533986,34.679463,-0.001000</coordinates>
</Point>
<ExtendedData>
	<Data name="IconNumber">
		<value>901001</value>
	</Data>
</ExtendedData>
</Placemark>
<Placemark>
<name>JW0077</name>
<TimeStamp><when>2026-09-23T10:07:55Z</when></TimeStamp>
<styleUrl>#route</styleUrl>
<Point>
<coordinates>137.534147,34.679498,-0.001000</coordinates>
</Point>
<ExtendedData>
	<Data name="IconNumber">
		<value>901001</value>
	</Data>
</ExtendedData>
</Placemark>
<Placemark>
<name>JW0078</name>
<TimeStamp><when>2026-09-23T10:08:05Z</when></TimeStamp>
<styleUrl>#route</styleUrl>
<Point>
<coordinates>137.534292,34.679519,-0.001000</coordinates>
</Point>
<ExtendedData>
	<Data name="IconNumber">
		<value>901001</value>
	</Data>
</ExtendedData>
</Placemark>
<Placemark>
<name>JW0079</name>
<TimeStamp><when>2026-09-23T10:08:15Z</when></TimeStamp>
<styleUrl>#route</styleUrl>
<Point>
<coordinates>137.534533,34.679540,-0.001000</coordinates>
</Point>
<ExtendedData>
	<Data name="IconNumber">
		<value>901001</value>
	</Data>
</ExtendedData>
</Placemark>
<Placemark>
<name>JW0080</name>
<TimeStamp><when>2026-09-23T10:08:25Z</when></TimeStamp>
<styleUrl>#route</styleUrl>
<Point>
<coordinates>137.534807,34.679532,-0.001000</coordinates>
</Point>
<ExtendedData>
	<Data name="IconNumber">
		<value>901001</value>
	</Data>
</ExtendedData>
</Placemark>
<Placemark>
<name>JW0081</name>
<TimeStamp><when>2026-09-23T10:08:35Z</when></TimeStamp>
<styleUrl>#route</styleUrl>
<Point>
<coordinates>137.535354,34.679510,-0.001000</coordinates>
</Point>
<ExtendedData>
	<Data name="IconNumber">
		<value>901001</value>
	</Data>
</ExtendedData>
</Placemark>
<Placemark>
<name>JW0082</name>
<TimeStamp><when>2026-09-23T10:08:45Z</when></TimeStamp>
<styleUrl>#route</styleUrl>
<Point>
<coordinates>137.536550,34.679463,-0.001000</coordinates>
</Point>
<ExtendedData>
	<Data name="IconNumber">
		<value>901001</value>
	</Data>
</ExtendedData>
</Placemark>
<Placemark>
<name>JW0083</name>
<TimeStamp><when>2026-09-23T10:08:55Z</when></TimeStamp>
<styleUrl>#route</styleUrl>
<Point>
<coordinates>137.537301,34.679446,-0.001000</coordinates>
</Point>
<ExtendedData>
	<Data name="IconNumber">
		<value>901001</value>
	</Data>
</ExtendedData>
</Placemark>
<Placemark>
<name>JW0084</name>
<TimeStamp><when>2026-09-23T10:09:05Z</when></TimeStamp>
<styleUrl>#route</styleUrl>
<Point>
<coordinates>137.538106,34.679463,-0.001000</coordinates>
</Point>
<ExtendedData>
	<Data name="IconNumber">
		<value>901001</value>
	</Data>
</ExtendedData>
</Placemark>
<Placemark>
<name>JW0085</name>
<TimeStamp><when>2026-09-23T10:09:15Z</when></TimeStamp>
<styleUrl>#route</styleUrl>
<Point>
<coordinates>137.542741,34.679712,-0.001000</coordinates>
</Point>
<ExtendedData>
	<Data name="IconNumber">
		<value>901001</value>
	</Data>
</ExtendedData>
</Placemark>
<Placemark>
<name>JW0086</name>
<TimeStamp><when>2026-09-23T10:09:25Z</when></TimeStamp>
<styleUrl>#route</styleUrl>
<Point>
<coordinates>137.550347,34.680141,-0.001000</coordinates>
</Point>
<ExtendedData>
	<Data name="IconNumber">
		<value>901001</value>
	</Data>
</ExtendedData>
</Placemark>
<Placemark>
<name>JW0087</name>
<TimeStamp><when>2026-09-23T10:09:35Z</when></TimeStamp>
<styleUrl>#route</styleUrl>
<Point>
<coordinates>137.553083,34.680330,-0.001000</coordinates>
</Point>
<ExtendedData>
	<Data name="IconNumber">
		<value>901001</value>
	</Data>
</ExtendedData>
</Placemark>
<Placemark>
<name>JW0088</name>
<TimeStamp><when>2026-09-23T10:09:45Z</when></TimeStamp>
<styleUrl>#route</styleUrl>
<Point>
<coordinates>137.555208,34.680450,-0.001000</coordinates>
</Point>
<ExtendedData>
	<Data name="IconNumber">
		<value>901001</value>
	</Data>
</ExtendedData>
</Placemark>
<Placemark>
<name>JW0089</name>
<TimeStamp><when>2026-09-23T10:09:55Z</when></TimeStamp>
<styleUrl>#route</styleUrl>
<Point>
<coordinates>137.556570,34.680502,-0.001000</coordinates>
</Point>
<ExtendedData>
	<Data name="IconNumber">
		<value>901001</value>
	</Data>
</ExtendedData>
</Placemark>
<Placemark>
<name>JW0090</name>
<TimeStamp><when>2026-09-23T10:10:05Z</when></TimeStamp>
<styleUrl>#route</styleUrl>
<Point>
<coordinates>137.560443,34.680588,-0.001000</coordinates>
</Point>
<ExtendedData>
	<Data name="IconNumber">
		<value>901001</value>
	</Data>
</ExtendedData>
</Placemark>
<Placemark>
<name>JW0091</name>
<TimeStamp><when>2026-09-23T10:10:15Z</when></TimeStamp>
<styleUrl>#route</styleUrl>
<Point>
<coordinates>137.570206,34.680588,-0.001000</coordinates>
</Point>
<ExtendedData>
	<Data name="IconNumber">
		<value>901001</value>
	</Data>
</ExtendedData>
</Placemark>
<Placemark>
<name>JW0092</name>
<TimeStamp><when>2026-09-23T10:10:25Z</when></TimeStamp>
<styleUrl>#route</styleUrl>
<Point>
<coordinates>137.571762,34.680596,-0.001000</coordinates>
</Point>
<ExtendedData>
	<Data name="IconNumber">
		<value>901001</value>
	</Data>
</ExtendedData>
</Placemark>
<Placemark>
<name>JW0093</name>
<TimeStamp><when>2026-09-23T10:10:35Z</when></TimeStamp>
<styleUrl>#route</styleUrl>
<Point>
<coordinates>137.572663,34.680613,-0.001000</coordinates>
</Point>
<ExtendedData>
	<Data name="IconNumber">
		<value>901001</value>
	</Data>
</ExtendedData>
</Placemark>
<Placemark>
<name>JW0094</name>
<TimeStamp><when>2026-09-23T10:10:45Z</when></TimeStamp>
<styleUrl>#route</styleUrl>
<Point>
<coordinates>137.573457,34.680665,-0.001000</coordinates>
</Point>
<ExtendedData>
	<Data name="IconNumber">
		<value>901001</value>
	</Data>
</ExtendedData>
</Placemark>
<Placemark>
<name>JW0095</name>
<TimeStamp><when>2026-09-23T10:10:55Z</when></TimeStamp>
<styleUrl>#route</styleUrl>
<Point>
<coordinates>137.574251,34.680716,-0.001000</coordinates>
</Point>
<ExtendedData>
	<Data name="IconNumber">
		<value>901001</value>
	</Data>
</ExtendedData>
</Placemark>
<Placemark>
<name>JW0096</name>
<TimeStamp><when>2026-09-23T10:11:05Z</when></TimeStamp>
<styleUrl>#route</styleUrl>
<Point>
<coordinates>137.574959,34.680776,-0.001000</coordinates>
</Point>
<ExtendedData>
	<Data name="IconNumber">
		<value>901001</value>
	</Data>
</ExtendedData>
</Placemark>
<Placemark>
<name>JW0097</name>
<TimeStamp><when>2026-09-23T10:11:15Z</when></TimeStamp>
<styleUrl>#route</styleUrl>
<Point>
<coordinates>137.576547,34.680940,-0.001000</coordinates>
</Point>
<ExtendedData>
	<Data name="IconNumber">
		<value>901001</value>
	</Data>
</ExtendedData>
</Placemark>
<Placemark>
<name>JW0098</name>
<TimeStamp><when>2026-09-23T10:11:25Z</when></TimeStamp>
<styleUrl>#route</styleUrl>
<Point>
<coordinates>137.577287,34.681008,-0.001000</coordinates>
</Point>
<ExtendedData>
	<Data name="IconNumber">
		<value>901001</value>
	</Data>
</ExtendedData>
</Placemark>
<Placemark>
<name>JW0099</name>
<TimeStamp><when>2026-09-23T10:11:35Z</when></TimeStamp>
<styleUrl>#route</styleUrl>
<Point>
<coordinates>137.578393,34.681077,-0.001000</coordinates>
</Point>
<ExtendedData>
	<Data name="IconNumber">
		<value>901001</value>
	</Data>
</ExtendedData>
</Placemark>
<Placemark>
<name>JW0100</name>
<TimeStamp><when>2026-09-23T10:11:45Z</when></TimeStamp>
<styleUrl>#route</styleUrl>
<Point>
<coordinates>137.579390,34.681103,-0.001000</coordinates>
</Point>
<ExtendedData>
	<Data name="IconNumber">
		<value>901001</value>
	</Data>
</ExtendedData>
</Placemark>
<Placemark>
<name>JW0101</name>
<TimeStamp><when>2026-09-23T10:11:55Z</when></TimeStamp>
<styleUrl>#route</styleUrl>
<Point>
<coordinates>137.580656,34.681094,-0.001000</coordinates>
</Point>
<ExtendedData>
	<Data name="IconNumber">
		<value>901001</value>
	</Data>
</ExtendedData>
</Placemark>
<Placemark>
<name>JW0102</name>
<TimeStamp><when>2026-09-23T10:12:05Z</when></TimeStamp>
<styleUrl>#route</styleUrl>
<Point>
<coordinates>137.581600,34.681051,-0.001000</coordinates>
</Point>
<ExtendedData>
	<Data name="IconNumber">
		<value>901001</value>
	</Data>
</ExtendedData>
</Placemark>
<Placemark>
<name>JW0103</name>
<TimeStamp><when>2026-09-23T10:12:15Z</when></TimeStamp>
<styleUrl>#route</styleUrl>
<Point>
<coordinates>137.583049,34.680940,-0.001000</coordinates>
</Point>
<ExtendedData>
	<Data name="IconNumber">
		<value>901001</value>
	</Data>
</ExtendedData>
</Placemark>
<Placemark>
<name>JW0104</name>
<TimeStamp><when>2026-09-23T10:12:25Z</when></TimeStamp>
<styleUrl>#route</styleUrl>
<Point>
<coordinates>137.583982,34.680845,-0.001000</coordinates>
</Point>
<ExtendedData>
	<Data name="IconNumber">
		<value>901001</value>
	</Data>
</ExtendedData>
</Placemark>
<Placemark>
<name>JW0105</name>
<TimeStamp><when>2026-09-23T10:12:35Z</when></TimeStamp>
<styleUrl>#route</styleUrl>
<Point>
<coordinates>137.585055,34.680699,-0.001000</coordinates>
</Point>
<ExtendedData>
	<Data name="IconNumber">
		<value>901001</value>
	</Data>
</ExtendedData>
</Placemark>
<Placemark>
<name>JW0106</name>
<TimeStamp><when>2026-09-23T10:12:45Z</when></TimeStamp>
<styleUrl>#route</styleUrl>
<Point>
<coordinates>137.586107,34.680485,-0.001000</coordinates>
</Point>
<ExtendedData>
	<Data name="IconNumber">
		<value>901001</value>
	</Data>
</ExtendedData>
</Placemark>
<Placemark>
<name>JW0107</name>
<TimeStamp><when>2026-09-23T10:12:55Z</when></TimeStamp>
<styleUrl>#route</styleUrl>
<Point>
<coordinates>137.587609,34.680158,-0.001000</coordinates>
</Point>
<ExtendedData>
	<Data name="IconNumber">
		<value>901001</value>
	</Data>
</ExtendedData>
</Placemark>
<Placemark>
<name>JW0108</name>
<TimeStamp><when>2026-09-23T10:13:05Z</when></TimeStamp>
<styleUrl>#route</styleUrl>
<Point>
<coordinates>137.588681,34.679884,-0.001000</coordinates>
</Point>
<ExtendedData>
	<Data name="IconNumber">
		<value>901001</value>
	</Data>
</ExtendedData>
</Placemark>
<Placemark>
<name>JW0109</name>
<TimeStamp><when>2026-09-23T10:13:15Z</when></TimeStamp>
<styleUrl>#route</styleUrl>
<Point>
<coordinates>137.589282,34.679738,-0.001000</coordinates>
</Point>
<ExtendedData>
	<Data name="IconNumber">
		<value>901001</value>
	</Data>
</ExtendedData>
</Placemark>
<Placemark>
<name>JW0110</name>
<TimeStamp><when>2026-09-23T10:13:25Z</when></TimeStamp>
<styleUrl>#route</styleUrl>
<Point>
<coordinates>137.589872,34.679626,-0.001000</coordinates>
</Point>
<ExtendedData>
	<Data name="IconNumber">
		<value>901001</value>
	</Data>
</ExtendedData>
</Placemark>
<Placemark>
<name>JW0111</name>
<TimeStamp><when>2026-09-23T10:13:35Z</when></TimeStamp>
<styleUrl>#route</styleUrl>
<Point>
<coordinates>137.590720,34.679472,-0.001000</coordinates>
</Point>
<ExtendedData>
	<Data name="IconNumber">
		<value>901001</value>
	</Data>
</ExtendedData>
</Placemark>
<Placemark>
<name>JW0112</name>
<TimeStamp><when>2026-09-23T10:13:45Z</when></TimeStamp>
<styleUrl>#route</styleUrl>
<Point>
<coordinates>137.591782,34.679334,-0.001000</coordinates>
</Point>
<ExtendedData>
	<Data name="IconNumber">
		<value>901001</value>
	</Data>
</ExtendedData>
</Placemark>
<Placemark>
<name>JW0113</name>
<TimeStamp><when>2026-09-23T10:13:55Z</when></TimeStamp>
<styleUrl>#route</styleUrl>
<Point>
<coordinates>137.592716,34.679223,-0.001000</coordinates>
</Point>
<ExtendedData>
	<Data name="IconNumber">
		<value>901001</value>
	</Data>
</ExtendedData>
</Placemark>
<Placemark>
<name>JW0114</name>
<TimeStamp><when>2026-09-23T10:14:05Z</when></TimeStamp>
<styleUrl>#route</styleUrl>
<Point>
<coordinates>137.593349,34.679171,-0.001000</coordinates>
</Point>
<ExtendedData>
	<Data name="IconNumber">
		<value>901001</value>
	</Data>
</ExtendedData>
</Placemark>
<Placemark>
<name>JW0115</name>
<TimeStamp><when>2026-09-23T10:14:15Z</when></TimeStamp>
<styleUrl>#route</styleUrl>
<Point>
<coordinates>137.594057,34.679137,-0.001000</coordinates>
</Point>
<ExtendedData>
	<Data name="IconNumber">
		<value>901001</value>
	</Data>
</ExtendedData>
</Placemark>
<Placemark>
<name>JW0116</name>
<TimeStamp><when>2026-09-23T10:14:25Z</when></TimeStamp>
<styleUrl>#route</styleUrl>
<Point>
<coordinates>137.604689,34.678674,-0.001000</coordinates>
</Point>
<ExtendedData>
	<Data name="IconNumber">
		<value>901001</value>
	</Data>
</ExtendedData>
</Placemark>
<Placemark>
<name>JW0117</name>
<TimeStamp><when>2026-09-23T10:14:35Z</when></TimeStamp>
<styleUrl>#route</styleUrl>
<Point>
<coordinates>137.609678,34.678459,-0.001000</coordinates>
</Point>
<ExtendedData>
	<Data name="IconNumber">
		<value>901001</value>
	</Data>
</ExtendedData>
</Placemark>
<Placemark>
<name>JW0118</name>
<TimeStamp><when>2026-09-23T10:14:45Z</when></TimeStamp>
<styleUrl>#route</styleUrl>
<Point>
<coordinates>137.613433,34.678236,-0.001000</coordinates>
</Point>
<ExtendedData>
	<Data name="IconNumber">
		<value>901001</value>
	</Data>
</ExtendedData>
</Placemark>
<Placemark>
<name>JW0119</name>
<TimeStamp><when>2026-09-23T10:14:55Z</when></TimeStamp>
<styleUrl>#route</styleUrl>
<Point>
<coordinates>137.621930,34.677678,-0.001000</coordinates>
</Point>
<ExtendedData>
	<Data name="IconNumber">
		<value>901001</value>
	</Data>
</ExtendedData>
</Placemark>
<Placemark>
<name>JW0120</name>
<TimeStamp><when>2026-09-23T10:15:05Z</when></TimeStamp>
<styleUrl>#route</styleUrl>
<Point>
<coordinates>137.626769,34.677360,-0.001000</coordinates>
</Point>
<ExtendedData>
	<Data name="IconNumber">
		<value>901001</value>
	</Data>
</ExtendedData>
</Placemark>
<Placemark>
<name>JW0121</name>
<TimeStamp><when>2026-09-23T10:15:15Z</when></TimeStamp>
<styleUrl>#route</styleUrl>
<Point>
<coordinates>137.627708,34.677309,-0.001000</coordinates>
</Point>
<ExtendedData>
	<Data name="IconNumber">
		<value>901001</value>
	</Data>
</ExtendedData>
</Placemark>
<Placemark>
<name>JW0122</name>
<TimeStamp><when>2026-09-23T10:15:25Z</when></TimeStamp>
<styleUrl>#route</styleUrl>
<Point>
<coordinates>137.630143,34.677094,-0.001000</coordinates>
</Point>
<ExtendedData>
	<Data name="IconNumber">
		<value>901001</value>
	</Data>
</ExtendedData>
</Placemark>
<Placemark>
<name>JW0123</name>
<TimeStamp><when>2026-09-23T10:15:35Z</when></TimeStamp>
<styleUrl>#route</styleUrl>
<Point>
<coordinates>137.632300,34.676880,-0.001000</coordinates>
</Point>
<ExtendedData>
	<Data name="IconNumber">
		<value>901001</value>
	</Data>
</ExtendedData>
</Placemark>
<Placemark>
<name>JW0124</name>
<TimeStamp><when>2026-09-23T10:15:45Z</when></TimeStamp>
<styleUrl>#route</styleUrl>
<Point>
<coordinates>137.636323,34.676416,-0.001000</coordinates>
</Point>
<ExtendedData>
	<Data name="IconNumber">
		<value>901001</value>
	</Data>
</ExtendedData>
</Placemark>
<Placemark>
<name>JW0125</name>
<TimeStamp><when>2026-09-23T10:15:55Z</when></TimeStamp>
<styleUrl>#route</styleUrl>
<Point>
<coordinates>137.637546,34.676365,-0.001000</coordinates>
</Point>
<ExtendedData>
	<Data name="IconNumber">
		<value>901001</value>
	</Data>
</ExtendedData>
</Placemark>
<Placemark>
<name>JW0126</name>
<TimeStamp><when>2026-09-23T10:16:05Z</when></TimeStamp>
<styleUrl>#route</styleUrl>
<Point>
<coordinates>137.638726,34.676390,-0.001000</coordinates>
</Point>
<ExtendedData>
	<Data name="IconNumber">
		<value>901001</value>
	</Data>
</ExtendedData>
</Placemark>
<Placemark>
<name>JW0127</name>
<TimeStamp><when>2026-09-23T10:16:15Z</when></TimeStamp>
<styleUrl>#route</styleUrl>
<Point>
<coordinates>137.639756,34.676442,-0.001000</coordinates>
</Point>
<ExtendedData>
	<Data name="IconNumber">
		<value>901001</value>
	</Data>
</ExtendedData>
</Placemark>
<Placemark>
<name>JW0128</name>
<TimeStamp><when>2026-09-23T10:16:25Z</when></TimeStamp>
<styleUrl>#route</styleUrl>
<Point>
<coordinates>137.641601,34.676562,-0.001000</coordinates>
</Point>
<ExtendedData>
	<Data name="IconNumber">
		<value>901001</value>
	</Data>
</ExtendedData>
</Placemark>
<Placemark>
<name>JW0129</name>
<TimeStamp><when>2026-09-23T10:16:35Z</when></TimeStamp>
<styleUrl>#route</styleUrl>
<Point>
<coordinates>137.642267,34.676579,-0.001000</coordinates>
</Point>
<ExtendedData>
	<Data name="IconNumber">
		<value>901001</value>
	</Data>
</ExtendedData>
</Placemark>
<Placemark>
<name>JW0130</name>
<TimeStamp><when>2026-09-23T10:16:45Z</when></TimeStamp>
<styleUrl>#route</styleUrl>
<Point>
<coordinates>137.643307,34.676554,-0.001000</coordinates>
</Point>
<ExtendedData>
	<Data name="IconNumber">
		<value>901001</value>
	</Data>
</ExtendedData>
</Placemark>
<Placemark>
<name>JW0131</name>
<TimeStamp><when>2026-09-23T10:16:55Z</when></TimeStamp>
<styleUrl>#route</styleUrl>
<Point>
<coordinates>137.644123,34.676519,-0.001000</coordinates>
</Point>
<ExtendedData>
	<Data name="IconNumber">
		<value>901001</value>
	</Data>
</ExtendedData>
</Placemark>
<Placemark>
<name>JW0132</name>
<TimeStamp><when>2026-09-23T10:17:05Z</when></TimeStamp>
<styleUrl>#route</styleUrl>
<Point>
<coordinates>137.644445,34.676468,-0.001000</coordinates>
</Point>
<ExtendedData>
	<Data name="IconNumber">
		<value>901001</value>
	</Data>
</ExtendedData>
</Placemark>
<Placemark>
<name>JW0133</name>
<TimeStamp><when>2026-09-23T10:17:15Z</when></TimeStamp>
<styleUrl>#route</styleUrl>
<Point>
<coordinates>137.645153,34.676348,-0.001000</coordinates>
</Point>
<ExtendedData>
	<Data name="IconNumber">
		<value>901001</value>
	</Data>
</ExtendedData>
</Placemark>
<Placemark>
<name>JW0134</name>
<TimeStamp><when>2026-09-23T10:17:25Z</when></TimeStamp>
<styleUrl>#route</styleUrl>
<Point>
<coordinates>137.647588,34.676039,-0.001000</coordinates>
</Point>
<ExtendedData>
	<Data name="IconNumber">
		<value>901001</value>
	</Data>
</ExtendedData>
</Placemark>
<Placemark>
<name>JW0135</name>
<TimeStamp><when>2026-09-23T10:17:35Z</when></TimeStamp>
<styleUrl>#route</styleUrl>
<Point>
<coordinates>137.650485,34.675712,-0.001000</coordinates>
</Point>
<ExtendedData>
	<Data name="IconNumber">
		<value>901001</value>
	</Data>
</ExtendedData>
</Placemark>
<Placemark>
<name>JW0136</name>
<TimeStamp><when>2026-09-23T10:17:45Z</when></TimeStamp>
<styleUrl>#route</styleUrl>
<Point>
<coordinates>137.655452,34.675172,-0.001000</coordinates>
</Point>
<ExtendedData>
	<Data name="IconNumber">
		<value>901001</value>
	</Data>
</ExtendedData>
</Placemark>
<Placemark>
<name>JW0137</name>
<TimeStamp><when>2026-09-23T10:17:55Z</when></TimeStamp>
<styleUrl>#route</styleUrl>
<Point>
<coordinates>137.656096,34.675172,-0.001000</coordinates>
</Point>
<ExtendedData>
	<Data name="IconNumber">
		<value>901001</value>
	</Data>
</ExtendedData>
</Placemark>
<Placemark>
<name>JW0138</name>
<TimeStamp><when>2026-09-23T10:18:05Z</when></TimeStamp>
<styleUrl>#route</styleUrl>
<Point>
<coordinates>137.657051,34.675275,-0.001000</coordinates>
</Point>
<ExtendedData>
	<Data name="IconNumber">
		<value>901001</value>
	</Data>
</ExtendedData>
</Placemark>
<Placemark>
<name>JW0139</name>
<TimeStamp><when>2026-09-23T10:18:15Z</when></TimeStamp>
<styleUrl>#route</styleUrl>
<Point>
<coordinates>137.657555,34.675386,-0.001000</coordinates>
</Point>
<ExtendedData>
	<Data name="IconNumber">
		<value>901001</value>
	</Data>
</ExtendedData>
</Placemark>
<Placemark>
<name>JW0140</name>
<TimeStamp><when>2026-09-23T10:18:25Z</when></TimeStamp>
<styleUrl>#route</styleUrl>
<Point>
<coordinates>137.658145,34.675567,-0.001000</coordinates>
</Point>
<ExtendedData>
	<Data name="IconNumber">
		<value>901001</value>
	</Data>
</ExtendedData>
</Placemark>
<Placemark>
<name>JW0141</name>
<TimeStamp><when>2026-09-23T10:18:35Z</when></TimeStamp>
<styleUrl>#route</styleUrl>
<Point>
<coordinates>137.658639,34.675755,-0.001000</coordinates>
</Point>
<ExtendedData>
	<Data name="IconNumber">
		<value>901001</value>
	</Data>
</ExtendedData>
</Placemark>
<Placemark>
<name>JW0142</name>
<TimeStamp><when>2026-09-23T10:18:45Z</when></TimeStamp>
<styleUrl>#route</styleUrl>
<Point>
<coordinates>137.659197,34.676039,-0.001000</coordinates>
</Point>
<ExtendedData>
	<Data name="IconNumber">
		<value>901001</value>
	</Data>
</ExtendedData>
</Placemark>
<Placemark>
<name>JW0143</name>
<TimeStamp><when>2026-09-23T10:18:55Z</when></TimeStamp>
<styleUrl>#route</styleUrl>
<Point>
<coordinates>137.660034,34.676614,-0.001000</coordinates>
</Point>
<ExtendedData>
	<Data name="IconNumber">
		<value>901001</value>
	</Data>
</ExtendedData>
</Placemark>
<Placemark>
<name>JW0144</name>
<TimeStamp><when>2026-09-23T10:19:05Z</when></TimeStamp>
<styleUrl>#route</styleUrl>
<Point>
<coordinates>137.660431,34.676966,-0.001000</coordinates>
</Point>
<ExtendedData>
	<Data name="IconNumber">
		<value>901001</value>
	</Data>
</ExtendedData>
</Placemark>
<Placemark>
<name>JW0145</name>
<TimeStamp><when>2026-09-23T10:19:15Z</when></TimeStamp>
<styleUrl>#route</styleUrl>
<Point>
<coordinates>137.660999,34.677635,-0.001000</coordinates>
</Point>
<ExtendedData>
	<Data name="IconNumber">
		<value>901001</value>
	</Data>
</ExtendedData>
</Placemark>
<Placemark>
<name>JW0146</name>
<TimeStamp><when>2026-09-23T10:19:25Z</when></TimeStamp>
<styleUrl>#route</styleUrl>
<Point>
<coordinates>137.661214,34.677970,-0.001000</coordinates>
</Point>
<ExtendedData>
	<Data name="IconNumber">
		<value>901001</value>
	</Data>
</ExtendedData>
</Placemark>
<Placemark>
<name>JW0147</name>
<TimeStamp><when>2026-09-23T10:19:35Z</when></TimeStamp>
<styleUrl>#route</styleUrl>
<Point>
<coordinates>137.661493,34.678528,-0.001000</coordinates>
</Point>
<ExtendedData>
	<Data name="IconNumber">
		<value>901001</value>
	</Data>
</ExtendedData>
</Placemark>
<Placemark>
<name>JW0148</name>
<TimeStamp><when>2026-09-23T10:19:45Z</when></TimeStamp>
<styleUrl>#route</styleUrl>
<Point>
<coordinates>137.661707,34.678871,-0.001000</coordinates>
</Point>
<ExtendedData>
	<Data name="IconNumber">
		<value>901001</value>
	</Data>
</ExtendedData>
</Placemark>
<Placemark>
<name>JW0149</name>
<TimeStamp><when>2026-09-23T10:19:55Z</when></TimeStamp>
<styleUrl>#route</styleUrl>
<Point>
<coordinates>137.662061,34.679377,-0.001000</coordinates>
</Point>
<ExtendedData>
	<Data name="IconNumber">
		<value>901001</value>
	</Data>
</ExtendedData>
</Placemark>
<Placemark>
<name>JW0150</name>
<TimeStamp><when>2026-09-23T10:20:05Z</when></TimeStamp>
<styleUrl>#route</styleUrl>
<Point>
<coordinates>137.662351,34.679686,-0.001000</coordinates>
</Point>
<ExtendedData>
	<Data name="IconNumber">
		<value>901001</value>
	</Data>
</ExtendedData>
</Placemark>
<Placemark>
<name>JW0151</name>
<TimeStamp><when>2026-09-23T10:20:15Z</when></TimeStamp>
<styleUrl>#route</styleUrl>
<Point>
<coordinates>137.662694,34.679961,-0.001000</coordinates>
</Point>
<ExtendedData>
	<Data name="IconNumber">
		<value>901001</value>
	</Data>
</ExtendedData>
</Placemark>
<Placemark>
<name>JW0152</name>
<TimeStamp><when>2026-09-23T10:20:25Z</when></TimeStamp>
<styleUrl>#route</styleUrl>
<Point>
<coordinates>137.663005,34.680167,-0.001000</coordinates>
</Point>
<ExtendedData>
	<Data name="IconNumber">
		<value>901001</value>
	</Data>
</ExtendedData>
</Placemark>
<Placemark>
<name>JW0153</name>
<TimeStamp><when>2026-09-23T10:20:35Z</when></TimeStamp>
<styleUrl>#route</styleUrl>
<Point>
<coordinates>137.663231,34.680287,-0.001000</coordinates>
</Point>
<ExtendedData>
	<Data name="IconNumber">
		<value>901001</value>
	</Data>
</ExtendedData>
</Placemark>
<Placemark>
<name>JW0154</name>
<TimeStamp><when>2026-09-23T10:20:45Z</when></TimeStamp>
<styleUrl>#route</styleUrl>
<Point>
<coordinates>137.663617,34.680433,-0.001000</coordinates>
</Point>
<ExtendedData>
	<Data name="IconNumber">
		<value>901001</value>
	</Data>
</ExtendedData>
</Placemark>
<Placemark>
<name>JW0155</name>
<TimeStamp><when>2026-09-23T10:20:55Z</when></TimeStamp>
<styleUrl>#route</styleUrl>
<Point>
<coordinates>137.664025,34.680570,-0.001000</coordinates>
</Point>
<ExtendedData>
	<Data name="IconNumber">
		<value>901001</value>
	</Data>
</ExtendedData>
</Placemark>
<Placemark>
<name>JW0156</name>
<TimeStamp><when>2026-09-23T10:21:05Z</when></TimeStamp>
<styleUrl>#route</styleUrl>
<Point>
<coordinates>137.664443,34.680665,-0.001000</coordinates>
</Point>
<ExtendedData>
	<Data name="IconNumber">
		<value>901001</value>
	</Data>
</ExtendedData>
</Placemark>
<Placemark>
<name>JW0157</name>
<TimeStamp><when>2026-09-23T10:21:15Z</when></TimeStamp>
<styleUrl>#route</styleUrl>
<Point>
<coordinates>137.664915,34.680725,-0.001000</coordinates>
</Point>
<ExtendedData>
	<Data name="IconNumber">
		<value>901001</value>
	</Data>
</ExtendedData>
</Placemark>
<Placemark>
<name>JW0158</name>
<TimeStamp><when>2026-09-23T10:21:25Z</when></TimeStamp>
<styleUrl>#route</styleUrl>
<Point>
<coordinates>137.665688,34.680708,-0.001000</coordinates>
</Point>
<ExtendedData>
	<Data name="IconNumber">
		<value>901001</value>
	</Data>
</ExtendedData>
</Placemark>
<Placemark>
<name>JW0159</name>
<TimeStamp><when>2026-09-23T10:21:35Z</when></TimeStamp>
<styleUrl>#route</styleUrl>
<Point>
<coordinates>137.666728,34.680613,-0.001000</coordinates>
</Point>
<ExtendedData>
	<Data name="IconNumber">
		<value>901001</value>
	</Data>
</ExtendedData>
</Placemark>
<Placemark>
<name>JW0160</name>
<TimeStamp><when>2026-09-23T10:21:45Z</when></TimeStamp>
<styleUrl>#route</styleUrl>
<Point>
<coordinates>137.667919,34.680476,-0.001000</coordinates>
</Point>
<ExtendedData>
	<Data name="IconNumber">
		<value>901001</value>
	</Data>
</ExtendedData>
</Placemark>
<Placemark>
<name>JW0161</name>
<TimeStamp><when>2026-09-23T10:21:55Z</when></TimeStamp>
<styleUrl>#route</styleUrl>
<Point>
<coordinates>137.668896,34.680339,-0.001000</coordinates>
</Point>
<ExtendedData>
	<Data name="IconNumber">
		<value>901001</value>
	</Data>
</ExtendedData>
</Placemark>
<Placemark>
<name>JW0162</name>
<TimeStamp><when>2026-09-23T10:22:05Z</when></TimeStamp>
<styleUrl>#route</styleUrl>
<Point>
<coordinates>137.670065,34.680184,-0.001000</coordinates>
</Point>
<ExtendedData>
	<Data name="IconNumber">
		<value>901001</value>
	</Data>
</ExtendedData>
</Placemark>
<Placemark>
<name>JW0163</name>
<TimeStamp><when>2026-09-23T10:22:15Z</when></TimeStamp>
<styleUrl>#route</styleUrl>
<Point>
<coordinates>137.671192,34.679987,-0.001000</coordinates>
</Point>
<ExtendedData>
	<Data name="IconNumber">
		<value>901001</value>
	</Data>
</ExtendedData>
</Placemark>
<Placemark>
<name>JW0164</name>
<TimeStamp><when>2026-09-23T10:22:25Z</when></TimeStamp>
<styleUrl>#route</styleUrl>
<Point>
<coordinates>137.672436,34.679746,-0.001000</coordinates>
</Point>
<ExtendedData>
	<Data name="IconNumber">
		<value>901001</value>
	</Data>
</ExtendedData>
</Placemark>
<Placemark>
<name>JW0165</name>
<TimeStamp><when>2026-09-23T10:22:35Z</when></TimeStamp>
<styleUrl>#route</styleUrl>
<Point>
<coordinates>137.674024,34.679377,-0.001000</coordinates>
</Point>
<ExtendedData>
	<Data name="IconNumber">
		<value>901001</value>
	</Data>
</ExtendedData>
</Placemark>
<Placemark>
<name>JW0166</name>
<TimeStamp><when>2026-09-23T10:22:45Z</when></TimeStamp>
<styleUrl>#route</styleUrl>
<Point>
<coordinates>137.675333,34.679043,-0.001000</coordinates>
</Point>
<ExtendedData>
	<Data name="IconNumber">
		<value>901001</value>
	</Data>
</ExtendedData>
</Placemark>
<Placemark>
<name>JW0167</name>
<TimeStamp><when>2026-09-23T10:22:55Z</when></TimeStamp>
<styleUrl>#route</styleUrl>
<Point>
<coordinates>137.676685,34.678648,-0.001000</coordinates>
</Point>
<ExtendedData>
	<Data name="IconNumber">
		<value>901001</value>
	</Data>
</ExtendedData>
</Placemark>
<Placemark>
<name>JW0168</name>
<TimeStamp><when>2026-09-23T10:23:05Z</when></TimeStamp>
<styleUrl>#route</styleUrl>
<Point>
<coordinates>137.679077,34.677875,-0.001000</coordinates>
</Point>
<ExtendedData>
	<Data name="IconNumber">
		<value>901001</value>
	</Data>
</ExtendedData>
</Placemark>
<Placemark>
<name>JW0169</name>
<TimeStamp><when>2026-09-23T10:23:15Z</when></TimeStamp>
<styleUrl>#route</styleUrl>
<Point>
<coordinates>137.680848,34.677360,-0.001000</coordinates>
</Point>
<ExtendedData>
	<Data name="IconNumber">
		<value>901001</value>
	</Data>
</ExtendedData>
</Placemark>
<Placemark>
<name>JW0170</name>
<TimeStamp><when>2026-09-23T10:23:25Z</when></TimeStamp>
<styleUrl>#route</styleUrl>
<Point>
<coordinates>137.683508,34.676554,-0.001000</coordinates>
</Point>
<ExtendedData>
	<Data name="IconNumber">
		<value>901001</value>
	</Data>
</ExtendedData>
</Placemark>
<Placemark>
<name>JW0171</name>
<TimeStamp><when>2026-09-23T10:23:35Z</when></TimeStamp>
<styleUrl>#route</styleUrl>
<Point>
<coordinates>137.685407,34.675970,-0.001000</coordinates>
</Point>
<ExtendedData>
	<Data name="IconNumber">
		<value>901001</value>
	</Data>
</ExtendedData>
</Placemark>
<Placemark>
<name>JW0172</name>
<TimeStamp><when>2026-09-23T10:23:45Z</when></TimeStamp>
<styleUrl>#route</styleUrl>
<Point>
<coordinates>137.687231,34.675455,-0.001000</coordinates>
</Point>
<ExtendedData>
	<Data name="IconNumber">
		<value>901001</value>
	</Data>
</ExtendedData>
</Placemark>
<Placemark>
<name>JW0173</name>
<TimeStamp><when>2026-09-23T10:23:55Z</when></TimeStamp>
<styleUrl>#route</styleUrl>
<Point>
<coordinates>137.688873,34.675069,-0.001000</coordinates>
</Point>
<ExtendedData>
	<Data name="IconNumber">
		<value>901001</value>
	</Data>
</ExtendedData>
</Placemark>
<Placemark>
<name>JW0174</name>
<TimeStamp><when>2026-09-23T10:24:05Z</when></TimeStamp>
<styleUrl>#route</styleUrl>
<Point>
<coordinates>137.691877,34.674459,-0.001000</coordinates>
</Point>
<ExtendedData>
	<Data name="IconNumber">
		<value>901001</value>
	</Data>
</ExtendedData>
</Placemark>
<Placemark>
<name>JW0175</name>
<TimeStamp><when>2026-09-23T10:24:15Z</when></TimeStamp>
<styleUrl>#route</styleUrl>
<Point>
<coordinates>137.694151,34.674099,-0.001000</coordinates>
</Point>
<ExtendedData>
	<Data name="IconNumber">
		<value>901001</value>
	</Data>
</ExtendedData>
</Placemark>
<Placemark>
<name>JW0176</name>
<TimeStamp><when>2026-09-23T10:24:25Z</when></TimeStamp>
<styleUrl>#route</styleUrl>
<Point>
<coordinates>137.697713,34.673575,-0.001000</coordinates>
</Point>
<ExtendedData>
	<Data name="IconNumber">
		<value>901001</value>
	</Data>
</ExtendedData>
</Placemark>
<Placemark>
<name>JW0177</name>
<TimeStamp><when>2026-09-23T10:24:35Z</when></TimeStamp>
<styleUrl>#route</styleUrl>
<Point>
<coordinates>137.701533,34.673017,-0.001000</coordinates>
</Point>
<ExtendedData>
	<Data name="IconNumber">
		<value>901001</value>
	</Data>
</ExtendedData>
</Placemark>
<Placemark>
<name>JW0178</name>
<TimeStamp><when>2026-09-23T10:24:45Z</when></TimeStamp>
<styleUrl>#route</styleUrl>
<Point>
<coordinates>137.706661,34.672245,-0.001000</coordinates>
</Point>
<ExtendedData>
	<Data name="IconNumber">
		<value>901001</value>
	</Data>
</ExtendedData>
</Placemark>
<Placemark>
<name>JW0179</name>
<TimeStamp><when>2026-09-23T10:24:55Z</when></TimeStamp>
<styleUrl>#route</styleUrl>
<Point>
<coordinates>137.715512,34.670923,-0.001000</coordinates>
</Point>
<ExtendedData>
	<Data name="IconNumber">
		<value>901001</value>
	</Data>
</ExtendedData>
</Placemark>
<Placemark>
<name>JW0180</name>
<TimeStamp><when>2026-09-23T10:25:05Z</when></TimeStamp>
<styleUrl>#route</styleUrl>
<Point>
<coordinates>137.716757,34.670743,-0.001000</coordinates>
</Point>
<ExtendedData>
	<Data name="IconNumber">
		<value>901001</value>
	</Data>
</ExtendedData>
</Placemark>
<Placemark>
<name>JW0181</name>
<TimeStamp><when>2026-09-23T10:25:15Z</when></TimeStamp>
<styleUrl>#route</styleUrl>
<Point>
<coordinates>137.718334,34.670554,-0.001000</coordinates>
</Point>
<ExtendedData>
	<Data name="IconNumber">
		<value>901001</value>
	</Data>
</ExtendedData>
</Placemark>
<Placemark>
<name>JW0182</name>
<TimeStamp><when>2026-09-23T10:25:25Z</when></TimeStamp>
<styleUrl>#route</styleUrl>
<Point>
<coordinates>137.719439,34.670442,-0.001000</coordinates>
</Point>
<ExtendedData>
	<Data name="IconNumber">
		<value>901001</value>
	</Data>
</ExtendedData>
</Placemark>
<Placemark>
<name>JW0183</name>
<TimeStamp><when>2026-09-23T10:25:35Z</when></TimeStamp>
<styleUrl>#route</styleUrl>
<Point>
<coordinates>137.720780,34.670357,-0.001000</coordinates>
</Point>
<ExtendedData>
	<Data name="IconNumber">
		<value>901001</value>
	</Data>
</ExtendedData>
</Placemark>
<Placemark>
<name>JW0184</name>
<TimeStamp><when>2026-09-23T10:25:45Z</when></TimeStamp>
<styleUrl>#route</styleUrl>
<Point>
<coordinates>137.721789,34.670314,-0.001000</coordinates>
</Point>
<ExtendedData>
	<Data name="IconNumber">
		<value>901001</value>
	</Data>
</ExtendedData>
</Placemark>
<Placemark>
<name>JW0185</name>
<TimeStamp><when>2026-09-23T10:25:55Z</when></TimeStamp>
<styleUrl>#route</styleUrl>
<Point>
<coordinates>137.722733,34.670288,-0.001000</coordinates>
</Point>
<ExtendedData>
	<Data name="IconNumber">
		<value>901001</value>
	</Data>
</ExtendedData>
</Placemark>
<Placemark>
<name>JW0186</name>
<TimeStamp><when>2026-09-23T10:26:05Z</when></TimeStamp>
<styleUrl>#route</styleUrl>
<Point>
<coordinates>137.723827,34.670279,-0.001000</coordinates>
</Point>
<ExtendedData>
	<Data name="IconNumber">
		<value>901001</value>
	</Data>
</ExtendedData>
</Placemark>
<Placemark>
<name>JW0187</name>
<TimeStamp><when>2026-09-23T10:26:15Z</when></TimeStamp>
<styleUrl>#route</styleUrl>
<Point>
<coordinates>137.724965,34.670288,-0.001000</coordinates>
</Point>
<ExtendedData>
	<Data name="IconNumber">
		<value>901001</value>
	</Data>
</ExtendedData>
</Placemark>
<Placemark>
<name>JW0188</name>
<TimeStamp><when>2026-09-23T10:26:25Z</when></TimeStamp>
<styleUrl>#route</styleUrl>
<Point>
<coordinates>137.727271,34.670400,-0.001000</coordinates>
</Point>
<ExtendedData>
	<Data name="IconNumber">
		<value>901001</value>
	</Data>
</ExtendedData>
</Placemark>
<Placemark>
<name>JW0189</name>
<TimeStamp><when>2026-09-23T10:26:35Z</when></TimeStamp>
<styleUrl>#route</styleUrl>
<Point>
<coordinates>137.729251,34.670490,-0.001000</coordinates>
</Point>
<ExtendedData>
	<Data name="IconNumber">
		<value>901001</value>
	</Data>
</ExtendedData>
</Placemark>
<Placemark>
<name>JW0190</name>
<TimeStamp><when>2026-09-23T10:26:45Z</when></TimeStamp>
<styleUrl>#route</styleUrl>
<Point>
<coordinates>137.730935,34.670567,-0.001000</coordinates>
</Point>
<ExtendedData>
	<Data name="IconNumber">
		<value>901001</value>
	</Data>
</ExtendedData>
</Placemark>
<Placemark>
<name>JW0191</name>
<TimeStamp><when>2026-09-23T10:26:55Z</when></TimeStamp>
<styleUrl>#route</styleUrl>
<Point>
<coordinates>137.736396,34.670824,-0.001000</coordinates>
</Point>
<ExtendedData>
	<Data name="IconNumber">
		<value>901001</value>
	</Data>
</ExtendedData>
</Placemark>
<Placemark>
<name>JW0192</name>
<TimeStamp><when>2026-09-23T10:27:05Z</when></TimeStamp>
<styleUrl>#route</styleUrl>
<Point>
<coordinates>137.738123,34.670919,-0.001000</coordinates>
</Point>
<ExtendedData>
	<Data name="IconNumber">
		<value>901001</value>
	</Data>
</ExtendedData>
</Placemark>
<Placemark>
<name>JW0193</name>
<TimeStamp><when>2026-09-23T10:27:15Z</when></TimeStamp>
<styleUrl>#route</styleUrl>
<Point>
<coordinates>137.739561,34.670987,-0.001000</coordinates>
</Point>
<ExtendedData>
	<Data name="IconNumber">
		<value>901001</value>
	</Data>
</ExtendedData>
</Placemark>
<Placemark>
<name>JW0194</name>
<TimeStamp><when>2026-09-23T10:27:25Z</when></TimeStamp>
<styleUrl>#route</styleUrl>
<Point>
<coordinates>137.742941,34.671219,-0.001000</coordinates>
</Point>
<ExtendedData>
	<Data name="IconNumber">
		<value>901001</value>
	</Data>
</ExtendedData>
</Placemark>
<Placemark>
<name>JW0195</name>
<TimeStamp><when>2026-09-23T10:27:35Z</when></TimeStamp>
<styleUrl>#route</styleUrl>
<Point>
<coordinates>137.745237,34.671348,-0.001000</coordinates>
</Point>
<ExtendedData>
	<Data name="IconNumber">
		<value>901001</value>
	</Data>
</ExtendedData>
</Placemark>
<Placemark>
<name>JW0196</name>
<TimeStamp><when>2026-09-23T10:27:45Z</when></TimeStamp>
<styleUrl>#route</styleUrl>
<Point>
<coordinates>137.746417,34.671391,-0.001000</coordinates>
</Point>
<ExtendedData>
	<Data name="IconNumber">
		<value>901001</value>
	</Data>
</ExtendedData>
</Placemark>
<Placemark>
<name>JW0197</name>
<TimeStamp><when>2026-09-23T10:27:55Z</when></TimeStamp>
<styleUrl>#route</styleUrl>
<Point>
<coordinates>137.747179,34.671460,-0.001000</coordinates>
</Point>
<ExtendedData>
	<Data name="IconNumber">
		<value>901001</value>
	</Data>
</ExtendedData>
</Placemark>
<Placemark>
<name>JW0198</name>
<TimeStamp><when>2026-09-23T10:28:05Z</when></TimeStamp>
<styleUrl>#route</styleUrl>
<Point>
<coordinates>137.748262,34.671657,-0.001000</coordinates>
</Point>
<ExtendedData>
	<Data name="IconNumber">
		<value>901001</value>
	</Data>
</ExtendedData>
</Placemark>
<Placemark>
<name>JW0199</name>
<TimeStamp><when>2026-09-23T10:28:15Z</when></TimeStamp>
<styleUrl>#route</styleUrl>
<Point>
<coordinates>137.749292,34.671932,-0.001000</coordinates>
</Point>
<ExtendedData>
	<Data name="IconNumber">
		<value>901001</value>
	</Data>
</ExtendedData>
</Placemark>
<Placemark>
<name>JW0200</name>
<TimeStamp><when>2026-09-23T10:28:25Z</when></TimeStamp>
<styleUrl>#route</styleUrl>
<Point>
<coordinates>137.750032,34.672146,-0.001000</coordinates>
</Point>
<ExtendedData>
	<Data name="IconNumber">
		<value>901001</value>
	</Data>
</ExtendedData>
</Placemark>
<Placemark>
<name>JW0201</name>
<TimeStamp><when>2026-09-23T10:28:35Z</when></TimeStamp>
<styleUrl>#route</styleUrl>
<Point>
<coordinates>137.750698,34.672369,-0.001000</coordinates>
</Point>
<ExtendedData>
	<Data name="IconNumber">
		<value>901001</value>
	</Data>
</ExtendedData>
</Placemark>
<Placemark>
<name>JW0202</name>
<TimeStamp><when>2026-09-23T10:28:45Z</when></TimeStamp>
<styleUrl>#route</styleUrl>
<Point>
<coordinates>137.751191,34.672550,-0.001000</coordinates>
</Point>
<ExtendedData>
	<Data name="IconNumber">
		<value>901001</value>
	</Data>
</ExtendedData>
</Placemark>
<Placemark>
<name>JW0203</name>
<TimeStamp><when>2026-09-23T10:28:55Z</when></TimeStamp>
<styleUrl>#route</styleUrl>
<Point>
<coordinates>137.751642,34.672747,-0.001000</coordinates>
</Point>
<ExtendedData>
	<Data name="IconNumber">
		<value>901001</value>
	</Data>
</ExtendedData>
</Placemark>
<Placemark>
<name>JW0204</name>
<TimeStamp><when>2026-09-23T10:29:05Z</when></TimeStamp>
<styleUrl>#route</styleUrl>
<Point>
<coordinates>137.752457,34.673142,-0.001000</coordinates>
</Point>
<ExtendedData>
	<Data name="IconNumber">
		<value>901001</value>
	</Data>
</ExtendedData>
</Placemark>
<Placemark>
<name>JW0205</name>
<TimeStamp><when>2026-09-23T10:29:15Z</when></TimeStamp>
<styleUrl>#route</styleUrl>
<Point>
<coordinates>137.753358,34.673622,-0.001000</coordinates>
</Point>
<ExtendedData>
	<Data name="IconNumber">
		<value>901001</value>
	</Data>
</ExtendedData>
</Placemark>
<Placemark>
<name>JW0206</name>
<TimeStamp><when>2026-09-23T10:29:25Z</when></TimeStamp>
<styleUrl>#route</styleUrl>
<Point>
<coordinates>137.753745,34.673863,-0.001000</coordinates>
</Point>
<ExtendedData>
	<Data name="IconNumber">
		<value>901001</value>
	</Data>
</ExtendedData>
</Placemark>
<Placemark>
<name>JW0207</name>
<TimeStamp><when>2026-09-23T10:29:35Z</when></TimeStamp>
<styleUrl>#route</styleUrl>
<Point>
<coordinates>137.754109,34.674112,-0.001000</coordinates>
</Point>
<ExtendedData>
	<Data name="IconNumber">
		<value>901001</value>
	</Data>
</ExtendedData>
</Placemark>
<Placemark>
<name>JW0208</name>
<TimeStamp><when>2026-09-23T10:29:45Z</when></TimeStamp>
<styleUrl>#route</styleUrl>
<Point>
<coordinates>137.754270,34.673931,-0.001000</coordinates>
</Point>
<ExtendedData>
	<Data name="IconNumber">
		<value>901001</value>
	</Data>
</ExtendedData>
</Placemark>
<Placemark>
<name>JW0209</name>
<TimeStamp><when>2026-09-23T10:29:55Z</when></TimeStamp>
<styleUrl>#route</styleUrl>
<Point>
<coordinates>137.754185,34.672326,-0.001000</coordinates>
</Point>
<ExtendedData>
	<Data name="IconNumber">
		<value>901001</value>
	</Data>
</ExtendedData>
</Placemark>
<Placemark>
<name>JW0210</name>
<TimeStamp><when>2026-09-23T10:30:05Z</when></TimeStamp>
<styleUrl>#route</styleUrl>
<Point>
<coordinates>137.754099,34.672181,-0.001000</coordinates>
</Point>
<ExtendedData>
	<Data name="IconNumber">
		<value>901001</value>
	</Data>
</ExtendedData>
</Placemark>
<Placemark>
<name>JW0211</name>
<TimeStamp><when>2026-09-23T10:30:15Z</when></TimeStamp>
<styleUrl>#route</styleUrl>
<Point>
<coordinates>137.753594,34.668490,-0.001000</coordinates>
</Point>
<ExtendedData>
	<Data name="IconNumber">
		<value>901001</value>
	</Data>
</ExtendedData>
</Placemark>
<Placemark>
<name>JW0212</name>
<TimeStamp><when>2026-09-23T10:30:25Z</when></TimeStamp>
<styleUrl>#route</styleUrl>
<Point>
<coordinates>137.753498,34.667760,-0.001000</coordinates>
</Point>
<ExtendedData>
	<Data name="IconNumber">
		<value>901001</value>
	</Data>
</ExtendedData>
</Placemark>
<Placemark>
<name>JW0213</name>
<TimeStamp><when>2026-09-23T10:30:35Z</when></TimeStamp>
<styleUrl>#route</styleUrl>
<Point>
<coordinates>137.753498,34.667571,-0.001000</coordinates>
</Point>
<ExtendedData>
	<Data name="IconNumber">
		<value>901001</value>
	</Data>
</ExtendedData>
</Placemark>
<Placemark>
<name>JW0214</name>
<TimeStamp><when>2026-09-23T10:30:45Z</when></TimeStamp>
<styleUrl>#route</styleUrl>
<Point>
<coordinates>137.753541,34.667340,-0.001000</coordinates>
</Point>
<ExtendedData>
	<Data name="IconNumber">
		<value>901001</value>
	</Data>
</ExtendedData>
</Placemark>
<Placemark>
<name>JW0215</name>
<TimeStamp><when>2026-09-23T10:30:55Z</when></TimeStamp>
<styleUrl>#route</styleUrl>
<Point>
<coordinates>137.753637,34.667074,-0.001000</coordinates>
</Point>
<ExtendedData>
	<Data name="IconNumber">
		<value>901001</value>
	</Data>
</ExtendedData>
</Placemark>
<Placemark>
<name>JW0216</name>
<TimeStamp><when>2026-09-23T10:31:05Z</when></TimeStamp>
<styleUrl>#route</styleUrl>
<Point>
<coordinates>137.753777,34.666876,-0.001000</coordinates>
</Point>
<ExtendedData>
	<Data name="IconNumber">
		<value>901001</value>
	</Data>
</ExtendedData>
</Placemark>
<Placemark>
<name>JW0217</name>
<TimeStamp><when>2026-09-23T10:31:15Z</when></TimeStamp>
<styleUrl>#route</styleUrl>
<Point>
<coordinates>137.753981,34.666644,-0.001000</coordinates>
</Point>
<ExtendedData>
	<Data name="IconNumber">
		<value>901001</value>
	</Data>
</ExtendedData>
</Placemark>
<Placemark>
<name>JW0218</name>
<TimeStamp><when>2026-09-23T10:31:25Z</when></TimeStamp>
<styleUrl>#route</styleUrl>
<Point>
<coordinates>137.754185,34.666507,-0.001000</coordinates>
</Point>
<ExtendedData>
	<Data name="IconNumber">
		<value>901001</value>
	</Data>
</ExtendedData>
</Placemark>
<Placemark>
<name>JW0219</name>
<TimeStamp><when>2026-09-23T10:31:35Z</when></TimeStamp>
<styleUrl>#route</styleUrl>
<Point>
<coordinates>137.754345,34.666396,-0.001000</coordinates>
</Point>
<ExtendedData>
	<Data name="IconNumber">
		<value>901001</value>
	</Data>
</ExtendedData>
</Placemark>
<Placemark>
<name>JW0220</name>
<TimeStamp><when>2026-09-23T10:31:45Z</when></TimeStamp>
<styleUrl>#route</styleUrl>
<Point>
<coordinates>137.754549,34.666310,-0.001000</coordinates>
</Point>
<ExtendedData>
	<Data name="IconNumber">
		<value>901001</value>
	</Data>
</ExtendedData>
</Placemark>
<Placemark>
<name>JW0221</name>
<TimeStamp><when>2026-09-23T10:31:55Z</when></TimeStamp>
<styleUrl>#route</styleUrl>
<Point>
<coordinates>137.754871,34.666215,-0.001000</coordinates>
</Point>
<ExtendedData>
	<Data name="IconNumber">
		<value>901001</value>
	</Data>
</ExtendedData>
</Placemark>
<Placemark>
<name>JW0222</name>
<TimeStamp><when>2026-09-23T10:32:05Z</when></TimeStamp>
<styleUrl>#route</styleUrl>
<Point>
<coordinates>137.756427,34.665932,-0.001000</coordinates>
</Point>
<ExtendedData>
	<Data name="IconNumber">
		<value>901001</value>
	</Data>
</ExtendedData>
</Placemark>
<Placemark>
<name>JW0223</name>
<TimeStamp><when>2026-09-23T10:32:15Z</when></TimeStamp>
<styleUrl>#route</styleUrl>
<Point>
<coordinates>137.758229,34.665520,-0.001000</coordinates>
</Point>
<ExtendedData>
	<Data name="IconNumber">
		<value>901001</value>
	</Data>
</ExtendedData>
</Placemark>
<Placemark>
<name>JW0224</name>
<TimeStamp><when>2026-09-23T10:32:25Z</when></TimeStamp>
<styleUrl>#route</styleUrl>
<Point>
<coordinates>137.760397,34.665057,-0.001000</coordinates>
</Point>
<ExtendedData>
	<Data name="IconNumber">
		<value>901001</value>
	</Data>
</ExtendedData>
</Placemark>
<Placemark>
<name>JW0225</name>
<TimeStamp><when>2026-09-23T10:32:35Z</when></TimeStamp>
<styleUrl>#route</styleUrl>
<Point>
<coordinates>137.762113,34.664662,-0.001000</coordinates>
</Point>
<ExtendedData>
	<Data name="IconNumber">
		<value>901001</value>
	</Data>
</ExtendedData>
</Placemark>
<Placemark>
<name>JW0226</name>
<TimeStamp><when>2026-09-23T10:32:45Z</when></TimeStamp>
<styleUrl>#route</styleUrl>
<Point>
<coordinates>137.762478,34.664576,-0.001000</coordinates>
</Point>
<ExtendedData>
	<Data name="IconNumber">
		<value>901001</value>
	</Data>
</ExtendedData>
</Placemark>
<Placemark>
<name>JW0227</name>
<TimeStamp><when>2026-09-23T10:32:55Z</when></TimeStamp>
<styleUrl>#route</styleUrl>
<Point>
<coordinates>137.765943,34.663632,-0.001000</coordinates>
</Point>
<ExtendedData>
	<Data name="IconNumber">
		<value>901001</value>
	</Data>
</ExtendedData>
</Placemark>
<Placemark>
<name>JW0228</name>
<TimeStamp><when>2026-09-23T10:33:05Z</when></TimeStamp>
<styleUrl>#route</styleUrl>
<Point>
<coordinates>137.766608,34.663460,-0.001000</coordinates>
</Point>
<ExtendedData>
	<Data name="IconNumber">
		<value>901001</value>
	</Data>
</ExtendedData>
</Placemark>
<Placemark>
<name>JW0229</name>
<TimeStamp><when>2026-09-23T10:33:15Z</when></TimeStamp>
<styleUrl>#route</styleUrl>
<Point>
<coordinates>137.767166,34.663323,-0.001000</coordinates>
</Point>
<ExtendedData>
	<Data name="IconNumber">
		<value>901001</value>
	</Data>
</ExtendedData>
</Placemark>
<Placemark>
<name>JW0230</name>
<TimeStamp><when>2026-09-23T10:33:25Z</when></TimeStamp>
<styleUrl>#route</styleUrl>
<Point>
<coordinates>137.767767,34.663220,-0.001000</coordinates>
</Point>
<ExtendedData>
	<Data name="IconNumber">
		<value>901001</value>
	</Data>
</ExtendedData>
</Placemark>
<Placemark>
<name>JW0231</name>
<TimeStamp><when>2026-09-23T10:33:35Z</when></TimeStamp>
<styleUrl>#route</styleUrl>
<Point>
<coordinates>137.769559,34.662962,-0.001000</coordinates>
</Point>
<ExtendedData>
	<Data name="IconNumber">
		<value>901001</value>
	</Data>
</ExtendedData>
</Placemark>
<Placemark>
<name>JW0232</name>
<TimeStamp><when>2026-09-23T10:33:45Z</when></TimeStamp>
<styleUrl>#route</styleUrl>
<Point>
<coordinates>137.770771,34.662739,-0.001000</coordinates>
</Point>
<ExtendedData>
	<Data name="IconNumber">
		<value>901001</value>
	</Data>
</ExtendedData>
</Placemark>
<Placemark>
<name>JW0233</name>
<TimeStamp><when>2026-09-23T10:33:55Z</when></TimeStamp>
<styleUrl>#route</styleUrl>
<Point>
<coordinates>137.771415,34.662645,-0.001000</coordinates>
</Point>
<ExtendedData>
	<Data name="IconNumber">
		<value>901001</value>
	</Data>
</ExtendedData>
</Placemark>
<Placemark>
<name>JW0234</name>
<TimeStamp><when>2026-09-23T10:34:05Z</when></TimeStamp>
<styleUrl>#route</styleUrl>
<Point>
<coordinates>137.773389,34.662344,-0.001000</coordinates>
</Point>
<ExtendedData>
	<Data name="IconNumber">
		<value>901001</value>
	</Data>
</ExtendedData>
</Placemark>
<Placemark>
<name>JW0235</name>
<TimeStamp><when>2026-09-23T10:34:15Z</when></TimeStamp>
<styleUrl>#route</styleUrl>
<Point>
<coordinates>137.775513,34.662018,-0.001000</coordinates>
</Point>
<ExtendedData>
	<Data name="IconNumber">
		<value>901001</value>
	</Data>
</ExtendedData>
</Placemark>
<Placemark>
<name>JW0236</name>
<TimeStamp><when>2026-09-23T10:34:25Z</when></TimeStamp>
<styleUrl>#route</styleUrl>
<Point>
<coordinates>137.776629,34.661864,-0.001000</coordinates>
</Point>
<ExtendedData>
	<Data name="IconNumber">
		<value>901001</value>
	</Data>
</ExtendedData>
</Placemark>
<Placemark>
<name>JW0237</name>
<TimeStamp><when>2026-09-23T10:34:35Z</when></TimeStamp>
<styleUrl>#route</styleUrl>
<Point>
<coordinates>137.778646,34.661709,-0.001000</coordinates>
</Point>
<ExtendedData>
	<Data name="IconNumber">
		<value>901001</value>
	</Data>
</ExtendedData>
</Placemark>
<Placemark>
<name>JW0238</name>
<TimeStamp><when>2026-09-23T10:34:45Z</when></TimeStamp>
<styleUrl>#route</styleUrl>
<Point>
<coordinates>137.779462,34.661675,-0.001000</coordinates>
</Point>
<ExtendedData>
	<Data name="IconNumber">
		<value>901001</value>
	</Data>
</ExtendedData>
</Placemark>
<Placemark>
<name>JW0239</name>
<TimeStamp><when>2026-09-23T10:34:55Z</when></TimeStamp>
<styleUrl>#route</styleUrl>
<Point>
<coordinates>137.782616,34.661812,-0.001000</coordinates>
</Point>
<ExtendedData>
	<Data name="IconNumber">
		<value>901001</value>
	</Data>
</ExtendedData>
</Placemark>
<Placemark>
<name>JW0240</name>
<TimeStamp><when>2026-09-23T10:35:05Z</when></TimeStamp>
<styleUrl>#route</styleUrl>
<Point>
<coordinates>137.786285,34.662001,-0.001000</coordinates>
</Point>
<ExtendedData>
	<Data name="IconNumber">
		<value>901001</value>
	</Data>
</ExtendedData>
</Placemark>
<Placemark>
<name>JW0241</name>
<TimeStamp><when>2026-09-23T10:35:15Z</when></TimeStamp>
<styleUrl>#route</styleUrl>
<Point>
<coordinates>137.796231,34.662507,-0.001000</coordinates>
</Point>
<ExtendedData>
	<Data name="IconNumber">
		<value>901001</value>
	</Data>
</ExtendedData>
</Placemark>
<Placemark>
<name>JW0242</name>
<TimeStamp><when>2026-09-23T10:35:25Z</when></TimeStamp>
<styleUrl>#route</styleUrl>
<Point>
<coordinates>137.798205,34.662653,-0.001000</coordinates>
</Point>
<ExtendedData>
	<Data name="IconNumber">
		<value>901001</value>
	</Data>
</ExtendedData>
</Placemark>
<Placemark>
<name>JW0243</name>
<TimeStamp><when>2026-09-23T10:35:35Z</when></TimeStamp>
<styleUrl>#route</styleUrl>
<Point>
<coordinates>137.799364,34.662662,-0.001000</coordinates>
</Point>
<ExtendedData>
	<Data name="IconNumber">
		<value>901001</value>
	</Data>
</ExtendedData>
</Placemark>
<Placemark>
<name>JW0244</name>
<TimeStamp><when>2026-09-23T10:35:45Z</when></TimeStamp>
<styleUrl>#route</styleUrl>
<Point>
<coordinates>137.799814,34.662688,-0.001000</coordinates>
</Point>
<ExtendedData>
	<Data name="IconNumber">
		<value>901001</value>
	</Data>
</ExtendedData>
</Placemark>
<Placemark>
<name>JW0245</name>
<TimeStamp><when>2026-09-23T10:35:55Z</when></TimeStamp>
<styleUrl>#route</styleUrl>
<Point>
<coordinates>137.800286,34.662705,-0.001000</coordinates>
</Point>
<ExtendedData>
	<Data name="IconNumber">
		<value>901001</value>
	</Data>
</ExtendedData>
</Placemark>
<Placemark>
<name>JW0246</name>
<TimeStamp><when>2026-09-23T10:36:05Z</when></TimeStamp>
<styleUrl>#route</styleUrl>
<Point>
<coordinates>137.801048,34.662705,-0.001000</coordinates>
</Point>
<ExtendedData>
	<Data name="IconNumber">
		<value>901001</value>
	</Data>
</ExtendedData>
</Placemark>
<Placemark>
<name>JW0247</name>
<TimeStamp><when>2026-09-23T10:36:15Z</when></TimeStamp>
<styleUrl>#route</styleUrl>
<Point>
<coordinates>137.802818,34.662628,-0.001000</coordinates>
</Point>
<ExtendedData>
	<Data name="IconNumber">
		<value>901001</value>
	</Data>
</ExtendedData>
</Placemark>
<Placemark>
<name>JW0248</name>
<TimeStamp><when>2026-09-23T10:36:25Z</when></TimeStamp>
<styleUrl>#route</styleUrl>
<Point>
<coordinates>137.804471,34.662507,-0.001000</coordinates>
</Point>
<ExtendedData>
	<Data name="IconNumber">
		<value>901001</value>
	</Data>
</ExtendedData>
</Placemark>
<Placemark>
<name>JW0249</name>
<TimeStamp><when>2026-09-23T10:36:35Z</when></TimeStamp>
<styleUrl>#route</styleUrl>
<Point>
<coordinates>137.805200,34.662439,-0.001000</coordinates>
</Point>
<ExtendedData>
	<Data name="IconNumber">
		<value>901001</value>
	</Data>
</ExtendedData>
</Placemark>
<Placemark>
<name>JW0250</name>
<TimeStamp><when>2026-09-23T10:36:45Z</when></TimeStamp>
<styleUrl>#route</styleUrl>
<Point>
<coordinates>137.808869,34.662155,-0.001000</coordinates>
</Point>
<ExtendedData>
	<Data name="IconNumber">
		<value>901001</value>
	</Data>
</ExtendedData>
</Placemark>
<Placemark>
<name>JW0251</name>
<TimeStamp><when>2026-09-23T10:36:55Z</when></TimeStamp>
<styleUrl>#route</styleUrl>
<Point>
<coordinates>137.810715,34.662018,-0.001000</coordinates>
</Point>
<ExtendedData>
	<Data name="IconNumber">
		<value>901001</value>
	</Data>
</ExtendedData>
</Placemark>
<Placemark>
<name>JW0252</name>
<TimeStamp><when>2026-09-23T10:37:05Z</when></TimeStamp>
<styleUrl>#route</styleUrl>
<Point>
<coordinates>137.811165,34.662001,-0.001000</coordinates>
</Point>
<ExtendedData>
	<Data name="IconNumber">
		<value>901001</value>
	</Data>
</ExtendedData>
</Placemark>
<Placemark>
<name>JW0253</name>
<TimeStamp><when>2026-09-23T10:37:15Z</when></TimeStamp>
<styleUrl>#route</styleUrl>
<Point>
<coordinates>137.813762,34.661778,-0.001000</coordinates>
</Point>
<ExtendedData>
	<Data name="IconNumber">
		<value>901001</value>
	</Data>
</ExtendedData>
</Placemark>
<Placemark>
<name>JW0254</name>
<TimeStamp><when>2026-09-23T10:37:25Z</when></TimeStamp>
<styleUrl>#route</styleUrl>
<Point>
<coordinates>137.814888,34.661701,-0.001000</coordinates>
</Point>
<ExtendedData>
	<Data name="IconNumber">
		<value>901001</value>
	</Data>
</ExtendedData>
</Placemark>
<Placemark>
<name>JW0255</name>
<TimeStamp><when>2026-09-23T10:37:35Z</when></TimeStamp>
<styleUrl>#route</styleUrl>
<Point>
<coordinates>137.815854,34.661623,-0.001000</coordinates>
</Point>
<ExtendedData>
	<Data name="IconNumber">
		<value>901001</value>
	</Data>
</ExtendedData>
</Placemark>
<Placemark>
<name>JW0256</name>
<TimeStamp><when>2026-09-23T10:37:45Z</when></TimeStamp>
<styleUrl>#route</styleUrl>
<Point>
<coordinates>137.816691,34.661623,-0.001000</coordinates>
</Point>
<ExtendedData>
	<Data name="IconNumber">
		<value>901001</value>
	</Data>
</ExtendedData>
</Placemark>
<Placemark>
<name>JW0257</name>
<TimeStamp><when>2026-09-23T10:37:55Z</when></TimeStamp>
<styleUrl>#route</styleUrl>
<Point>
<coordinates>137.817710,34.661692,-0.001000</coordinates>
</Point>
<ExtendedData>
	<Data name="IconNumber">
		<value>901001</value>
	</Data>
</ExtendedData>
</Placemark>
<Placemark>
<name>JW0258</name>
<TimeStamp><when>2026-09-23T10:38:05Z</when></TimeStamp>
<styleUrl>#route</styleUrl>
<Point>
<coordinates>137.818321,34.661761,-0.001000</coordinates>
</Point>
<ExtendedData>
	<Data name="IconNumber">
		<value>901001</value>
	</Data>
</ExtendedData>
</Placemark>
<Placemark>
<name>JW0259</name>
<TimeStamp><when>2026-09-23T10:38:15Z</when></TimeStamp>
<styleUrl>#route</styleUrl>
<Point>
<coordinates>137.818751,34.661812,-0.001000</coordinates>
</Point>
<ExtendedData>
	<Data name="IconNumber">
		<value>901001</value>
	</Data>
</ExtendedData>
</Placemark>
<Placemark>
<name>JW0260</name>
<TimeStamp><when>2026-09-23T10:38:25Z</when></TimeStamp>
<styleUrl>#route</styleUrl>
<Point>
<coordinates>137.819963,34.662070,-0.001000</coordinates>
</Point>
<ExtendedData>
	<Data name="IconNumber">
		<value>901001</value>
	</Data>
</ExtendedData>
</Placemark>
<Placemark>
<name>JW0261</name>
<TimeStamp><when>2026-09-23T10:38:35Z</when></TimeStamp>
<styleUrl>#route</styleUrl>
<Point>
<coordinates>137.821776,34.662593,-0.001000</coordinates>
</Point>
<ExtendedData>
	<Data name="IconNumber">
		<value>901001</value>
	</Data>
</ExtendedData>
</Placemark>
<Placemark>
<name>JW0262</name>
<TimeStamp><when>2026-09-23T10:38:45Z</when></TimeStamp>
<styleUrl>#route</styleUrl>
<Point>
<coordinates>137.823675,34.663185,-0.001000</coordinates>
</Point>
<ExtendedData>
	<Data name="IconNumber">
		<value>901001</value>
	</Data>
</ExtendedData>
</Placemark>
<Placemark>
<name>JW0263</name>
<TimeStamp><when>2026-09-23T10:38:55Z</when></TimeStamp>
<styleUrl>#route</styleUrl>
<Point>
<coordinates>137.826390,34.664009,-0.001000</coordinates>
</Point>
<ExtendedData>
	<Data name="IconNumber">
		<value>901001</value>
	</Data>
</ExtendedData>
</Placemark>
<Placemark>
<name>JW0264</name>
<TimeStamp><when>2026-09-23T10:39:05Z</when></TimeStamp>
<styleUrl>#route</styleUrl>
<Point>
<coordinates>137.829104,34.664833,-0.001000</coordinates>
</Point>
<ExtendedData>
	<Data name="IconNumber">
		<value>901001</value>
	</Data>
</ExtendedData>
</Placemark>
<Placemark>
<name>JW0265</name>
<TimeStamp><when>2026-09-23T10:39:15Z</when></TimeStamp>
<styleUrl>#route</styleUrl>
<Point>
<coordinates>137.831604,34.665614,-0.001000</coordinates>
</Point>
<ExtendedData>
	<Data name="IconNumber">
		<value>901001</value>
	</Data>
</ExtendedData>
</Placemark>
<Placemark>
<name>JW0266</name>
<TimeStamp><when>2026-09-23T10:39:25Z</when></TimeStamp>
<styleUrl>#route</styleUrl>
<Point>
<coordinates>137.834715,34.666559,-0.001000</coordinates>
</Point>
<ExtendedData>
	<Data name="IconNumber">
		<value>901001</value>
	</Data>
</ExtendedData>
</Placemark>
<Placemark>
<name>JW0267</name>
<TimeStamp><when>2026-09-23T10:39:35Z</when></TimeStamp>
<styleUrl>#route</styleUrl>
<Point>
<coordinates>137.835767,34.666876,-0.001000</coordinates>
</Point>
<ExtendedData>
	<Data name="IconNumber">
		<value>901001</value>
	</Data>
</ExtendedData>
</Placemark>
<Placemark>
<name>JW0268</name>
<TimeStamp><when>2026-09-23T10:39:45Z</when></TimeStamp>
<styleUrl>#route</styleUrl>
<Point>
<coordinates>137.836614,34.667159,-0.001000</coordinates>
</Point>
<ExtendedData>
	<Data name="IconNumber">
		<value>901001</value>
	</Data>
</ExtendedData>
</Placemark>
<Placemark>
<name>JW0269</name>
<TimeStamp><when>2026-09-23T10:39:55Z</when></TimeStamp>
<styleUrl>#route</styleUrl>
<Point>
<coordinates>137.837226,34.667322,-0.001000</coordinates>
</Point>
<ExtendedData>
	<Data name="IconNumber">
		<value>901001</value>
	</Data>
</ExtendedData>
</Placemark>
<Placemark>
<name>JW0270</name>
<TimeStamp><when>2026-09-23T10:40:05Z</when></TimeStamp>
<styleUrl>#route</styleUrl>
<Point>
<coordinates>137.839414,34.668018,-0.001000</coordinates>
</Point>
<ExtendedData>
	<Data name="IconNumber">
		<value>901001</value>
	</Data>
</ExtendedData>
</Placemark>
<Placemark>
<name>JW0271</name>
<TimeStamp><when>2026-09-23T10:40:15Z</when></TimeStamp>
<styleUrl>#route</styleUrl>
<Point>
<coordinates>137.840230,34.668232,-0.001000</coordinates>
</Point>
<ExtendedData>
	<Data name="IconNumber">
		<value>901001</value>
	</Data>
</ExtendedData>
</Placemark>
<Placemark>
<name>JW0272</name>
<TimeStamp><when>2026-09-23T10:40:25Z</when></TimeStamp>
<styleUrl>#route</styleUrl>
<Point>
<coordinates>137.841217,34.668533,-0.001000</coordinates>
</Point>
<ExtendedData>
	<Data name="IconNumber">
		<value>901001</value>
	</Data>
</ExtendedData>
</Placemark>
<Placemark>
<name>JW0273</name>
<TimeStamp><when>2026-09-23T10:40:35Z</when></TimeStamp>
<styleUrl>#route</styleUrl>
<Point>
<coordinates>137.842354,34.668859,-0.001000</coordinates>
</Point>
<ExtendedData>
	<Data name="IconNumber">
		<value>901001</value>
	</Data>
</ExtendedData>
</Placemark>
<Placemark>
<name>JW0274</name>
<TimeStamp><when>2026-09-23T10:40:45Z</when></TimeStamp>
<styleUrl>#route</styleUrl>
<Point>
<coordinates>137.843448,34.669108,-0.001000</coordinates>
</Point>
<ExtendedData>
	<Data name="IconNumber">
		<value>901001</value>
	</Data>
</ExtendedData>
</Placemark>
<Placemark>
<name>JW0275</name>
<TimeStamp><when>2026-09-23T10:40:55Z</when></TimeStamp>
<styleUrl>#route</styleUrl>
<Point>
<coordinates>137.844521,34.669322,-0.001000</coordinates>
</Point>
<ExtendedData>
	<Data name="IconNumber">
		<value>901001</value>
	</Data>
</ExtendedData>
</Placemark>
<Placemark>
<name>JW0276</name>
<TimeStamp><when>2026-09-23T10:41:05Z</when></TimeStamp>
<styleUrl>#route</styleUrl>
<Point>
<coordinates>137.845476,34.669468,-0.001000</coordinates>
</Point>
<ExtendedData>
	<Data name="IconNumber">
		<value>901001</value>
	</Data>
</ExtendedData>
</Placemark>
<Placemark>
<name>JW0277</name>
<TimeStamp><when>2026-09-23T10:41:15Z</when></TimeStamp>
<styleUrl>#route</styleUrl>
<Point>
<coordinates>137.847128,34.669657,-0.001000</coordinates>
</Point>
<ExtendedData>
	<Data name="IconNumber">
		<value>901001</value>
	</Data>
</ExtendedData>
</Placemark>
<Placemark>
<name>JW0278</name>
<TimeStamp><when>2026-09-23T10:41:25Z</when></TimeStamp>
<styleUrl>#route</styleUrl>
<Point>
<coordinates>137.848770,34.669803,-0.001000</coordinates>
</Point>
<ExtendedData>
	<Data name="IconNumber">
		<value>901001</value>
	</Data>
</ExtendedData>
</Placemark>
<Placemark>
<name>JW0279</name>
<TimeStamp><when>2026-09-23T10:41:35Z</when></TimeStamp>
<styleUrl>#route</styleUrl>
<Point>
<coordinates>137.849693,34.669854,-0.001000</coordinates>
</Point>
<ExtendedData>
	<Data name="IconNumber">
		<value>901001</value>
	</Data>
</ExtendedData>
</Placemark>
<Placemark>
<name>JW0280</name>
<TimeStamp><when>2026-09-23T10:41:45Z</when></TimeStamp>
<styleUrl>#route</styleUrl>
<Point>
<coordinates>137.850358,34.669863,-0.001000</coordinates>
</Point>
<ExtendedData>
	<Data name="IconNumber">
		<value>901001</value>
	</Data>
</ExtendedData>
</Placemark>
<Placemark>
<name>JW0281</name>
<TimeStamp><when>2026-09-23T10:41:55Z</when></TimeStamp>
<styleUrl>#route</styleUrl>
<Point>
<coordinates>137.850937,34.669872,-0.001000</coordinates>
</Point>
<ExtendedData>
	<Data name="IconNumber">
		<value>901001</value>
	</Data>
</ExtendedData>
</Placemark>
<Placemark>
<name>JW0282</name>
<TimeStamp><when>2026-09-23T10:42:05Z</when></TimeStamp>
<styleUrl>#route</styleUrl>
<Point>
<coordinates>137.851999,34.669846,-0.001000</coordinates>
</Point>
<ExtendedData>
	<Data name="IconNumber">
		<value>901001</value>
	</Data>
</ExtendedData>
</Placemark>
<Placemark>
<name>JW0283</name>
<TimeStamp><when>2026-09-23T10:42:15Z</when></TimeStamp>
<styleUrl>#route</styleUrl>
<Point>
<coordinates>137.852997,34.669777,-0.001000</coordinates>
</Point>
<ExtendedData>
	<Data name="IconNumber">
		<value>901001</value>
	</Data>
</ExtendedData>
</Placemark>
<Placemark>
<name>JW0284</name>
<TimeStamp><when>2026-09-23T10:42:25Z</when></TimeStamp>
<styleUrl>#route</styleUrl>
<Point>
<coordinates>137.854714,34.669606,-0.001000</coordinates>
</Point>
<ExtendedData>
	<Data name="IconNumber">
		<value>901001</value>
	</Data>
</ExtendedData>
</Placemark>
<Placemark>
<name>JW0285</name>
<TimeStamp><when>2026-09-23T10:42:35Z</when></TimeStamp>
<styleUrl>#route</styleUrl>
<Point>
<coordinates>137.855218,34.669511,-0.001000</coordinates>
</Point>
<ExtendedData>
	<Data name="IconNumber">
		<value>901001</value>
	</Data>
</ExtendedData>
</Placemark>
<Placemark>
<name>JW0286</name>
<TimeStamp><when>2026-09-23T10:42:45Z</when></TimeStamp>
<styleUrl>#route</styleUrl>
<Point>
<coordinates>137.856623,34.669262,-0.001000</coordinates>
</Point>
<ExtendedData>
	<Data name="IconNumber">
		<value>901001</value>
	</Data>
</ExtendedData>
</Placemark>
<Placemark>
<name>JW0287</name>
<TimeStamp><when>2026-09-23T10:42:55Z</when></TimeStamp>
<styleUrl>#route</styleUrl>
<Point>
<coordinates>137.857600,34.669039,-0.001000</coordinates>
</Point>
<ExtendedData>
	<Data name="IconNumber">
		<value>901001</value>
	</Data>
</ExtendedData>
</Placemark>
<Placemark>
<name>JW0288</name>
<TimeStamp><when>2026-09-23T10:43:05Z</when></TimeStamp>
<styleUrl>#route</styleUrl>
<Point>
<coordinates>137.858362,34.668850,-0.001000</coordinates>
</Point>
<ExtendedData>
	<Data name="IconNumber">
		<value>901001</value>
	</Data>
</ExtendedData>
</Placemark>
<Placemark>
<name>JW0289</name>
<TimeStamp><when>2026-09-23T10:43:15Z</when></TimeStamp>
<styleUrl>#route</styleUrl>
<Point>
<coordinates>137.858876,34.668722,-0.001000</coordinates>
</Point>
<ExtendedData>
	<Data name="IconNumber">
		<value>901001</value>
	</Data>
</ExtendedData>
</Placemark>
<Placemark>
<name>JW0290</name>
<TimeStamp><when>2026-09-23T10:43:25Z</when></TimeStamp>
<styleUrl>#route</styleUrl>
<Point>
<coordinates>137.859499,34.668541,-0.001000</coordinates>
</Point>
<ExtendedData>
	<Data name="IconNumber">
		<value>901001</value>
	</Data>
</ExtendedData>
</Placemark>
<Placemark>
<name>JW0291</name>
<TimeStamp><when>2026-09-23T10:43:35Z</when></TimeStamp>
<styleUrl>#route</styleUrl>
<Point>
<coordinates>137.860132,34.668352,-0.001000</coordinates>
</Point>
<ExtendedData>
	<Data name="IconNumber">
		<value>901001</value>
	</Data>
</ExtendedData>
</Placemark>
<Placemark>
<name>JW0292</name>
<TimeStamp><when>2026-09-23T10:43:45Z</when></TimeStamp>
<styleUrl>#route</styleUrl>
<Point>
<coordinates>137.861151,34.667992,-0.001000</coordinates>
</Point>
<ExtendedData>
	<Data name="IconNumber">
		<value>901001</value>
	</Data>
</ExtendedData>
</Placemark>
<Placemark>
<name>JW0293</name>
<TimeStamp><when>2026-09-23T10:43:55Z</when></TimeStamp>
<styleUrl>#route</styleUrl>
<Point>
<coordinates>137.861290,34.667940,-0.001000</coordinates>
</Point>
<ExtendedData>
	<Data name="IconNumber">
		<value>901001</value>
	</Data>
</ExtendedData>
</Placemark>
<Placemark>
<name>JW0294</name>
<TimeStamp><when>2026-09-23T10:44:05Z</when></TimeStamp>
<styleUrl>#route</styleUrl>
<Point>
<coordinates>137.861569,34.667923,-0.001000</coordinates>
</Point>
<ExtendedData>
	<Data name="IconNumber">
		<value>901001</value>
	</Data>
</ExtendedData>
</Placemark>
<Placemark>
<name>JW0295</name>
<TimeStamp><when>2026-09-23T10:44:15Z</when></TimeStamp>
<styleUrl>#route</styleUrl>
<Point>
<coordinates>137.861451,34.669168,-0.001000</coordinates>
</Point>
<ExtendedData>
	<Data name="IconNumber">
		<value>901001</value>
	</Data>
</ExtendedData>
</Placemark>
<Placemark>
<name>JW0296</name>
<TimeStamp><when>2026-09-23T10:44:25Z</when></TimeStamp>
<styleUrl>#route</styleUrl>
<Point>
<coordinates>137.861398,34.670224,-0.001000</coordinates>
</Point>
<ExtendedData>
	<Data name="IconNumber">
		<value>901001</value>
	</Data>
</ExtendedData>
</Placemark>
<Placemark>
<name>JW0297</name>
<TimeStamp><when>2026-09-23T10:44:35Z</when></TimeStamp>
<styleUrl>#route</styleUrl>
<Point>
<coordinates>137.861355,34.670515,-0.001000</coordinates>
</Point>
<ExtendedData>
	<Data name="IconNumber">
		<value>901001</value>
	</Data>
</ExtendedData>
</Placemark>
<Placemark>
<name>JW0298</name>
<TimeStamp><when>2026-09-23T10:44:45Z</when></TimeStamp>
<styleUrl>#route</styleUrl>
<Point>
<coordinates>137.861269,34.670739,-0.001000</coordinates>
</Point>
<ExtendedData>
	<Data name="IconNumber">
		<value>901001</value>
	</Data>
</ExtendedData>
</Placemark>
<Placemark>
<name>JW0299</name>
<TimeStamp><when>2026-09-23T10:44:55Z</when></TimeStamp>
<styleUrl>#route</styleUrl>
<Point>
<coordinates>137.860958,34.671425,-0.001000</coordinates>
</Point>
<ExtendedData>
	<Data name="IconNumber">
		<value>901001</value>
	</Data>
</ExtendedData>
</Placemark>
<Placemark>
<name>JW0300</name>
<TimeStamp><when>2026-09-23T10:45:05Z</when></TimeStamp>
<styleUrl>#route</styleUrl>
<Point>
<coordinates>137.860765,34.671923,-0.001000</coordinates>
</Point>
<ExtendedData>
	<Data name="IconNumber">
		<value>901001</value>
	</Data>
</ExtendedData>
</Placemark>
<Placemark>
<name>JW0301</name>
<TimeStamp><when>2026-09-23T10:45:15Z</when></TimeStamp>
<styleUrl>#route</styleUrl>
<Point>
<coordinates>137.860722,34.672129,-0.001000</coordinates>
</Point>
<ExtendedData>
	<Data name="IconNumber">
		<value>901001</value>
	</Data>
</ExtendedData>
</Placemark>
<Placemark>
<name>JW0302</name>
<TimeStamp><when>2026-09-23T10:45:25Z</when></TimeStamp>
<styleUrl>#route</styleUrl>
<Point>
<coordinates>137.860722,34.672421,-0.001000</coordinates>
</Point>
<ExtendedData>
	<Data name="IconNumber">
		<value>901001</value>
	</Data>
</ExtendedData>
</Placemark>
<Placemark>
<name>JW0303</name>
<TimeStamp><when>2026-09-23T10:45:35Z</when></TimeStamp>
<styleUrl>#route</styleUrl>
<Point>
<coordinates>137.860690,34.672713,-0.001000</coordinates>
</Point>
<ExtendedData>
	<Data name="IconNumber">
		<value>901001</value>
	</Data>
</ExtendedData>
</Placemark>
<Placemark>
<name>JW0304</name>
<TimeStamp><when>2026-09-23T10:45:45Z</when></TimeStamp>
<styleUrl>#route</styleUrl>
<Point>
<coordinates>137.860615,34.673185,-0.001000</coordinates>
</Point>
<ExtendedData>
	<Data name="IconNumber">
		<value>901001</value>
	</Data>
</ExtendedData>
</Placemark>
<Placemark>
<name>JW0305</name>
<TimeStamp><when>2026-09-23T10:45:55Z</when></TimeStamp>
<styleUrl>#route</styleUrl>
<Point>
<coordinates>137.860593,34.673537,-0.001000</coordinates>
</Point>
<ExtendedData>
	<Data name="IconNumber">
		<value>901001</value>
	</Data>
</ExtendedData>
</Placemark>
<Placemark>
<name>JW0306</name>
<TimeStamp><when>2026-09-23T10:46:05Z</when></TimeStamp>
<styleUrl>#route</styleUrl>
<Point>
<coordinates>137.860572,34.674223,-0.001000</coordinates>
</Point>
<ExtendedData>
	<Data name="IconNumber">
		<value>901001</value>
	</Data>
</ExtendedData>
</Placemark>
<Placemark>
<name>JW0307</name>
<TimeStamp><when>2026-09-23T10:46:15Z</when></TimeStamp>
<styleUrl>#route</styleUrl>
<Point>
<coordinates>137.860561,34.674481,-0.001000</coordinates>
</Point>
<ExtendedData>
	<Data name="IconNumber">
		<value>901001</value>
	</Data>
</ExtendedData>
</Placemark>
<Placemark>
<name>JW0308</name>
<TimeStamp><when>2026-09-23T10:46:25Z</when></TimeStamp>
<styleUrl>#route</styleUrl>
<Point>
<coordinates>137.860421,34.675399,-0.001000</coordinates>
</Point>
<ExtendedData>
	<Data name="IconNumber">
		<value>901001</value>
	</Data>
</ExtendedData>
</Placemark>
<Placemark>
<name>JW0309</name>
<TimeStamp><when>2026-09-23T10:46:35Z</when></TimeStamp>
<styleUrl>#route</styleUrl>
<Point>
<coordinates>137.860207,34.676300,-0.001000</coordinates>
</Point>
<ExtendedData>
	<Data name="IconNumber">
		<value>901001</value>
	</Data>
</ExtendedData>
</Placemark>
<Placemark>
<name>FJ0425</name>
<TimeStamp><when>2026-09-23T10:46:45Z</when></TimeStamp>
<styleUrl>#route</styleUrl>
<Point>
<coordinates>137.860043,34.677546,-0.001000</coordinates>
</Point>
<ExtendedData>
	<Data name="IconNumber">
		<value>901001</value>
	</Data>
</ExtendedData>
</Placemark>
</Folder>
<Placemark>
<name>Path</name>
<Style>
<LineStyle>
 <color>ff0000ff</color>
 <width>2</width>
</LineStyle>
</Style>
<LineString>
<tessellate>1</tessellate>
<coordinates>
137.499198,34.686922,-0.001000
137.499482,34.686338,-0.001000
137.499680,34.686051,-0.001000
137.499916,34.685798,-0.001000
137.500120,34.685613,-0.001000
137.500303,34.685471,-0.001000
137.500528,34.685325,-0.001000
137.500716,34.685222,-0.001000
137.501477,34.684871,-0.001000
137.502014,34.684630,-0.001000
137.502631,34.684399,-0.001000
137.503114,34.684270,-0.001000
137.503854,34.684111,-0.001000
137.505313,34.683832,-0.001000
137.507185,34.683489,-0.001000
137.507743,34.683386,-0.001000
137.508038,34.683300,-0.001000
137.508162,34.683231,-0.001000
137.508231,34.683163,-0.001000
137.508285,34.683081,-0.001000
137.508322,34.682978,-0.001000
137.508328,34.682896,-0.001000
137.508317,34.682806,-0.001000
137.508274,34.682682,-0.001000
137.507749,34.682017,-0.001000
137.507647,34.681879,-0.001000
137.507566,34.681746,-0.001000
137.507502,34.681549,-0.001000
137.507352,34.680888,-0.001000
137.507303,34.680776,-0.001000
137.507223,34.680652,-0.001000
137.506960,34.680369,-0.001000
137.506901,34.680279,-0.001000
137.506847,34.680150,-0.001000
137.506847,34.680043,-0.001000
137.506869,34.679935,-0.001000
137.506938,34.679815,-0.001000
137.506997,34.679742,-0.001000
137.507110,34.679674,-0.001000
137.507223,34.679639,-0.001000
137.507421,34.679626,-0.001000
137.507588,34.679665,-0.001000
137.507738,34.679716,-0.001000
137.507944,34.679806,35.000000
137.508156,34.679940,-0.001000
137.508414,34.680077,-0.001000
137.508660,34.680163,-0.001000
137.508843,34.680197,-0.001000
137.509036,34.680197,-0.001000
137.509444,34.680214,-0.001000
137.509712,34.680206,-0.001000
137.510007,34.680154,-0.001000
137.510179,34.680120,-0.001000
137.510340,34.680068,-0.001000
137.510597,34.680038,-0.001000
137.511745,34.679648,-0.001000
137.512475,34.679356,-0.001000
137.512754,34.679219,-0.001000
137.512968,34.679167,-0.001000
137.513837,34.678910,-0.001000
137.514170,34.678858,-0.001000
137.514803,34.678747,-0.001000
137.515371,34.678695,-0.001000
137.515704,34.678678,-0.001000
137.516369,34.678678,-0.001000
137.517099,34.678729,-0.001000
137.518815,34.678935,-0.001000
137.521004,34.679201,-0.001000
137.523922,34.679562,-0.001000
137.526283,34.679837,-0.001000
137.530220,34.680292,-0.001000
137.531486,34.680429,-0.001000
137.532752,34.680592,-0.001000
137.533079,34.679322,-0.001000
137.533702,34.679360,-0.001000
137.533986,34.679463,-0.001000
137.534147,34.679498,-0.001000
137.534292,34.679519,-0.001000
137.534533,34.679540,-0.001000
137.534807,34.679532,-0.001000
137.535354,34.679510,-0.001000
137.536550,34.679463,-0.001000
137.537301,34.679446,-0.001000
137.538106,34.679463,-0.001000
137.542741,34.679712,-0.001000
137.550347,34.680141,-0.001000
137.553083,34.680330,-0.001000
137.555208,34.680450,-0.001000
137.556570,34.680502,-0.001000
137.560443,34.680588,-0.001000
137.570206,34.680588,-0.001000
137.571762,34.680596,-0.001000
137.572663,34.680613,-0.001000
137.573457,34.680665,-0.001000
137.574251,34.680716,-0.001000
137.574959,34.680776,-0.001000
137.576547,34.680940,-0.001000
137.577287,34.681008,-0.001000
137.578393,34.681077,-0.001000
137.579390,34.681103,-0.001000
137.580656,34.681094,-0.001000
137.581600,34.681051,-0.001000
137.583049,34.680940,-0.001000
137.583982,34.680845,-0.001000
137.585055,34.680699,-0.001000
137.586107,34.680485,-0.001000
137.587609,34.680158,-0.001000
137.588681,34.679884,-0.001000
137.589282,34.679738,-0.001000
137.589872,34.679626,-0.001000
137.590720,34.679472,-0.001000
137.591782,34.679334,-0.001000
137.592716,34.679223,-0.001000
137.593349,34.679171,-0.001000
137.594057,34.679137,-0.001000
137.604689,34.678674,-0.001000
137.609678,34.678459,-0.001000
137.613433,34.678236,-0.001000
137.621930,34.677678,-0.001000
137.626769,34.677360,-0.001000
137.627708,34.677309,-0.001000
137.630143,34.677094,-0.001000
137.632300,34.676880,-0.001000
137.636323,34.676416,-0.001000
137.637546,34.676365,-0.001000
137.638726,34.676390,-0.001000
137.639756,34.676442,-0.001000
137.641601,34.676562,-0.001000
137.642267,34.676579,-0.001000
137.643307,34.676554,-0.001000
137.644123,34.676519,-0.001000
137.644445,34.676468,-0.001000
137.645153,34.676348,-0.001000
137.647588,34.676039,-0.001000
137.650485,34.675712,-0.001000
137.655452,34.675172,-0.001000
137.656096,34.675172,-0.001000
137.657051,34.675275,-0.001000
137.657555,34.675386,-0.001000
137.658145,34.675567,-0.001000
137.658639,34.675755,-0.001000
137.659197,34.676039,-0.001000
137.660034,34.676614,-0.001000
137.660431,34.676966,-0.001000
137.660999,34.677635,-0.001000
137.661214,34.677970,-0.001000
137.661493,34.678528,-0.001000
137.661707,34.678871,-0.001000
137.662061,34.679377,-0.001000
137.662351,34.679686,-0.001000
137.662694,34.679961,-0.001000
137.663005,34.680167,-0.001000
137.663231,34.680287,-0.001000
137.663617,34.680433,-0.001000
137.664025,34.680570,-0.001000
137.664443,34.680665,-0.001000
137.664915,34.680725,-0.001000
137.665688,34.680708,-0.001000
137.666728,34.680613,-0.001000
137.667919,34.680476,-0.001000
137.668896,34.680339,-0.001000
137.670065,34.680184,-0.001000
137.671192,34.679987,-0.001000
137.672436,34.679746,-0.001000
137.674024,34.679377,-0.001000
137.675333,34.679043,-0.001000
137.676685,34.678648,-0.001000
137.679077,34.677875,-0.001000
137.680848,34.677360,-0.001000
137.683508,34.676554,-0.001000
137.685407,34.675970,-0.001000
137.687231,34.675455,-0.001000
137.688873,34.675069,-0.001000
137.691877,34.674459,-0.001000
137.694151,34.674099,-0.001000
137.697713,34.673575,-0.001000
137.701533,34.673017,-0.001000
137.706661,34.672245,-0.001000
137.715512,34.670923,-0.001000
137.716757,34.670743,-0.001000
137.718334,34.670554,-0.001000
137.719439,34.670442,-0.001000
137.720780,34.670357,-0.001000
137.721789,34.670314,-0.001000
137.722733,34.670288,-0.001000
137.723827,34.670279,-0.001000
137.724965,34.670288,-0.001000
137.727271,34.670400,-0.001000
137.729251,34.670490,-0.001000
137.730935,34.670567,-0.001000
137.736396,34.670824,-0.001000
137.738123,34.670919,-0.001000
137.739561,34.670987,-0.001000
137.742941,34.671219,-0.001000
137.745237,34.671348,-0.001000
137.746417,34.671391,-0.001000
137.747179,34.671460,-0.001000
137.748262,34.671657,-0.001000
137.749292,34.671932,-0.001000
137.750032,34.672146,-0.001000
137.750698,34.672369,-0.001000
137.751191,34.672550,-0.001000
137.751642,34.672747,-0.001000
137.752457,34.673142,-0.001000
137.753358,34.673622,-0.001000
137.753745,34.673863,-0.001000
137.754109,34.674112,-0.001000
137.754270,34.673931,-0.001000
137.754185,34.672326,-0.001000
137.754099,34.672181,-0.001000
137.753594,34.668490,-0.001000
137.753498,34.667760,-0.001000
137.753498,34.667571,-0.001000
137.753541,34.667340,-0.001000
137.753637,34.667074,-0.001000
137.753777,34.666876,-0.001000
137.753981,34.666644,-0.001000
137.754185,34.666507,-0.001000
137.754345,34.666396,-0.001000
137.754549,34.666310,-0.001000
137.754871,34.666215,-0.001000
137.756427,34.665932,-0.001000
137.758229,34.665520,-0.001000
137.760397,34.665057,-0.001000
137.762113,34.664662,-0.001000
137.762478,34.664576,-0.001000
137.765943,34.663632,-0.001000
137.766608,34.663460,-0.001000
137.767166,34.663323,-0.001000
137.767767,34.663220,-0.001000
137.769559,34.662962,-0.001000
137.770771,34.662739,-0.001000
137.771415,34.662645,-0.001000
137.773389,34.662344,-0.001000
137.775513,34.662018,-0.001000
137.776629,34.661864,-0.001000
137.778646,34.661709,-0.001000
137.779462,34.661675,-0.001000
137.782616,34.661812,-0.001000
137.786285,34.662001,-0.001000
137.796231,34.662507,-0.001000
137.798205,34.662653,-0.001000
137.799364,34.662662,-0.001000
137.799814,34.662688,-0.001000
137.800286,34.662705,-0.001000
137.801048,34.662705,-0.001000
137.802818,34.662628,-0.001000
137.804471,34.662507,-0.001000
137.805200,34.662439,-0.001000
137.808869,34.662155,-0.001000
137.810715,34.662018,-0.001000
137.811165,34.662001,-0.001000
137.813762,34.661778,-0.001000
137.814888,34.661701,-0.001000
137.815854,34.661623,-0.001000
137.816691,34.661623,-0.001000
137.817710,34.661692,-0.001000
137.818321,34.661761,-0.001000
137.818751,34.661812,-0.001000
137.819963,34.662070,-0.001000
137.821776,34.662593,-0.001000
137.823675,34.663185,-0.001000
137.826390,34.664009,-0.001000
137.829104,34.664833,-0.001000
137.831604,34.665614,-0.001000
137.834715,34.666559,-0.001000
137.835767,34.666876,-0.001000
137.836614,34.667159,-0.001000
137.837226,34.667322,-0.001000
137.839414,34.668018,-0.001000
137.840230,34.668232,-0.001000
137.841217,34.668533,-0.001000
137.842354,34.668859,-0.001000
137.843448,34.669108,-0.001000
137.844521,34.669322,-0.001000
137.845476,34.669468,-0.001000
137.847128,34.669657,-0.001000
137.848770,34.669803,-0.001000
137.849693,34.669854,-0.001000
137.850358,34.669863,-0.001000
137.850937,34.669872,-0.001000
137.851999,34.669846,-0.001000
137.852997,34.669777,-0.001000
137.854714,34.669606,-0.001000
137.855218,34.669511,-0.001000
137.856623,34.669262,-0.001000
137.857600,34.669039,-0.001000
137.858362,34.668850,-0.001000
137.858876,34.668722,-0.001000
137.859499,34.668541,-0.001000
137.860132,34.668352,-0.001000
137.861151,34.667992,-0.001000
137.861290,34.667940,-0.001000
137.861569,34.667923,-0.001000
137.861451,34.669168,-0.001000
137.861398,34.670224,-0.001000
137.861355,34.670515,-0.001000
137.861269,34.670739,-0.001000
137.860958,34.671425,-0.001000
137.860765,34.671923,-0.001000
137.860722,34.672129,-0.001000
137.860722,34.672421,-0.001000
137.860690,34.672713,-0.001000
137.860615,34.673185,-0.001000
137.860593,34.673537,-0.001000
137.860572,34.674223,-0.001000
137.860561,34.674481,-0.001000
137.860421,34.675399,-0.001000
137.860207,34.676300,-0.001000
137.860043,34.677546,-0.001000
</coordinates>
</LineString>
</Placemark>
</Folder>
<Folder>
<name>伊良湖岬・湖西白須賀</name>
<Folder>
<name>Points</name>
<Placemark>
<name>JS0782</name>
<TimeStamp><when>2026-09-23T09:30:20Z</when></TimeStamp>
<styleUrl>#route</styleUrl>
<Point>
<coordinates>137.022794,34.582067,-0.001000</coordinates>
</Point>
<ExtendedData>
	<Data name="IconNumber">
		<value>901001</value>
	</Data>
</ExtendedData>
</Placemark>
<Placemark>
<name>JV0002</name>
<TimeStamp><when>2026-09-23T09:30:30Z</when></TimeStamp>
<styleUrl>#route</styleUrl>
<Point>
<coordinates>137.022837,34.581985,-0.001000</coordinates>
</Point>
<ExtendedData>
	<Data name="IconNumber">
		<value>901001</value>
	</Data>
</ExtendedData>
</Placemark>
<Placemark>
<name>JV0003</name>
<TimeStamp><when>2026-09-23T09:30:40Z</when></TimeStamp>
<styleUrl>#route</styleUrl>
<Point>
<coordinates>137.022945,34.581865,-0.001000</coordinates>
</Point>
<ExtendedData>
	<Data name="IconNumber">
		<value>901001</value>
	</Data>
</ExtendedData>
</Placemark>
<Placemark>
<name>JV0004</name>
<TimeStamp><when>2026-09-23T09:30:50Z</when></TimeStamp>
<styleUrl>#route</styleUrl>
<Point>
<coordinates>137.023052,34.581796,-0.001000</coordinates>
</Point>
<ExtendedData>
	<Data name="IconNumber">
		<value>901001</value>
	</Data>
</ExtendedData>
</Placemark>
<Placemark>
<name>JV0005</name>
<TimeStamp><when>2026-09-23T09:31:00Z</when></TimeStamp>
<styleUrl>#route</styleUrl>
<Point>
<coordinates>137.023181,34.581745,-0.001000</coordinates>
</Point>
<ExtendedData>
	<Data name="IconNumber">
		<value>901001</value>
	</Data>
</ExtendedData>
</Placemark>
<Placemark>
<name>JV0006</name>
<TimeStamp><when>2026-09-23T09:31:10Z</when></TimeStamp>
<styleUrl>#route</styleUrl>
<Point>
<coordinates>137.023342,34.581706,-0.001000</coordinates>
</Point>
<ExtendedData>
	<Data name="IconNumber">
		<value>901001</value>
	</Data>
</ExtendedData>
</Placemark>
<Placemark>
<name>JV0007</name>
<TimeStamp><when>2026-09-23T09:31:20Z</when></TimeStamp>
<styleUrl>#route</styleUrl>
<Point>
<coordinates>137.023449,34.581685,-0.001000</coordinates>
</Point>
<ExtendedData>
	<Data name="IconNumber">
		<value>901001</value>
	</Data>
</ExtendedData>
</Placemark>
<Placemark>
<name>JV0008</name>
<TimeStamp><when>2026-09-23T09:31:30Z</when></TimeStamp>
<styleUrl>#route</styleUrl>
<Point>
<coordinates>137.023621,34.581676,-0.001000</coordinates>
</Point>
<ExtendedData>
	<Data name="IconNumber">
		<value>901001</value>
	</Data>
</ExtendedData>
</Placemark>
<Placemark>
<name>JV0009</name>
<TimeStamp><when>2026-09-23T09:31:40Z</when></TimeStamp>
<styleUrl>#route</styleUrl>
<Point>
<coordinates>137.024135,34.581625,-0.001000</coordinates>
</Point>
<ExtendedData>
	<Data name="IconNumber">
		<value>901001</value>
	</Data>
</ExtendedData>
</Placemark>
<Placemark>
<name>JV0010</name>
<TimeStamp><when>2026-09-23T09:31:50Z</when></TimeStamp>
<styleUrl>#route</styleUrl>
<Point>
<coordinates>137.025702,34.581530,-0.001000</coordinates>
</Point>
<ExtendedData>
	<Data name="IconNumber">
		<value>901001</value>
	</Data>
</ExtendedData>
</Placemark>
<Placemark>
<name>JV0011</name>
<TimeStamp><when>2026-09-23T09:32:00Z</when></TimeStamp>
<styleUrl>#route</styleUrl>
<Point>
<coordinates>137.025970,34.581530,-0.001000</coordinates>
</Point>
<ExtendedData>
	<Data name="IconNumber">
		<value>901001</value>
	</Data>
</ExtendedData>
</Placemark>
<Placemark>
<name>JV0012</name>
<TimeStamp><when>2026-09-23T09:32:10Z</when></TimeStamp>
<styleUrl>#route</styleUrl>
<Point>
<coordinates>137.026185,34.581539,-0.001000</coordinates>
</Point>
<ExtendedData>
	<Data name="IconNumber">
		<value>901001</value>
	</Data>
</ExtendedData>
</Placemark>
<Placemark>
<name>JV0013</name>
<TimeStamp><when>2026-09-23T09:32:20Z</when></TimeStamp>
<styleUrl>#route</styleUrl>
<Point>
<coordinates>137.026399,34.581582,-0.001000</coordinates>
</Point>
<ExtendedData>
	<Data name="IconNumber">
		<value>901001</value>
	</Data>
</ExtendedData>
</Placemark>
<Placemark>
<name>JV0014</name>
<TimeStamp><when>2026-09-23T09:32:30Z</when></TimeStamp>
<styleUrl>#route</styleUrl>
<Point>
<coordinates>137.026657,34.581659,-0.001000</coordinates>
</Point>
<ExtendedData>
	<Data name="IconNumber">
		<value>901001</value>
	</Data>
</ExtendedData>
</Placemark>
<Placemark>
<name>JV0015</name>
<TimeStamp><when>2026-09-23T09:32:40Z</when></TimeStamp>
<styleUrl>#route</styleUrl>
<Point>
<coordinates>137.027687,34.582045,-0.001000</coordinates>
</Point>
<ExtendedData>
	<Data name="IconNumber">
		<value>901001</value>
	</Data>
</ExtendedData>
</Placemark>
<Placemark>
<name>JV0016</name>
<TimeStamp><when>2026-09-23T09:32:50Z</when></TimeStamp>
<styleUrl>#route</styleUrl>
<Point>
<coordinates>137.027923,34.582105,-0.001000</coordinates>
</Point>
<ExtendedData>
	<Data name="IconNumber">
		<value>901001</value>
	</Data>
</ExtendedData>
</Placemark>
<Placemark>
<name>JV0017</name>
<TimeStamp><when>2026-09-23T09:33:00Z</when></TimeStamp>
<styleUrl>#route</styleUrl>
<Point>
<coordinates>137.028116,34.582140,-0.001000</coordinates>
</Point>
<ExtendedData>
	<Data name="IconNumber">
		<value>901001</value>
	</Data>
</ExtendedData>
</Placemark>
<Placemark>
<name>JV0018</name>
<TimeStamp><when>2026-09-23T09:33:10Z</when></TimeStamp>
<styleUrl>#route</styleUrl>
<Point>
<coordinates>137.028330,34.582148,-0.001000</coordinates>
</Point>
<ExtendedData>
	<Data name="IconNumber">
		<value>901001</value>
	</Data>
</ExtendedData>
</Placemark>
<Placemark>
<name>JV0019</name>
<TimeStamp><when>2026-09-23T09:33:20Z</when></TimeStamp>
<styleUrl>#route</styleUrl>
<Point>
<coordinates>137.028609,34.582105,-0.001000</coordinates>
</Point>
<ExtendedData>
	<Data name="IconNumber">
		<value>901001</value>
	</Data>
</ExtendedData>
</Placemark>
<Placemark>
<name>JV0020</name>
<TimeStamp><when>2026-09-23T09:33:30Z</when></TimeStamp>
<styleUrl>#route</styleUrl>
<Point>
<coordinates>137.028845,34.582045,-0.001000</coordinates>
</Point>
<ExtendedData>
	<Data name="IconNumber">
		<value>901001</value>
	</Data>
</ExtendedData>
</Placemark>
<Placemark>
<name>JV0021</name>
<TimeStamp><when>2026-09-23T09:33:40Z</when></TimeStamp>
<styleUrl>#route</styleUrl>
<Point>
<coordinates>137.029189,34.581934,-0.001000</coordinates>
</Point>
<ExtendedData>
	<Data name="IconNumber">
		<value>901001</value>
	</Data>
</ExtendedData>
</Placemark>
<Placemark>
<name>JV0022</name>
<TimeStamp><when>2026-09-23T09:33:50Z</when></TimeStamp>
<styleUrl>#route</styleUrl>
<Point>
<coordinates>137.029403,34.581882,-0.001000</coordinates>
</Point>
<ExtendedData>
	<Data name="IconNumber">
		<value>901001</value>
	</Data>
</ExtendedData>
</Placemark>
<Placemark>
<name>JV0023</name>
<TimeStamp><when>2026-09-23T09:34:00Z</when></TimeStamp>
<styleUrl>#route</styleUrl>
<Point>
<coordinates>137.029704,34.581831,-0.001000</coordinates>
</Point>
<ExtendedData>
	<Data name="IconNumber">
		<value>901001</value>
	</Data>
</ExtendedData>
</Placemark>
<Placemark>
<name>JV0024</name>
<TimeStamp><when>2026-09-23T09:34:10Z</when></TimeStamp>
<styleUrl>#route</styleUrl>
<Point>
<coordinates>137.029940,34.581814,-0.001000</coordinates>
</Point>
<ExtendedData>
	<Data name="IconNumber">
		<value>901001</value>
	</Data>
</ExtendedData>
</Placemark>
<Placemark>
<name>JV0025</name>
<TimeStamp><when>2026-09-23T09:34:20Z</when></TimeStamp>
<styleUrl>#route</styleUrl>
<Point>
<coordinates>137.030315,34.581814,-0.001000</coordinates>
</Point>
<ExtendedData>
	<Data name="IconNumber">
		<value>901001</value>
	</Data>
</ExtendedData>
</Placemark>
<Placemark>
<name>JV0026</name>
<TimeStamp><when>2026-09-23T09:34:30Z</when></TimeStamp>
<styleUrl>#route</styleUrl>
<Point>
<coordinates>137.030669,34.581848,-0.001000</coordinates>
</Point>
<ExtendedData>
	<Data name="IconNumber">
		<value>901001</value>
	</Data>
</ExtendedData>
</Placemark>
<Placemark>
<name>JV0027</name>
<TimeStamp><when>2026-09-23T09:34:40Z</when></TimeStamp>
<styleUrl>#route</styleUrl>
<Point>
<coordinates>137.032225,34.582020,-0.001000</coordinates>
</Point>
<ExtendedData>
	<Data name="IconNumber">
		<value>901001</value>
	</Data>
</ExtendedData>
</Placemark>
<Placemark>
<name>JV0028</name>
<TimeStamp><when>2026-09-23T09:34:50Z</when></TimeStamp>
<styleUrl>#route</styleUrl>
<Point>
<coordinates>137.032461,34.582037,-0.001000</coordinates>
</Point>
<ExtendedData>
	<Data name="IconNumber">
		<value>901001</value>
	</Data>
</ExtendedData>
</Placemark>
<Placemark>
<name>JV0029</name>
<TimeStamp><when>2026-09-23T09:35:00Z</when></TimeStamp>
<styleUrl>#route</styleUrl>
<Point>
<coordinates>137.032676,34.582028,-0.001000</coordinates>
</Point>
<ExtendedData>
	<Data name="IconNumber">
		<value>901001</value>
	</Data>
</ExtendedData>
</Placemark>
<Placemark>
<name>JV0030</name>
<TimeStamp><when>2026-09-23T09:35:10Z</when></TimeStamp>
<styleUrl>#route</styleUrl>
<Point>
<coordinates>137.032837,34.582011,-0.001000</coordinates>
</Point>
<ExtendedData>
	<Data name="IconNumber">
		<value>901001</value>
	</Data>
</ExtendedData>
</Placemark>
<Placemark>
<name>JV0031</name>
<TimeStamp><when>2026-09-23T09:35:20Z</when></TimeStamp>
<styleUrl>#route</styleUrl>
<Point>
<coordinates>137.033309,34.581891,-0.001000</coordinates>
</Point>
<ExtendedData>
	<Data name="IconNumber">
		<value>901001</value>
	</Data>
</ExtendedData>
</Placemark>
<Placemark>
<name>JV0032</name>
<TimeStamp><when>2026-09-23T09:35:30Z</when></TimeStamp>
<styleUrl>#route</styleUrl>
<Point>
<coordinates>137.033909,34.581762,-0.001000</coordinates>
</Point>
<ExtendedData>
	<Data name="IconNumber">
		<value>901001</value>
	</Data>
</ExtendedData>
</Placemark>
<Placemark>
<name>JV0033</name>
<TimeStamp><when>2026-09-23T09:35:40Z</when></TimeStamp>
<styleUrl>#route</styleUrl>
<Point>
<coordinates>137.034124,34.581693,-0.001000</coordinates>
</Point>
<ExtendedData>
	<Data name="IconNumber">
		<value>901001</value>
	</Data>
</ExtendedData>
</Placemark>
<Placemark>
<name>JV0034</name>
<TimeStamp><when>2026-09-23T09:35:50Z</when></TimeStamp>
<styleUrl>#route</styleUrl>
<Point>
<coordinates>137.034253,34.581625,-0.001000</coordinates>
</Point>
<ExtendedData>
	<Data name="IconNumber">
		<value>901001</value>
	</Data>
</ExtendedData>
</Placemark>
<Placemark>
<name>JV0035</name>
<TimeStamp><when>2026-09-23T09:36:00Z</when></TimeStamp>
<styleUrl>#route</styleUrl>
<Point>
<coordinates>137.034382,34.581539,-0.001000</coordinates>
</Point>
<ExtendedData>
	<Data name="IconNumber">
		<value>901001</value>
	</Data>
</ExtendedData>
</Placemark>
<Placemark>
<name>JV0036</name>
<TimeStamp><when>2026-09-23T09:36:10Z</when></TimeStamp>
<styleUrl>#route</styleUrl>
<Point>
<coordinates>137.034564,34.581316,-0.001000</coordinates>
</Point>
<ExtendedData>
	<Data name="IconNumber">
		<value>901001</value>
	</Data>
</ExtendedData>
</Placemark>
<Placemark>
<name>JV0037</name>
<TimeStamp><when>2026-09-23T09:36:20Z</when></TimeStamp>
<styleUrl>#route</styleUrl>
<Point>
<coordinates>137.035079,34.580440,-0.001000</coordinates>
</Point>
<ExtendedData>
	<Data name="IconNumber">
		<value>901001</value>
	</Data>
</ExtendedData>
</Placemark>
<Placemark>
<name>JV0038</name>
<TimeStamp><when>2026-09-23T09:36:30Z</when></TimeStamp>
<styleUrl>#route</styleUrl>
<Point>
<coordinates>137.035272,34.580174,-0.001000</coordinates>
</Point>
<ExtendedData>
	<Data name="IconNumber">
		<value>901001</value>
	</Data>
</ExtendedData>
</Placemark>
<Placemark>
<name>JV0039</name>
<TimeStamp><when>2026-09-23T09:36:40Z</when></TimeStamp>
<styleUrl>#route</styleUrl>
<Point>
<coordinates>137.035487,34.579908,-0.001000</coordinates>
</Point>
<ExtendedData>
	<Data name="IconNumber">
		<value>901001</value>
	</Data>
</ExtendedData>
</Placemark>
<Placemark>
<name>JV0040</name>
<TimeStamp><when>2026-09-23T09:36:50Z</when></TimeStamp>
<styleUrl>#route</styleUrl>
<Point>
<coordinates>137.035766,34.579616,-0.001000</coordinates>
</Point>
<ExtendedData>
	<Data name="IconNumber">
		<value>901001</value>
	</Data>
</ExtendedData>
</Placemark>
<Placemark>
<name>JV0041</name>
<TimeStamp><when>2026-09-23T09:37:00Z</when></TimeStamp>
<styleUrl>#route</styleUrl>
<Point>
<coordinates>137.035948,34.579307,-0.001000</coordinates>
</Point>
<ExtendedData>
	<Data name="IconNumber">
		<value>901001</value>
	</Data>
</ExtendedData>
</Placemark>
<Placemark>
<name>JV0042</name>
<TimeStamp><when>2026-09-23T09:37:10Z</when></TimeStamp>
<styleUrl>#route</styleUrl>
<Point>
<coordinates>137.036023,34.579170,-0.001000</coordinates>
</Point>
<ExtendedData>
	<Data name="IconNumber">
		<value>901001</value>
	</Data>
</ExtendedData>
</Placemark>
<Placemark>
<name>JV0043</name>
<TimeStamp><when>2026-09-23T09:37:20Z</when></TimeStamp>
<styleUrl>#route</styleUrl>
<Point>
<coordinates>137.036130,34.579050,-0.001000</coordinates>
</Point>
<ExtendedData>
	<Data name="IconNumber">
		<value>901001</value>
	</Data>
</ExtendedData>
</Placemark>
<Placemark>
<name>JV0044</name>
<TimeStamp><when>2026-09-23T09:37:30Z</when></TimeStamp>
<styleUrl>#route</styleUrl>
<Point>
<coordinates>137.036238,34.578973,-0.001000</coordinates>
</Point>
<ExtendedData>
	<Data name="IconNumber">
		<value>901001</value>
	</Data>
</ExtendedData>
</Placemark>
<Placemark>
<name>JV0045</name>
<TimeStamp><when>2026-09-23T09:37:40Z</when></TimeStamp>
<styleUrl>#route</styleUrl>
<Point>
<coordinates>137.036409,34.578913,-0.001000</coordinates>
</Point>
<ExtendedData>
	<Data name="IconNumber">
		<value>901001</value>
	</Data>
</ExtendedData>
</Placemark>
<Placemark>
<name>JV0046</name>
<TimeStamp><when>2026-09-23T09:37:50Z</when></TimeStamp>
<styleUrl>#route</styleUrl>
<Point>
<coordinates>137.036570,34.578921,-0.001000</coordinates>
</Point>
<ExtendedData>
	<Data name="IconNumber">
		<value>901001</value>
	</Data>
</ExtendedData>
</Placemark>
<Placemark>
<name>JV0047</name>
<TimeStamp><when>2026-09-23T09:38:00Z</when></TimeStamp>
<styleUrl>#route</styleUrl>
<Point>
<coordinates>137.036710,34.578956,-0.001000</coordinates>
</Point>
<ExtendedData>
	<Data name="IconNumber">
		<value>901001</value>
	</Data>
</ExtendedData>
</Placemark>
<Placemark>
<name>JV0048</name>
<TimeStamp><when>2026-09-23T09:38:10Z</when></TimeStamp>
<styleUrl>#route</styleUrl>
<Point>
<coordinates>137.036892,34.579016,-0.001000</coordinates>
</Point>
<ExtendedData>
	<Data name="IconNumber">
		<value>901001</value>
	</Data>
</ExtendedData>
</Placemark>
<Placemark>
<name>JV0049</name>
<TimeStamp><when>2026-09-23T09:38:20Z</when></TimeStamp>
<styleUrl>#route</styleUrl>
<Point>
<coordinates>137.037010,34.579084,-0.001000</coordinates>
</Point>
<ExtendedData>
	<Data name="IconNumber">
		<value>901001</value>
	</Data>
</ExtendedData>
</Placemark>
<Placemark>
<name>JV0050</name>
<TimeStamp><when>2026-09-23T09:38:30Z</when></TimeStamp>
<styleUrl>#route</styleUrl>
<Point>
<coordinates>137.037117,34.579196,-0.001000</coordinates>
</Point>
<ExtendedData>
	<Data name="IconNumber">
		<value>901001</value>
	</Data>
</ExtendedData>
</Placemark>
<Placemark>
<name>JV0051</name>
<TimeStamp><when>2026-09-23T09:38:40Z</when></TimeStamp>
<styleUrl>#route</styleUrl>
<Point>
<coordinates>137.037268,34.579385,-0.001000</coordinates>
</Point>
<ExtendedData>
	<Data name="IconNumber">
		<value>901001</value>
	</Data>
</ExtendedData>
</Placemark>
<Placemark>
<name>JV0052</name>
<TimeStamp><when>2026-09-23T09:38:50Z</when></TimeStamp>
<styleUrl>#route</styleUrl>
<Point>
<coordinates>137.037353,34.579625,-0.001000</coordinates>
</Point>
<ExtendedData>
	<Data name="IconNumber">
		<value>901001</value>
	</Data>
</ExtendedData>
</Placemark>
<Placemark>
<name>JV0053</name>
<TimeStamp><when>2026-09-23T09:39:00Z</when></TimeStamp>
<styleUrl>#route</styleUrl>
<Point>
<coordinates>137.037429,34.579754,-0.001000</coordinates>
</Point>
<ExtendedData>
	<Data name="IconNumber">
		<value>901001</value>
	</Data>
</ExtendedData>
</Placemark>
<Placemark>
<name>JV0054</name>
<TimeStamp><when>2026-09-23T09:39:10Z</when></TimeStamp>
<styleUrl>#route</styleUrl>
<Point>
<coordinates>137.037547,34.579840,-0.001000</coordinates>
</Point>
<ExtendedData>
	<Data name="IconNumber">
		<value>901001</value>
	</Data>
</ExtendedData>
</Placemark>
<Placemark>
<name>JV0055</name>
<TimeStamp><when>2026-09-23T09:39:20Z</when></TimeStamp>
<styleUrl>#route</styleUrl>
<Point>
<coordinates>137.037675,34.579891,-0.001000</coordinates>
</Point>
<ExtendedData>
	<Data name="IconNumber">
		<value>901001</value>
	</Data>
</ExtendedData>
</Placemark>
<Placemark>
<name>JV0056</name>
<TimeStamp><when>2026-09-23T09:39:30Z</when></TimeStamp>
<styleUrl>#route</styleUrl>
<Point>
<coordinates>137.038898,34.579977,-0.001000</coordinates>
</Point>
<ExtendedData>
	<Data name="IconNumber">
		<value>901001</value>
	</Data>
</ExtendedData>
</Placemark>
<Placemark>
<name>JV0057</name>
<TimeStamp><when>2026-09-23T09:39:40Z</when></TimeStamp>
<styleUrl>#route</styleUrl>
<Point>
<coordinates>137.039156,34.580020,-0.001000</coordinates>
</Point>
<ExtendedData>
	<Data name="IconNumber">
		<value>901001</value>
	</Data>
</ExtendedData>
</Placemark>
<Placemark>
<name>JV0058</name>
<TimeStamp><when>2026-09-23T09:39:50Z</when></TimeStamp>
<styleUrl>#route</styleUrl>
<Point>
<coordinates>137.039285,34.580071,-0.001000</coordinates>
</Point>
<ExtendedData>
	<Data name="IconNumber">
		<value>901001</value>
	</Data>
</ExtendedData>
</Placemark>
<Placemark>
<name>JV0059</name>
<TimeStamp><when>2026-09-23T09:40:00Z</when></TimeStamp>
<styleUrl>#route</styleUrl>
<Point>
<coordinates>137.039574,34.580217,-0.001000</coordinates>
</Point>
<ExtendedData>
	<Data name="IconNumber">
		<value>901001</value>
	</Data>
</ExtendedData>
</Placemark>
<Placemark>
<name>JV0060</name>
<TimeStamp><when>2026-09-23T09:40:10Z</when></TimeStamp>
<styleUrl>#route</styleUrl>
<Point>
<coordinates>137.040036,34.580492,-0.001000</coordinates>
</Point>
<ExtendedData>
	<Data name="IconNumber">
		<value>901001</value>
	</Data>
</ExtendedData>
</Placemark>
<Placemark>
<name>JV0061</name>
<TimeStamp><when>2026-09-23T09:40:20Z</when></TimeStamp>
<styleUrl>#route</styleUrl>
<Point>
<coordinates>137.040379,34.580741,-0.001000</coordinates>
</Point>
<ExtendedData>
	<Data name="IconNumber">
		<value>901001</value>
	</Data>
</ExtendedData>
</Placemark>
<Placemark>
<name>JV0062</name>
<TimeStamp><when>2026-09-23T09:40:30Z</when></TimeStamp>
<styleUrl>#route</styleUrl>
<Point>
<coordinates>137.040572,34.580870,-0.001000</coordinates>
</Point>
<ExtendedData>
	<Data name="IconNumber">
		<value>901001</value>
	</Data>
</ExtendedData>
</Placemark>
<Placemark>
<name>JV0063</name>
<TimeStamp><when>2026-09-23T09:40:40Z</when></TimeStamp>
<styleUrl>#route</styleUrl>
<Point>
<coordinates>137.040830,34.581007,-0.001000</coordinates>
</Point>
<ExtendedData>
	<Data name="IconNumber">
		<value>901001</value>
	</Data>
</ExtendedData>
</Placemark>
<Placemark>
<name>JV0064</name>
<TimeStamp><when>2026-09-23T09:40:50Z</when></TimeStamp>
<styleUrl>#route</styleUrl>
<Point>
<coordinates>137.042375,34.581376,-0.001000</coordinates>
</Point>
<ExtendedData>
	<Data name="IconNumber">
		<value>901001</value>
	</Data>
</ExtendedData>
</Placemark>
<Placemark>
<name>JV0065</name>
<TimeStamp><when>2026-09-23T09:41:00Z</when></TimeStamp>
<styleUrl>#route</styleUrl>
<Point>
<coordinates>137.042503,34.581376,-0.001000</coordinates>
</Point>
<ExtendedData>
	<Data name="IconNumber">
		<value>901001</value>
	</Data>
</ExtendedData>
</Placemark>
<Placemark>
<name>JV0066</name>
<TimeStamp><when>2026-09-23T09:41:10Z</when></TimeStamp>
<styleUrl>#route</styleUrl>
<Point>
<coordinates>137.042653,34.581350,-0.001000</coordinates>
</Point>
<ExtendedData>
	<Data name="IconNumber">
		<value>901001</value>
	</Data>
</ExtendedData>
</Placemark>
<Placemark>
<name>JV0067</name>
<TimeStamp><when>2026-09-23T09:41:20Z</when></TimeStamp>
<styleUrl>#route</styleUrl>
<Point>
<coordinates>137.043104,34.581161,-0.001000</coordinates>
</Point>
<ExtendedData>
	<Data name="IconNumber">
		<value>901001</value>
	</Data>
</ExtendedData>
</Placemark>
<Placemark>
<name>JV0068</name>
<TimeStamp><when>2026-09-23T09:41:30Z</when></TimeStamp>
<styleUrl>#route</styleUrl>
<Point>
<coordinates>137.043254,34.581093,-0.001000</coordinates>
</Point>
<ExtendedData>
	<Data name="IconNumber">
		<value>901001</value>
	</Data>
</ExtendedData>
</Placemark>
<Placemark>
<name>JV0069</name>
<TimeStamp><when>2026-09-23T09:41:40Z</when></TimeStamp>
<styleUrl>#route</styleUrl>
<Point>
<coordinates>137.043404,34.581067,-0.001000</coordinates>
</Point>
<ExtendedData>
	<Data name="IconNumber">
		<value>901001</value>
	</Data>
</ExtendedData>
</Placemark>
<Placemark>
<name>JV0070</name>
<TimeStamp><when>2026-09-23T09:41:50Z</when></TimeStamp>
<styleUrl>#route</styleUrl>
<Point>
<coordinates>137.043619,34.581058,-0.001000</coordinates>
</Point>
<ExtendedData>
	<Data name="IconNumber">
		<value>901001</value>
	</Data>
</ExtendedData>
</Placemark>
<Placemark>
<name>JV0071</name>
<TimeStamp><when>2026-09-23T09:42:00Z</when></TimeStamp>
<styleUrl>#route</styleUrl>
<Point>
<coordinates>137.043812,34.581076,-0.001000</coordinates>
</Point>
<ExtendedData>
	<Data name="IconNumber">
		<value>901001</value>
	</Data>
</ExtendedData>
</Placemark>
<Placemark>
<name>JV0072</name>
<TimeStamp><when>2026-09-23T09:42:10Z</when></TimeStamp>
<styleUrl>#route</styleUrl>
<Point>
<coordinates>137.044284,34.581213,-0.001000</coordinates>
</Point>
<ExtendedData>
	<Data name="IconNumber">
		<value>901001</value>
	</Data>
</ExtendedData>
</Placemark>
<Placemark>
<name>JV0073</name>
<TimeStamp><when>2026-09-23T09:42:20Z</when></TimeStamp>
<styleUrl>#route</styleUrl>
<Point>
<coordinates>137.046430,34.581805,-0.001000</coordinates>
</Point>
<ExtendedData>
	<Data name="IconNumber">
		<value>901001</value>
	</Data>
</ExtendedData>
</Placemark>
<Placemark>
<name>JV0074</name>
<TimeStamp><when>2026-09-23T09:42:30Z</when></TimeStamp>
<styleUrl>#route</styleUrl>
<Point>
<coordinates>137.047868,34.582208,-0.001000</coordinates>
</Point>
<ExtendedData>
	<Data name="IconNumber">
		<value>901001</value>
	</Data>
</ExtendedData>
</Placemark>
<Placemark>
<name>JV0075</name>
<TimeStamp><when>2026-09-23T09:42:40Z</when></TimeStamp>
<styleUrl>#route</styleUrl>
<Point>
<coordinates>137.048029,34.582260,-0.001000</coordinates>
</Point>
<ExtendedData>
	<Data name="IconNumber">
		<value>901001</value>
	</Data>
</ExtendedData>
</Placemark>
<Placemark>
<name>JV0076</name>
<TimeStamp><when>2026-09-23T09:42:50Z</when></TimeStamp>
<styleUrl>#route</styleUrl>
<Point>
<coordinates>137.048297,34.582380,-0.001000</coordinates>
</Point>
<ExtendedData>
	<Data name="IconNumber">
		<value>901001</value>
	</Data>
</ExtendedData>
</Placemark>
<Placemark>
<name>JV0077</name>
<TimeStamp><when>2026-09-23T09:43:00Z</when></TimeStamp>
<styleUrl>#route</styleUrl>
<Point>
<coordinates>137.049005,34.582818,-0.001000</coordinates>
</Point>
<ExtendedData>
	<Data name="IconNumber">
		<value>901001</value>
	</Data>
</ExtendedData>
</Placemark>
<Placemark>
<name>JV0078</name>
<TimeStamp><when>2026-09-23T09:43:10Z</when></TimeStamp>
<styleUrl>#route</styleUrl>
<Point>
<coordinates>137.049305,34.583024,-0.001000</coordinates>
</Point>
<ExtendedData>
	<Data name="IconNumber">
		<value>901001</value>
	</Data>
</ExtendedData>
</Placemark>
<Placemark>
<name>JV0079</name>
<TimeStamp><when>2026-09-23T09:43:20Z</when></TimeStamp>
<styleUrl>#route</styleUrl>
<Point>
<coordinates>137.049477,34.583127,-0.001000</coordinates>
</Point>
<ExtendedData>
	<Data name="IconNumber">
		<value>901001</value>
	</Data>
</ExtendedData>
</Placemark>
<Placemark>
<name>JV0080</name>
<TimeStamp><when>2026-09-23T09:43:30Z</when></TimeStamp>
<styleUrl>#route</styleUrl>
<Point>
<coordinates>137.049820,34.583273,-0.001000</coordinates>
</Point>
<ExtendedData>
	<Data name="IconNumber">
		<value>901001</value>
	</Data>
</ExtendedData>
</Placemark>
<Placemark>
<name>JV0081</name>
<TimeStamp><when>2026-09-23T09:43:40Z</when></TimeStamp>
<styleUrl>#route</styleUrl>
<Point>
<coordinates>137.051065,34.583822,-0.001000</coordinates>
</Point>
<ExtendedData>
	<Data name="IconNumber">
		<value>901001</value>
	</Data>
</ExtendedData>
</Placemark>
<Placemark>
<name>JV0082</name>
<TimeStamp><when>2026-09-23T09:43:50Z</when></TimeStamp>
<styleUrl>#route</styleUrl>
<Point>
<coordinates>137.052052,34.584354,-0.001000</coordinates>
</Point>
<ExtendedData>
	<Data name="IconNumber">
		<value>901001</value>
	</Data>
</ExtendedData>
</Placemark>
<Placemark>
<name>JV0083</name>
<TimeStamp><when>2026-09-23T09:44:00Z</when></TimeStamp>
<styleUrl>#route</styleUrl>
<Point>
<coordinates>137.053028,34.584904,-0.001000</coordinates>
</Point>
<ExtendedData>
	<Data name="IconNumber">
		<value>901001</value>
	</Data>
</ExtendedData>
</Placemark>
<Placemark>
<name>JV0084</name>
<TimeStamp><when>2026-09-23T09:44:10Z</when></TimeStamp>
<styleUrl>#route</styleUrl>
<Point>
<coordinates>137.053189,34.584998,-0.001000</coordinates>
</Point>
<ExtendedData>
	<Data name="IconNumber">
		<value>901001</value>
	</Data>
</ExtendedData>
</Placemark>
<Placemark>
<name>JV0085</name>
<TimeStamp><when>2026-09-23T09:44:20Z</when></TimeStamp>
<styleUrl>#route</styleUrl>
<Point>
<coordinates>137.053318,34.585032,-0.001000</coordinates>
</Point>
<ExtendedData>
	<Data name="IconNumber">
		<value>901001</value>
	</Data>
</ExtendedData>
</Placemark>
<Placemark>
<name>JV0086</name>
<TimeStamp><when>2026-09-23T09:44:30Z</when></TimeStamp>
<styleUrl>#route</styleUrl>
<Point>
<coordinates>137.053500,34.585041,-0.001000</coordinates>
</Point>
<ExtendedData>
	<Data name="IconNumber">
		<value>901001</value>
	</Data>
</ExtendedData>
</Placemark>
<Placemark>
<name>JV0087</name>
<TimeStamp><when>2026-09-23T09:44:40Z</when></TimeStamp>
<styleUrl>#route</styleUrl>
<Point>
<coordinates>137.054638,34.584912,-0.001000</coordinates>
</Point>
<ExtendedData>
	<Data name="IconNumber">
		<value>901001</value>
	</Data>
</ExtendedData>
</Placemark>
<Placemark>
<name>JV0088</name>
<TimeStamp><when>2026-09-23T09:44:50Z</when></TimeStamp>
<styleUrl>#route</styleUrl>
<Point>
<coordinates>137.054863,34.584904,-0.001000</coordinates>
</Point>
<ExtendedData>
	<Data name="IconNumber">
		<value>901001</value>
	</Data>
</ExtendedData>
</Placemark>
<Placemark>
<name>JV0089</name>
<TimeStamp><when>2026-09-23T09:45:00Z</when></TimeStamp>
<styleUrl>#route</styleUrl>
<Point>
<coordinates>137.055163,34.584904,-0.001000</coordinates>
</Point>
<ExtendedData>
	<Data name="IconNumber">
		<value>901001</value>
	</Data>
</ExtendedData>
</Placemark>
<Placemark>
<name>JV0090</name>
<TimeStamp><when>2026-09-23T09:45:10Z</when></TimeStamp>
<styleUrl>#route</styleUrl>
<Point>
<coordinates>137.055882,34.584938,-0.001000</coordinates>
</Point>
<ExtendedData>
	<Data name="IconNumber">
		<value>901001</value>
	</Data>
</ExtendedData>
</Placemark>
<Placemark>
<name>JV0091</name>
<TimeStamp><when>2026-09-23T09:45:20Z</when></TimeStamp>
<styleUrl>#route</styleUrl>
<Point>
<coordinates>137.057427,34.585067,-0.001000</coordinates>
</Point>
<ExtendedData>
	<Data name="IconNumber">
		<value>901001</value>
	</Data>
</ExtendedData>
</Placemark>
<Placemark>
<name>JV0092</name>
<TimeStamp><when>2026-09-23T09:45:30Z</when></TimeStamp>
<styleUrl>#route</styleUrl>
<Point>
<coordinates>137.059326,34.585281,-0.001000</coordinates>
</Point>
<ExtendedData>
	<Data name="IconNumber">
		<value>901001</value>
	</Data>
</ExtendedData>
</Placemark>
<Placemark>
<name>JV0093</name>
<TimeStamp><when>2026-09-23T09:45:40Z</when></TimeStamp>
<styleUrl>#route</styleUrl>
<Point>
<coordinates>137.060249,34.585384,-0.001000</coordinates>
</Point>
<ExtendedData>
	<Data name="IconNumber">
		<value>901001</value>
	</Data>
</ExtendedData>
</Placemark>
<Placemark>
<name>JV0094</name>
<TimeStamp><when>2026-09-23T09:45:50Z</when></TimeStamp>
<styleUrl>#route</styleUrl>
<Point>
<coordinates>137.060624,34.585444,-0.001000</coordinates>
</Point>
<ExtendedData>
	<Data name="IconNumber">
		<value>901001</value>
	</Data>
</ExtendedData>
</Placemark>
<Placemark>
<name>JV0095</name>
<TimeStamp><when>2026-09-23T09:46:00Z</when></TimeStamp>
<styleUrl>#route</styleUrl>
<Point>
<coordinates>137.062362,34.585788,-0.001000</coordinates>
</Point>
<ExtendedData>
	<Data name="IconNumber">
		<value>901001</value>
	</Data>
</ExtendedData>
</Placemark>
<Placemark>
<name>JV0096</name>
<TimeStamp><when>2026-09-23T09:46:10Z</when></TimeStamp>
<styleUrl>#route</styleUrl>
<Point>
<coordinates>137.064787,34.586285,-0.001000</coordinates>
</Point>
<ExtendedData>
	<Data name="IconNumber">
		<value>901001</value>
	</Data>
</ExtendedData>
</Placemark>
<Placemark>
<name>JV0097</name>
<TimeStamp><when>2026-09-23T09:46:20Z</when></TimeStamp>
<styleUrl>#route</styleUrl>
<Point>
<coordinates>137.067255,34.586861,-0.001000</coordinates>
</Point>
<ExtendedData>
	<Data name="IconNumber">
		<value>901001</value>
	</Data>
</ExtendedData>
</Placemark>
<Placemark>
<name>JV0098</name>
<TimeStamp><when>2026-09-23T09:46:30Z</when></TimeStamp>
<styleUrl>#route</styleUrl>
<Point>
<coordinates>137.069358,34.587341,-0.001000</coordinates>
</Point>
<ExtendedData>
	<Data name="IconNumber">
		<value>901001</value>
	</Data>
</ExtendedData>
</Placemark>
<Placemark>
<name>JV0099</name>
<TimeStamp><when>2026-09-23T09:46:40Z</when></TimeStamp>
<styleUrl>#route</styleUrl>
<Point>
<coordinates>137.070323,34.587539,-0.001000</coordinates>
</Point>
<ExtendedData>
	<Data name="IconNumber">
		<value>901001</value>
	</Data>
</ExtendedData>
</Placemark>
<Placemark>
<name>JV0100</name>
<TimeStamp><when>2026-09-23T09:46:50Z</when></TimeStamp>
<styleUrl>#route</styleUrl>
<Point>
<coordinates>137.071310,34.587727,-0.001000</coordinates>
</Point>
<ExtendedData>
	<Data name="IconNumber">
		<value>901001</value>
	</Data>
</ExtendedData>
</Placemark>
<Placemark>
<name>JV0101</name>
<TimeStamp><when>2026-09-23T09:47:00Z</when></TimeStamp>
<styleUrl>#route</styleUrl>
<Point>
<coordinates>137.072651,34.587968,-0.001000</coordinates>
</Point>
<ExtendedData>
	<Data name="IconNumber">
		<value>901001</value>
	</Data>
</ExtendedData>
</Placemark>
<Placemark>
<name>JV0102</name>
<TimeStamp><when>2026-09-23T09:47:10Z</when></TimeStamp>
<styleUrl>#route</styleUrl>
<Point>
<coordinates>137.075870,34.588543,-0.001000</coordinates>
</Point>
<ExtendedData>
	<Data name="IconNumber">
		<value>901001</value>
	</Data>
</ExtendedData>
</Placemark>
<Placemark>
<name>JV0103</name>
<TimeStamp><when>2026-09-23T09:47:20Z</when></TimeStamp>
<styleUrl>#route</styleUrl>
<Point>
<coordinates>137.078853,34.589041,-0.001000</coordinates>
</Point>
<ExtendedData>
	<Data name="IconNumber">
		<value>901001</value>
	</Data>
</ExtendedData>
</Placemark>
<Placemark>
<name>JV0104</name>
<TimeStamp><when>2026-09-23T09:47:30Z</when></TimeStamp>
<styleUrl>#route</styleUrl>
<Point>
<coordinates>137.079797,34.589195,-0.001000</coordinates>
</Point>
<ExtendedData>
	<Data name="IconNumber">
		<value>901001</value>
	</Data>
</ExtendedData>
</Placemark>
<Placemark>
<name>JV0105</name>
<TimeStamp><when>2026-09-23T09:47:40Z</when></TimeStamp>
<styleUrl>#route</styleUrl>
<Point>
<coordinates>137.080762,34.589375,-0.001000</coordinates>
</Point>
<ExtendedData>
	<Data name="IconNumber">
		<value>901001</value>
	</Data>
</ExtendedData>
</Placemark>
<Placemark>
<name>JV0106</name>
<TimeStamp><when>2026-09-23T09:47:50Z</when></TimeStamp>
<styleUrl>#route</styleUrl>
<Point>
<coordinates>137.086019,34.590380,-0.001000</coordinates>
</Point>
<ExtendedData>
	<Data name="IconNumber">
		<value>901001</value>
	</Data>
</ExtendedData>
</Placemark>
<Placemark>
<name>JV0107</name>
<TimeStamp><when>2026-09-23T09:48:00Z</when></TimeStamp>
<styleUrl>#route</styleUrl>
<Point>
<coordinates>137.086899,34.590551,-0.001000</coordinates>
</Point>
<ExtendedData>
	<Data name="IconNumber">
		<value>901001</value>
	</Data>
</ExtendedData>
</Placemark>
<Placemark>
<name>JV0108</name>
<TimeStamp><when>2026-09-23T09:48:10Z</when></TimeStamp>
<styleUrl>#route</styleUrl>
<Point>
<coordinates>137.087296,34.590637,-0.001000</coordinates>
</Point>
<ExtendedData>
	<Data name="IconNumber">
		<value>901001</value>
	</Data>
</ExtendedData>
</Placemark>
<Placemark>
<name>JV0109</name>
<TimeStamp><when>2026-09-23T09:48:20Z</when></TimeStamp>
<styleUrl>#route</styleUrl>
<Point>
<coordinates>137.087661,34.590740,-0.001000</coordinates>
</Point>
<ExtendedData>
	<Data name="IconNumber">
		<value>901001</value>
	</Data>
</ExtendedData>
</Placemark>
<Placemark>
<name>JV0110</name>
<TimeStamp><when>2026-09-23T09:48:30Z</when></TimeStamp>
<styleUrl>#route</styleUrl>
<Point>
<coordinates>137.087994,34.590860,-0.001000</coordinates>
</Point>
<ExtendedData>
	<Data name="IconNumber">
		<value>901001</value>
	</Data>
</ExtendedData>
</Placemark>
<Placemark>
<name>JV0111</name>
<TimeStamp><when>2026-09-23T09:48:40Z</when></TimeStamp>
<styleUrl>#route</styleUrl>
<Point>
<coordinates>137.088734,34.591169,-0.001000</coordinates>
</Point>
<ExtendedData>
	<Data name="IconNumber">
		<value>901001</value>
	</Data>
</ExtendedData>
</Placemark>
<Placemark>
<name>JV0112</name>
<TimeStamp><when>2026-09-23T09:48:50Z</when></TimeStamp>
<styleUrl>#route</styleUrl>
<Point>
<coordinates>137.091062,34.592122,-0.001000</coordinates>
</Point>
<ExtendedData>
	<Data name="IconNumber">
		<value>901001</value>
	</Data>
</ExtendedData>
</Placemark>
<Placemark>
<name>JV0113</name>
<TimeStamp><when>2026-09-23T09:49:00Z</when></TimeStamp>
<styleUrl>#route</styleUrl>
<Point>
<coordinates>137.092124,34.592551,-0.001000</coordinates>
</Point>
<ExtendedData>
	<Data name="IconNumber">
		<value>901001</value>
	</Data>
</ExtendedData>
</Placemark>
<Placemark>
<name>JV0114</name>
<TimeStamp><when>2026-09-23T09:49:10Z</when></TimeStamp>
<styleUrl>#route</styleUrl>
<Point>
<coordinates>137.092854,34.592851,-0.001000</coordinates>
</Point>
<ExtendedData>
	<Data name="IconNumber">
		<value>901001</value>
	</Data>
</ExtendedData>
</Placemark>
<Placemark>
<name>JV0115</name>
<TimeStamp><when>2026-09-23T09:49:20Z</when></TimeStamp>
<styleUrl>#route</styleUrl>
<Point>
<coordinates>137.093111,34.592929,-0.001000</coordinates>
</Point>
<ExtendedData>
	<Data name="IconNumber">
		<value>901001</value>
	</Data>
</ExtendedData>
</Placemark>
<Placemark>
<name>JV0116</name>
<TimeStamp><when>2026-09-23T09:49:30Z</when></TimeStamp>
<styleUrl>#route</styleUrl>
<Point>
<coordinates>137.093326,34.592963,-0.001000</coordinates>
</Point>
<ExtendedData>
	<Data name="IconNumber">
		<value>901001</value>
	</Data>
</ExtendedData>
</Placemark>
<Placemark>
<name>JV0117</name>
<TimeStamp><when>2026-09-23T09:49:40Z</when></TimeStamp>
<styleUrl>#route</styleUrl>
<Point>
<coordinates>137.093551,34.592963,-0.001000</coordinates>
</Point>
<ExtendedData>
	<Data name="IconNumber">
		<value>901001</value>
	</Data>
</ExtendedData>
</Placemark>
<Placemark>
<name>JV0118</name>
<TimeStamp><when>2026-09-23T09:49:50Z</when></TimeStamp>
<styleUrl>#route</styleUrl>
<Point>
<coordinates>137.094098,34.592954,-0.001000</coordinates>
</Point>
<ExtendedData>
	<Data name="IconNumber">
		<value>901001</value>
	</Data>
</ExtendedData>
</Placemark>
<Placemark>
<name>JV0119</name>
<TimeStamp><when>2026-09-23T09:50:00Z</when></TimeStamp>
<styleUrl>#route</styleUrl>
<Point>
<coordinates>137.094452,34.592937,-0.001000</coordinates>
</Point>
<ExtendedData>
	<Data name="IconNumber">
		<value>901001</value>
	</Data>
</ExtendedData>
</Placemark>
<Placemark>
<name>JV0120</name>
<TimeStamp><when>2026-09-23T09:50:10Z</when></TimeStamp>
<styleUrl>#route</styleUrl>
<Point>
<coordinates>137.094656,34.592912,-0.001000</coordinates>
</Point>
<ExtendedData>
	<Data name="IconNumber">
		<value>901001</value>
	</Data>
</ExtendedData>
</Placemark>
<Placemark>
<name>JV0121</name>
<TimeStamp><when>2026-09-23T09:50:20Z</when></TimeStamp>
<styleUrl>#route</styleUrl>
<Point>
<coordinates>137.094999,34.592851,-0.001000</coordinates>
</Point>
<ExtendedData>
	<Data name="IconNumber">
		<value>901001</value>
	</Data>
</ExtendedData>
</Placemark>
<Placemark>
<name>JV0122</name>
<TimeStamp><when>2026-09-23T09:50:30Z</when></TimeStamp>
<styleUrl>#route</styleUrl>
<Point>
<coordinates>137.095343,34.592766,-0.001000</coordinates>
</Point>
<ExtendedData>
	<Data name="IconNumber">
		<value>901001</value>
	</Data>
</ExtendedData>
</Placemark>
<Placemark>
<name>JV0123</name>
<TimeStamp><when>2026-09-23T09:50:40Z</when></TimeStamp>
<styleUrl>#route</styleUrl>
<Point>
<coordinates>137.095686,34.592654,-0.001000</coordinates>
</Point>
<ExtendedData>
	<Data name="IconNumber">
		<value>901001</value>
	</Data>
</ExtendedData>
</Placemark>
<Placemark>
<name>JV0124</name>
<TimeStamp><when>2026-09-23T09:50:50Z</when></TimeStamp>
<styleUrl>#route</styleUrl>
<Point>
<coordinates>137.096341,34.592457,-0.001000</coordinates>
</Point>
<ExtendedData>
	<Data name="IconNumber">
		<value>901001</value>
	</Data>
</ExtendedData>
</Placemark>
<Placemark>
<name>JV0125</name>
<TimeStamp><when>2026-09-23T09:51:00Z</when></TimeStamp>
<styleUrl>#route</styleUrl>
<Point>
<coordinates>137.096834,34.592388,-0.001000</coordinates>
</Point>
<ExtendedData>
	<Data name="IconNumber">
		<value>901001</value>
	</Data>
</ExtendedData>
</Placemark>
<Placemark>
<name>JV0126</name>
<TimeStamp><when>2026-09-23T09:51:10Z</when></TimeStamp>
<styleUrl>#route</styleUrl>
<Point>
<coordinates>137.097682,34.592294,-0.001000</coordinates>
</Point>
<ExtendedData>
	<Data name="IconNumber">
		<value>901001</value>
	</Data>
</ExtendedData>
</Placemark>
<Placemark>
<name>JV0127</name>
<TimeStamp><when>2026-09-23T09:51:20Z</when></TimeStamp>
<styleUrl>#route</styleUrl>
<Point>
<coordinates>137.098519,34.592199,-0.001000</coordinates>
</Point>
<ExtendedData>
	<Data name="IconNumber">
		<value>901001</value>
	</Data>
</ExtendedData>
</Placemark>
<Placemark>
<name>JV0128</name>
<TimeStamp><when>2026-09-23T09:51:30Z</when></TimeStamp>
<styleUrl>#route</styleUrl>
<Point>
<coordinates>137.099398,34.592096,-0.001000</coordinates>
</Point>
<ExtendedData>
	<Data name="IconNumber">
		<value>901001</value>
	</Data>
</ExtendedData>
</Placemark>
<Placemark>
<name>JV0129</name>
<TimeStamp><when>2026-09-23T09:51:40Z</when></TimeStamp>
<styleUrl>#route</styleUrl>
<Point>
<coordinates>137.101061,34.591864,-0.001000</coordinates>
</Point>
<ExtendedData>
	<Data name="IconNumber">
		<value>901001</value>
	</Data>
</ExtendedData>
</Placemark>
<Placemark>
<name>JV0130</name>
<TimeStamp><when>2026-09-23T09:51:50Z</when></TimeStamp>
<styleUrl>#route</styleUrl>
<Point>
<coordinates>137.101705,34.591770,-0.001000</coordinates>
</Point>
<ExtendedData>
	<Data name="IconNumber">
		<value>901001</value>
	</Data>
</ExtendedData>
</Placemark>
<Placemark>
<name>JV0131</name>
<TimeStamp><when>2026-09-23T09:52:00Z</when></TimeStamp>
<styleUrl>#route</styleUrl>
<Point>
<coordinates>137.102070,34.591667,-0.001000</coordinates>
</Point>
<ExtendedData>
	<Data name="IconNumber">
		<value>901001</value>
	</Data>
</ExtendedData>
</Placemark>
<Placemark>
<name>JV0132</name>
<TimeStamp><when>2026-09-23T09:52:10Z</when></TimeStamp>
<styleUrl>#route</styleUrl>
<Point>
<coordinates>137.103840,34.591092,-0.001000</coordinates>
</Point>
<ExtendedData>
	<Data name="IconNumber">
		<value>901001</value>
	</Data>
</ExtendedData>
</Placemark>
<Placemark>
<name>JV0133</name>
<TimeStamp><when>2026-09-23T09:52:20Z</when></TimeStamp>
<styleUrl>#route</styleUrl>
<Point>
<coordinates>137.105042,34.590723,-0.001000</coordinates>
</Point>
<ExtendedData>
	<Data name="IconNumber">
		<value>901001</value>
	</Data>
</ExtendedData>
</Placemark>
<Placemark>
<name>JV0134</name>
<TimeStamp><when>2026-09-23T09:52:30Z</when></TimeStamp>
<styleUrl>#route</styleUrl>
<Point>
<coordinates>137.105975,34.590414,-0.001000</coordinates>
</Point>
<ExtendedData>
	<Data name="IconNumber">
		<value>901001</value>
	</Data>
</ExtendedData>
</Placemark>
<Placemark>
<name>JV0135</name>
<TimeStamp><when>2026-09-23T09:52:40Z</when></TimeStamp>
<styleUrl>#route</styleUrl>
<Point>
<coordinates>137.106490,34.590259,-0.001000</coordinates>
</Point>
<ExtendedData>
	<Data name="IconNumber">
		<value>901001</value>
	</Data>
</ExtendedData>
</Placemark>
<Placemark>
<name>JV0136</name>
<TimeStamp><when>2026-09-23T09:52:50Z</when></TimeStamp>
<styleUrl>#route</styleUrl>
<Point>
<coordinates>137.106855,34.590174,-0.001000</coordinates>
</Point>
<ExtendedData>
	<Data name="IconNumber">
		<value>901001</value>
	</Data>
</ExtendedData>
</Placemark>
<Placemark>
<name>JV0137</name>
<TimeStamp><when>2026-09-23T09:53:00Z</when></TimeStamp>
<styleUrl>#route</styleUrl>
<Point>
<coordinates>137.107284,34.590088,-0.001000</coordinates>
</Point>
<ExtendedData>
	<Data name="IconNumber">
		<value>901001</value>
	</Data>
</ExtendedData>
</Placemark>
<Placemark>
<name>JV0138</name>
<TimeStamp><when>2026-09-23T09:53:10Z</when></TimeStamp>
<styleUrl>#route</styleUrl>
<Point>
<coordinates>137.107499,34.590053,-0.001000</coordinates>
</Point>
<ExtendedData>
	<Data name="IconNumber">
		<value>901001</value>
	</Data>
</ExtendedData>
</Placemark>
<Placemark>
<name>JV0139</name>
<TimeStamp><when>2026-09-23T09:53:20Z</when></TimeStamp>
<styleUrl>#route</styleUrl>
<Point>
<coordinates>137.108346,34.589985,-0.001000</coordinates>
</Point>
<ExtendedData>
	<Data name="IconNumber">
		<value>901001</value>
	</Data>
</ExtendedData>
</Placemark>
<Placemark>
<name>JV0140</name>
<TimeStamp><when>2026-09-23T09:53:30Z</when></TimeStamp>
<styleUrl>#route</styleUrl>
<Point>
<coordinates>137.108711,34.589959,-0.001000</coordinates>
</Point>
<ExtendedData>
	<Data name="IconNumber">
		<value>901001</value>
	</Data>
</ExtendedData>
</Placemark>
<Placemark>
<name>JV0141</name>
<TimeStamp><when>2026-09-23T09:53:40Z</when></TimeStamp>
<styleUrl>#route</styleUrl>
<Point>
<coordinates>137.108990,34.589950,-0.001000</coordinates>
</Point>
<ExtendedData>
	<Data name="IconNumber">
		<value>901001</value>
	</Data>
</ExtendedData>
</Placemark>
<Placemark>
<name>JV0142</name>
<TimeStamp><when>2026-09-23T09:53:50Z</when></TimeStamp>
<styleUrl>#route</styleUrl>
<Point>
<coordinates>137.109215,34.589968,-0.001000</coordinates>
</Point>
<ExtendedData>
	<Data name="IconNumber">
		<value>901001</value>
	</Data>
</ExtendedData>
</Placemark>
<Placemark>
<name>JV0143</name>
<TimeStamp><when>2026-09-23T09:54:00Z</when></TimeStamp>
<styleUrl>#route</styleUrl>
<Point>
<coordinates>137.109537,34.590002,-0.001000</coordinates>
</Point>
<ExtendedData>
	<Data name="IconNumber">
		<value>901001</value>
	</Data>
</ExtendedData>
</Placemark>
<Placemark>
<name>JV0144</name>
<TimeStamp><when>2026-09-23T09:54:10Z</when></TimeStamp>
<styleUrl>#route</styleUrl>
<Point>
<coordinates>137.109762,34.590053,-0.001000</coordinates>
</Point>
<ExtendedData>
	<Data name="IconNumber">
		<value>901001</value>
	</Data>
</ExtendedData>
</Placemark>
<Placemark>
<name>JV0145</name>
<TimeStamp><when>2026-09-23T09:54:20Z</when></TimeStamp>
<styleUrl>#route</styleUrl>
<Point>
<coordinates>137.110374,34.590225,-0.001000</coordinates>
</Point>
<ExtendedData>
	<Data name="IconNumber">
		<value>901001</value>
	</Data>
</ExtendedData>
</Placemark>
<Placemark>
<name>JV0146</name>
<TimeStamp><when>2026-09-23T09:54:30Z</when></TimeStamp>
<styleUrl>#route</styleUrl>
<Point>
<coordinates>137.111533,34.590628,-0.001000</coordinates>
</Point>
<ExtendedData>
	<Data name="IconNumber">
		<value>901001</value>
	</Data>
</ExtendedData>
</Placemark>
<Placemark>
<name>JV0147</name>
<TimeStamp><when>2026-09-23T09:54:40Z</when></TimeStamp>
<styleUrl>#route</styleUrl>
<Point>
<coordinates>137.111812,34.590766,-0.001000</coordinates>
</Point>
<ExtendedData>
	<Data name="IconNumber">
		<value>901001</value>
	</Data>
</ExtendedData>
</Placemark>
<Placemark>
<name>JV0148</name>
<TimeStamp><when>2026-09-23T09:54:50Z</when></TimeStamp>
<styleUrl>#route</styleUrl>
<Point>
<coordinates>137.112241,34.590989,-0.001000</coordinates>
</Point>
<ExtendedData>
	<Data name="IconNumber">
		<value>901001</value>
	</Data>
</ExtendedData>
</Placemark>
<Placemark>
<name>JV0149</name>
<TimeStamp><when>2026-09-23T09:55:00Z</when></TimeStamp>
<styleUrl>#route</styleUrl>
<Point>
<coordinates>137.113153,34.591461,-0.001000</coordinates>
</Point>
<ExtendedData>
	<Data name="IconNumber">
		<value>901001</value>
	</Data>
</ExtendedData>
</Placemark>
<Placemark>
<name>JV0150</name>
<TimeStamp><when>2026-09-23T09:55:10Z</when></TimeStamp>
<styleUrl>#route</styleUrl>
<Point>
<coordinates>137.113893,34.591839,-0.001000</coordinates>
</Point>
<ExtendedData>
	<Data name="IconNumber">
		<value>901001</value>
	</Data>
</ExtendedData>
</Placemark>
<Placemark>
<name>JV0151</name>
<TimeStamp><when>2026-09-23T09:55:20Z</when></TimeStamp>
<styleUrl>#route</styleUrl>
<Point>
<coordinates>137.114236,34.592002,-0.001000</coordinates>
</Point>
<ExtendedData>
	<Data name="IconNumber">
		<value>901001</value>
	</Data>
</ExtendedData>
</Placemark>
<Placemark>
<name>JV0152</name>
<TimeStamp><when>2026-09-23T09:55:30Z</when></TimeStamp>
<styleUrl>#route</styleUrl>
<Point>
<coordinates>137.114462,34.592079,-0.001000</coordinates>
</Point>
<ExtendedData>
	<Data name="IconNumber">
		<value>901001</value>
	</Data>
</ExtendedData>
</Placemark>
<Placemark>
<name>JV0153</name>
<TimeStamp><when>2026-09-23T09:55:40Z</when></TimeStamp>
<styleUrl>#route</styleUrl>
<Point>
<coordinates>137.114676,34.592131,-0.001000</coordinates>
</Point>
<ExtendedData>
	<Data name="IconNumber">
		<value>901001</value>
	</Data>
</ExtendedData>
</Placemark>
<Placemark>
<name>JV0154</name>
<TimeStamp><when>2026-09-23T09:55:50Z</when></TimeStamp>
<styleUrl>#route</styleUrl>
<Point>
<coordinates>137.114901,34.592182,-0.001000</coordinates>
</Point>
<ExtendedData>
	<Data name="IconNumber">
		<value>901001</value>
	</Data>
</ExtendedData>
</Placemark>
<Placemark>
<name>JV0155</name>
<TimeStamp><when>2026-09-23T09:56:00Z</when></TimeStamp>
<styleUrl>#route</styleUrl>
<Point>
<coordinates>137.115309,34.592234,-0.001000</coordinates>
</Point>
<ExtendedData>
	<Data name="IconNumber">
		<value>901001</value>
	</Data>
</ExtendedData>
</Placemark>
<Placemark>
<name>JV0156</name>
<TimeStamp><when>2026-09-23T09:56:10Z</when></TimeStamp>
<styleUrl>#route</styleUrl>
<Point>
<coordinates>137.115588,34.592242,-0.001000</coordinates>
</Point>
<ExtendedData>
	<Data name="IconNumber">
		<value>901001</value>
	</Data>
</ExtendedData>
</Placemark>
<Placemark>
<name>JV0157</name>
<TimeStamp><when>2026-09-23T09:56:20Z</when></TimeStamp>
<styleUrl>#route</styleUrl>
<Point>
<coordinates>137.116039,34.592225,-0.001000</coordinates>
</Point>
<ExtendedData>
	<Data name="IconNumber">
		<value>901001</value>
	</Data>
</ExtendedData>
</Placemark>
<Placemark>
<name>JV0158</name>
<TimeStamp><when>2026-09-23T09:56:30Z</when></TimeStamp>
<styleUrl>#route</styleUrl>
<Point>
<coordinates>137.121419,34.591740,-0.001000</coordinates>
</Point>
<ExtendedData>
	<Data name="IconNumber">
		<value>901001</value>
	</Data>
</ExtendedData>
</Placemark>
<Placemark>
<name>JV0159</name>
<TimeStamp><when>2026-09-23T09:56:40Z</when></TimeStamp>
<styleUrl>#route</styleUrl>
<Point>
<coordinates>137.122932,34.591641,-0.001000</coordinates>
</Point>
<ExtendedData>
	<Data name="IconNumber">
		<value>901001</value>
	</Data>
</ExtendedData>
</Placemark>
<Placemark>
<name>JV0160</name>
<TimeStamp><when>2026-09-23T09:56:50Z</when></TimeStamp>
<styleUrl>#route</styleUrl>
<Point>
<coordinates>137.124091,34.591568,-0.001000</coordinates>
</Point>
<ExtendedData>
	<Data name="IconNumber">
		<value>901001</value>
	</Data>
</ExtendedData>
</Placemark>
<Placemark>
<name>JV0161</name>
<TimeStamp><when>2026-09-23T09:57:00Z</when></TimeStamp>
<styleUrl>#route</styleUrl>
<Point>
<coordinates>137.124997,34.591517,-0.001000</coordinates>
</Point>
<ExtendedData>
	<Data name="IconNumber">
		<value>901001</value>
	</Data>
</ExtendedData>
</Placemark>
<Placemark>
<name>JV0162</name>
<TimeStamp><when>2026-09-23T09:57:10Z</when></TimeStamp>
<styleUrl>#route</styleUrl>
<Point>
<coordinates>137.125459,34.591504,-0.001000</coordinates>
</Point>
<ExtendedData>
	<Data name="IconNumber">
		<value>901001</value>
	</Data>
</ExtendedData>
</Placemark>
<Placemark>
<name>JV0163</name>
<TimeStamp><when>2026-09-23T09:57:20Z</when></TimeStamp>
<styleUrl>#route</styleUrl>
<Point>
<coordinates>137.127132,34.591504,-0.001000</coordinates>
</Point>
<ExtendedData>
	<Data name="IconNumber">
		<value>901001</value>
	</Data>
</ExtendedData>
</Placemark>
<Placemark>
<name>JV0164</name>
<TimeStamp><when>2026-09-23T09:57:30Z</when></TimeStamp>
<styleUrl>#route</styleUrl>
<Point>
<coordinates>137.128495,34.591470,-0.001000</coordinates>
</Point>
<ExtendedData>
	<Data name="IconNumber">
		<value>901001</value>
	</Data>
</ExtendedData>
</Placemark>
<Placemark>
<name>JV0165</name>
<TimeStamp><when>2026-09-23T09:57:40Z</when></TimeStamp>
<styleUrl>#route</styleUrl>
<Point>
<coordinates>137.129922,34.591470,-0.001000</coordinates>
</Point>
<ExtendedData>
	<Data name="IconNumber">
		<value>901001</value>
	</Data>
</ExtendedData>
</Placemark>
<Placemark>
<name>JV0166</name>
<TimeStamp><when>2026-09-23T09:57:50Z</when></TimeStamp>
<styleUrl>#route</styleUrl>
<Point>
<coordinates>137.130297,34.591444,-0.001000</coordinates>
</Point>
<ExtendedData>
	<Data name="IconNumber">
		<value>901001</value>
	</Data>
</ExtendedData>
</Placemark>
<Placemark>
<name>JV0167</name>
<TimeStamp><when>2026-09-23T09:58:00Z</when></TimeStamp>
<styleUrl>#route</styleUrl>
<Point>
<coordinates>137.131735,34.591195,-0.001000</coordinates>
</Point>
<ExtendedData>
	<Data name="IconNumber">
		<value>901001</value>
	</Data>
</ExtendedData>
</Placemark>
<Placemark>
<name>JV0168</name>
<TimeStamp><when>2026-09-23T09:58:10Z</when></TimeStamp>
<styleUrl>#route</styleUrl>
<Point>
<coordinates>137.132014,34.591152,-0.001000</coordinates>
</Point>
<ExtendedData>
	<Data name="IconNumber">
		<value>901001</value>
	</Data>
</ExtendedData>
</Placemark>
<Placemark>
<name>JV0169</name>
<TimeStamp><when>2026-09-23T09:58:20Z</when></TimeStamp>
<styleUrl>#route</styleUrl>
<Point>
<coordinates>137.132389,34.591126,-0.001000</coordinates>
</Point>
<ExtendedData>
	<Data name="IconNumber">
		<value>901001</value>
	</Data>
</ExtendedData>
</Placemark>
<Placemark>
<name>JV0170</name>
<TimeStamp><when>2026-09-23T09:58:30Z</when></TimeStamp>
<styleUrl>#route</styleUrl>
<Point>
<coordinates>137.132668,34.591126,-0.001000</coordinates>
</Point>
<ExtendedData>
	<Data name="IconNumber">
		<value>901001</value>
	</Data>
</ExtendedData>
</Placemark>
<Placemark>
<name>JV0171</name>
<TimeStamp><when>2026-09-23T09:58:40Z</when></TimeStamp>
<styleUrl>#route</styleUrl>
<Point>
<coordinates>137.133108,34.591161,-0.001000</coordinates>
</Point>
<ExtendedData>
	<Data name="IconNumber">
		<value>901001</value>
	</Data>
</ExtendedData>
</Placemark>
<Placemark>
<name>JV0172</name>
<TimeStamp><when>2026-09-23T09:58:50Z</when></TimeStamp>
<styleUrl>#route</styleUrl>
<Point>
<coordinates>137.133441,34.591195,-0.001000</coordinates>
</Point>
<ExtendedData>
	<Data name="IconNumber">
		<value>901001</value>
	</Data>
</ExtendedData>
</Placemark>
<Placemark>
<name>JV0173</name>
<TimeStamp><when>2026-09-23T09:59:00Z</when></TimeStamp>
<styleUrl>#route</styleUrl>
<Point>
<coordinates>137.133757,34.591246,-0.001000</coordinates>
</Point>
<ExtendedData>
	<Data name="IconNumber">
		<value>901001</value>
	</Data>
</ExtendedData>
</Placemark>
<Placemark>
<name>JV0174</name>
<TimeStamp><when>2026-09-23T09:59:10Z</when></TimeStamp>
<styleUrl>#route</styleUrl>
<Point>
<coordinates>137.134111,34.591332,-0.001000</coordinates>
</Point>
<ExtendedData>
	<Data name="IconNumber">
		<value>901001</value>
	</Data>
</ExtendedData>
</Placemark>
<Placemark>
<name>JV0175</name>
<TimeStamp><when>2026-09-23T09:59:20Z</when></TimeStamp>
<styleUrl>#route</styleUrl>
<Point>
<coordinates>137.134583,34.591487,-0.001000</coordinates>
</Point>
<ExtendedData>
	<Data name="IconNumber">
		<value>901001</value>
	</Data>
</ExtendedData>
</Placemark>
<Placemark>
<name>JV0176</name>
<TimeStamp><when>2026-09-23T09:59:30Z</when></TimeStamp>
<styleUrl>#route</styleUrl>
<Point>
<coordinates>137.135174,34.591710,-0.001000</coordinates>
</Point>
<ExtendedData>
	<Data name="IconNumber">
		<value>901001</value>
	</Data>
</ExtendedData>
</Placemark>
<Placemark>
<name>JV0177</name>
<TimeStamp><when>2026-09-23T09:59:40Z</when></TimeStamp>
<styleUrl>#route</styleUrl>
<Point>
<coordinates>137.135388,34.591779,-0.001000</coordinates>
</Point>
<ExtendedData>
	<Data name="IconNumber">
		<value>901001</value>
	</Data>
</ExtendedData>
</Placemark>
<Placemark>
<name>JV0178</name>
<TimeStamp><when>2026-09-23T09:59:50Z</when></TimeStamp>
<styleUrl>#route</styleUrl>
<Point>
<coordinates>137.135624,34.591847,-0.001000</coordinates>
</Point>
<ExtendedData>
	<Data name="IconNumber">
		<value>901001</value>
	</Data>
</ExtendedData>
</Placemark>
<Placemark>
<name>JV0179</name>
<TimeStamp><when>2026-09-23T10:00:00Z</when></TimeStamp>
<styleUrl>#route</styleUrl>
<Point>
<coordinates>137.135946,34.591899,-0.001000</coordinates>
</Point>
<ExtendedData>
	<Data name="IconNumber">
		<value>901001</value>
	</Data>
</ExtendedData>
</Placemark>
<Placemark>
<name>JV0180</name>
<TimeStamp><when>2026-09-23T10:00:10Z</when></TimeStamp>
<styleUrl>#route</styleUrl>
<Point>
<coordinates>137.136847,34.591950,-0.001000</coordinates>
</Point>
<ExtendedData>
	<Data name="IconNumber">
		<value>901001</value>
	</Data>
</ExtendedData>
</Placemark>
<Placemark>
<name>JV0181</name>
<TimeStamp><when>2026-09-23T10:00:20Z</when></TimeStamp>
<styleUrl>#route</styleUrl>
<Point>
<coordinates>137.137620,34.591959,-0.001000</coordinates>
</Point>
<ExtendedData>
	<Data name="IconNumber">
		<value>901001</value>
	</Data>
</ExtendedData>
</Placemark>
<Placemark>
<name>JV0182</name>
<TimeStamp><when>2026-09-23T10:00:30Z</when></TimeStamp>
<styleUrl>#route</styleUrl>
<Point>
<coordinates>137.138660,34.591925,-0.001000</coordinates>
</Point>
<ExtendedData>
	<Data name="IconNumber">
		<value>901001</value>
	</Data>
</ExtendedData>
</Placemark>
<Placemark>
<name>JV0183</name>
<TimeStamp><when>2026-09-23T10:00:40Z</when></TimeStamp>
<styleUrl>#route</styleUrl>
<Point>
<coordinates>137.138875,34.591916,-0.001000</coordinates>
</Point>
<ExtendedData>
	<Data name="IconNumber">
		<value>901001</value>
	</Data>
</ExtendedData>
</Placemark>
<Placemark>
<name>JV0184</name>
<TimeStamp><when>2026-09-23T10:00:50Z</when></TimeStamp>
<styleUrl>#route</styleUrl>
<Point>
<coordinates>137.139508,34.591942,-0.001000</coordinates>
</Point>
<ExtendedData>
	<Data name="IconNumber">
		<value>901001</value>
	</Data>
</ExtendedData>
</Placemark>
<Placemark>
<name>JV0185</name>
<TimeStamp><when>2026-09-23T10:01:00Z</when></TimeStamp>
<styleUrl>#route</styleUrl>
<Point>
<coordinates>137.139873,34.591985,-0.001000</coordinates>
</Point>
<ExtendedData>
	<Data name="IconNumber">
		<value>901001</value>
	</Data>
</ExtendedData>
</Placemark>
<Placemark>
<name>JV0186</name>
<TimeStamp><when>2026-09-23T10:01:10Z</when></TimeStamp>
<styleUrl>#route</styleUrl>
<Point>
<coordinates>137.140946,34.592148,-0.001000</coordinates>
</Point>
<ExtendedData>
	<Data name="IconNumber">
		<value>901001</value>
	</Data>
</ExtendedData>
</Placemark>
<Placemark>
<name>JV0187</name>
<TimeStamp><when>2026-09-23T10:01:20Z</when></TimeStamp>
<styleUrl>#route</styleUrl>
<Point>
<coordinates>137.144797,34.592663,-0.001000</coordinates>
</Point>
<ExtendedData>
	<Data name="IconNumber">
		<value>901001</value>
	</Data>
</ExtendedData>
</Placemark>
<Placemark>
<name>JV0188</name>
<TimeStamp><when>2026-09-23T10:01:30Z</when></TimeStamp>
<styleUrl>#route</styleUrl>
<Point>
<coordinates>137.145044,34.592706,-0.001000</coordinates>
</Point>
<ExtendedData>
	<Data name="IconNumber">
		<value>901001</value>
	</Data>
</ExtendedData>
</Placemark>
<Placemark>
<name>JV0189</name>
<TimeStamp><when>2026-09-23T10:01:40Z</when></TimeStamp>
<styleUrl>#route</styleUrl>
<Point>
<coordinates>137.146718,34.593135,-0.001000</coordinates>
</Point>
<ExtendedData>
	<Data name="IconNumber">
		<value>901001</value>
	</Data>
</ExtendedData>
</Placemark>
<Placemark>
<name>JV0190</name>
<TimeStamp><when>2026-09-23T10:01:50Z</when></TimeStamp>
<styleUrl>#route</styleUrl>
<Point>
<coordinates>137.147297,34.593263,-0.001000</coordinates>
</Point>
<ExtendedData>
	<Data name="IconNumber">
		<value>901001</value>
	</Data>
</ExtendedData>
</Placemark>
<Placemark>
<name>JV0191</name>
<TimeStamp><when>2026-09-23T10:02:00Z</when></TimeStamp>
<styleUrl>#route</styleUrl>
<Point>
<coordinates>137.147555,34.593315,-0.001000</coordinates>
</Point>
<ExtendedData>
	<Data name="IconNumber">
		<value>901001</value>
	</Data>
</ExtendedData>
</Placemark>
<Placemark>
<name>JV0192</name>
<TimeStamp><when>2026-09-23T10:02:10Z</when></TimeStamp>
<styleUrl>#route</styleUrl>
<Point>
<coordinates>137.149969,34.593684,-0.001000</coordinates>
</Point>
<ExtendedData>
	<Data name="IconNumber">
		<value>901001</value>
	</Data>
</ExtendedData>
</Placemark>
<Placemark>
<name>JV0193</name>
<TimeStamp><when>2026-09-23T10:02:20Z</when></TimeStamp>
<styleUrl>#route</styleUrl>
<Point>
<coordinates>137.152114,34.594002,-0.001000</coordinates>
</Point>
<ExtendedData>
	<Data name="IconNumber">
		<value>901001</value>
	</Data>
</ExtendedData>
</Placemark>
<Placemark>
<name>JV0194</name>
<TimeStamp><when>2026-09-23T10:02:30Z</when></TimeStamp>
<styleUrl>#route</styleUrl>
<Point>
<coordinates>137.152426,34.594070,-0.001000</coordinates>
</Point>
<ExtendedData>
	<Data name="IconNumber">
		<value>901001</value>
	</Data>
</ExtendedData>
</Placemark>
<Placemark>
<name>JV0195</name>
<TimeStamp><when>2026-09-23T10:02:40Z</when></TimeStamp>
<styleUrl>#route</styleUrl>
<Point>
<coordinates>137.152855,34.594190,-0.001000</coordinates>
</Point>
<ExtendedData>
	<Data name="IconNumber">
		<value>901001</value>
	</Data>
</ExtendedData>
</Placemark>
<Placemark>
<name>JV0196</name>
<TimeStamp><when>2026-09-23T10:02:50Z</when></TimeStamp>
<styleUrl>#route</styleUrl>
<Point>
<coordinates>137.153284,34.594319,-0.001000</coordinates>
</Point>
<ExtendedData>
	<Data name="IconNumber">
		<value>901001</value>
	</Data>
</ExtendedData>
</Placemark>
<Placemark>
<name>JV0197</name>
<TimeStamp><when>2026-09-23T10:03:00Z</when></TimeStamp>
<styleUrl>#route</styleUrl>
<Point>
<coordinates>137.153616,34.594457,-0.001000</coordinates>
</Point>
<ExtendedData>
	<Data name="IconNumber">
		<value>901001</value>
	</Data>
</ExtendedData>
</Placemark>
<Placemark>
<name>JV0198</name>
<TimeStamp><when>2026-09-23T10:03:10Z</when></TimeStamp>
<styleUrl>#route</styleUrl>
<Point>
<coordinates>137.153831,34.594560,-0.001000</coordinates>
</Point>
<ExtendedData>
	<Data name="IconNumber">
		<value>901001</value>
	</Data>
</ExtendedData>
</Placemark>
<Placemark>
<name>JV0199</name>
<TimeStamp><when>2026-09-23T10:03:20Z</when></TimeStamp>
<styleUrl>#route</styleUrl>
<Point>
<coordinates>137.154475,34.594903,-0.001000</coordinates>
</Point>
<ExtendedData>
	<Data name="IconNumber">
		<value>901001</value>
	</Data>
</ExtendedData>
</Placemark>
<Placemark>
<name>JV0200</name>
<TimeStamp><when>2026-09-23T10:03:30Z</when></TimeStamp>
<styleUrl>#route</styleUrl>
<Point>
<coordinates>137.154807,34.595117,-0.001000</coordinates>
</Point>
<ExtendedData>
	<Data name="IconNumber">
		<value>901001</value>
	</Data>
</ExtendedData>
</Placemark>
<Placemark>
<name>JV0201</name>
<TimeStamp><when>2026-09-23T10:03:40Z</when></TimeStamp>
<styleUrl>#route</styleUrl>
<Point>
<coordinates>137.155022,34.595263,-0.001000</coordinates>
</Point>
<ExtendedData>
	<Data name="IconNumber">
		<value>901001</value>
	</Data>
</ExtendedData>
</Placemark>
<Placemark>
<name>JV0202</name>
<TimeStamp><when>2026-09-23T10:03:50Z</when></TimeStamp>
<styleUrl>#route</styleUrl>
<Point>
<coordinates>137.155548,34.595684,-0.001000</coordinates>
</Point>
<ExtendedData>
	<Data name="IconNumber">
		<value>901001</value>
	</Data>
</ExtendedData>
</Placemark>
<Placemark>
<name>JV0203</name>
<TimeStamp><when>2026-09-23T10:04:00Z</when></TimeStamp>
<styleUrl>#route</styleUrl>
<Point>
<coordinates>137.157017,34.597049,-0.001000</coordinates>
</Point>
<ExtendedData>
	<Data name="IconNumber">
		<value>901001</value>
	</Data>
</ExtendedData>
</Placemark>
<Placemark>
<name>JV0204</name>
<TimeStamp><when>2026-09-23T10:04:10Z</when></TimeStamp>
<styleUrl>#route</styleUrl>
<Point>
<coordinates>137.157146,34.597169,-0.001000</coordinates>
</Point>
<ExtendedData>
	<Data name="IconNumber">
		<value>901001</value>
	</Data>
</ExtendedData>
</Placemark>
<Placemark>
<name>JV0205</name>
<TimeStamp><when>2026-09-23T10:04:20Z</when></TimeStamp>
<styleUrl>#route</styleUrl>
<Point>
<coordinates>137.157275,34.597255,-0.001000</coordinates>
</Point>
<ExtendedData>
	<Data name="IconNumber">
		<value>901001</value>
	</Data>
</ExtendedData>
</Placemark>
<Placemark>
<name>JV0206</name>
<TimeStamp><when>2026-09-23T10:04:30Z</when></TimeStamp>
<styleUrl>#route</styleUrl>
<Point>
<coordinates>137.157447,34.597349,-0.001000</coordinates>
</Point>
<ExtendedData>
	<Data name="IconNumber">
		<value>901001</value>
	</Data>
</ExtendedData>
</Placemark>
<Placemark>
<name>JV0207</name>
<TimeStamp><when>2026-09-23T10:04:40Z</when></TimeStamp>
<styleUrl>#route</styleUrl>
<Point>
<coordinates>137.157736,34.597478,-0.001000</coordinates>
</Point>
<ExtendedData>
	<Data name="IconNumber">
		<value>901001</value>
	</Data>
</ExtendedData>
</Placemark>
<Placemark>
<name>JV0208</name>
<TimeStamp><when>2026-09-23T10:04:50Z</when></TimeStamp>
<styleUrl>#route</styleUrl>
<Point>
<coordinates>137.158444,34.597735,-0.001000</coordinates>
</Point>
<ExtendedData>
	<Data name="IconNumber">
		<value>901001</value>
	</Data>
</ExtendedData>
</Placemark>
<Placemark>
<name>JV0209</name>
<TimeStamp><when>2026-09-23T10:05:00Z</when></TimeStamp>
<styleUrl>#route</styleUrl>
<Point>
<coordinates>137.159389,34.598027,-0.001000</coordinates>
</Point>
<ExtendedData>
	<Data name="IconNumber">
		<value>901001</value>
	</Data>
</ExtendedData>
</Placemark>
<Placemark>
<name>JV0210</name>
<TimeStamp><when>2026-09-23T10:05:10Z</when></TimeStamp>
<styleUrl>#route</styleUrl>
<Point>
<coordinates>137.159657,34.598096,-0.001000</coordinates>
</Point>
<ExtendedData>
	<Data name="IconNumber">
		<value>901001</value>
	</Data>
</ExtendedData>
</Placemark>
<Placemark>
<name>JV0211</name>
<TimeStamp><when>2026-09-23T10:05:20Z</when></TimeStamp>
<styleUrl>#route</styleUrl>
<Point>
<coordinates>137.160032,34.598182,-0.001000</coordinates>
</Point>
<ExtendedData>
	<Data name="IconNumber">
		<value>901001</value>
	</Data>
</ExtendedData>
</Placemark>
<Placemark>
<name>JV0212</name>
<TimeStamp><when>2026-09-23T10:05:30Z</when></TimeStamp>
<styleUrl>#route</styleUrl>
<Point>
<coordinates>137.162521,34.598688,-0.001000</coordinates>
</Point>
<ExtendedData>
	<Data name="IconNumber">
		<value>901001</value>
	</Data>
</ExtendedData>
</Placemark>
<Placemark>
<name>JV0213</name>
<TimeStamp><when>2026-09-23T10:05:40Z</when></TimeStamp>
<styleUrl>#route</styleUrl>
<Point>
<coordinates>137.163498,34.598885,-0.001000</coordinates>
</Point>
<ExtendedData>
	<Data name="IconNumber">
		<value>901001</value>
	</Data>
</ExtendedData>
</Placemark>
<Placemark>
<name>JV0214</name>
<TimeStamp><when>2026-09-23T10:05:50Z</when></TimeStamp>
<styleUrl>#route</styleUrl>
<Point>
<coordinates>137.163723,34.598945,-0.001000</coordinates>
</Point>
<ExtendedData>
	<Data name="IconNumber">
		<value>901001</value>
	</Data>
</ExtendedData>
</Placemark>
<Placemark>
<name>JV0215</name>
<TimeStamp><when>2026-09-23T10:06:00Z</when></TimeStamp>
<styleUrl>#route</styleUrl>
<Point>
<coordinates>137.164023,34.599066,-0.001000</coordinates>
</Point>
<ExtendedData>
	<Data name="IconNumber">
		<value>901001</value>
	</Data>
</ExtendedData>
</Placemark>
<Placemark>
<name>JV0216</name>
<TimeStamp><when>2026-09-23T10:06:10Z</when></TimeStamp>
<styleUrl>#route</styleUrl>
<Point>
<coordinates>137.164281,34.599212,-0.001000</coordinates>
</Point>
<ExtendedData>
	<Data name="IconNumber">
		<value>901001</value>
	</Data>
</ExtendedData>
</Placemark>
<Placemark>
<name>JV0217</name>
<TimeStamp><when>2026-09-23T10:06:20Z</when></TimeStamp>
<styleUrl>#route</styleUrl>
<Point>
<coordinates>137.167156,34.601340,-0.001000</coordinates>
</Point>
<ExtendedData>
	<Data name="IconNumber">
		<value>901001</value>
	</Data>
</ExtendedData>
</Placemark>
<Placemark>
<name>JV0218</name>
<TimeStamp><when>2026-09-23T10:06:30Z</when></TimeStamp>
<styleUrl>#route</styleUrl>
<Point>
<coordinates>137.167339,34.601460,-0.001000</coordinates>
</Point>
<ExtendedData>
	<Data name="IconNumber">
		<value>901001</value>
	</Data>
</ExtendedData>
</Placemark>
<Placemark>
<name>JV0219</name>
<TimeStamp><when>2026-09-23T10:06:40Z</when></TimeStamp>
<styleUrl>#route</styleUrl>
<Point>
<coordinates>137.167542,34.601563,-0.001000</coordinates>
</Point>
<ExtendedData>
	<Data name="IconNumber">
		<value>901001</value>
	</Data>
</ExtendedData>
</Placemark>
<Placemark>
<name>JV0220</name>
<TimeStamp><when>2026-09-23T10:06:50Z</when></TimeStamp>
<styleUrl>#route</styleUrl>
<Point>
<coordinates>137.167736,34.601632,-0.001000</coordinates>
</Point>
<ExtendedData>
	<Data name="IconNumber">
		<value>901001</value>
	</Data>
</ExtendedData>
</Placemark>
<Placemark>
<name>JV0221</name>
<TimeStamp><when>2026-09-23T10:07:00Z</when></TimeStamp>
<styleUrl>#route</styleUrl>
<Point>
<coordinates>137.168841,34.601924,-0.001000</coordinates>
</Point>
<ExtendedData>
	<Data name="IconNumber">
		<value>901001</value>
	</Data>
</ExtendedData>
</Placemark>
<Placemark>
<name>JV0222</name>
<TimeStamp><when>2026-09-23T10:07:10Z</when></TimeStamp>
<styleUrl>#route</styleUrl>
<Point>
<coordinates>137.169903,34.602181,-0.001000</coordinates>
</Point>
<ExtendedData>
	<Data name="IconNumber">
		<value>901001</value>
	</Data>
</ExtendedData>
</Placemark>
<Placemark>
<name>JV0223</name>
<TimeStamp><when>2026-09-23T10:07:20Z</when></TimeStamp>
<styleUrl>#route</styleUrl>
<Point>
<coordinates>137.170128,34.602250,-0.001000</coordinates>
</Point>
<ExtendedData>
	<Data name="IconNumber">
		<value>901001</value>
	</Data>
</ExtendedData>
</Placemark>
<Placemark>
<name>JV0224</name>
<TimeStamp><when>2026-09-23T10:07:30Z</when></TimeStamp>
<styleUrl>#route</styleUrl>
<Point>
<coordinates>137.171319,34.602696,-0.001000</coordinates>
</Point>
<ExtendedData>
	<Data name="IconNumber">
		<value>901001</value>
	</Data>
</ExtendedData>
</Placemark>
<Placemark>
<name>JV0225</name>
<TimeStamp><when>2026-09-23T10:07:40Z</when></TimeStamp>
<styleUrl>#route</styleUrl>
<Point>
<coordinates>137.171770,34.602851,-0.001000</coordinates>
</Point>
<ExtendedData>
	<Data name="IconNumber">
		<value>901001</value>
	</Data>
</ExtendedData>
</Placemark>
<Placemark>
<name>JV0226</name>
<TimeStamp><when>2026-09-23T10:07:50Z</when></TimeStamp>
<styleUrl>#route</styleUrl>
<Point>
<coordinates>137.172306,34.603057,-0.001000</coordinates>
</Point>
<ExtendedData>
	<Data name="IconNumber">
		<value>901001</value>
	</Data>
</ExtendedData>
</Placemark>
<Placemark>
<name>JV0227</name>
<TimeStamp><when>2026-09-23T10:08:00Z</when></TimeStamp>
<styleUrl>#route</styleUrl>
<Point>
<coordinates>137.173529,34.603563,-0.001000</coordinates>
</Point>
<ExtendedData>
	<Data name="IconNumber">
		<value>901001</value>
	</Data>
</ExtendedData>
</Placemark>
<Placemark>
<name>JV0228</name>
<TimeStamp><when>2026-09-23T10:08:10Z</when></TimeStamp>
<styleUrl>#route</styleUrl>
<Point>
<coordinates>137.174184,34.603778,-0.001000</coordinates>
</Point>
<ExtendedData>
	<Data name="IconNumber">
		<value>901001</value>
	</Data>
</ExtendedData>
</Placemark>
<Placemark>
<name>JV0229</name>
<TimeStamp><when>2026-09-23T10:08:20Z</when></TimeStamp>
<styleUrl>#route</styleUrl>
<Point>
<coordinates>137.174355,34.603846,-0.001000</coordinates>
</Point>
<ExtendedData>
	<Data name="IconNumber">
		<value>901001</value>
	</Data>
</ExtendedData>
</Placemark>
<Placemark>
<name>JV0230</name>
<TimeStamp><when>2026-09-23T10:08:30Z</when></TimeStamp>
<styleUrl>#route</styleUrl>
<Point>
<coordinates>137.174581,34.603958,-0.001000</coordinates>
</Point>
<ExtendedData>
	<Data name="IconNumber">
		<value>901001</value>
	</Data>
</ExtendedData>
</Placemark>
<Placemark>
<name>JV0231</name>
<TimeStamp><when>2026-09-23T10:08:40Z</when></TimeStamp>
<styleUrl>#route</styleUrl>
<Point>
<coordinates>137.174720,34.604035,-0.001000</coordinates>
</Point>
<ExtendedData>
	<Data name="IconNumber">
		<value>901001</value>
	</Data>
</ExtendedData>
</Placemark>
<Placemark>
<name>JV0232</name>
<TimeStamp><when>2026-09-23T10:08:50Z</when></TimeStamp>
<styleUrl>#route</styleUrl>
<Point>
<coordinates>137.174978,34.604215,-0.001000</coordinates>
</Point>
<ExtendedData>
	<Data name="IconNumber">
		<value>901001</value>
	</Data>
</ExtendedData>
</Placemark>
<Placemark>
<name>JV0233</name>
<TimeStamp><when>2026-09-23T10:09:00Z</when></TimeStamp>
<styleUrl>#route</styleUrl>
<Point>
<coordinates>137.176512,34.605409,-0.001000</coordinates>
</Point>
<ExtendedData>
	<Data name="IconNumber">
		<value>901001</value>
	</Data>
</ExtendedData>
</Placemark>
<Placemark>
<name>JV0234</name>
<TimeStamp><when>2026-09-23T10:09:10Z</when></TimeStamp>
<styleUrl>#route</styleUrl>
<Point>
<coordinates>137.177649,34.606327,-0.001000</coordinates>
</Point>
<ExtendedData>
	<Data name="IconNumber">
		<value>901001</value>
	</Data>
</ExtendedData>
</Placemark>
<Placemark>
<name>JV0235</name>
<TimeStamp><when>2026-09-23T10:09:20Z</when></TimeStamp>
<styleUrl>#route</styleUrl>
<Point>
<coordinates>137.177939,34.606533,-0.001000</coordinates>
</Point>
<ExtendedData>
	<Data name="IconNumber">
		<value>901001</value>
	</Data>
</ExtendedData>
</Placemark>
<Placemark>
<name>JV0236</name>
<TimeStamp><when>2026-09-23T10:09:30Z</when></TimeStamp>
<styleUrl>#route</styleUrl>
<Point>
<coordinates>137.178271,34.606730,-0.001000</coordinates>
</Point>
<ExtendedData>
	<Data name="IconNumber">
		<value>901001</value>
	</Data>
</ExtendedData>
</Placemark>
<Placemark>
<name>JV0237</name>
<TimeStamp><when>2026-09-23T10:09:40Z</when></TimeStamp>
<styleUrl>#route</styleUrl>
<Point>
<coordinates>137.178615,34.606885,-0.001000</coordinates>
</Point>
<ExtendedData>
	<Data name="IconNumber">
		<value>901001</value>
	</Data>
</ExtendedData>
</Placemark>
<Placemark>
<name>JV0238</name>
<TimeStamp><when>2026-09-23T10:09:50Z</when></TimeStamp>
<styleUrl>#route</styleUrl>
<Point>
<coordinates>137.179044,34.607074,-0.001000</coordinates>
</Point>
<ExtendedData>
	<Data name="IconNumber">
		<value>901001</value>
	</Data>
</ExtendedData>
</Placemark>
<Placemark>
<name>JV0239</name>
<TimeStamp><when>2026-09-23T10:10:00Z</when></TimeStamp>
<styleUrl>#route</styleUrl>
<Point>
<coordinates>137.179634,34.607245,-0.001000</coordinates>
</Point>
<ExtendedData>
	<Data name="IconNumber">
		<value>901001</value>
	</Data>
</ExtendedData>
</Placemark>
<Placemark>
<name>JV0240</name>
<TimeStamp><when>2026-09-23T10:10:10Z</when></TimeStamp>
<styleUrl>#route</styleUrl>
<Point>
<coordinates>137.183067,34.608078,-0.001000</coordinates>
</Point>
<ExtendedData>
	<Data name="IconNumber">
		<value>901001</value>
	</Data>
</ExtendedData>
</Placemark>
<Placemark>
<name>JV0241</name>
<TimeStamp><when>2026-09-23T10:10:20Z</when></TimeStamp>
<styleUrl>#route</styleUrl>
<Point>
<coordinates>137.183722,34.608241,-0.001000</coordinates>
</Point>
<ExtendedData>
	<Data name="IconNumber">
		<value>901001</value>
	</Data>
</ExtendedData>
</Placemark>
<Placemark>
<name>JV0242</name>
<TimeStamp><when>2026-09-23T10:10:30Z</when></TimeStamp>
<styleUrl>#route</styleUrl>
<Point>
<coordinates>137.184237,34.608395,-0.001000</coordinates>
</Point>
<ExtendedData>
	<Data name="IconNumber">
		<value>901001</value>
	</Data>
</ExtendedData>
</Placemark>
<Placemark>
<name>JV0243</name>
<TimeStamp><when>2026-09-23T10:10:40Z</when></TimeStamp>
<styleUrl>#route</styleUrl>
<Point>
<coordinates>137.185020,34.608644,-0.001000</coordinates>
</Point>
<ExtendedData>
	<Data name="IconNumber">
		<value>901001</value>
	</Data>
</ExtendedData>
</Placemark>
<Placemark>
<name>JV0244</name>
<TimeStamp><when>2026-09-23T10:10:50Z</when></TimeStamp>
<styleUrl>#route</styleUrl>
<Point>
<coordinates>137.186050,34.608996,-0.001000</coordinates>
</Point>
<ExtendedData>
	<Data name="IconNumber">
		<value>901001</value>
	</Data>
</ExtendedData>
</Placemark>
<Placemark>
<name>JV0245</name>
<TimeStamp><when>2026-09-23T10:11:00Z</when></TimeStamp>
<styleUrl>#route</styleUrl>
<Point>
<coordinates>137.187970,34.609674,-0.001000</coordinates>
</Point>
<ExtendedData>
	<Data name="IconNumber">
		<value>901001</value>
	</Data>
</ExtendedData>
</Placemark>
<Placemark>
<name>JV0246</name>
<TimeStamp><when>2026-09-23T10:11:10Z</when></TimeStamp>
<styleUrl>#route</styleUrl>
<Point>
<coordinates>137.189955,34.610412,-0.001000</coordinates>
</Point>
<ExtendedData>
	<Data name="IconNumber">
		<value>901001</value>
	</Data>
</ExtendedData>
</Placemark>
<Placemark>
<name>JV0247</name>
<TimeStamp><when>2026-09-23T10:11:20Z</when></TimeStamp>
<styleUrl>#route</styleUrl>
<Point>
<coordinates>137.191135,34.610833,-0.001000</coordinates>
</Point>
<ExtendedData>
	<Data name="IconNumber">
		<value>901001</value>
	</Data>
</ExtendedData>
</Placemark>
<Placemark>
<name>JV0248</name>
<TimeStamp><when>2026-09-23T10:11:30Z</when></TimeStamp>
<styleUrl>#route</styleUrl>
<Point>
<coordinates>137.191779,34.611099,-0.001000</coordinates>
</Point>
<ExtendedData>
	<Data name="IconNumber">
		<value>901001</value>
	</Data>
</ExtendedData>
</Placemark>
<Placemark>
<name>JV0249</name>
<TimeStamp><when>2026-09-23T10:11:40Z</when></TimeStamp>
<styleUrl>#route</styleUrl>
<Point>
<coordinates>137.192745,34.611520,-0.001000</coordinates>
</Point>
<ExtendedData>
	<Data name="IconNumber">
		<value>901001</value>
	</Data>
</ExtendedData>
</Placemark>
<Placemark>
<name>JV0250</name>
<TimeStamp><when>2026-09-23T10:11:50Z</when></TimeStamp>
<styleUrl>#route</styleUrl>
<Point>
<coordinates>137.193002,34.611631,-0.001000</coordinates>
</Point>
<ExtendedData>
	<Data name="IconNumber">
		<value>901001</value>
	</Data>
</ExtendedData>
</Placemark>
<Placemark>
<name>JV0251</name>
<TimeStamp><when>2026-09-23T10:12:00Z</when></TimeStamp>
<styleUrl>#route</styleUrl>
<Point>
<coordinates>137.193496,34.611889,-0.001000</coordinates>
</Point>
<ExtendedData>
	<Data name="IconNumber">
		<value>901001</value>
	</Data>
</ExtendedData>
</Placemark>
<Placemark>
<name>JV0252</name>
<TimeStamp><when>2026-09-23T10:12:10Z</when></TimeStamp>
<styleUrl>#route</styleUrl>
<Point>
<coordinates>137.193774,34.612017,-0.001000</coordinates>
</Point>
<ExtendedData>
	<Data name="IconNumber">
		<value>901001</value>
	</Data>
</ExtendedData>
</Placemark>
<Placemark>
<name>JV0253</name>
<TimeStamp><when>2026-09-23T10:12:20Z</when></TimeStamp>
<styleUrl>#route</styleUrl>
<Point>
<coordinates>137.193978,34.612103,-0.001000</coordinates>
</Point>
<ExtendedData>
	<Data name="IconNumber">
		<value>901001</value>
	</Data>
</ExtendedData>
</Placemark>
<Placemark>
<name>JV0254</name>
<TimeStamp><when>2026-09-23T10:12:30Z</when></TimeStamp>
<styleUrl>#route</styleUrl>
<Point>
<coordinates>137.194504,34.612275,-0.001000</coordinates>
</Point>
<ExtendedData>
	<Data name="IconNumber">
		<value>901001</value>
	</Data>
</ExtendedData>
</Placemark>
<Placemark>
<name>JV0255</name>
<TimeStamp><when>2026-09-23T10:12:40Z</when></TimeStamp>
<styleUrl>#route</styleUrl>
<Point>
<coordinates>137.197401,34.612987,-0.001000</coordinates>
</Point>
<ExtendedData>
	<Data name="IconNumber">
		<value>901001</value>
	</Data>
</ExtendedData>
</Placemark>
<Placemark>
<name>JV0256</name>
<TimeStamp><when>2026-09-23T10:12:50Z</when></TimeStamp>
<styleUrl>#route</styleUrl>
<Point>
<coordinates>137.199042,34.613391,-0.001000</coordinates>
</Point>
<ExtendedData>
	<Data name="IconNumber">
		<value>901001</value>
	</Data>
</ExtendedData>
</Placemark>
<Placemark>
<name>JV0257</name>
<TimeStamp><when>2026-09-23T10:13:00Z</when></TimeStamp>
<styleUrl>#route</styleUrl>
<Point>
<coordinates>137.199729,34.613562,-0.001000</coordinates>
</Point>
<ExtendedData>
	<Data name="IconNumber">
		<value>901001</value>
	</Data>
</ExtendedData>
</Placemark>
<Placemark>
<name>JV0258</name>
<TimeStamp><when>2026-09-23T10:13:10Z</when></TimeStamp>
<styleUrl>#route</styleUrl>
<Point>
<coordinates>137.200426,34.613743,-0.001000</coordinates>
</Point>
<ExtendedData>
	<Data name="IconNumber">
		<value>901001</value>
	</Data>
</ExtendedData>
</Placemark>
<Placemark>
<name>JV0259</name>
<TimeStamp><when>2026-09-23T10:13:20Z</when></TimeStamp>
<styleUrl>#route</styleUrl>
<Point>
<coordinates>137.202218,34.614163,-0.001000</coordinates>
</Point>
<ExtendedData>
	<Data name="IconNumber">
		<value>901001</value>
	</Data>
</ExtendedData>
</Placemark>
<Placemark>
<name>JV0260</name>
<TimeStamp><when>2026-09-23T10:13:30Z</when></TimeStamp>
<styleUrl>#route</styleUrl>
<Point>
<coordinates>137.205780,34.615047,-0.001000</coordinates>
</Point>
<ExtendedData>
	<Data name="IconNumber">
		<value>901001</value>
	</Data>
</ExtendedData>
</Placemark>
<Placemark>
<name>JV0261</name>
<TimeStamp><when>2026-09-23T10:13:40Z</when></TimeStamp>
<styleUrl>#route</styleUrl>
<Point>
<coordinates>137.206585,34.615245,-0.001000</coordinates>
</Point>
<ExtendedData>
	<Data name="IconNumber">
		<value>901001</value>
	</Data>
</ExtendedData>
</Placemark>
<Placemark>
<name>JV0262</name>
<TimeStamp><when>2026-09-23T10:13:50Z</when></TimeStamp>
<styleUrl>#route</styleUrl>
<Point>
<coordinates>137.207400,34.615373,-0.001000</coordinates>
</Point>
<ExtendedData>
	<Data name="IconNumber">
		<value>901001</value>
	</Data>
</ExtendedData>
</Placemark>
<Placemark>
<name>JV0263</name>
<TimeStamp><when>2026-09-23T10:14:00Z</when></TimeStamp>
<styleUrl>#route</styleUrl>
<Point>
<coordinates>137.207572,34.615434,-0.001000</coordinates>
</Point>
<ExtendedData>
	<Data name="IconNumber">
		<value>901001</value>
	</Data>
</ExtendedData>
</Placemark>
<Placemark>
<name>JV0264</name>
<TimeStamp><when>2026-09-23T10:14:10Z</when></TimeStamp>
<styleUrl>#route</styleUrl>
<Point>
<coordinates>137.207979,34.615674,-0.001000</coordinates>
</Point>
<ExtendedData>
	<Data name="IconNumber">
		<value>901001</value>
	</Data>
</ExtendedData>
</Placemark>
<Placemark>
<name>JV0265</name>
<TimeStamp><when>2026-09-23T10:14:20Z</when></TimeStamp>
<styleUrl>#route</styleUrl>
<Point>
<coordinates>137.208344,34.615931,-0.001000</coordinates>
</Point>
<ExtendedData>
	<Data name="IconNumber">
		<value>901001</value>
	</Data>
</ExtendedData>
</Placemark>
<Placemark>
<name>JV0266</name>
<TimeStamp><when>2026-09-23T10:14:30Z</when></TimeStamp>
<styleUrl>#route</styleUrl>
<Point>
<coordinates>137.208720,34.616326,-0.001000</coordinates>
</Point>
<ExtendedData>
	<Data name="IconNumber">
		<value>901001</value>
	</Data>
</ExtendedData>
</Placemark>
<Placemark>
<name>JV0267</name>
<TimeStamp><when>2026-09-23T10:14:40Z</when></TimeStamp>
<styleUrl>#route</styleUrl>
<Point>
<coordinates>137.209245,34.616927,-0.001000</coordinates>
</Point>
<ExtendedData>
	<Data name="IconNumber">
		<value>901001</value>
	</Data>
</ExtendedData>
</Placemark>
<Placemark>
<name>JV0268</name>
<TimeStamp><when>2026-09-23T10:14:50Z</when></TimeStamp>
<styleUrl>#route</styleUrl>
<Point>
<coordinates>137.209353,34.617047,-0.001000</coordinates>
</Point>
<ExtendedData>
	<Data name="IconNumber">
		<value>901001</value>
	</Data>
</ExtendedData>
</Placemark>
<Placemark>
<name>JV0269</name>
<TimeStamp><when>2026-09-23T10:15:00Z</when></TimeStamp>
<styleUrl>#route</styleUrl>
<Point>
<coordinates>137.209578,34.617193,-0.001000</coordinates>
</Point>
<ExtendedData>
	<Data name="IconNumber">
		<value>901001</value>
	</Data>
</ExtendedData>
</Placemark>
<Placemark>
<name>JV0270</name>
<TimeStamp><when>2026-09-23T10:15:10Z</when></TimeStamp>
<styleUrl>#route</styleUrl>
<Point>
<coordinates>137.209825,34.617322,-0.001000</coordinates>
</Point>
<ExtendedData>
	<Data name="IconNumber">
		<value>901001</value>
	</Data>
</ExtendedData>
</Placemark>
<Placemark>
<name>JV0271</name>
<TimeStamp><when>2026-09-23T10:15:20Z</when></TimeStamp>
<styleUrl>#route</styleUrl>
<Point>
<coordinates>137.210147,34.617433,-0.001000</coordinates>
</Point>
<ExtendedData>
	<Data name="IconNumber">
		<value>901001</value>
	</Data>
</ExtendedData>
</Placemark>
<Placemark>
<name>JV0272</name>
<TimeStamp><when>2026-09-23T10:15:30Z</when></TimeStamp>
<styleUrl>#route</styleUrl>
<Point>
<coordinates>137.212024,34.617811,-0.001000</coordinates>
</Point>
<ExtendedData>
	<Data name="IconNumber">
		<value>901001</value>
	</Data>
</ExtendedData>
</Placemark>
<Placemark>
<name>JV0273</name>
<TimeStamp><when>2026-09-23T10:15:40Z</when></TimeStamp>
<styleUrl>#route</styleUrl>
<Point>
<coordinates>137.212303,34.617863,-0.001000</coordinates>
</Point>
<ExtendedData>
	<Data name="IconNumber">
		<value>901001</value>
	</Data>
</ExtendedData>
</Placemark>
<Placemark>
<name>JV0274</name>
<TimeStamp><when>2026-09-23T10:15:50Z</when></TimeStamp>
<styleUrl>#route</styleUrl>
<Point>
<coordinates>137.212689,34.617905,-0.001000</coordinates>
</Point>
<ExtendedData>
	<Data name="IconNumber">
		<value>901001</value>
	</Data>
</ExtendedData>
</Placemark>
<Placemark>
<name>JV0275</name>
<TimeStamp><when>2026-09-23T10:16:00Z</when></TimeStamp>
<styleUrl>#route</styleUrl>
<Point>
<coordinates>137.213215,34.617940,-0.001000</coordinates>
</Point>
<ExtendedData>
	<Data name="IconNumber">
		<value>901001</value>
	</Data>
</ExtendedData>
</Placemark>
<Placemark>
<name>JV0276</name>
<TimeStamp><when>2026-09-23T10:16:10Z</when></TimeStamp>
<styleUrl>#route</styleUrl>
<Point>
<coordinates>137.214460,34.618008,-0.001000</coordinates>
</Point>
<ExtendedData>
	<Data name="IconNumber">
		<value>901001</value>
	</Data>
</ExtendedData>
</Placemark>
<Placemark>
<name>JV0277</name>
<TimeStamp><when>2026-09-23T10:16:20Z</when></TimeStamp>
<styleUrl>#route</styleUrl>
<Point>
<coordinates>137.214685,34.618026,-0.001000</coordinates>
</Point>
<ExtendedData>
	<Data name="IconNumber">
		<value>901001</value>
	</Data>
</ExtendedData>
</Placemark>
<Placemark>
<name>JV0278</name>
<TimeStamp><when>2026-09-23T10:16:30Z</when></TimeStamp>
<styleUrl>#route</styleUrl>
<Point>
<coordinates>137.214835,34.618060,-0.001000</coordinates>
</Point>
<ExtendedData>
	<Data name="IconNumber">
		<value>901001</value>
	</Data>
</ExtendedData>
</Placemark>
<Placemark>
<name>JV0279</name>
<TimeStamp><when>2026-09-23T10:16:40Z</when></TimeStamp>
<styleUrl>#route</styleUrl>
<Point>
<coordinates>137.215125,34.618154,-0.001000</coordinates>
</Point>
<ExtendedData>
	<Data name="IconNumber">
		<value>901001</value>
	</Data>
</ExtendedData>
</Placemark>
<Placemark>
<name>JV0280</name>
<TimeStamp><when>2026-09-23T10:16:50Z</when></TimeStamp>
<styleUrl>#route</styleUrl>
<Point>
<coordinates>137.215425,34.618292,-0.001000</coordinates>
</Point>
<ExtendedData>
	<Data name="IconNumber">
		<value>901001</value>
	</Data>
</ExtendedData>
</Placemark>
<Placemark>
<name>JV0281</name>
<TimeStamp><when>2026-09-23T10:17:00Z</when></TimeStamp>
<styleUrl>#route</styleUrl>
<Point>
<coordinates>137.215897,34.618532,-0.001000</coordinates>
</Point>
<ExtendedData>
	<Data name="IconNumber">
		<value>901001</value>
	</Data>
</ExtendedData>
</Placemark>
<Placemark>
<name>JV0282</name>
<TimeStamp><when>2026-09-23T10:17:10Z</when></TimeStamp>
<styleUrl>#route</styleUrl>
<Point>
<coordinates>137.217035,34.619090,-0.001000</coordinates>
</Point>
<ExtendedData>
	<Data name="IconNumber">
		<value>901001</value>
	</Data>
</ExtendedData>
</Placemark>
<Placemark>
<name>JV0283</name>
<TimeStamp><when>2026-09-23T10:17:20Z</when></TimeStamp>
<styleUrl>#route</styleUrl>
<Point>
<coordinates>137.217421,34.619279,-0.001000</coordinates>
</Point>
<ExtendedData>
	<Data name="IconNumber">
		<value>901001</value>
	</Data>
</ExtendedData>
</Placemark>
<Placemark>
<name>JV0284</name>
<TimeStamp><when>2026-09-23T10:17:30Z</when></TimeStamp>
<styleUrl>#route</styleUrl>
<Point>
<coordinates>137.217614,34.619330,-0.001000</coordinates>
</Point>
<ExtendedData>
	<Data name="IconNumber">
		<value>901001</value>
	</Data>
</ExtendedData>
</Placemark>
<Placemark>
<name>JV0285</name>
<TimeStamp><when>2026-09-23T10:17:40Z</when></TimeStamp>
<styleUrl>#route</styleUrl>
<Point>
<coordinates>137.217893,34.619365,-0.001000</coordinates>
</Point>
<ExtendedData>
	<Data name="IconNumber">
		<value>901001</value>
	</Data>
</ExtendedData>
</Placemark>
<Placemark>
<name>JV0286</name>
<TimeStamp><when>2026-09-23T10:17:50Z</when></TimeStamp>
<styleUrl>#route</styleUrl>
<Point>
<coordinates>137.218129,34.619373,-0.001000</coordinates>
</Point>
<ExtendedData>
	<Data name="IconNumber">
		<value>901001</value>
	</Data>
</ExtendedData>
</Placemark>
<Placemark>
<name>JV0287</name>
<TimeStamp><when>2026-09-23T10:18:00Z</when></TimeStamp>
<styleUrl>#route</styleUrl>
<Point>
<coordinates>137.218365,34.619347,-0.001000</coordinates>
</Point>
<ExtendedData>
	<Data name="IconNumber">
		<value>901001</value>
	</Data>
</ExtendedData>
</Placemark>
<Placemark>
<name>JV0288</name>
<TimeStamp><when>2026-09-23T10:18:10Z</when></TimeStamp>
<styleUrl>#route</styleUrl>
<Point>
<coordinates>137.218515,34.619330,-0.001000</coordinates>
</Point>
<ExtendedData>
	<Data name="IconNumber">
		<value>901001</value>
	</Data>
</ExtendedData>
</Placemark>
<Placemark>
<name>JV0289</name>
<TimeStamp><when>2026-09-23T10:18:20Z</when></TimeStamp>
<styleUrl>#route</styleUrl>
<Point>
<coordinates>137.218773,34.619262,-0.001000</coordinates>
</Point>
<ExtendedData>
	<Data name="IconNumber">
		<value>901001</value>
	</Data>
</ExtendedData>
</Placemark>
<Placemark>
<name>JV0290</name>
<TimeStamp><when>2026-09-23T10:18:30Z</when></TimeStamp>
<styleUrl>#route</styleUrl>
<Point>
<coordinates>137.218966,34.619193,-0.001000</coordinates>
</Point>
<ExtendedData>
	<Data name="IconNumber">
		<value>901001</value>
	</Data>
</ExtendedData>
</Placemark>
<Placemark>
<name>JV0291</name>
<TimeStamp><when>2026-09-23T10:18:40Z</when></TimeStamp>
<styleUrl>#route</styleUrl>
<Point>
<coordinates>137.219298,34.619004,-0.001000</coordinates>
</Point>
<ExtendedData>
	<Data name="IconNumber">
		<value>901001</value>
	</Data>
</ExtendedData>
</Placemark>
<Placemark>
<name>JV0292</name>
<TimeStamp><when>2026-09-23T10:18:50Z</when></TimeStamp>
<styleUrl>#route</styleUrl>
<Point>
<coordinates>137.219792,34.618549,-0.001000</coordinates>
</Point>
<ExtendedData>
	<Data name="IconNumber">
		<value>901001</value>
	</Data>
</ExtendedData>
</Placemark>
<Placemark>
<name>JV0293</name>
<TimeStamp><when>2026-09-23T10:19:00Z</when></TimeStamp>
<styleUrl>#route</styleUrl>
<Point>
<coordinates>137.220028,34.618335,-0.001000</coordinates>
</Point>
<ExtendedData>
	<Data name="IconNumber">
		<value>901001</value>
	</Data>
</ExtendedData>
</Placemark>
<Placemark>
<name>JV0294</name>
<TimeStamp><when>2026-09-23T10:19:10Z</when></TimeStamp>
<styleUrl>#route</styleUrl>
<Point>
<coordinates>137.220210,34.618249,-0.001000</coordinates>
</Point>
<ExtendedData>
	<Data name="IconNumber">
		<value>901001</value>
	</Data>
</ExtendedData>
</Placemark>
<Placemark>
<name>JV0295</name>
<TimeStamp><when>2026-09-23T10:19:20Z</when></TimeStamp>
<styleUrl>#route</styleUrl>
<Point>
<coordinates>137.220468,34.618163,-0.001000</coordinates>
</Point>
<ExtendedData>
	<Data name="IconNumber">
		<value>901001</value>
	</Data>
</ExtendedData>
</Placemark>
<Placemark>
<name>JV0296</name>
<TimeStamp><when>2026-09-23T10:19:30Z</when></TimeStamp>
<styleUrl>#route</styleUrl>
<Point>
<coordinates>137.220682,34.618129,-0.001000</coordinates>
</Point>
<ExtendedData>
	<Data name="IconNumber">
		<value>901001</value>
	</Data>
</ExtendedData>
</Placemark>
<Placemark>
<name>JV0297</name>
<TimeStamp><when>2026-09-23T10:19:40Z</when></TimeStamp>
<styleUrl>#route</styleUrl>
<Point>
<coordinates>137.220908,34.618129,-0.001000</coordinates>
</Point>
<ExtendedData>
	<Data name="IconNumber">
		<value>901001</value>
	</Data>
</ExtendedData>
</Placemark>
<Placemark>
<name>JV0298</name>
<TimeStamp><when>2026-09-23T10:19:50Z</when></TimeStamp>
<styleUrl>#route</styleUrl>
<Point>
<coordinates>137.222442,34.618077,-0.001000</coordinates>
</Point>
<ExtendedData>
	<Data name="IconNumber">
		<value>901001</value>
	</Data>
</ExtendedData>
</Placemark>
<Placemark>
<name>JV0299</name>
<TimeStamp><when>2026-09-23T10:20:00Z</when></TimeStamp>
<styleUrl>#route</styleUrl>
<Point>
<coordinates>137.222657,34.618086,-0.001000</coordinates>
</Point>
<ExtendedData>
	<Data name="IconNumber">
		<value>901001</value>
	</Data>
</ExtendedData>
</Placemark>
<Placemark>
<name>JV0300</name>
<TimeStamp><when>2026-09-23T10:20:10Z</when></TimeStamp>
<styleUrl>#route</styleUrl>
<Point>
<coordinates>137.222860,34.618129,-0.001000</coordinates>
</Point>
<ExtendedData>
	<Data name="IconNumber">
		<value>901001</value>
	</Data>
</ExtendedData>
</Placemark>
<Placemark>
<name>JV0301</name>
<TimeStamp><when>2026-09-23T10:20:20Z</when></TimeStamp>
<styleUrl>#route</styleUrl>
<Point>
<coordinates>137.223075,34.618214,-0.001000</coordinates>
</Point>
<ExtendedData>
	<Data name="IconNumber">
		<value>901001</value>
	</Data>
</ExtendedData>
</Placemark>
<Placemark>
<name>JV0302</name>
<TimeStamp><when>2026-09-23T10:20:30Z</when></TimeStamp>
<styleUrl>#route</styleUrl>
<Point>
<coordinates>137.223279,34.618335,-0.001000</coordinates>
</Point>
<ExtendedData>
	<Data name="IconNumber">
		<value>901001</value>
	</Data>
</ExtendedData>
</Placemark>
<Placemark>
<name>JV0303</name>
<TimeStamp><when>2026-09-23T10:20:40Z</when></TimeStamp>
<styleUrl>#route</styleUrl>
<Point>
<coordinates>137.223493,34.618498,-0.001000</coordinates>
</Point>
<ExtendedData>
	<Data name="IconNumber">
		<value>901001</value>
	</Data>
</ExtendedData>
</Placemark>
<Placemark>
<name>JV0304</name>
<TimeStamp><when>2026-09-23T10:20:50Z</when></TimeStamp>
<styleUrl>#route</styleUrl>
<Point>
<coordinates>137.224770,34.619948,-0.001000</coordinates>
</Point>
<ExtendedData>
	<Data name="IconNumber">
		<value>901001</value>
	</Data>
</ExtendedData>
</Placemark>
<Placemark>
<name>JV0305</name>
<TimeStamp><when>2026-09-23T10:21:00Z</when></TimeStamp>
<styleUrl>#route</styleUrl>
<Point>
<coordinates>137.224985,34.620128,-0.001000</coordinates>
</Point>
<ExtendedData>
	<Data name="IconNumber">
		<value>901001</value>
	</Data>
</ExtendedData>
</Placemark>
<Placemark>
<name>JV0306</name>
<TimeStamp><when>2026-09-23T10:21:10Z</when></TimeStamp>
<styleUrl>#route</styleUrl>
<Point>
<coordinates>137.225446,34.620377,-0.001000</coordinates>
</Point>
<ExtendedData>
	<Data name="IconNumber">
		<value>901001</value>
	</Data>
</ExtendedData>
</Placemark>
<Placemark>
<name>JV0307</name>
<TimeStamp><when>2026-09-23T10:21:20Z</when></TimeStamp>
<styleUrl>#route</styleUrl>
<Point>
<coordinates>137.225607,34.620437,-0.001000</coordinates>
</Point>
<ExtendedData>
	<Data name="IconNumber">
		<value>901001</value>
	</Data>
</ExtendedData>
</Placemark>
<Placemark>
<name>JV0308</name>
<TimeStamp><when>2026-09-23T10:21:30Z</when></TimeStamp>
<styleUrl>#route</styleUrl>
<Point>
<coordinates>137.226004,34.620549,-0.001000</coordinates>
</Point>
<ExtendedData>
	<Data name="IconNumber">
		<value>901001</value>
	</Data>
</ExtendedData>
</Placemark>
<Placemark>
<name>JV0309</name>
<TimeStamp><when>2026-09-23T10:21:40Z</when></TimeStamp>
<styleUrl>#route</styleUrl>
<Point>
<coordinates>137.227560,34.620892,-0.001000</coordinates>
</Point>
<ExtendedData>
	<Data name="IconNumber">
		<value>901001</value>
	</Data>
</ExtendedData>
</Placemark>
<Placemark>
<name>JV0310</name>
<TimeStamp><when>2026-09-23T10:21:50Z</when></TimeStamp>
<styleUrl>#route</styleUrl>
<Point>
<coordinates>137.227871,34.620978,-0.001000</coordinates>
</Point>
<ExtendedData>
	<Data name="IconNumber">
		<value>901001</value>
	</Data>
</ExtendedData>
</Placemark>
<Placemark>
<name>JV0311</name>
<TimeStamp><when>2026-09-23T10:22:00Z</when></TimeStamp>
<styleUrl>#route</styleUrl>
<Point>
<coordinates>137.228386,34.621184,-0.001000</coordinates>
</Point>
<ExtendedData>
	<Data name="IconNumber">
		<value>901001</value>
	</Data>
</ExtendedData>
</Placemark>
<Placemark>
<name>JV0312</name>
<TimeStamp><when>2026-09-23T10:22:10Z</when></TimeStamp>
<styleUrl>#route</styleUrl>
<Point>
<coordinates>137.229480,34.621596,-0.001000</coordinates>
</Point>
<ExtendedData>
	<Data name="IconNumber">
		<value>901001</value>
	</Data>
</ExtendedData>
</Placemark>
<Placemark>
<name>JV0313</name>
<TimeStamp><when>2026-09-23T10:22:20Z</when></TimeStamp>
<styleUrl>#route</styleUrl>
<Point>
<coordinates>137.232538,34.622746,-0.001000</coordinates>
</Point>
<ExtendedData>
	<Data name="IconNumber">
		<value>901001</value>
	</Data>
</ExtendedData>
</Placemark>
<Placemark>
<name>JV0314</name>
<TimeStamp><when>2026-09-23T10:22:30Z</when></TimeStamp>
<styleUrl>#route</styleUrl>
<Point>
<coordinates>137.233021,34.622927,-0.001000</coordinates>
</Point>
<ExtendedData>
	<Data name="IconNumber">
		<value>901001</value>
	</Data>
</ExtendedData>
</Placemark>
<Placemark>
<name>JV0315</name>
<TimeStamp><when>2026-09-23T10:22:40Z</when></TimeStamp>
<styleUrl>#route</styleUrl>
<Point>
<coordinates>137.233267,34.622987,-0.001000</coordinates>
</Point>
<ExtendedData>
	<Data name="IconNumber">
		<value>901001</value>
	</Data>
</ExtendedData>
</Placemark>
<Placemark>
<name>JV0316</name>
<TimeStamp><when>2026-09-23T10:22:50Z</when></TimeStamp>
<styleUrl>#route</styleUrl>
<Point>
<coordinates>137.233568,34.623030,-0.001000</coordinates>
</Point>
<ExtendedData>
	<Data name="IconNumber">
		<value>901001</value>
	</Data>
</ExtendedData>
</Placemark>
<Placemark>
<name>JV0317</name>
<TimeStamp><when>2026-09-23T10:23:00Z</when></TimeStamp>
<styleUrl>#route</styleUrl>
<Point>
<coordinates>137.233868,34.623038,-0.001000</coordinates>
</Point>
<ExtendedData>
	<Data name="IconNumber">
		<value>901001</value>
	</Data>
</ExtendedData>
</Placemark>
<Placemark>
<name>JV0318</name>
<TimeStamp><when>2026-09-23T10:23:10Z</when></TimeStamp>
<styleUrl>#route</styleUrl>
<Point>
<coordinates>137.234941,34.622952,-0.001000</coordinates>
</Point>
<ExtendedData>
	<Data name="IconNumber">
		<value>901001</value>
	</Data>
</ExtendedData>
</Placemark>
<Placemark>
<name>JV0319</name>
<TimeStamp><when>2026-09-23T10:23:20Z</when></TimeStamp>
<styleUrl>#route</styleUrl>
<Point>
<coordinates>137.235284,34.622944,-0.001000</coordinates>
</Point>
<ExtendedData>
	<Data name="IconNumber">
		<value>901001</value>
	</Data>
</ExtendedData>
</Placemark>
<Placemark>
<name>JV0320</name>
<TimeStamp><when>2026-09-23T10:23:30Z</when></TimeStamp>
<styleUrl>#route</styleUrl>
<Point>
<coordinates>137.235499,34.622969,-0.001000</coordinates>
</Point>
<ExtendedData>
	<Data name="IconNumber">
		<value>901001</value>
	</Data>
</ExtendedData>
</Placemark>
<Placemark>
<name>JV0321</name>
<TimeStamp><when>2026-09-23T10:23:40Z</when></TimeStamp>
<styleUrl>#route</styleUrl>
<Point>
<coordinates>137.235874,34.623090,-0.001000</coordinates>
</Point>
<ExtendedData>
	<Data name="IconNumber">
		<value>901001</value>
	</Data>
</ExtendedData>
</Placemark>
<Placemark>
<name>JV0322</name>
<TimeStamp><when>2026-09-23T10:23:50Z</when></TimeStamp>
<styleUrl>#route</styleUrl>
<Point>
<coordinates>137.236636,34.623364,-0.001000</coordinates>
</Point>
<ExtendedData>
	<Data name="IconNumber">
		<value>901001</value>
	</Data>
</ExtendedData>
</Placemark>
<Placemark>
<name>JV0323</name>
<TimeStamp><when>2026-09-23T10:24:00Z</when></TimeStamp>
<styleUrl>#route</styleUrl>
<Point>
<coordinates>137.237773,34.623725,-0.001000</coordinates>
</Point>
<ExtendedData>
	<Data name="IconNumber">
		<value>901001</value>
	</Data>
</ExtendedData>
</Placemark>
<Placemark>
<name>JV0324</name>
<TimeStamp><when>2026-09-23T10:24:10Z</when></TimeStamp>
<styleUrl>#route</styleUrl>
<Point>
<coordinates>137.238406,34.623896,-0.001000</coordinates>
</Point>
<ExtendedData>
	<Data name="IconNumber">
		<value>901001</value>
	</Data>
</ExtendedData>
</Placemark>
<Placemark>
<name>JV0325</name>
<TimeStamp><when>2026-09-23T10:24:20Z</when></TimeStamp>
<styleUrl>#route</styleUrl>
<Point>
<coordinates>137.239115,34.624060,-0.001000</coordinates>
</Point>
<ExtendedData>
	<Data name="IconNumber">
		<value>901001</value>
	</Data>
</ExtendedData>
</Placemark>
<Placemark>
<name>JV0326</name>
<TimeStamp><when>2026-09-23T10:24:30Z</when></TimeStamp>
<styleUrl>#route</styleUrl>
<Point>
<coordinates>137.241561,34.624592,-0.001000</coordinates>
</Point>
<ExtendedData>
	<Data name="IconNumber">
		<value>901001</value>
	</Data>
</ExtendedData>
</Placemark>
<Placemark>
<name>JV0327</name>
<TimeStamp><when>2026-09-23T10:24:40Z</when></TimeStamp>
<styleUrl>#route</styleUrl>
<Point>
<coordinates>137.243996,34.625115,-0.001000</coordinates>
</Point>
<ExtendedData>
	<Data name="IconNumber">
		<value>901001</value>
	</Data>
</ExtendedData>
</Placemark>
<Placemark>
<name>JV0328</name>
<TimeStamp><when>2026-09-23T10:24:50Z</when></TimeStamp>
<styleUrl>#route</styleUrl>
<Point>
<coordinates>137.244200,34.625201,-0.001000</coordinates>
</Point>
<ExtendedData>
	<Data name="IconNumber">
		<value>901001</value>
	</Data>
</ExtendedData>
</Placemark>
<Placemark>
<name>JV0329</name>
<TimeStamp><when>2026-09-23T10:25:00Z</when></TimeStamp>
<styleUrl>#route</styleUrl>
<Point>
<coordinates>137.244479,34.625364,-0.001000</coordinates>
</Point>
<ExtendedData>
	<Data name="IconNumber">
		<value>901001</value>
	</Data>
</ExtendedData>
</Placemark>
<Placemark>
<name>JV0330</name>
<TimeStamp><when>2026-09-23T10:25:10Z</when></TimeStamp>
<styleUrl>#route</styleUrl>
<Point>
<coordinates>137.245541,34.626145,-0.001000</coordinates>
</Point>
<ExtendedData>
	<Data name="IconNumber">
		<value>901001</value>
	</Data>
</ExtendedData>
</Placemark>
<Placemark>
<name>JV0331</name>
<TimeStamp><when>2026-09-23T10:25:20Z</when></TimeStamp>
<styleUrl>#route</styleUrl>
<Point>
<coordinates>137.246217,34.626660,-0.001000</coordinates>
</Point>
<ExtendedData>
	<Data name="IconNumber">
		<value>901001</value>
	</Data>
</ExtendedData>
</Placemark>
<Placemark>
<name>JV0332</name>
<TimeStamp><when>2026-09-23T10:25:30Z</when></TimeStamp>
<styleUrl>#route</styleUrl>
<Point>
<coordinates>137.246389,34.626780,-0.001000</coordinates>
</Point>
<ExtendedData>
	<Data name="IconNumber">
		<value>901001</value>
	</Data>
</ExtendedData>
</Placemark>
<Placemark>
<name>JV0333</name>
<TimeStamp><when>2026-09-23T10:25:40Z</when></TimeStamp>
<styleUrl>#route</styleUrl>
<Point>
<coordinates>137.246550,34.626883,-0.001000</coordinates>
</Point>
<ExtendedData>
	<Data name="IconNumber">
		<value>901001</value>
	</Data>
</ExtendedData>
</Placemark>
<Placemark>
<name>JV0334</name>
<TimeStamp><when>2026-09-23T10:25:50Z</when></TimeStamp>
<styleUrl>#route</styleUrl>
<Point>
<coordinates>137.246775,34.626986,-0.001000</coordinates>
</Point>
<ExtendedData>
	<Data name="IconNumber">
		<value>901001</value>
	</Data>
</ExtendedData>
</Placemark>
<Placemark>
<name>JV0335</name>
<TimeStamp><when>2026-09-23T10:26:00Z</when></TimeStamp>
<styleUrl>#route</styleUrl>
<Point>
<coordinates>137.247665,34.627321,-0.001000</coordinates>
</Point>
<ExtendedData>
	<Data name="IconNumber">
		<value>901001</value>
	</Data>
</ExtendedData>
</Placemark>
<Placemark>
<name>JV0336</name>
<TimeStamp><when>2026-09-23T10:26:10Z</when></TimeStamp>
<styleUrl>#route</styleUrl>
<Point>
<coordinates>137.248062,34.627519,-0.001000</coordinates>
</Point>
<ExtendedData>
	<Data name="IconNumber">
		<value>901001</value>
	</Data>
</ExtendedData>
</Placemark>
<Placemark>
<name>JV0337</name>
<TimeStamp><when>2026-09-23T10:26:20Z</when></TimeStamp>
<styleUrl>#route</styleUrl>
<Point>
<coordinates>137.248363,34.627682,-0.001000</coordinates>
</Point>
<ExtendedData>
	<Data name="IconNumber">
		<value>901001</value>
	</Data>
</ExtendedData>
</Placemark>
<Placemark>
<name>JV0338</name>
<TimeStamp><when>2026-09-23T10:26:30Z</when></TimeStamp>
<styleUrl>#route</styleUrl>
<Point>
<coordinates>137.252236,34.629922,-0.001000</coordinates>
</Point>
<ExtendedData>
	<Data name="IconNumber">
		<value>901001</value>
	</Data>
</ExtendedData>
</Placemark>
<Placemark>
<name>JV0339</name>
<TimeStamp><when>2026-09-23T10:26:40Z</when></TimeStamp>
<styleUrl>#route</styleUrl>
<Point>
<coordinates>137.253995,34.630917,-0.001000</coordinates>
</Point>
<ExtendedData>
	<Data name="IconNumber">
		<value>901001</value>
	</Data>
</ExtendedData>
</Placemark>
<Placemark>
<name>JV0340</name>
<TimeStamp><when>2026-09-23T10:26:50Z</when></TimeStamp>
<styleUrl>#route</styleUrl>
<Point>
<coordinates>137.254242,34.631055,-0.001000</coordinates>
</Point>
<ExtendedData>
	<Data name="IconNumber">
		<value>901001</value>
	</Data>
</ExtendedData>
</Placemark>
<Placemark>
<name>JV0341</name>
<TimeStamp><when>2026-09-23T10:27:00Z</when></TimeStamp>
<styleUrl>#route</styleUrl>
<Point>
<coordinates>137.254371,34.631123,-0.001000</coordinates>
</Point>
<ExtendedData>
	<Data name="IconNumber">
		<value>901001</value>
	</Data>
</ExtendedData>
</Placemark>
<Placemark>
<name>JV0342</name>
<TimeStamp><when>2026-09-23T10:27:10Z</when></TimeStamp>
<styleUrl>#route</styleUrl>
<Point>
<coordinates>137.254575,34.631201,-0.001000</coordinates>
</Point>
<ExtendedData>
	<Data name="IconNumber">
		<value>901001</value>
	</Data>
</ExtendedData>
</Placemark>
<Placemark>
<name>JV0343</name>
<TimeStamp><when>2026-09-23T10:27:20Z</when></TimeStamp>
<styleUrl>#route</styleUrl>
<Point>
<coordinates>137.254886,34.631278,-0.001000</coordinates>
</Point>
<ExtendedData>
	<Data name="IconNumber">
		<value>901001</value>
	</Data>
</ExtendedData>
</Placemark>
<Placemark>
<name>JV0344</name>
<TimeStamp><when>2026-09-23T10:27:30Z</when></TimeStamp>
<styleUrl>#route</styleUrl>
<Point>
<coordinates>137.256206,34.631527,-0.001000</coordinates>
</Point>
<ExtendedData>
	<Data name="IconNumber">
		<value>901001</value>
	</Data>
</ExtendedData>
</Placemark>
<Placemark>
<name>JV0345</name>
<TimeStamp><when>2026-09-23T10:27:40Z</when></TimeStamp>
<styleUrl>#route</styleUrl>
<Point>
<coordinates>137.260433,34.632411,-0.001000</coordinates>
</Point>
<ExtendedData>
	<Data name="IconNumber">
		<value>901001</value>
	</Data>
</ExtendedData>
</Placemark>
<Placemark>
<name>JV0346</name>
<TimeStamp><when>2026-09-23T10:27:50Z</when></TimeStamp>
<styleUrl>#route</styleUrl>
<Point>
<coordinates>137.265465,34.633467,-0.001000</coordinates>
</Point>
<ExtendedData>
	<Data name="IconNumber">
		<value>901001</value>
	</Data>
</ExtendedData>
</Placemark>
<Placemark>
<name>JV0347</name>
<TimeStamp><when>2026-09-23T10:28:00Z</when></TimeStamp>
<styleUrl>#route</styleUrl>
<Point>
<coordinates>137.268479,34.634119,-0.001000</coordinates>
</Point>
<ExtendedData>
	<Data name="IconNumber">
		<value>901001</value>
	</Data>
</ExtendedData>
</Placemark>
<Placemark>
<name>JV0348</name>
<TimeStamp><when>2026-09-23T10:28:10Z</when></TimeStamp>
<styleUrl>#route</styleUrl>
<Point>
<coordinates>137.271172,34.634677,-0.001000</coordinates>
</Point>
<ExtendedData>
	<Data name="IconNumber">
		<value>901001</value>
	</Data>
</ExtendedData>
</Placemark>
<Placemark>
<name>JV0349</name>
<TimeStamp><when>2026-09-23T10:28:20Z</when></TimeStamp>
<styleUrl>#route</styleUrl>
<Point>
<coordinates>137.272267,34.634891,-0.001000</coordinates>
</Point>
<ExtendedData>
	<Data name="IconNumber">
		<value>901001</value>
	</Data>
</ExtendedData>
</Placemark>
<Placemark>
<name>JV0350</name>
<TimeStamp><when>2026-09-23T10:28:30Z</when></TimeStamp>
<styleUrl>#route</styleUrl>
<Point>
<coordinates>137.275560,34.635604,-0.001000</coordinates>
</Point>
<ExtendedData>
	<Data name="IconNumber">
		<value>901001</value>
	</Data>
</ExtendedData>
</Placemark>
<Placemark>
<name>JV0351</name>
<TimeStamp><when>2026-09-23T10:28:40Z</when></TimeStamp>
<styleUrl>#route</styleUrl>
<Point>
<coordinates>137.276344,34.635784,-0.001000</coordinates>
</Point>
<ExtendedData>
	<Data name="IconNumber">
		<value>901001</value>
	</Data>
</ExtendedData>
</Placemark>
<Placemark>
<name>JV0352</name>
<TimeStamp><when>2026-09-23T10:28:50Z</when></TimeStamp>
<styleUrl>#route</styleUrl>
<Point>
<coordinates>137.279079,34.636462,-0.001000</coordinates>
</Point>
<ExtendedData>
	<Data name="IconNumber">
		<value>901001</value>
	</Data>
</ExtendedData>
</Placemark>
<Placemark>
<name>JV0353</name>
<TimeStamp><when>2026-09-23T10:29:00Z</when></TimeStamp>
<styleUrl>#route</styleUrl>
<Point>
<coordinates>137.280421,34.636797,-0.001000</coordinates>
</Point>
<ExtendedData>
	<Data name="IconNumber">
		<value>901001</value>
	</Data>
</ExtendedData>
</Placemark>
<Placemark>
<name>JV0354</name>
<TimeStamp><when>2026-09-23T10:29:10Z</when></TimeStamp>
<styleUrl>#route</styleUrl>
<Point>
<coordinates>137.280946,34.636960,-0.001000</coordinates>
</Point>
<ExtendedData>
	<Data name="IconNumber">
		<value>901001</value>
	</Data>
</ExtendedData>
</Placemark>
<Placemark>
<name>JV0355</name>
<TimeStamp><when>2026-09-23T10:29:20Z</when></TimeStamp>
<styleUrl>#route</styleUrl>
<Point>
<coordinates>137.281794,34.637252,-0.001000</coordinates>
</Point>
<ExtendedData>
	<Data name="IconNumber">
		<value>901001</value>
	</Data>
</ExtendedData>
</Placemark>
<Placemark>
<name>JV0356</name>
<TimeStamp><when>2026-09-23T10:29:30Z</when></TimeStamp>
<styleUrl>#route</styleUrl>
<Point>
<coordinates>137.283382,34.637861,-0.001000</coordinates>
</Point>
<ExtendedData>
	<Data name="IconNumber">
		<value>901001</value>
	</Data>
</ExtendedData>
</Placemark>
<Placemark>
<name>JV0357</name>
<TimeStamp><when>2026-09-23T10:29:40Z</when></TimeStamp>
<styleUrl>#route</styleUrl>
<Point>
<coordinates>137.284991,34.638505,-0.001000</coordinates>
</Point>
<ExtendedData>
	<Data name="IconNumber">
		<value>901001</value>
	</Data>
</ExtendedData>
</Placemark>
<Placemark>
<name>JV0358</name>
<TimeStamp><when>2026-09-23T10:29:50Z</when></TimeStamp>
<styleUrl>#route</styleUrl>
<Point>
<coordinates>137.287319,34.639526,-0.001000</coordinates>
</Point>
<ExtendedData>
	<Data name="IconNumber">
		<value>901001</value>
	</Data>
</ExtendedData>
</Placemark>
<Placemark>
<name>JV0359</name>
<TimeStamp><when>2026-09-23T10:30:00Z</when></TimeStamp>
<styleUrl>#route</styleUrl>
<Point>
<coordinates>137.288038,34.639870,-0.001000</coordinates>
</Point>
<ExtendedData>
	<Data name="IconNumber">
		<value>901001</value>
	</Data>
</ExtendedData>
</Placemark>
<Placemark>
<name>JV0360</name>
<TimeStamp><when>2026-09-23T10:30:10Z</when></TimeStamp>
<styleUrl>#route</styleUrl>
<Point>
<coordinates>137.290141,34.640857,-0.001000</coordinates>
</Point>
<ExtendedData>
	<Data name="IconNumber">
		<value>901001</value>
	</Data>
</ExtendedData>
</Placemark>
<Placemark>
<name>JV0361</name>
<TimeStamp><when>2026-09-23T10:30:20Z</when></TimeStamp>
<styleUrl>#route</styleUrl>
<Point>
<coordinates>137.290484,34.640977,-0.001000</coordinates>
</Point>
<ExtendedData>
	<Data name="IconNumber">
		<value>901001</value>
	</Data>
</ExtendedData>
</Placemark>
<Placemark>
<name>JV0362</name>
<TimeStamp><when>2026-09-23T10:30:30Z</when></TimeStamp>
<styleUrl>#route</styleUrl>
<Point>
<coordinates>137.291031,34.641097,-0.001000</coordinates>
</Point>
<ExtendedData>
	<Data name="IconNumber">
		<value>901001</value>
	</Data>
</ExtendedData>
</Placemark>
<Placemark>
<name>JV0363</name>
<TimeStamp><when>2026-09-23T10:30:40Z</when></TimeStamp>
<styleUrl>#route</styleUrl>
<Point>
<coordinates>137.294744,34.641938,-0.001000</coordinates>
</Point>
<ExtendedData>
	<Data name="IconNumber">
		<value>901001</value>
	</Data>
</ExtendedData>
</Placemark>
<Placemark>
<name>JV0364</name>
<TimeStamp><when>2026-09-23T10:30:50Z</when></TimeStamp>
<styleUrl>#route</styleUrl>
<Point>
<coordinates>137.294990,34.642007,-0.001000</coordinates>
</Point>
<ExtendedData>
	<Data name="IconNumber">
		<value>901001</value>
	</Data>
</ExtendedData>
</Placemark>
<Placemark>
<name>JV0365</name>
<TimeStamp><when>2026-09-23T10:31:00Z</when></TimeStamp>
<styleUrl>#route</styleUrl>
<Point>
<coordinates>137.295162,34.642075,-0.001000</coordinates>
</Point>
<ExtendedData>
	<Data name="IconNumber">
		<value>901001</value>
	</Data>
</ExtendedData>
</Placemark>
<Placemark>
<name>JV0366</name>
<TimeStamp><when>2026-09-23T10:31:10Z</when></TimeStamp>
<styleUrl>#route</styleUrl>
<Point>
<coordinates>137.295377,34.642196,-0.001000</coordinates>
</Point>
<ExtendedData>
	<Data name="IconNumber">
		<value>901001</value>
	</Data>
</ExtendedData>
</Placemark>
<Placemark>
<name>JV0367</name>
<TimeStamp><when>2026-09-23T10:31:20Z</when></TimeStamp>
<styleUrl>#route</styleUrl>
<Point>
<coordinates>137.296042,34.642633,-0.001000</coordinates>
</Point>
<ExtendedData>
	<Data name="IconNumber">
		<value>901001</value>
	</Data>
</ExtendedData>
</Placemark>
<Placemark>
<name>JV0368</name>
<TimeStamp><when>2026-09-23T10:31:30Z</when></TimeStamp>
<styleUrl>#route</styleUrl>
<Point>
<coordinates>137.297179,34.643354,-0.001000</coordinates>
</Point>
<ExtendedData>
	<Data name="IconNumber">
		<value>901001</value>
	</Data>
</ExtendedData>
</Placemark>
<Placemark>
<name>JV0369</name>
<TimeStamp><when>2026-09-23T10:31:40Z</when></TimeStamp>
<styleUrl>#route</styleUrl>
<Point>
<coordinates>137.297533,34.643500,-0.001000</coordinates>
</Point>
<ExtendedData>
	<Data name="IconNumber">
		<value>901001</value>
	</Data>
</ExtendedData>
</Placemark>
<Placemark>
<name>JV0370</name>
<TimeStamp><when>2026-09-23T10:31:50Z</when></TimeStamp>
<styleUrl>#route</styleUrl>
<Point>
<coordinates>137.297866,34.643603,-0.001000</coordinates>
</Point>
<ExtendedData>
	<Data name="IconNumber">
		<value>901001</value>
	</Data>
</ExtendedData>
</Placemark>
<Placemark>
<name>JV0371</name>
<TimeStamp><when>2026-09-23T10:32:00Z</when></TimeStamp>
<styleUrl>#route</styleUrl>
<Point>
<coordinates>137.298273,34.643723,-0.001000</coordinates>
</Point>
<ExtendedData>
	<Data name="IconNumber">
		<value>901001</value>
	</Data>
</ExtendedData>
</Placemark>
<Placemark>
<name>JV0372</name>
<TimeStamp><when>2026-09-23T10:32:10Z</when></TimeStamp>
<styleUrl>#route</styleUrl>
<Point>
<coordinates>137.298542,34.643801,-0.001000</coordinates>
</Point>
<ExtendedData>
	<Data name="IconNumber">
		<value>901001</value>
	</Data>
</ExtendedData>
</Placemark>
<Placemark>
<name>JV0373</name>
<TimeStamp><when>2026-09-23T10:32:20Z</when></TimeStamp>
<styleUrl>#route</styleUrl>
<Point>
<coordinates>137.298863,34.643869,-0.001000</coordinates>
</Point>
<ExtendedData>
	<Data name="IconNumber">
		<value>901001</value>
	</Data>
</ExtendedData>
</Placemark>
<Placemark>
<name>JV0374</name>
<TimeStamp><when>2026-09-23T10:32:30Z</when></TimeStamp>
<styleUrl>#route</styleUrl>
<Point>
<coordinates>137.299475,34.643972,-0.001000</coordinates>
</Point>
<ExtendedData>
	<Data name="IconNumber">
		<value>901001</value>
	</Data>
</ExtendedData>
</Placemark>
<Placemark>
<name>JV0375</name>
<TimeStamp><when>2026-09-23T10:32:40Z</when></TimeStamp>
<styleUrl>#route</styleUrl>
<Point>
<coordinates>137.300677,34.644152,-0.001000</coordinates>
</Point>
<ExtendedData>
	<Data name="IconNumber">
		<value>901001</value>
	</Data>
</ExtendedData>
</Placemark>
<Placemark>
<name>JV0376</name>
<TimeStamp><when>2026-09-23T10:32:50Z</when></TimeStamp>
<styleUrl>#route</styleUrl>
<Point>
<coordinates>137.301503,34.644264,-0.001000</coordinates>
</Point>
<ExtendedData>
	<Data name="IconNumber">
		<value>901001</value>
	</Data>
</ExtendedData>
</Placemark>
<Placemark>
<name>JV0377</name>
<TimeStamp><when>2026-09-23T10:33:00Z</when></TimeStamp>
<styleUrl>#route</styleUrl>
<Point>
<coordinates>137.302876,34.644479,-0.001000</coordinates>
</Point>
<ExtendedData>
	<Data name="IconNumber">
		<value>901001</value>
	</Data>
</ExtendedData>
</Placemark>
<Placemark>
<name>JV0378</name>
<TimeStamp><when>2026-09-23T10:33:10Z</when></TimeStamp>
<styleUrl>#route</styleUrl>
<Point>
<coordinates>137.303831,34.644616,-0.001000</coordinates>
</Point>
<ExtendedData>
	<Data name="IconNumber">
		<value>901001</value>
	</Data>
</ExtendedData>
</Placemark>
<Placemark>
<name>JV0379</name>
<TimeStamp><when>2026-09-23T10:33:20Z</when></TimeStamp>
<styleUrl>#route</styleUrl>
<Point>
<coordinates>137.304904,34.644770,-0.001000</coordinates>
</Point>
<ExtendedData>
	<Data name="IconNumber">
		<value>901001</value>
	</Data>
</ExtendedData>
</Placemark>
<Placemark>
<name>JV0380</name>
<TimeStamp><when>2026-09-23T10:33:30Z</when></TimeStamp>
<styleUrl>#route</styleUrl>
<Point>
<coordinates>137.305429,34.644839,-0.001000</coordinates>
</Point>
<ExtendedData>
	<Data name="IconNumber">
		<value>901001</value>
	</Data>
</ExtendedData>
</Placemark>
<Placemark>
<name>JV0381</name>
<TimeStamp><when>2026-09-23T10:33:40Z</when></TimeStamp>
<styleUrl>#route</styleUrl>
<Point>
<coordinates>137.305719,34.644882,-0.001000</coordinates>
</Point>
<ExtendedData>
	<Data name="IconNumber">
		<value>901001</value>
	</Data>
</ExtendedData>
</Placemark>
<Placemark>
<name>JV0382</name>
<TimeStamp><when>2026-09-23T10:33:50Z</when></TimeStamp>
<styleUrl>#route</styleUrl>
<Point>
<coordinates>137.305902,34.644891,-0.001000</coordinates>
</Point>
<ExtendedData>
	<Data name="IconNumber">
		<value>901001</value>
	</Data>
</ExtendedData>
</Placemark>
<Placemark>
<name>JV0383</name>
<TimeStamp><when>2026-09-23T10:34:00Z</when></TimeStamp>
<styleUrl>#route</styleUrl>
<Point>
<coordinates>137.306331,34.644899,-0.001000</coordinates>
</Point>
<ExtendedData>
	<Data name="IconNumber">
		<value>901001</value>
	</Data>
</ExtendedData>
</Placemark>
<Placemark>
<name>JV0384</name>
<TimeStamp><when>2026-09-23T10:34:10Z</when></TimeStamp>
<styleUrl>#route</styleUrl>
<Point>
<coordinates>137.306567,34.644899,-0.001000</coordinates>
</Point>
<ExtendedData>
	<Data name="IconNumber">
		<value>901001</value>
	</Data>
</ExtendedData>
</Placemark>
<Placemark>
<name>JV0385</name>
<TimeStamp><when>2026-09-23T10:34:20Z</when></TimeStamp>
<styleUrl>#route</styleUrl>
<Point>
<coordinates>137.306824,34.644891,-0.001000</coordinates>
</Point>
<ExtendedData>
	<Data name="IconNumber">
		<value>901001</value>
	</Data>
</ExtendedData>
</Placemark>
<Placemark>
<name>JV0386</name>
<TimeStamp><when>2026-09-23T10:34:30Z</when></TimeStamp>
<styleUrl>#route</styleUrl>
<Point>
<coordinates>137.306937,34.644899,-0.001000</coordinates>
</Point>
<ExtendedData>
	<Data name="IconNumber">
		<value>901001</value>
	</Data>
</ExtendedData>
</Placemark>
<Placemark>
<name>JV0387</name>
<TimeStamp><when>2026-09-23T10:34:40Z</when></TimeStamp>
<styleUrl>#route</styleUrl>
<Point>
<coordinates>137.307103,34.644882,-0.001000</coordinates>
</Point>
<ExtendedData>
	<Data name="IconNumber">
		<value>901001</value>
	</Data>
</ExtendedData>
</Placemark>
<Placemark>
<name>JV0388</name>
<TimeStamp><when>2026-09-23T10:34:50Z</when></TimeStamp>
<styleUrl>#route</styleUrl>
<Point>
<coordinates>137.307259,34.644865,-0.001000</coordinates>
</Point>
<ExtendedData>
	<Data name="IconNumber">
		<value>901001</value>
	</Data>
</ExtendedData>
</Placemark>
<Placemark>
<name>JV0389</name>
<TimeStamp><when>2026-09-23T10:35:00Z</when></TimeStamp>
<styleUrl>#route</styleUrl>
<Point>
<coordinates>137.307446,34.644831,-0.001000</coordinates>
</Point>
<ExtendedData>
	<Data name="IconNumber">
		<value>901001</value>
	</Data>
</ExtendedData>
</Placemark>
<Placemark>
<name>JV0390</name>
<TimeStamp><when>2026-09-23T10:35:10Z</when></TimeStamp>
<styleUrl>#route</styleUrl>
<Point>
<coordinates>137.307758,34.644745,-0.001000</coordinates>
</Point>
<ExtendedData>
	<Data name="IconNumber">
		<value>901001</value>
	</Data>
</ExtendedData>
</Placemark>
<Placemark>
<name>JV0391</name>
<TimeStamp><when>2026-09-23T10:35:20Z</when></TimeStamp>
<styleUrl>#route</styleUrl>
<Point>
<coordinates>137.308316,34.644573,-0.001000</coordinates>
</Point>
<ExtendedData>
	<Data name="IconNumber">
		<value>901001</value>
	</Data>
</ExtendedData>
</Placemark>
<Placemark>
<name>JV0392</name>
<TimeStamp><when>2026-09-23T10:35:30Z</when></TimeStamp>
<styleUrl>#route</styleUrl>
<Point>
<coordinates>137.308691,34.644470,-0.001000</coordinates>
</Point>
<ExtendedData>
	<Data name="IconNumber">
		<value>901001</value>
	</Data>
</ExtendedData>
</Placemark>
<Placemark>
<name>JV0393</name>
<TimeStamp><when>2026-09-23T10:35:40Z</when></TimeStamp>
<styleUrl>#route</styleUrl>
<Point>
<coordinates>137.308852,34.644453,-0.001000</coordinates>
</Point>
<ExtendedData>
	<Data name="IconNumber">
		<value>901001</value>
	</Data>
</ExtendedData>
</Placemark>
<Placemark>
<name>JV0394</name>
<TimeStamp><when>2026-09-23T10:35:50Z</when></TimeStamp>
<styleUrl>#route</styleUrl>
<Point>
<coordinates>137.309013,34.644461,-0.001000</coordinates>
</Point>
<ExtendedData>
	<Data name="IconNumber">
		<value>901001</value>
	</Data>
</ExtendedData>
</Placemark>
<Placemark>
<name>JV0395</name>
<TimeStamp><when>2026-09-23T10:36:00Z</when></TimeStamp>
<styleUrl>#route</styleUrl>
<Point>
<coordinates>137.309217,34.644487,-0.001000</coordinates>
</Point>
<ExtendedData>
	<Data name="IconNumber">
		<value>901001</value>
	</Data>
</ExtendedData>
</Placemark>
<Placemark>
<name>JV0396</name>
<TimeStamp><when>2026-09-23T10:36:10Z</when></TimeStamp>
<styleUrl>#route</styleUrl>
<Point>
<coordinates>137.309485,34.644556,-0.001000</coordinates>
</Point>
<ExtendedData>
	<Data name="IconNumber">
		<value>901001</value>
	</Data>
</ExtendedData>
</Placemark>
<Placemark>
<name>JV0397</name>
<TimeStamp><when>2026-09-23T10:36:20Z</when></TimeStamp>
<styleUrl>#route</styleUrl>
<Point>
<coordinates>137.310333,34.644891,-0.001000</coordinates>
</Point>
<ExtendedData>
	<Data name="IconNumber">
		<value>901001</value>
	</Data>
</ExtendedData>
</Placemark>
<Placemark>
<name>JV0398</name>
<TimeStamp><when>2026-09-23T10:36:30Z</when></TimeStamp>
<styleUrl>#route</styleUrl>
<Point>
<coordinates>137.312060,34.645603,-0.001000</coordinates>
</Point>
<ExtendedData>
	<Data name="IconNumber">
		<value>901001</value>
	</Data>
</ExtendedData>
</Placemark>
<Placemark>
<name>JV0399</name>
<TimeStamp><when>2026-09-23T10:36:40Z</when></TimeStamp>
<styleUrl>#route</styleUrl>
<Point>
<coordinates>137.314485,34.646547,-0.001000</coordinates>
</Point>
<ExtendedData>
	<Data name="IconNumber">
		<value>901001</value>
	</Data>
</ExtendedData>
</Placemark>
<Placemark>
<name>JV0400</name>
<TimeStamp><when>2026-09-23T10:36:50Z</when></TimeStamp>
<styleUrl>#route</styleUrl>
<Point>
<coordinates>137.315354,34.646916,-0.001000</coordinates>
</Point>
<ExtendedData>
	<Data name="IconNumber">
		<value>901001</value>
	</Data>
</ExtendedData>
</Placemark>
<Placemark>
<name>JV0401</name>
<TimeStamp><when>2026-09-23T10:37:00Z</when></TimeStamp>
<styleUrl>#route</styleUrl>
<Point>
<coordinates>137.316019,34.647157,-0.001000</coordinates>
</Point>
<ExtendedData>
	<Data name="IconNumber">
		<value>901001</value>
	</Data>
</ExtendedData>
</Placemark>
<Placemark>
<name>JV0402</name>
<TimeStamp><when>2026-09-23T10:37:10Z</when></TimeStamp>
<styleUrl>#route</styleUrl>
<Point>
<coordinates>137.318401,34.648118,-0.001000</coordinates>
</Point>
<ExtendedData>
	<Data name="IconNumber">
		<value>901001</value>
	</Data>
</ExtendedData>
</Placemark>
<Placemark>
<name>JV0403</name>
<TimeStamp><when>2026-09-23T10:37:20Z</when></TimeStamp>
<styleUrl>#route</styleUrl>
<Point>
<coordinates>137.319109,34.648375,-0.001000</coordinates>
</Point>
<ExtendedData>
	<Data name="IconNumber">
		<value>901001</value>
	</Data>
</ExtendedData>
</Placemark>
<Placemark>
<name>JV0404</name>
<TimeStamp><when>2026-09-23T10:37:30Z</when></TimeStamp>
<styleUrl>#route</styleUrl>
<Point>
<coordinates>137.319828,34.648667,-0.001000</coordinates>
</Point>
<ExtendedData>
	<Data name="IconNumber">
		<value>901001</value>
	</Data>
</ExtendedData>
</Placemark>
<Placemark>
<name>JV0405</name>
<TimeStamp><when>2026-09-23T10:37:40Z</when></TimeStamp>
<styleUrl>#route</styleUrl>
<Point>
<coordinates>137.320160,34.648787,-0.001000</coordinates>
</Point>
<ExtendedData>
	<Data name="IconNumber">
		<value>901001</value>
	</Data>
</ExtendedData>
</Placemark>
<Placemark>
<name>JV0406</name>
<TimeStamp><when>2026-09-23T10:37:50Z</when></TimeStamp>
<styleUrl>#route</styleUrl>
<Point>
<coordinates>137.320439,34.648865,-0.001000</coordinates>
</Point>
<ExtendedData>
	<Data name="IconNumber">
		<value>901001</value>
	</Data>
</ExtendedData>
</Placemark>
<Placemark>
<name>JV0407</name>
<TimeStamp><when>2026-09-23T10:38:00Z</when></TimeStamp>
<styleUrl>#route</styleUrl>
<Point>
<coordinates>137.320933,34.648950,-0.001000</coordinates>
</Point>
<ExtendedData>
	<Data name="IconNumber">
		<value>901001</value>
	</Data>
</ExtendedData>
</Placemark>
<Placemark>
<name>JV0408</name>
<TimeStamp><when>2026-09-23T10:38:10Z</when></TimeStamp>
<styleUrl>#route</styleUrl>
<Point>
<coordinates>137.321705,34.649053,-0.001000</coordinates>
</Point>
<ExtendedData>
	<Data name="IconNumber">
		<value>901001</value>
	</Data>
</ExtendedData>
</Placemark>
<Placemark>
<name>JV0409</name>
<TimeStamp><when>2026-09-23T10:38:20Z</when></TimeStamp>
<styleUrl>#route</styleUrl>
<Point>
<coordinates>137.322810,34.649199,-0.001000</coordinates>
</Point>
<ExtendedData>
	<Data name="IconNumber">
		<value>901001</value>
	</Data>
</ExtendedData>
</Placemark>
<Placemark>
<name>JV0410</name>
<TimeStamp><when>2026-09-23T10:38:30Z</when></TimeStamp>
<styleUrl>#route</styleUrl>
<Point>
<coordinates>137.327467,34.649834,-0.001000</coordinates>
</Point>
<ExtendedData>
	<Data name="IconNumber">
		<value>901001</value>
	</Data>
</ExtendedData>
</Placemark>
<Placemark>
<name>JV0411</name>
<TimeStamp><when>2026-09-23T10:38:40Z</when></TimeStamp>
<styleUrl>#route</styleUrl>
<Point>
<coordinates>137.328475,34.649998,-0.001000</coordinates>
</Point>
<ExtendedData>
	<Data name="IconNumber">
		<value>901001</value>
	</Data>
</ExtendedData>
</Placemark>
<Placemark>
<name>JV0412</name>
<TimeStamp><when>2026-09-23T10:38:50Z</when></TimeStamp>
<styleUrl>#route</styleUrl>
<Point>
<coordinates>137.329387,34.650152,-0.001000</coordinates>
</Point>
<ExtendedData>
	<Data name="IconNumber">
		<value>901001</value>
	</Data>
</ExtendedData>
</Placemark>
<Placemark>
<name>JV0413</name>
<TimeStamp><when>2026-09-23T10:39:00Z</when></TimeStamp>
<styleUrl>#route</styleUrl>
<Point>
<coordinates>137.329720,34.650229,-0.001000</coordinates>
</Point>
<ExtendedData>
	<Data name="IconNumber">
		<value>901001</value>
	</Data>
</ExtendedData>
</Placemark>
<Placemark>
<name>JV0414</name>
<TimeStamp><when>2026-09-23T10:39:10Z</when></TimeStamp>
<styleUrl>#route</styleUrl>
<Point>
<coordinates>137.329999,34.650307,-0.001000</coordinates>
</Point>
<ExtendedData>
	<Data name="IconNumber">
		<value>901001</value>
	</Data>
</ExtendedData>
</Placemark>
<Placemark>
<name>JV0415</name>
<TimeStamp><when>2026-09-23T10:39:20Z</when></TimeStamp>
<styleUrl>#route</styleUrl>
<Point>
<coordinates>137.330406,34.650444,-0.001000</coordinates>
</Point>
<ExtendedData>
	<Data name="IconNumber">
		<value>901001</value>
	</Data>
</ExtendedData>
</Placemark>
<Placemark>
<name>JV0416</name>
<TimeStamp><when>2026-09-23T10:39:30Z</when></TimeStamp>
<styleUrl>#route</styleUrl>
<Point>
<coordinates>137.332970,34.651345,-0.001000</coordinates>
</Point>
<ExtendedData>
	<Data name="IconNumber">
		<value>901001</value>
	</Data>
</ExtendedData>
</Placemark>
<Placemark>
<name>JV0417</name>
<TimeStamp><when>2026-09-23T10:39:40Z</when></TimeStamp>
<styleUrl>#route</styleUrl>
<Point>
<coordinates>137.333357,34.651431,-0.001000</coordinates>
</Point>
<ExtendedData>
	<Data name="IconNumber">
		<value>901001</value>
	</Data>
</ExtendedData>
</Placemark>
<Placemark>
<name>JV0418</name>
<TimeStamp><when>2026-09-23T10:39:50Z</when></TimeStamp>
<styleUrl>#route</styleUrl>
<Point>
<coordinates>137.333614,34.651448,-0.001000</coordinates>
</Point>
<ExtendedData>
	<Data name="IconNumber">
		<value>901001</value>
	</Data>
</ExtendedData>
</Placemark>
<Placemark>
<name>JV0419</name>
<TimeStamp><when>2026-09-23T10:40:00Z</when></TimeStamp>
<styleUrl>#route</styleUrl>
<Point>
<coordinates>137.335341,34.651405,-0.001000</coordinates>
</Point>
<ExtendedData>
	<Data name="IconNumber">
		<value>901001</value>
	</Data>
</ExtendedData>
</Placemark>
<Placemark>
<name>JV0420</name>
<TimeStamp><when>2026-09-23T10:40:10Z</when></TimeStamp>
<styleUrl>#route</styleUrl>
<Point>
<coordinates>137.338292,34.651302,-0.001000</coordinates>
</Point>
<ExtendedData>
	<Data name="IconNumber">
		<value>901001</value>
	</Data>
</ExtendedData>
</Placemark>
<Placemark>
<name>JV0421</name>
<TimeStamp><when>2026-09-23T10:40:20Z</when></TimeStamp>
<styleUrl>#route</styleUrl>
<Point>
<coordinates>137.339687,34.651302,-0.001000</coordinates>
</Point>
<ExtendedData>
	<Data name="IconNumber">
		<value>901001</value>
	</Data>
</ExtendedData>
</Placemark>
<Placemark>
<name>JV0422</name>
<TimeStamp><when>2026-09-23T10:40:30Z</when></TimeStamp>
<styleUrl>#route</styleUrl>
<Point>
<coordinates>137.339998,34.651319,-0.001000</coordinates>
</Point>
<ExtendedData>
	<Data name="IconNumber">
		<value>901001</value>
	</Data>
</ExtendedData>
</Placemark>
<Placemark>
<name>JV0423</name>
<TimeStamp><when>2026-09-23T10:40:40Z</when></TimeStamp>
<styleUrl>#route</styleUrl>
<Point>
<coordinates>137.340298,34.651345,-0.001000</coordinates>
</Point>
<ExtendedData>
	<Data name="IconNumber">
		<value>901001</value>
	</Data>
</ExtendedData>
</Placemark>
<Placemark>
<name>JV0424</name>
<TimeStamp><when>2026-09-23T10:40:50Z</when></TimeStamp>
<styleUrl>#route</styleUrl>
<Point>
<coordinates>137.340491,34.651388,-0.001000</coordinates>
</Point>
<ExtendedData>
	<Data name="IconNumber">
		<value>901001</value>
	</Data>
</ExtendedData>
</Placemark>
<Placemark>
<name>JV0425</name>
<TimeStamp><when>2026-09-23T10:41:00Z</when></TimeStamp>
<styleUrl>#route</styleUrl>
<Point>
<coordinates>137.340792,34.651465,-0.001000</coordinates>
</Point>
<ExtendedData>
	<Data name="IconNumber">
		<value>901001</value>
	</Data>
</ExtendedData>
</Placemark>
<Placemark>
<name>JV0426</name>
<TimeStamp><when>2026-09-23T10:41:10Z</when></TimeStamp>
<styleUrl>#route</styleUrl>
<Point>
<coordinates>137.341242,34.651628,-0.001000</coordinates>
</Point>
<ExtendedData>
	<Data name="IconNumber">
		<value>901001</value>
	</Data>
</ExtendedData>
</Placemark>
<Placemark>
<name>JV0427</name>
<TimeStamp><when>2026-09-23T10:41:20Z</when></TimeStamp>
<styleUrl>#route</styleUrl>
<Point>
<coordinates>137.341865,34.651886,-0.001000</coordinates>
</Point>
<ExtendedData>
	<Data name="IconNumber">
		<value>901001</value>
	</Data>
</ExtendedData>
</Placemark>
<Placemark>
<name>JV0428</name>
<TimeStamp><when>2026-09-23T10:41:30Z</when></TimeStamp>
<styleUrl>#route</styleUrl>
<Point>
<coordinates>137.344128,34.652881,-0.001000</coordinates>
</Point>
<ExtendedData>
	<Data name="IconNumber">
		<value>901001</value>
	</Data>
</ExtendedData>
</Placemark>
<Placemark>
<name>JV0429</name>
<TimeStamp><when>2026-09-23T10:41:40Z</when></TimeStamp>
<styleUrl>#route</styleUrl>
<Point>
<coordinates>137.347626,34.654358,-0.001000</coordinates>
</Point>
<ExtendedData>
	<Data name="IconNumber">
		<value>901001</value>
	</Data>
</ExtendedData>
</Placemark>
<Placemark>
<name>JV0430</name>
<TimeStamp><when>2026-09-23T10:41:50Z</when></TimeStamp>
<styleUrl>#route</styleUrl>
<Point>
<coordinates>137.348763,34.654856,-0.001000</coordinates>
</Point>
<ExtendedData>
	<Data name="IconNumber">
		<value>901001</value>
	</Data>
</ExtendedData>
</Placemark>
<Placemark>
<name>JV0431</name>
<TimeStamp><when>2026-09-23T10:42:00Z</when></TimeStamp>
<styleUrl>#route</styleUrl>
<Point>
<coordinates>137.349096,34.654967,-0.001000</coordinates>
</Point>
<ExtendedData>
	<Data name="IconNumber">
		<value>901001</value>
	</Data>
</ExtendedData>
</Placemark>
<Placemark>
<name>JV0432</name>
<TimeStamp><when>2026-09-23T10:42:10Z</when></TimeStamp>
<styleUrl>#route</styleUrl>
<Point>
<coordinates>137.349364,34.655049,-0.001000</coordinates>
</Point>
<ExtendedData>
	<Data name="IconNumber">
		<value>901001</value>
	</Data>
</ExtendedData>
</Placemark>
<Placemark>
<name>JV0433</name>
<TimeStamp><when>2026-09-23T10:42:20Z</when></TimeStamp>
<styleUrl>#route</styleUrl>
<Point>
<coordinates>137.349568,34.655092,-0.001000</coordinates>
</Point>
<ExtendedData>
	<Data name="IconNumber">
		<value>901001</value>
	</Data>
</ExtendedData>
</Placemark>
<Placemark>
<name>JV0434</name>
<TimeStamp><when>2026-09-23T10:42:30Z</when></TimeStamp>
<styleUrl>#route</styleUrl>
<Point>
<coordinates>137.349750,34.655130,-0.001000</coordinates>
</Point>
<ExtendedData>
	<Data name="IconNumber">
		<value>901001</value>
	</Data>
</ExtendedData>
</Placemark>
<Placemark>
<name>JV0435</name>
<TimeStamp><when>2026-09-23T10:42:40Z</when></TimeStamp>
<styleUrl>#route</styleUrl>
<Point>
<coordinates>137.350083,34.655177,-0.001000</coordinates>
</Point>
<ExtendedData>
	<Data name="IconNumber">
		<value>901001</value>
	</Data>
</ExtendedData>
</Placemark>
<Placemark>
<name>JV0436</name>
<TimeStamp><when>2026-09-23T10:42:50Z</when></TimeStamp>
<styleUrl>#route</styleUrl>
<Point>
<coordinates>137.350619,34.655212,-0.001000</coordinates>
</Point>
<ExtendedData>
	<Data name="IconNumber">
		<value>901001</value>
	</Data>
</ExtendedData>
</Placemark>
<Placemark>
<name>JV0437</name>
<TimeStamp><when>2026-09-23T10:43:00Z</when></TimeStamp>
<styleUrl>#route</styleUrl>
<Point>
<coordinates>137.351504,34.655268,-0.001000</coordinates>
</Point>
<ExtendedData>
	<Data name="IconNumber">
		<value>901001</value>
	</Data>
</ExtendedData>
</Placemark>
<Placemark>
<name>JV0438</name>
<TimeStamp><when>2026-09-23T10:43:10Z</when></TimeStamp>
<styleUrl>#route</styleUrl>
<Point>
<coordinates>137.351773,34.655310,-0.001000</coordinates>
</Point>
<ExtendedData>
	<Data name="IconNumber">
		<value>901001</value>
	</Data>
</ExtendedData>
</Placemark>
<Placemark>
<name>JV0439</name>
<TimeStamp><when>2026-09-23T10:43:20Z</when></TimeStamp>
<styleUrl>#route</styleUrl>
<Point>
<coordinates>137.351998,34.655362,-0.001000</coordinates>
</Point>
<ExtendedData>
	<Data name="IconNumber">
		<value>901001</value>
	</Data>
</ExtendedData>
</Placemark>
<Placemark>
<name>JV0440</name>
<TimeStamp><when>2026-09-23T10:43:30Z</when></TimeStamp>
<styleUrl>#route</styleUrl>
<Point>
<coordinates>137.353243,34.655825,-0.001000</coordinates>
</Point>
<ExtendedData>
	<Data name="IconNumber">
		<value>901001</value>
	</Data>
</ExtendedData>
</Placemark>
<Placemark>
<name>JV0441</name>
<TimeStamp><when>2026-09-23T10:43:40Z</when></TimeStamp>
<styleUrl>#route</styleUrl>
<Point>
<coordinates>137.353489,34.655954,-0.001000</coordinates>
</Point>
<ExtendedData>
	<Data name="IconNumber">
		<value>901001</value>
	</Data>
</ExtendedData>
</Placemark>
<Placemark>
<name>JV0442</name>
<TimeStamp><when>2026-09-23T10:43:50Z</when></TimeStamp>
<styleUrl>#route</styleUrl>
<Point>
<coordinates>137.353715,34.656100,-0.001000</coordinates>
</Point>
<ExtendedData>
	<Data name="IconNumber">
		<value>901001</value>
	</Data>
</ExtendedData>
</Placemark>
<Placemark>
<name>JV0443</name>
<TimeStamp><when>2026-09-23T10:44:00Z</when></TimeStamp>
<styleUrl>#route</styleUrl>
<Point>
<coordinates>137.356204,34.658160,-0.001000</coordinates>
</Point>
<ExtendedData>
	<Data name="IconNumber">
		<value>901001</value>
	</Data>
</ExtendedData>
</Placemark>
<Placemark>
<name>JV0444</name>
<TimeStamp><when>2026-09-23T10:44:10Z</when></TimeStamp>
<styleUrl>#route</styleUrl>
<Point>
<coordinates>137.356601,34.658418,-0.001000</coordinates>
</Point>
<ExtendedData>
	<Data name="IconNumber">
		<value>901001</value>
	</Data>
</ExtendedData>
</Placemark>
<Placemark>
<name>JV0445</name>
<TimeStamp><when>2026-09-23T10:44:20Z</when></TimeStamp>
<styleUrl>#route</styleUrl>
<Point>
<coordinates>137.357019,34.658589,-0.001000</coordinates>
</Point>
<ExtendedData>
	<Data name="IconNumber">
		<value>901001</value>
	</Data>
</ExtendedData>
</Placemark>
<Placemark>
<name>JV0446</name>
<TimeStamp><when>2026-09-23T10:44:30Z</when></TimeStamp>
<styleUrl>#route</styleUrl>
<Point>
<coordinates>137.358789,34.659242,-0.001000</coordinates>
</Point>
<ExtendedData>
	<Data name="IconNumber">
		<value>901001</value>
	</Data>
</ExtendedData>
</Placemark>
<Placemark>
<name>JV0447</name>
<TimeStamp><when>2026-09-23T10:44:40Z</when></TimeStamp>
<styleUrl>#route</styleUrl>
<Point>
<coordinates>137.360334,34.660066,-0.001000</coordinates>
</Point>
<ExtendedData>
	<Data name="IconNumber">
		<value>901001</value>
	</Data>
</ExtendedData>
</Placemark>
<Placemark>
<name>JV0448</name>
<TimeStamp><when>2026-09-23T10:44:50Z</when></TimeStamp>
<styleUrl>#route</styleUrl>
<Point>
<coordinates>137.360721,34.660297,-0.001000</coordinates>
</Point>
<ExtendedData>
	<Data name="IconNumber">
		<value>901001</value>
	</Data>
</ExtendedData>
</Placemark>
<Placemark>
<name>JV0449</name>
<TimeStamp><when>2026-09-23T10:45:00Z</when></TimeStamp>
<styleUrl>#route</styleUrl>
<Point>
<coordinates>137.360935,34.660426,-0.001000</coordinates>
</Point>
<ExtendedData>
	<Data name="IconNumber">
		<value>901001</value>
	</Data>
</ExtendedData>
</Placemark>
<Placemark>
<name>JV0450</name>
<TimeStamp><when>2026-09-23T10:45:10Z</when></TimeStamp>
<styleUrl>#route</styleUrl>
<Point>
<coordinates>137.361236,34.660529,-0.001000</coordinates>
</Point>
<ExtendedData>
	<Data name="IconNumber">
		<value>901001</value>
	</Data>
</ExtendedData>
</Placemark>
<Placemark>
<name>JV0451</name>
<TimeStamp><when>2026-09-23T10:45:20Z</when></TimeStamp>
<styleUrl>#route</styleUrl>
<Point>
<coordinates>137.361557,34.660598,-0.001000</coordinates>
</Point>
<ExtendedData>
	<Data name="IconNumber">
		<value>901001</value>
	</Data>
</ExtendedData>
</Placemark>
<Placemark>
<name>JV0452</name>
<TimeStamp><when>2026-09-23T10:45:30Z</when></TimeStamp>
<styleUrl>#route</styleUrl>
<Point>
<coordinates>137.365066,34.661044,-0.001000</coordinates>
</Point>
<ExtendedData>
	<Data name="IconNumber">
		<value>901001</value>
	</Data>
</ExtendedData>
</Placemark>
<Placemark>
<name>JV0453</name>
<TimeStamp><when>2026-09-23T10:45:40Z</when></TimeStamp>
<styleUrl>#route</styleUrl>
<Point>
<coordinates>137.365452,34.661130,-0.001000</coordinates>
</Point>
<ExtendedData>
	<Data name="IconNumber">
		<value>901001</value>
	</Data>
</ExtendedData>
</Placemark>
<Placemark>
<name>JV0454</name>
<TimeStamp><when>2026-09-23T10:45:50Z</when></TimeStamp>
<styleUrl>#route</styleUrl>
<Point>
<coordinates>137.366192,34.661353,-0.001000</coordinates>
</Point>
<ExtendedData>
	<Data name="IconNumber">
		<value>901001</value>
	</Data>
</ExtendedData>
</Placemark>
<Placemark>
<name>JV0455</name>
<TimeStamp><when>2026-09-23T10:46:00Z</when></TimeStamp>
<styleUrl>#route</styleUrl>
<Point>
<coordinates>137.367619,34.661748,-0.001000</coordinates>
</Point>
<ExtendedData>
	<Data name="IconNumber">
		<value>901001</value>
	</Data>
</ExtendedData>
</Placemark>
<Placemark>
<name>JV0456</name>
<TimeStamp><when>2026-09-23T10:46:10Z</when></TimeStamp>
<styleUrl>#route</styleUrl>
<Point>
<coordinates>137.369422,34.662297,-0.001000</coordinates>
</Point>
<ExtendedData>
	<Data name="IconNumber">
		<value>901001</value>
	</Data>
</ExtendedData>
</Placemark>
<Placemark>
<name>JV0457</name>
<TimeStamp><when>2026-09-23T10:46:20Z</when></TimeStamp>
<styleUrl>#route</styleUrl>
<Point>
<coordinates>137.370806,34.662701,-0.001000</coordinates>
</Point>
<ExtendedData>
	<Data name="IconNumber">
		<value>901001</value>
	</Data>
</ExtendedData>
</Placemark>
<Placemark>
<name>JV0458</name>
<TimeStamp><when>2026-09-23T10:46:30Z</when></TimeStamp>
<styleUrl>#route</styleUrl>
<Point>
<coordinates>137.372994,34.663353,-0.001000</coordinates>
</Point>
<ExtendedData>
	<Data name="IconNumber">
		<value>901001</value>
	</Data>
</ExtendedData>
</Placemark>
<Placemark>
<name>JV0459</name>
<TimeStamp><when>2026-09-23T10:46:40Z</when></TimeStamp>
<styleUrl>#route</styleUrl>
<Point>
<coordinates>137.373761,34.663567,-0.001000</coordinates>
</Point>
<ExtendedData>
	<Data name="IconNumber">
		<value>901001</value>
	</Data>
</ExtendedData>
</Placemark>
<Placemark>
<name>JV0460</name>
<TimeStamp><when>2026-09-23T10:46:50Z</when></TimeStamp>
<styleUrl>#route</styleUrl>
<Point>
<coordinates>137.373971,34.663653,-0.001000</coordinates>
</Point>
<ExtendedData>
	<Data name="IconNumber">
		<value>901001</value>
	</Data>
</ExtendedData>
</Placemark>
<Placemark>
<name>JV0461</name>
<TimeStamp><when>2026-09-23T10:47:00Z</when></TimeStamp>
<styleUrl>#route</styleUrl>
<Point>
<coordinates>137.374099,34.663718,-0.001000</coordinates>
</Point>
<ExtendedData>
	<Data name="IconNumber">
		<value>901001</value>
	</Data>
</ExtendedData>
</Placemark>
<Placemark>
<name>JV0462</name>
<TimeStamp><when>2026-09-23T10:47:10Z</when></TimeStamp>
<styleUrl>#route</styleUrl>
<Point>
<coordinates>137.374260,34.663816,-0.001000</coordinates>
</Point>
<ExtendedData>
	<Data name="IconNumber">
		<value>901001</value>
	</Data>
</ExtendedData>
</Placemark>
<Placemark>
<name>JV0463</name>
<TimeStamp><when>2026-09-23T10:47:20Z</when></TimeStamp>
<styleUrl>#route</styleUrl>
<Point>
<coordinates>137.374421,34.663936,-0.001000</coordinates>
</Point>
<ExtendedData>
	<Data name="IconNumber">
		<value>901001</value>
	</Data>
</ExtendedData>
</Placemark>
<Placemark>
<name>JV0464</name>
<TimeStamp><when>2026-09-23T10:47:30Z</when></TimeStamp>
<styleUrl>#route</styleUrl>
<Point>
<coordinates>137.375301,34.664632,-0.001000</coordinates>
</Point>
<ExtendedData>
	<Data name="IconNumber">
		<value>901001</value>
	</Data>
</ExtendedData>
</Placemark>
<Placemark>
<name>JV0465</name>
<TimeStamp><when>2026-09-23T10:47:40Z</when></TimeStamp>
<styleUrl>#route</styleUrl>
<Point>
<coordinates>137.375559,34.664821,-0.001000</coordinates>
</Point>
<ExtendedData>
	<Data name="IconNumber">
		<value>901001</value>
	</Data>
</ExtendedData>
</Placemark>
<Placemark>
<name>JV0466</name>
<TimeStamp><when>2026-09-23T10:47:50Z</when></TimeStamp>
<styleUrl>#route</styleUrl>
<Point>
<coordinates>137.375902,34.665009,-0.001000</coordinates>
</Point>
<ExtendedData>
	<Data name="IconNumber">
		<value>901001</value>
	</Data>
</ExtendedData>
</Placemark>
<Placemark>
<name>JV0467</name>
<TimeStamp><when>2026-09-23T10:48:00Z</when></TimeStamp>
<styleUrl>#route</styleUrl>
<Point>
<coordinates>137.376181,34.665112,-0.001000</coordinates>
</Point>
<ExtendedData>
	<Data name="IconNumber">
		<value>901001</value>
	</Data>
</ExtendedData>
</Placemark>
<Placemark>
<name>JV0468</name>
<TimeStamp><when>2026-09-23T10:48:10Z</when></TimeStamp>
<styleUrl>#route</styleUrl>
<Point>
<coordinates>137.377050,34.665336,-0.001000</coordinates>
</Point>
<ExtendedData>
	<Data name="IconNumber">
		<value>901001</value>
	</Data>
</ExtendedData>
</Placemark>
<Placemark>
<name>JV0469</name>
<TimeStamp><when>2026-09-23T10:48:20Z</when></TimeStamp>
<styleUrl>#route</styleUrl>
<Point>
<coordinates>137.378659,34.665799,-0.001000</coordinates>
</Point>
<ExtendedData>
	<Data name="IconNumber">
		<value>901001</value>
	</Data>
</ExtendedData>
</Placemark>
<Placemark>
<name>JV0470</name>
<TimeStamp><when>2026-09-23T10:48:30Z</when></TimeStamp>
<styleUrl>#route</styleUrl>
<Point>
<coordinates>137.379700,34.665988,-0.001000</coordinates>
</Point>
<ExtendedData>
	<Data name="IconNumber">
		<value>901001</value>
	</Data>
</ExtendedData>
</Placemark>
<Placemark>
<name>JV0471</name>
<TimeStamp><when>2026-09-23T10:48:40Z</when></TimeStamp>
<styleUrl>#route</styleUrl>
<Point>
<coordinates>137.380236,34.666056,-0.001000</coordinates>
</Point>
<ExtendedData>
	<Data name="IconNumber">
		<value>901001</value>
	</Data>
</ExtendedData>
</Placemark>
<Placemark>
<name>JV0472</name>
<TimeStamp><when>2026-09-23T10:48:50Z</when></TimeStamp>
<styleUrl>#route</styleUrl>
<Point>
<coordinates>137.381009,34.666117,-0.001000</coordinates>
</Point>
<ExtendedData>
	<Data name="IconNumber">
		<value>901001</value>
	</Data>
</ExtendedData>
</Placemark>
<Placemark>
<name>JV0473</name>
<TimeStamp><when>2026-09-23T10:49:00Z</when></TimeStamp>
<styleUrl>#route</styleUrl>
<Point>
<coordinates>137.381610,34.666142,-0.001000</coordinates>
</Point>
<ExtendedData>
	<Data name="IconNumber">
		<value>901001</value>
	</Data>
</ExtendedData>
</Placemark>
<Placemark>
<name>JV0474</name>
<TimeStamp><when>2026-09-23T10:49:10Z</when></TimeStamp>
<styleUrl>#route</styleUrl>
<Point>
<coordinates>137.382264,34.666134,-0.001000</coordinates>
</Point>
<ExtendedData>
	<Data name="IconNumber">
		<value>901001</value>
	</Data>
</ExtendedData>
</Placemark>
<Placemark>
<name>JV0475</name>
<TimeStamp><when>2026-09-23T10:49:20Z</when></TimeStamp>
<styleUrl>#route</styleUrl>
<Point>
<coordinates>137.383745,34.665928,-0.001000</coordinates>
</Point>
<ExtendedData>
	<Data name="IconNumber">
		<value>901001</value>
	</Data>
</ExtendedData>
</Placemark>
<Placemark>
<name>JV0476</name>
<TimeStamp><when>2026-09-23T10:49:30Z</when></TimeStamp>
<styleUrl>#route</styleUrl>
<Point>
<coordinates>137.385257,34.665842,-0.001000</coordinates>
</Point>
<ExtendedData>
	<Data name="IconNumber">
		<value>901001</value>
	</Data>
</ExtendedData>
</Placemark>
<Placemark>
<name>JV0477</name>
<TimeStamp><when>2026-09-23T10:49:40Z</when></TimeStamp>
<styleUrl>#route</styleUrl>
<Point>
<coordinates>137.386234,34.665722,-0.001000</coordinates>
</Point>
<ExtendedData>
	<Data name="IconNumber">
		<value>901001</value>
	</Data>
</ExtendedData>
</Placemark>
<Placemark>
<name>JV0478</name>
<TimeStamp><when>2026-09-23T10:49:50Z</when></TimeStamp>
<styleUrl>#route</styleUrl>
<Point>
<coordinates>137.386609,34.665696,-0.001000</coordinates>
</Point>
<ExtendedData>
	<Data name="IconNumber">
		<value>901001</value>
	</Data>
</ExtendedData>
</Placemark>
<Placemark>
<name>JV0479</name>
<TimeStamp><when>2026-09-23T10:50:00Z</when></TimeStamp>
<styleUrl>#route</styleUrl>
<Point>
<coordinates>137.386920,34.665696,-0.001000</coordinates>
</Point>
<ExtendedData>
	<Data name="IconNumber">
		<value>901001</value>
	</Data>
</ExtendedData>
</Placemark>
<Placemark>
<name>JV0480</name>
<TimeStamp><when>2026-09-23T10:50:10Z</when></TimeStamp>
<styleUrl>#route</styleUrl>
<Point>
<coordinates>137.387307,34.665739,-0.001000</coordinates>
</Point>
<ExtendedData>
	<Data name="IconNumber">
		<value>901001</value>
	</Data>
</ExtendedData>
</Placemark>
<Placemark>
<name>JV0481</name>
<TimeStamp><when>2026-09-23T10:50:20Z</when></TimeStamp>
<styleUrl>#route</styleUrl>
<Point>
<coordinates>137.387650,34.665808,-0.001000</coordinates>
</Point>
<ExtendedData>
	<Data name="IconNumber">
		<value>901001</value>
	</Data>
</ExtendedData>
</Placemark>
<Placemark>
<name>JV0482</name>
<TimeStamp><when>2026-09-23T10:50:30Z</when></TimeStamp>
<styleUrl>#route</styleUrl>
<Point>
<coordinates>137.387907,34.665876,-0.001000</coordinates>
</Point>
<ExtendedData>
	<Data name="IconNumber">
		<value>901001</value>
	</Data>
</ExtendedData>
</Placemark>
<Placemark>
<name>JV0483</name>
<TimeStamp><when>2026-09-23T10:50:40Z</when></TimeStamp>
<styleUrl>#route</styleUrl>
<Point>
<coordinates>137.388465,34.666065,-0.001000</coordinates>
</Point>
<ExtendedData>
	<Data name="IconNumber">
		<value>901001</value>
	</Data>
</ExtendedData>
</Placemark>
<Placemark>
<name>JV0484</name>
<TimeStamp><when>2026-09-23T10:50:50Z</when></TimeStamp>
<styleUrl>#route</styleUrl>
<Point>
<coordinates>137.389141,34.666305,-0.001000</coordinates>
</Point>
<ExtendedData>
	<Data name="IconNumber">
		<value>901001</value>
	</Data>
</ExtendedData>
</Placemark>
<Placemark>
<name>JV0485</name>
<TimeStamp><when>2026-09-23T10:51:00Z</when></TimeStamp>
<styleUrl>#route</styleUrl>
<Point>
<coordinates>137.389603,34.666460,-0.001000</coordinates>
</Point>
<ExtendedData>
	<Data name="IconNumber">
		<value>901001</value>
	</Data>
</ExtendedData>
</Placemark>
<Placemark>
<name>JV0486</name>
<TimeStamp><when>2026-09-23T10:51:10Z</when></TimeStamp>
<styleUrl>#route</styleUrl>
<Point>
<coordinates>137.390160,34.666674,-0.001000</coordinates>
</Point>
<ExtendedData>
	<Data name="IconNumber">
		<value>901001</value>
	</Data>
</ExtendedData>
</Placemark>
<Placemark>
<name>JV0487</name>
<TimeStamp><when>2026-09-23T10:51:20Z</when></TimeStamp>
<styleUrl>#route</styleUrl>
<Point>
<coordinates>137.390557,34.666812,-0.001000</coordinates>
</Point>
<ExtendedData>
	<Data name="IconNumber">
		<value>901001</value>
	</Data>
</ExtendedData>
</Placemark>
<Placemark>
<name>JV0488</name>
<TimeStamp><when>2026-09-23T10:51:30Z</when></TimeStamp>
<styleUrl>#route</styleUrl>
<Point>
<coordinates>137.390890,34.666880,-0.001000</coordinates>
</Point>
<ExtendedData>
	<Data name="IconNumber">
		<value>901001</value>
	</Data>
</ExtendedData>
</Placemark>
<Placemark>
<name>JV0489</name>
<TimeStamp><when>2026-09-23T10:51:40Z</when></TimeStamp>
<styleUrl>#route</styleUrl>
<Point>
<coordinates>137.392392,34.667112,-0.001000</coordinates>
</Point>
<ExtendedData>
	<Data name="IconNumber">
		<value>901001</value>
	</Data>
</ExtendedData>
</Placemark>
<Placemark>
<name>JV0490</name>
<TimeStamp><when>2026-09-23T10:51:50Z</when></TimeStamp>
<styleUrl>#route</styleUrl>
<Point>
<coordinates>137.392918,34.667181,-0.001000</coordinates>
</Point>
<ExtendedData>
	<Data name="IconNumber">
		<value>901001</value>
	</Data>
</ExtendedData>
</Placemark>
<Placemark>
<name>JV0491</name>
<TimeStamp><when>2026-09-23T10:52:00Z</when></TimeStamp>
<styleUrl>#route</styleUrl>
<Point>
<coordinates>137.393122,34.667181,-0.001000</coordinates>
</Point>
<ExtendedData>
	<Data name="IconNumber">
		<value>901001</value>
	</Data>
</ExtendedData>
</Placemark>
<Placemark>
<name>JV0492</name>
<TimeStamp><when>2026-09-23T10:52:10Z</when></TimeStamp>
<styleUrl>#route</styleUrl>
<Point>
<coordinates>137.393304,34.667164,-0.001000</coordinates>
</Point>
<ExtendedData>
	<Data name="IconNumber">
		<value>901001</value>
	</Data>
</ExtendedData>
</Placemark>
<Placemark>
<name>JV0493</name>
<TimeStamp><when>2026-09-23T10:52:20Z</when></TimeStamp>
<styleUrl>#route</styleUrl>
<Point>
<coordinates>137.393583,34.667095,-0.001000</coordinates>
</Point>
<ExtendedData>
	<Data name="IconNumber">
		<value>901001</value>
	</Data>
</ExtendedData>
</Placemark>
<Placemark>
<name>JV0494</name>
<TimeStamp><when>2026-09-23T10:52:30Z</when></TimeStamp>
<styleUrl>#route</styleUrl>
<Point>
<coordinates>137.393873,34.666983,-0.001000</coordinates>
</Point>
<ExtendedData>
	<Data name="IconNumber">
		<value>901001</value>
	</Data>
</ExtendedData>
</Placemark>
<Placemark>
<name>JV0495</name>
<TimeStamp><when>2026-09-23T10:52:40Z</when></TimeStamp>
<styleUrl>#route</styleUrl>
<Point>
<coordinates>137.394259,34.666777,-0.001000</coordinates>
</Point>
<ExtendedData>
	<Data name="IconNumber">
		<value>901001</value>
	</Data>
</ExtendedData>
</Placemark>
<Placemark>
<name>JV0496</name>
<TimeStamp><when>2026-09-23T10:52:50Z</when></TimeStamp>
<styleUrl>#route</styleUrl>
<Point>
<coordinates>137.396716,34.665567,-0.001000</coordinates>
</Point>
<ExtendedData>
	<Data name="IconNumber">
		<value>901001</value>
	</Data>
</ExtendedData>
</Placemark>
<Placemark>
<name>JV0497</name>
<TimeStamp><when>2026-09-23T10:53:00Z</when></TimeStamp>
<styleUrl>#route</styleUrl>
<Point>
<coordinates>137.396941,34.665499,-0.001000</coordinates>
</Point>
<ExtendedData>
	<Data name="IconNumber">
		<value>901001</value>
	</Data>
</ExtendedData>
</Placemark>
<Placemark>
<name>JV0498</name>
<TimeStamp><when>2026-09-23T10:53:10Z</when></TimeStamp>
<styleUrl>#route</styleUrl>
<Point>
<coordinates>137.397220,34.665439,-0.001000</coordinates>
</Point>
<ExtendedData>
	<Data name="IconNumber">
		<value>901001</value>
	</Data>
</ExtendedData>
</Placemark>
<Placemark>
<name>JV0499</name>
<TimeStamp><when>2026-09-23T10:53:20Z</when></TimeStamp>
<styleUrl>#route</styleUrl>
<Point>
<coordinates>137.397402,34.665421,-0.001000</coordinates>
</Point>
<ExtendedData>
	<Data name="IconNumber">
		<value>901001</value>
	</Data>
</ExtendedData>
</Placemark>
<Placemark>
<name>JV0500</name>
<TimeStamp><when>2026-09-23T10:53:30Z</when></TimeStamp>
<styleUrl>#route</styleUrl>
<Point>
<coordinates>137.400181,34.665361,-0.001000</coordinates>
</Point>
<ExtendedData>
	<Data name="IconNumber">
		<value>901001</value>
	</Data>
</ExtendedData>
</Placemark>
<Placemark>
<name>JV0501</name>
<TimeStamp><when>2026-09-23T10:53:40Z</when></TimeStamp>
<styleUrl>#route</styleUrl>
<Point>
<coordinates>137.401115,34.665361,-0.001000</coordinates>
</Point>
<ExtendedData>
	<Data name="IconNumber">
		<value>901001</value>
	</Data>
</ExtendedData>
</Placemark>
<Placemark>
<name>JV0502</name>
<TimeStamp><when>2026-09-23T10:53:50Z</when></TimeStamp>
<styleUrl>#route</styleUrl>
<Point>
<coordinates>137.401308,34.665396,-0.001000</coordinates>
</Point>
<ExtendedData>
	<Data name="IconNumber">
		<value>901001</value>
	</Data>
</ExtendedData>
</Placemark>
<Placemark>
<name>JV0503</name>
<TimeStamp><when>2026-09-23T10:54:00Z</when></TimeStamp>
<styleUrl>#route</styleUrl>
<Point>
<coordinates>137.401651,34.665499,-0.001000</coordinates>
</Point>
<ExtendedData>
	<Data name="IconNumber">
		<value>901001</value>
	</Data>
</ExtendedData>
</Placemark>
<Placemark>
<name>JV0504</name>
<TimeStamp><when>2026-09-23T10:54:10Z</when></TimeStamp>
<styleUrl>#route</styleUrl>
<Point>
<coordinates>137.401866,34.665602,-0.001000</coordinates>
</Point>
<ExtendedData>
	<Data name="IconNumber">
		<value>901001</value>
	</Data>
</ExtendedData>
</Placemark>
<Placemark>
<name>JV0505</name>
<TimeStamp><when>2026-09-23T10:54:20Z</when></TimeStamp>
<styleUrl>#route</styleUrl>
<Point>
<coordinates>137.404119,34.666769,-0.001000</coordinates>
</Point>
<ExtendedData>
	<Data name="IconNumber">
		<value>901001</value>
	</Data>
</ExtendedData>
</Placemark>
<Placemark>
<name>JV0506</name>
<TimeStamp><when>2026-09-23T10:54:30Z</when></TimeStamp>
<styleUrl>#route</styleUrl>
<Point>
<coordinates>137.406425,34.667953,-0.001000</coordinates>
</Point>
<ExtendedData>
	<Data name="IconNumber">
		<value>901001</value>
	</Data>
</ExtendedData>
</Placemark>
<Placemark>
<name>JV0507</name>
<TimeStamp><when>2026-09-23T10:54:40Z</when></TimeStamp>
<styleUrl>#route</styleUrl>
<Point>
<coordinates>137.406758,34.668091,-0.001000</coordinates>
</Point>
<ExtendedData>
	<Data name="IconNumber">
		<value>901001</value>
	</Data>
</ExtendedData>
</Placemark>
<Placemark>
<name>JV0508</name>
<TimeStamp><when>2026-09-23T10:54:50Z</when></TimeStamp>
<styleUrl>#route</styleUrl>
<Point>
<coordinates>137.407015,34.668185,-0.001000</coordinates>
</Point>
<ExtendedData>
	<Data name="IconNumber">
		<value>901001</value>
	</Data>
</ExtendedData>
</Placemark>
<Placemark>
<name>JV0509</name>
<TimeStamp><when>2026-09-23T10:55:00Z</when></TimeStamp>
<styleUrl>#route</styleUrl>
<Point>
<coordinates>137.407530,34.668340,-0.001000</coordinates>
</Point>
<ExtendedData>
	<Data name="IconNumber">
		<value>901001</value>
	</Data>
</ExtendedData>
</Placemark>
<Placemark>
<name>JV0510</name>
<TimeStamp><when>2026-09-23T10:55:10Z</when></TimeStamp>
<styleUrl>#route</styleUrl>
<Point>
<coordinates>137.409676,34.668837,-0.001000</coordinates>
</Point>
<ExtendedData>
	<Data name="IconNumber">
		<value>901001</value>
	</Data>
</ExtendedData>
</Placemark>
<Placemark>
<name>JV0511</name>
<TimeStamp><when>2026-09-23T10:55:20Z</when></TimeStamp>
<styleUrl>#route</styleUrl>
<Point>
<coordinates>137.413560,34.669773,-0.001000</coordinates>
</Point>
<ExtendedData>
	<Data name="IconNumber">
		<value>901001</value>
	</Data>
</ExtendedData>
</Placemark>
<Placemark>
<name>JV0512</name>
<TimeStamp><when>2026-09-23T10:55:30Z</when></TimeStamp>
<styleUrl>#route</styleUrl>
<Point>
<coordinates>137.413828,34.669842,-0.001000</coordinates>
</Point>
<ExtendedData>
	<Data name="IconNumber">
		<value>901001</value>
	</Data>
</ExtendedData>
</Placemark>
<Placemark>
<name>JV0513</name>
<TimeStamp><when>2026-09-23T10:55:40Z</when></TimeStamp>
<styleUrl>#route</styleUrl>
<Point>
<coordinates>137.416350,34.670812,-0.001000</coordinates>
</Point>
<ExtendedData>
	<Data name="IconNumber">
		<value>901001</value>
	</Data>
</ExtendedData>
</Placemark>
<Placemark>
<name>JV0514</name>
<TimeStamp><when>2026-09-23T10:55:50Z</when></TimeStamp>
<styleUrl>#route</styleUrl>
<Point>
<coordinates>137.417186,34.671146,-0.001000</coordinates>
</Point>
<ExtendedData>
	<Data name="IconNumber">
		<value>901001</value>
	</Data>
</ExtendedData>
</Placemark>
<Placemark>
<name>JV0515</name>
<TimeStamp><when>2026-09-23T10:56:00Z</when></TimeStamp>
<styleUrl>#route</styleUrl>
<Point>
<coordinates>137.417401,34.671266,-0.001000</coordinates>
</Point>
<ExtendedData>
	<Data name="IconNumber">
		<value>901001</value>
	</Data>
</ExtendedData>
</Placemark>
<Placemark>
<name>JV0516</name>
<TimeStamp><when>2026-09-23T10:56:10Z</when></TimeStamp>
<styleUrl>#route</styleUrl>
<Point>
<coordinates>137.417583,34.671429,-0.001000</coordinates>
</Point>
<ExtendedData>
	<Data name="IconNumber">
		<value>901001</value>
	</Data>
</ExtendedData>
</Placemark>
<Placemark>
<name>JV0517</name>
<TimeStamp><when>2026-09-23T10:56:20Z</when></TimeStamp>
<styleUrl>#route</styleUrl>
<Point>
<coordinates>137.418742,34.673515,-0.001000</coordinates>
</Point>
<ExtendedData>
	<Data name="IconNumber">
		<value>901001</value>
	</Data>
</ExtendedData>
</Placemark>
<Placemark>
<name>JV0518</name>
<TimeStamp><when>2026-09-23T10:56:30Z</when></TimeStamp>
<styleUrl>#route</styleUrl>
<Point>
<coordinates>137.419568,34.675034,-0.001000</coordinates>
</Point>
<ExtendedData>
	<Data name="IconNumber">
		<value>901001</value>
	</Data>
</ExtendedData>
</Placemark>
<Placemark>
<name>JV0519</name>
<TimeStamp><when>2026-09-23T10:56:40Z</when></TimeStamp>
<styleUrl>#route</styleUrl>
<Point>
<coordinates>137.420148,34.676039,-0.001000</coordinates>
</Point>
<ExtendedData>
	<Data name="IconNumber">
		<value>901001</value>
	</Data>
</ExtendedData>
</Placemark>
<Placemark>
<name>JV0520</name>
<TimeStamp><when>2026-09-23T10:56:50Z</when></TimeStamp>
<styleUrl>#route</styleUrl>
<Point>
<coordinates>137.420373,34.676296,-0.001000</coordinates>
</Point>
<ExtendedData>
	<Data name="IconNumber">
		<value>901001</value>
	</Data>
</ExtendedData>
</Placemark>
<Placemark>
<name>JV0521</name>
<TimeStamp><when>2026-09-23T10:57:00Z</when></TimeStamp>
<styleUrl>#route</styleUrl>
<Point>
<coordinates>137.420641,34.676502,-0.001000</coordinates>
</Point>
<ExtendedData>
	<Data name="IconNumber">
		<value>901001</value>
	</Data>
</ExtendedData>
</Placemark>
<Placemark>
<name>JV0522</name>
<TimeStamp><when>2026-09-23T10:57:10Z</when></TimeStamp>
<styleUrl>#route</styleUrl>
<Point>
<coordinates>137.420834,34.676614,-0.001000</coordinates>
</Point>
<ExtendedData>
	<Data name="IconNumber">
		<value>901001</value>
	</Data>
</ExtendedData>
</Placemark>
<Placemark>
<name>JV0523</name>
<TimeStamp><when>2026-09-23T10:57:20Z</when></TimeStamp>
<styleUrl>#route</styleUrl>
<Point>
<coordinates>137.421092,34.676708,-0.001000</coordinates>
</Point>
<ExtendedData>
	<Data name="IconNumber">
		<value>901001</value>
	</Data>
</ExtendedData>
</Placemark>
<Placemark>
<name>JV0524</name>
<TimeStamp><when>2026-09-23T10:57:30Z</when></TimeStamp>
<styleUrl>#route</styleUrl>
<Point>
<coordinates>137.421274,34.676760,-0.001000</coordinates>
</Point>
<ExtendedData>
	<Data name="IconNumber">
		<value>901001</value>
	</Data>
</ExtendedData>
</Placemark>
<Placemark>
<name>JV0525</name>
<TimeStamp><when>2026-09-23T10:57:40Z</when></TimeStamp>
<styleUrl>#route</styleUrl>
<Point>
<coordinates>137.421811,34.676811,-0.001000</coordinates>
</Point>
<ExtendedData>
	<Data name="IconNumber">
		<value>901001</value>
	</Data>
</ExtendedData>
</Placemark>
<Placemark>
<name>JV0526</name>
<TimeStamp><when>2026-09-23T10:57:50Z</when></TimeStamp>
<styleUrl>#route</styleUrl>
<Point>
<coordinates>137.426510,34.677257,-0.001000</coordinates>
</Point>
<ExtendedData>
	<Data name="IconNumber">
		<value>901001</value>
	</Data>
</ExtendedData>
</Placemark>
<Placemark>
<name>JV0527</name>
<TimeStamp><when>2026-09-23T10:58:00Z</when></TimeStamp>
<styleUrl>#route</styleUrl>
<Point>
<coordinates>137.431005,34.677669,-0.001000</coordinates>
</Point>
<ExtendedData>
	<Data name="IconNumber">
		<value>901001</value>
	</Data>
</ExtendedData>
</Placemark>
<Placemark>
<name>JV0528</name>
<TimeStamp><when>2026-09-23T10:58:10Z</when></TimeStamp>
<styleUrl>#route</styleUrl>
<Point>
<coordinates>137.431713,34.677721,-0.001000</coordinates>
</Point>
<ExtendedData>
	<Data name="IconNumber">
		<value>901001</value>
	</Data>
</ExtendedData>
</Placemark>
<Placemark>
<name>JV0529</name>
<TimeStamp><when>2026-09-23T10:58:20Z</when></TimeStamp>
<styleUrl>#route</styleUrl>
<Point>
<coordinates>137.433333,34.677764,-0.001000</coordinates>
</Point>
<ExtendedData>
	<Data name="IconNumber">
		<value>901001</value>
	</Data>
</ExtendedData>
</Placemark>
<Placemark>
<name>JV0530</name>
<TimeStamp><when>2026-09-23T10:58:30Z</when></TimeStamp>
<styleUrl>#route</styleUrl>
<Point>
<coordinates>137.434674,34.677790,-0.001000</coordinates>
</Point>
<ExtendedData>
	<Data name="IconNumber">
		<value>901001</value>
	</Data>
</ExtendedData>
</Placemark>
<Placemark>
<name>JV0531</name>
<TimeStamp><when>2026-09-23T10:58:40Z</when></TimeStamp>
<styleUrl>#route</styleUrl>
<Point>
<coordinates>137.435608,34.677807,-0.001000</coordinates>
</Point>
<ExtendedData>
	<Data name="IconNumber">
		<value>901001</value>
	</Data>
</ExtendedData>
</Placemark>
<Placemark>
<name>JV0532</name>
<TimeStamp><when>2026-09-23T10:58:50Z</when></TimeStamp>
<styleUrl>#route</styleUrl>
<Point>
<coordinates>137.436005,34.677832,-0.001000</coordinates>
</Point>
<ExtendedData>
	<Data name="IconNumber">
		<value>901001</value>
	</Data>
</ExtendedData>
</Placemark>
<Placemark>
<name>JV0533</name>
<TimeStamp><when>2026-09-23T10:59:00Z</when></TimeStamp>
<styleUrl>#route</styleUrl>
<Point>
<coordinates>137.436434,34.677910,-0.001000</coordinates>
</Point>
<ExtendedData>
	<Data name="IconNumber">
		<value>901001</value>
	</Data>
</ExtendedData>
</Placemark>
<Placemark>
<name>JV0534</name>
<TimeStamp><when>2026-09-23T10:59:10Z</when></TimeStamp>
<styleUrl>#route</styleUrl>
<Point>
<coordinates>137.436767,34.678030,-0.001000</coordinates>
</Point>
<ExtendedData>
	<Data name="IconNumber">
		<value>901001</value>
	</Data>
</ExtendedData>
</Placemark>
<Placemark>
<name>JV0535</name>
<TimeStamp><when>2026-09-23T10:59:20Z</when></TimeStamp>
<styleUrl>#route</styleUrl>
<Point>
<coordinates>137.437163,34.678176,-0.001000</coordinates>
</Point>
<ExtendedData>
	<Data name="IconNumber">
		<value>901001</value>
	</Data>
</ExtendedData>
</Placemark>
<Placemark>
<name>JV0536</name>
<TimeStamp><when>2026-09-23T10:59:30Z</when></TimeStamp>
<styleUrl>#route</styleUrl>
<Point>
<coordinates>137.437367,34.678287,-0.001000</coordinates>
</Point>
<ExtendedData>
	<Data name="IconNumber">
		<value>901001</value>
	</Data>
</ExtendedData>
</Placemark>
<Placemark>
<name>JV0537</name>
<TimeStamp><when>2026-09-23T10:59:40Z</when></TimeStamp>
<styleUrl>#route</styleUrl>
<Point>
<coordinates>137.437700,34.678502,-0.001000</coordinates>
</Point>
<ExtendedData>
	<Data name="IconNumber">
		<value>901001</value>
	</Data>
</ExtendedData>
</Placemark>
<Placemark>
<name>JV0538</name>
<TimeStamp><when>2026-09-23T10:59:50Z</when></TimeStamp>
<styleUrl>#route</styleUrl>
<Point>
<coordinates>137.438183,34.678768,-0.001000</coordinates>
</Point>
<ExtendedData>
	<Data name="IconNumber">
		<value>901001</value>
	</Data>
</ExtendedData>
</Placemark>
<Placemark>
<name>JV0539</name>
<TimeStamp><when>2026-09-23T11:00:00Z</when></TimeStamp>
<styleUrl>#route</styleUrl>
<Point>
<coordinates>137.438526,34.678905,-0.001000</coordinates>
</Point>
<ExtendedData>
	<Data name="IconNumber">
		<value>901001</value>
	</Data>
</ExtendedData>
</Placemark>
<Placemark>
<name>JV0540</name>
<TimeStamp><when>2026-09-23T11:00:10Z</when></TimeStamp>
<styleUrl>#route</styleUrl>
<Point>
<coordinates>137.438880,34.679026,-0.001000</coordinates>
</Point>
<ExtendedData>
	<Data name="IconNumber">
		<value>901001</value>
	</Data>
</ExtendedData>
</Placemark>
<Placemark>
<name>JV0541</name>
<TimeStamp><when>2026-09-23T11:00:20Z</when></TimeStamp>
<styleUrl>#route</styleUrl>
<Point>
<coordinates>137.440210,34.679326,-0.001000</coordinates>
</Point>
<ExtendedData>
	<Data name="IconNumber">
		<value>901001</value>
	</Data>
</ExtendedData>
</Placemark>
<Placemark>
<name>JV0542</name>
<TimeStamp><when>2026-09-23T11:00:30Z</when></TimeStamp>
<styleUrl>#route</styleUrl>
<Point>
<coordinates>137.441240,34.679540,-0.001000</coordinates>
</Point>
<ExtendedData>
	<Data name="IconNumber">
		<value>901001</value>
	</Data>
</ExtendedData>
</Placemark>
<Placemark>
<name>JV0543</name>
<TimeStamp><when>2026-09-23T11:00:40Z</when></TimeStamp>
<styleUrl>#route</styleUrl>
<Point>
<coordinates>137.443890,34.680107,-0.001000</coordinates>
</Point>
<ExtendedData>
	<Data name="IconNumber">
		<value>901001</value>
	</Data>
</ExtendedData>
</Placemark>
<Placemark>
<name>JV0544</name>
<TimeStamp><when>2026-09-23T11:00:50Z</when></TimeStamp>
<styleUrl>#route</styleUrl>
<Point>
<coordinates>137.444384,34.680210,-0.001000</coordinates>
</Point>
<ExtendedData>
	<Data name="IconNumber">
		<value>901001</value>
	</Data>
</ExtendedData>
</Placemark>
<Placemark>
<name>JV0545</name>
<TimeStamp><when>2026-09-23T11:01:00Z</when></TimeStamp>
<styleUrl>#route</styleUrl>
<Point>
<coordinates>137.444641,34.680279,-0.001000</coordinates>
</Point>
<ExtendedData>
	<Data name="IconNumber">
		<value>901001</value>
	</Data>
</ExtendedData>
</Placemark>
<Placemark>
<name>JV0546</name>
<TimeStamp><when>2026-09-23T11:01:10Z</when></TimeStamp>
<styleUrl>#route</styleUrl>
<Point>
<coordinates>137.444963,34.680399,-0.001000</coordinates>
</Point>
<ExtendedData>
	<Data name="IconNumber">
		<value>901001</value>
	</Data>
</ExtendedData>
</Placemark>
<Placemark>
<name>JV0547</name>
<TimeStamp><when>2026-09-23T11:01:20Z</when></TimeStamp>
<styleUrl>#route</styleUrl>
<Point>
<coordinates>137.445393,34.680622,-0.001000</coordinates>
</Point>
<ExtendedData>
	<Data name="IconNumber">
		<value>901001</value>
	</Data>
</ExtendedData>
</Placemark>
<Placemark>
<name>JV0548</name>
<TimeStamp><when>2026-09-23T11:01:30Z</when></TimeStamp>
<styleUrl>#route</styleUrl>
<Point>
<coordinates>137.445950,34.680957,-0.001000</coordinates>
</Point>
<ExtendedData>
	<Data name="IconNumber">
		<value>901001</value>
	</Data>
</ExtendedData>
</Placemark>
<Placemark>
<name>JV0549</name>
<TimeStamp><when>2026-09-23T11:01:40Z</when></TimeStamp>
<styleUrl>#route</styleUrl>
<Point>
<coordinates>137.447731,34.682021,-0.001000</coordinates>
</Point>
<ExtendedData>
	<Data name="IconNumber">
		<value>901001</value>
	</Data>
</ExtendedData>
</Placemark>
<Placemark>
<name>JV0550</name>
<TimeStamp><when>2026-09-23T11:01:50Z</when></TimeStamp>
<styleUrl>#route</styleUrl>
<Point>
<coordinates>137.448010,34.682244,-0.001000</coordinates>
</Point>
<ExtendedData>
	<Data name="IconNumber">
		<value>901001</value>
	</Data>
</ExtendedData>
</Placemark>
<Placemark>
<name>JV0551</name>
<TimeStamp><when>2026-09-23T11:02:00Z</when></TimeStamp>
<styleUrl>#route</styleUrl>
<Point>
<coordinates>137.449813,34.683506,-0.001000</coordinates>
</Point>
<ExtendedData>
	<Data name="IconNumber">
		<value>901001</value>
	</Data>
</ExtendedData>
</Placemark>
<Placemark>
<name>JV0552</name>
<TimeStamp><when>2026-09-23T11:02:10Z</when></TimeStamp>
<styleUrl>#route</styleUrl>
<Point>
<coordinates>137.450274,34.683823,-0.001000</coordinates>
</Point>
<ExtendedData>
	<Data name="IconNumber">
		<value>901001</value>
	</Data>
</ExtendedData>
</Placemark>
<Placemark>
<name>JV0553</name>
<TimeStamp><when>2026-09-23T11:02:20Z</when></TimeStamp>
<styleUrl>#route</styleUrl>
<Point>
<coordinates>137.450714,34.684227,-0.001000</coordinates>
</Point>
<ExtendedData>
	<Data name="IconNumber">
		<value>901001</value>
	</Data>
</ExtendedData>
</Placemark>
<Placemark>
<name>JV0554</name>
<TimeStamp><when>2026-09-23T11:02:30Z</when></TimeStamp>
<styleUrl>#route</styleUrl>
<Point>
<coordinates>137.451057,34.684450,-0.001000</coordinates>
</Point>
<ExtendedData>
	<Data name="IconNumber">
		<value>901001</value>
	</Data>
</ExtendedData>
</Placemark>
<Placemark>
<name>JV0555</name>
<TimeStamp><when>2026-09-23T11:02:40Z</when></TimeStamp>
<styleUrl>#route</styleUrl>
<Point>
<coordinates>137.451272,34.684536,-0.001000</coordinates>
</Point>
<ExtendedData>
	<Data name="IconNumber">
		<value>901001</value>
	</Data>
</ExtendedData>
</Placemark>
<Placemark>
<name>JV0556</name>
<TimeStamp><when>2026-09-23T11:02:50Z</when></TimeStamp>
<styleUrl>#route</styleUrl>
<Point>
<coordinates>137.451658,34.684639,-0.001000</coordinates>
</Point>
<ExtendedData>
	<Data name="IconNumber">
		<value>901001</value>
	</Data>
</ExtendedData>
</Placemark>
<Placemark>
<name>JV0557</name>
<TimeStamp><when>2026-09-23T11:03:00Z</when></TimeStamp>
<styleUrl>#route</styleUrl>
<Point>
<coordinates>137.451851,34.684686,-0.001000</coordinates>
</Point>
<ExtendedData>
	<Data name="IconNumber">
		<value>901001</value>
	</Data>
</ExtendedData>
</Placemark>
<Placemark>
<name>JV0558</name>
<TimeStamp><when>2026-09-23T11:03:10Z</when></TimeStamp>
<styleUrl>#route</styleUrl>
<Point>
<coordinates>137.452034,34.684712,-0.001000</coordinates>
</Point>
<ExtendedData>
	<Data name="IconNumber">
		<value>901001</value>
	</Data>
</ExtendedData>
</Placemark>
<Placemark>
<name>JV0559</name>
<TimeStamp><when>2026-09-23T11:03:20Z</when></TimeStamp>
<styleUrl>#route</styleUrl>
<Point>
<coordinates>137.452211,34.684720,-0.001000</coordinates>
</Point>
<ExtendedData>
	<Data name="IconNumber">
		<value>901001</value>
	</Data>
</ExtendedData>
</Placemark>
<Placemark>
<name>JV0560</name>
<TimeStamp><when>2026-09-23T11:03:30Z</when></TimeStamp>
<styleUrl>#route</styleUrl>
<Point>
<coordinates>137.452538,34.684712,-0.001000</coordinates>
</Point>
<ExtendedData>
	<Data name="IconNumber">
		<value>901001</value>
	</Data>
</ExtendedData>
</Placemark>
<Placemark>
<name>JV0561</name>
<TimeStamp><when>2026-09-23T11:03:40Z</when></TimeStamp>
<styleUrl>#route</styleUrl>
<Point>
<coordinates>137.463449,34.683956,-0.001000</coordinates>
</Point>
<ExtendedData>
	<Data name="IconNumber">
		<value>901001</value>
	</Data>
</ExtendedData>
</Placemark>
<Placemark>
<name>JV0562</name>
<TimeStamp><when>2026-09-23T11:03:50Z</when></TimeStamp>
<styleUrl>#route</styleUrl>
<Point>
<coordinates>137.465874,34.683759,-0.001000</coordinates>
</Point>
<ExtendedData>
	<Data name="IconNumber">
		<value>901001</value>
	</Data>
</ExtendedData>
</Placemark>
<Placemark>
<name>JV0563</name>
<TimeStamp><when>2026-09-23T11:04:00Z</when></TimeStamp>
<styleUrl>#route</styleUrl>
<Point>
<coordinates>137.466046,34.683759,-0.001000</coordinates>
</Point>
<ExtendedData>
	<Data name="IconNumber">
		<value>901001</value>
	</Data>
</ExtendedData>
</Placemark>
<Placemark>
<name>JV0564</name>
<TimeStamp><when>2026-09-23T11:04:10Z</when></TimeStamp>
<styleUrl>#route</styleUrl>
<Point>
<coordinates>137.466324,34.683776,-0.001000</coordinates>
</Point>
<ExtendedData>
	<Data name="IconNumber">
		<value>901001</value>
	</Data>
</ExtendedData>
</Placemark>
<Placemark>
<name>JV0565</name>
<TimeStamp><when>2026-09-23T11:04:20Z</when></TimeStamp>
<styleUrl>#route</styleUrl>
<Point>
<coordinates>137.466657,34.683828,-0.001000</coordinates>
</Point>
<ExtendedData>
	<Data name="IconNumber">
		<value>901001</value>
	</Data>
</ExtendedData>
</Placemark>
<Placemark>
<name>JV0566</name>
<TimeStamp><when>2026-09-23T11:04:30Z</when></TimeStamp>
<styleUrl>#route</styleUrl>
<Point>
<coordinates>137.466936,34.683905,-0.001000</coordinates>
</Point>
<ExtendedData>
	<Data name="IconNumber">
		<value>901001</value>
	</Data>
</ExtendedData>
</Placemark>
<Placemark>
<name>JV0567</name>
<TimeStamp><when>2026-09-23T11:04:40Z</when></TimeStamp>
<styleUrl>#route</styleUrl>
<Point>
<coordinates>137.467161,34.684008,-0.001000</coordinates>
</Point>
<ExtendedData>
	<Data name="IconNumber">
		<value>901001</value>
	</Data>
</ExtendedData>
</Placemark>
<Placemark>
<name>JV0568</name>
<TimeStamp><when>2026-09-23T11:04:50Z</when></TimeStamp>
<styleUrl>#route</styleUrl>
<Point>
<coordinates>137.467955,34.684403,-0.001000</coordinates>
</Point>
<ExtendedData>
	<Data name="IconNumber">
		<value>901001</value>
	</Data>
</ExtendedData>
</Placemark>
<Placemark>
<name>JV0569</name>
<TimeStamp><when>2026-09-23T11:05:00Z</when></TimeStamp>
<styleUrl>#route</styleUrl>
<Point>
<coordinates>137.468481,34.684660,-0.001000</coordinates>
</Point>
<ExtendedData>
	<Data name="IconNumber">
		<value>901001</value>
	</Data>
</ExtendedData>
</Placemark>
<Placemark>
<name>JV0570</name>
<TimeStamp><when>2026-09-23T11:05:10Z</when></TimeStamp>
<styleUrl>#route</styleUrl>
<Point>
<coordinates>137.468878,34.684755,-0.001000</coordinates>
</Point>
<ExtendedData>
	<Data name="IconNumber">
		<value>901001</value>
	</Data>
</ExtendedData>
</Placemark>
<Placemark>
<name>JV0571</name>
<TimeStamp><when>2026-09-23T11:05:20Z</when></TimeStamp>
<styleUrl>#route</styleUrl>
<Point>
<coordinates>137.469200,34.684798,-0.001000</coordinates>
</Point>
<ExtendedData>
	<Data name="IconNumber">
		<value>901001</value>
	</Data>
</ExtendedData>
</Placemark>
<Placemark>
<name>JV0572</name>
<TimeStamp><when>2026-09-23T11:05:30Z</when></TimeStamp>
<styleUrl>#route</styleUrl>
<Point>
<coordinates>137.469500,34.684918,-0.001000</coordinates>
</Point>
<ExtendedData>
	<Data name="IconNumber">
		<value>901001</value>
	</Data>
</ExtendedData>
</Placemark>
<Placemark>
<name>JV0573</name>
<TimeStamp><when>2026-09-23T11:05:40Z</when></TimeStamp>
<styleUrl>#route</styleUrl>
<Point>
<coordinates>137.469779,34.684978,-0.001000</coordinates>
</Point>
<ExtendedData>
	<Data name="IconNumber">
		<value>901001</value>
	</Data>
</ExtendedData>
</Placemark>
<Placemark>
<name>JV0574</name>
<TimeStamp><when>2026-09-23T11:05:50Z</when></TimeStamp>
<styleUrl>#route</styleUrl>
<Point>
<coordinates>137.469972,34.684986,-0.001000</coordinates>
</Point>
<ExtendedData>
	<Data name="IconNumber">
		<value>901001</value>
	</Data>
</ExtendedData>
</Placemark>
<Placemark>
<name>JV0575</name>
<TimeStamp><when>2026-09-23T11:06:00Z</when></TimeStamp>
<styleUrl>#route</styleUrl>
<Point>
<coordinates>137.470337,34.684986,-0.001000</coordinates>
</Point>
<ExtendedData>
	<Data name="IconNumber">
		<value>901001</value>
	</Data>
</ExtendedData>
</Placemark>
<Placemark>
<name>JV0576</name>
<TimeStamp><when>2026-09-23T11:06:10Z</when></TimeStamp>
<styleUrl>#route</styleUrl>
<Point>
<coordinates>137.470981,34.684961,-0.001000</coordinates>
</Point>
<ExtendedData>
	<Data name="IconNumber">
		<value>901001</value>
	</Data>
</ExtendedData>
</Placemark>
<Placemark>
<name>JV0577</name>
<TimeStamp><when>2026-09-23T11:06:20Z</when></TimeStamp>
<styleUrl>#route</styleUrl>
<Point>
<coordinates>137.471292,34.684986,-0.001000</coordinates>
</Point>
<ExtendedData>
	<Data name="IconNumber">
		<value>901001</value>
	</Data>
</ExtendedData>
</Placemark>
<Placemark>
<name>JV0578</name>
<TimeStamp><when>2026-09-23T11:06:30Z</when></TimeStamp>
<styleUrl>#route</styleUrl>
<Point>
<coordinates>137.471625,34.685055,-0.001000</coordinates>
</Point>
<ExtendedData>
	<Data name="IconNumber">
		<value>901001</value>
	</Data>
</ExtendedData>
</Placemark>
<Placemark>
<name>JV0579</name>
<TimeStamp><when>2026-09-23T11:06:40Z</when></TimeStamp>
<styleUrl>#route</styleUrl>
<Point>
<coordinates>137.471748,34.685094,-0.001000</coordinates>
</Point>
<ExtendedData>
	<Data name="IconNumber">
		<value>901001</value>
	</Data>
</ExtendedData>
</Placemark>
<Placemark>
<name>JV0580</name>
<TimeStamp><when>2026-09-23T11:06:50Z</when></TimeStamp>
<styleUrl>#route</styleUrl>
<Point>
<coordinates>137.471909,34.685111,-0.001000</coordinates>
</Point>
<ExtendedData>
	<Data name="IconNumber">
		<value>901001</value>
	</Data>
</ExtendedData>
</Placemark>
<Placemark>
<name>JV0581</name>
<TimeStamp><when>2026-09-23T11:07:00Z</when></TimeStamp>
<styleUrl>#route</styleUrl>
<Point>
<coordinates>137.472220,34.685111,-0.001000</coordinates>
</Point>
<ExtendedData>
	<Data name="IconNumber">
		<value>901001</value>
	</Data>
</ExtendedData>
</Placemark>
<Placemark>
<name>JV0582</name>
<TimeStamp><when>2026-09-23T11:07:10Z</when></TimeStamp>
<styleUrl>#route</styleUrl>
<Point>
<coordinates>137.472445,34.685098,-0.001000</coordinates>
</Point>
<ExtendedData>
	<Data name="IconNumber">
		<value>901001</value>
	</Data>
</ExtendedData>
</Placemark>
<Placemark>
<name>JV0583</name>
<TimeStamp><when>2026-09-23T11:07:20Z</when></TimeStamp>
<styleUrl>#route</styleUrl>
<Point>
<coordinates>137.472697,34.685085,-0.001000</coordinates>
</Point>
<ExtendedData>
	<Data name="IconNumber">
		<value>901001</value>
	</Data>
</ExtendedData>
</Placemark>
<Placemark>
<name>JV0584</name>
<TimeStamp><when>2026-09-23T11:07:30Z</when></TimeStamp>
<styleUrl>#route</styleUrl>
<Point>
<coordinates>137.472928,34.685047,-0.001000</coordinates>
</Point>
<ExtendedData>
	<Data name="IconNumber">
		<value>901001</value>
	</Data>
</ExtendedData>
</Placemark>
<Placemark>
<name>JV0585</name>
<TimeStamp><when>2026-09-23T11:07:40Z</when></TimeStamp>
<styleUrl>#route</styleUrl>
<Point>
<coordinates>137.473159,34.684974,-0.001000</coordinates>
</Point>
<ExtendedData>
	<Data name="IconNumber">
		<value>901001</value>
	</Data>
</ExtendedData>
</Placemark>
<Placemark>
<name>JV0586</name>
<TimeStamp><when>2026-09-23T11:07:50Z</when></TimeStamp>
<styleUrl>#route</styleUrl>
<Point>
<coordinates>137.475980,34.683987,-0.001000</coordinates>
</Point>
<ExtendedData>
	<Data name="IconNumber">
		<value>901001</value>
	</Data>
</ExtendedData>
</Placemark>
<Placemark>
<name>JV0587</name>
<TimeStamp><when>2026-09-23T11:08:00Z</when></TimeStamp>
<styleUrl>#route</styleUrl>
<Point>
<coordinates>137.478491,34.683094,-0.001000</coordinates>
</Point>
<ExtendedData>
	<Data name="IconNumber">
		<value>901001</value>
	</Data>
</ExtendedData>
</Placemark>
<Placemark>
<name>JV0588</name>
<TimeStamp><when>2026-09-23T11:08:10Z</when></TimeStamp>
<styleUrl>#route</styleUrl>
<Point>
<coordinates>137.478899,34.682982,-0.001000</coordinates>
</Point>
<ExtendedData>
	<Data name="IconNumber">
		<value>901001</value>
	</Data>
</ExtendedData>
</Placemark>
<Placemark>
<name>JV0589</name>
<TimeStamp><when>2026-09-23T11:08:20Z</when></TimeStamp>
<styleUrl>#route</styleUrl>
<Point>
<coordinates>137.479156,34.682931,-0.001000</coordinates>
</Point>
<ExtendedData>
	<Data name="IconNumber">
		<value>901001</value>
	</Data>
</ExtendedData>
</Placemark>
<Placemark>
<name>JV0590</name>
<TimeStamp><when>2026-09-23T11:08:30Z</when></TimeStamp>
<styleUrl>#route</styleUrl>
<Point>
<coordinates>137.479553,34.682896,-0.001000</coordinates>
</Point>
<ExtendedData>
	<Data name="IconNumber">
		<value>901001</value>
	</Data>
</ExtendedData>
</Placemark>
<Placemark>
<name>JV0591</name>
<TimeStamp><when>2026-09-23T11:08:40Z</when></TimeStamp>
<styleUrl>#route</styleUrl>
<Point>
<coordinates>137.480111,34.682896,-0.001000</coordinates>
</Point>
<ExtendedData>
	<Data name="IconNumber">
		<value>901001</value>
	</Data>
</ExtendedData>
</Placemark>
<Placemark>
<name>JV0592</name>
<TimeStamp><when>2026-09-23T11:08:50Z</when></TimeStamp>
<styleUrl>#route</styleUrl>
<Point>
<coordinates>137.480454,34.682854,-0.001000</coordinates>
</Point>
<ExtendedData>
	<Data name="IconNumber">
		<value>901001</value>
	</Data>
</ExtendedData>
</Placemark>
<Placemark>
<name>JV0593</name>
<TimeStamp><when>2026-09-23T11:09:00Z</when></TimeStamp>
<styleUrl>#route</styleUrl>
<Point>
<coordinates>137.481259,34.682562,-0.001000</coordinates>
</Point>
<ExtendedData>
	<Data name="IconNumber">
		<value>901001</value>
	</Data>
</ExtendedData>
</Placemark>
<Placemark>
<name>JV0594</name>
<TimeStamp><when>2026-09-23T11:09:10Z</when></TimeStamp>
<styleUrl>#route</styleUrl>
<Point>
<coordinates>137.481409,34.682545,-0.001000</coordinates>
</Point>
<ExtendedData>
	<Data name="IconNumber">
		<value>901001</value>
	</Data>
</ExtendedData>
</Placemark>
<Placemark>
<name>JV0595</name>
<TimeStamp><when>2026-09-23T11:09:20Z</when></TimeStamp>
<styleUrl>#route</styleUrl>
<Point>
<coordinates>137.481559,34.682570,-0.001000</coordinates>
</Point>
<ExtendedData>
	<Data name="IconNumber">
		<value>901001</value>
	</Data>
</ExtendedData>
</Placemark>
<Placemark>
<name>JV0596</name>
<TimeStamp><when>2026-09-23T11:09:30Z</when></TimeStamp>
<styleUrl>#route</styleUrl>
<Point>
<coordinates>137.482053,34.682742,-0.001000</coordinates>
</Point>
<ExtendedData>
	<Data name="IconNumber">
		<value>901001</value>
	</Data>
</ExtendedData>
</Placemark>
<Placemark>
<name>JV0597</name>
<TimeStamp><when>2026-09-23T11:09:40Z</when></TimeStamp>
<styleUrl>#route</styleUrl>
<Point>
<coordinates>137.482278,34.682802,-0.001000</coordinates>
</Point>
<ExtendedData>
	<Data name="IconNumber">
		<value>901001</value>
	</Data>
</ExtendedData>
</Placemark>
<Placemark>
<name>JV0598</name>
<TimeStamp><when>2026-09-23T11:09:50Z</when></TimeStamp>
<styleUrl>#route</styleUrl>
<Point>
<coordinates>137.482461,34.682836,-0.001000</coordinates>
</Point>
<ExtendedData>
	<Data name="IconNumber">
		<value>901001</value>
	</Data>
</ExtendedData>
</Placemark>
<Placemark>
<name>JV0599</name>
<TimeStamp><when>2026-09-23T11:10:00Z</when></TimeStamp>
<styleUrl>#route</styleUrl>
<Point>
<coordinates>137.482825,34.682888,-0.001000</coordinates>
</Point>
<ExtendedData>
	<Data name="IconNumber">
		<value>901001</value>
	</Data>
</ExtendedData>
</Placemark>
<Placemark>
<name>JV0600</name>
<TimeStamp><when>2026-09-23T11:10:10Z</when></TimeStamp>
<styleUrl>#route</styleUrl>
<Point>
<coordinates>137.484574,34.682888,-0.001000</coordinates>
</Point>
<ExtendedData>
	<Data name="IconNumber">
		<value>901001</value>
	</Data>
</ExtendedData>
</Placemark>
<Placemark>
<name>JV0601</name>
<TimeStamp><when>2026-09-23T11:10:20Z</when></TimeStamp>
<styleUrl>#route</styleUrl>
<Point>
<coordinates>137.484896,34.682905,-0.001000</coordinates>
</Point>
<ExtendedData>
	<Data name="IconNumber">
		<value>901001</value>
	</Data>
</ExtendedData>
</Placemark>
<Placemark>
<name>JV0602</name>
<TimeStamp><when>2026-09-23T11:10:30Z</when></TimeStamp>
<styleUrl>#route</styleUrl>
<Point>
<coordinates>137.485626,34.683051,-0.001000</coordinates>
</Point>
<ExtendedData>
	<Data name="IconNumber">
		<value>901001</value>
	</Data>
</ExtendedData>
</Placemark>
<Placemark>
<name>JV0603</name>
<TimeStamp><when>2026-09-23T11:10:40Z</when></TimeStamp>
<styleUrl>#route</styleUrl>
<Point>
<coordinates>137.485990,34.683137,-0.001000</coordinates>
</Point>
<ExtendedData>
	<Data name="IconNumber">
		<value>901001</value>
	</Data>
</ExtendedData>
</Placemark>
<Placemark>
<name>JV0604</name>
<TimeStamp><when>2026-09-23T11:10:50Z</when></TimeStamp>
<styleUrl>#route</styleUrl>
<Point>
<coordinates>137.486291,34.683180,-0.001000</coordinates>
</Point>
<ExtendedData>
	<Data name="IconNumber">
		<value>901001</value>
	</Data>
</ExtendedData>
</Placemark>
<Placemark>
<name>JV0605</name>
<TimeStamp><when>2026-09-23T11:11:00Z</when></TimeStamp>
<styleUrl>#route</styleUrl>
<Point>
<coordinates>137.486763,34.683197,-0.001000</coordinates>
</Point>
<ExtendedData>
	<Data name="IconNumber">
		<value>901001</value>
	</Data>
</ExtendedData>
</Placemark>
<Placemark>
<name>JV0606</name>
<TimeStamp><when>2026-09-23T11:11:10Z</when></TimeStamp>
<styleUrl>#route</styleUrl>
<Point>
<coordinates>137.488007,34.683257,-0.001000</coordinates>
</Point>
<ExtendedData>
	<Data name="IconNumber">
		<value>901001</value>
	</Data>
</ExtendedData>
</Placemark>
<Placemark>
<name>JV0607</name>
<TimeStamp><when>2026-09-23T11:11:20Z</when></TimeStamp>
<styleUrl>#route</styleUrl>
<Point>
<coordinates>137.488222,34.683266,-0.001000</coordinates>
</Point>
<ExtendedData>
	<Data name="IconNumber">
		<value>901001</value>
	</Data>
</ExtendedData>
</Placemark>
<Placemark>
<name>JV0608</name>
<TimeStamp><when>2026-09-23T11:11:30Z</when></TimeStamp>
<styleUrl>#route</styleUrl>
<Point>
<coordinates>137.488458,34.683326,-0.001000</coordinates>
</Point>
<ExtendedData>
	<Data name="IconNumber">
		<value>901001</value>
	</Data>
</ExtendedData>
</Placemark>
<Placemark>
<name>JV0609</name>
<TimeStamp><when>2026-09-23T11:11:40Z</when></TimeStamp>
<styleUrl>#route</styleUrl>
<Point>
<coordinates>137.488962,34.683626,-0.001000</coordinates>
</Point>
<ExtendedData>
	<Data name="IconNumber">
		<value>901001</value>
	</Data>
</ExtendedData>
</Placemark>
<Placemark>
<name>JV0610</name>
<TimeStamp><when>2026-09-23T11:11:50Z</when></TimeStamp>
<styleUrl>#route</styleUrl>
<Point>
<coordinates>137.489145,34.683806,-0.001000</coordinates>
</Point>
<ExtendedData>
	<Data name="IconNumber">
		<value>901001</value>
	</Data>
</ExtendedData>
</Placemark>
<Placemark>
<name>JV0611</name>
<TimeStamp><when>2026-09-23T11:12:00Z</when></TimeStamp>
<styleUrl>#route</styleUrl>
<Point>
<coordinates>137.489316,34.683952,-0.001000</coordinates>
</Point>
<ExtendedData>
	<Data name="IconNumber">
		<value>901001</value>
	</Data>
</ExtendedData>
</Placemark>
<Placemark>
<name>JV0612</name>
<TimeStamp><when>2026-09-23T11:12:10Z</when></TimeStamp>
<styleUrl>#route</styleUrl>
<Point>
<coordinates>137.490175,34.684587,-0.001000</coordinates>
</Point>
<ExtendedData>
	<Data name="IconNumber">
		<value>901001</value>
	</Data>
</ExtendedData>
</Placemark>
<Placemark>
<name>JV0613</name>
<TimeStamp><when>2026-09-23T11:12:20Z</when></TimeStamp>
<styleUrl>#route</styleUrl>
<Point>
<coordinates>137.490432,34.684699,-0.001000</coordinates>
</Point>
<ExtendedData>
	<Data name="IconNumber">
		<value>901001</value>
	</Data>
</ExtendedData>
</Placemark>
<Placemark>
<name>JV0614</name>
<TimeStamp><when>2026-09-23T11:12:30Z</when></TimeStamp>
<styleUrl>#route</styleUrl>
<Point>
<coordinates>137.490647,34.684759,-0.001000</coordinates>
</Point>
<ExtendedData>
	<Data name="IconNumber">
		<value>901001</value>
	</Data>
</ExtendedData>
</Placemark>
<Placemark>
<name>JV0615</name>
<TimeStamp><when>2026-09-23T11:12:40Z</when></TimeStamp>
<styleUrl>#route</styleUrl>
<Point>
<coordinates>137.490904,34.684776,-0.001000</coordinates>
</Point>
<ExtendedData>
	<Data name="IconNumber">
		<value>901001</value>
	</Data>
</ExtendedData>
</Placemark>
<Placemark>
<name>JV0616</name>
<TimeStamp><when>2026-09-23T11:12:50Z</when></TimeStamp>
<styleUrl>#route</styleUrl>
<Point>
<coordinates>137.492621,34.684785,-0.001000</coordinates>
</Point>
<ExtendedData>
	<Data name="IconNumber">
		<value>901001</value>
	</Data>
</ExtendedData>
</Placemark>
<Placemark>
<name>JV0617</name>
<TimeStamp><when>2026-09-23T11:13:00Z</when></TimeStamp>
<styleUrl>#route</styleUrl>
<Point>
<coordinates>137.493790,34.684785,-0.001000</coordinates>
</Point>
<ExtendedData>
	<Data name="IconNumber">
		<value>901001</value>
	</Data>
</ExtendedData>
</Placemark>
<Placemark>
<name>JV0618</name>
<TimeStamp><when>2026-09-23T11:13:10Z</when></TimeStamp>
<styleUrl>#route</styleUrl>
<Point>
<coordinates>137.496751,34.684793,-0.001000</coordinates>
</Point>
<ExtendedData>
	<Data name="IconNumber">
		<value>901001</value>
	</Data>
</ExtendedData>
</Placemark>
<Placemark>
<name>JV0619</name>
<TimeStamp><when>2026-09-23T11:13:20Z</when></TimeStamp>
<styleUrl>#route</styleUrl>
<Point>
<coordinates>137.496977,34.684819,-0.001000</coordinates>
</Point>
<ExtendedData>
	<Data name="IconNumber">
		<value>901001</value>
	</Data>
</ExtendedData>
</Placemark>
<Placemark>
<name>JV0620</name>
<TimeStamp><when>2026-09-23T11:13:30Z</when></TimeStamp>
<styleUrl>#route</styleUrl>
<Point>
<coordinates>137.497288,34.684896,-0.001000</coordinates>
</Point>
<ExtendedData>
	<Data name="IconNumber">
		<value>901001</value>
	</Data>
</ExtendedData>
</Placemark>
<Placemark>
<name>JV0621</name>
<TimeStamp><when>2026-09-23T11:13:40Z</when></TimeStamp>
<styleUrl>#route</styleUrl>
<Point>
<coordinates>137.497481,34.684999,-0.001000</coordinates>
</Point>
<ExtendedData>
	<Data name="IconNumber">
		<value>901001</value>
	</Data>
</ExtendedData>
</Placemark>
<Placemark>
<name>JV0622</name>
<TimeStamp><when>2026-09-23T11:13:50Z</when></TimeStamp>
<styleUrl>#route</styleUrl>
<Point>
<coordinates>137.497610,34.685102,-0.001000</coordinates>
</Point>
<ExtendedData>
	<Data name="IconNumber">
		<value>901001</value>
	</Data>
</ExtendedData>
</Placemark>
<Placemark>
<name>JV0623</name>
<TimeStamp><when>2026-09-23T11:14:00Z</when></TimeStamp>
<styleUrl>#route</styleUrl>
<Point>
<coordinates>137.497846,34.685360,-0.001000</coordinates>
</Point>
<ExtendedData>
	<Data name="IconNumber">
		<value>901001</value>
	</Data>
</ExtendedData>
</Placemark>
<Placemark>
<name>JV0624</name>
<TimeStamp><when>2026-09-23T11:14:10Z</when></TimeStamp>
<styleUrl>#route</styleUrl>
<Point>
<coordinates>137.498050,34.685686,-0.001000</coordinates>
</Point>
<ExtendedData>
	<Data name="IconNumber">
		<value>901001</value>
	</Data>
</ExtendedData>
</Placemark>
<Placemark>
<name>JV0625</name>
<TimeStamp><when>2026-09-23T11:14:20Z</when></TimeStamp>
<styleUrl>#route</styleUrl>
<Point>
<coordinates>137.498693,34.686733,-0.001000</coordinates>
</Point>
<ExtendedData>
	<Data name="IconNumber">
		<value>901001</value>
	</Data>
</ExtendedData>
</Placemark>
<Placemark>
<name>JV0626</name>
<TimeStamp><when>2026-09-23T11:14:30Z</when></TimeStamp>
<styleUrl>#route</styleUrl>
<Point>
<coordinates>137.498844,34.686836,-0.001000</coordinates>
</Point>
<ExtendedData>
	<Data name="IconNumber">
		<value>901001</value>
	</Data>
</ExtendedData>
</Placemark>
<Placemark>
<name>JV0627</name>
<TimeStamp><when>2026-09-23T11:14:40Z</when></TimeStamp>
<styleUrl>#route</styleUrl>
<Point>
<coordinates>137.499005,34.686888,-0.001000</coordinates>
</Point>
<ExtendedData>
	<Data name="IconNumber">
		<value>901001</value>
	</Data>
</ExtendedData>
</Placemark>
<Placemark>
<name>JV0628</name>
<TimeStamp><when>2026-09-23T11:14:50Z</when></TimeStamp>
<styleUrl>#route</styleUrl>
<Point>
<coordinates>137.499198,34.686922,-0.001000</coordinates>
</Point>
<ExtendedData>
	<Data name="IconNumber">
		<value>901001</value>
	</Data>
</ExtendedData>
</Placemark>
<Placemark>
<name>JV0629</name>
<TimeStamp><when>2026-09-23T11:15:00Z</when></TimeStamp>
<styleUrl>#route</styleUrl>
<Point>
<coordinates>137.499047,34.687729,-0.001000</coordinates>
</Point>
<ExtendedData>
	<Data name="IconNumber">
		<value>901001</value>
	</Data>
</ExtendedData>
</Placemark>
<Placemark>
<name>JV0630</name>
<TimeStamp><when>2026-09-23T11:15:10Z</when></TimeStamp>
<styleUrl>#route</styleUrl>
<Point>
<coordinates>137.499058,34.687935,-0.001000</coordinates>
</Point>
<ExtendedData>
	<Data name="IconNumber">
		<value>901001</value>
	</Data>
</ExtendedData>
</Placemark>
</Folder>
<Placemark>
<name>Path</name>
<Style>
<LineStyle>
 <color>ff0000ff</color>
 <width>2</width>
</LineStyle>
</Style>
<LineString>
<tessellate>1</tessellate>
<coordinates>
137.022794,34.582067,-0.001000
137.022837,34.581985,-0.001000
137.022945,34.581865,-0.001000
137.023052,34.581796,-0.001000
137.023181,34.581745,-0.001000
137.023342,34.581706,-0.001000
137.023449,34.581685,-0.001000
137.023621,34.581676,-0.001000
137.024135,34.581625,-0.001000
137.025702,34.581530,-0.001000
137.025970,34.581530,-0.001000
137.026185,34.581539,-0.001000
137.026399,34.581582,-0.001000
137.026657,34.581659,-0.001000
137.027687,34.582045,-0.001000
137.027923,34.582105,-0.001000
137.028116,34.582140,-0.001000
137.028330,34.582148,-0.001000
137.028609,34.582105,-0.001000
137.028845,34.582045,-0.001000
137.029189,34.581934,-0.001000
137.029403,34.581882,-0.001000
137.029704,34.581831,-0.001000
137.029940,34.581814,-0.001000
137.030315,34.581814,-0.001000
137.030669,34.581848,-0.001000
137.032225,34.582020,-0.001000
137.032461,34.582037,-0.001000
137.032676,34.582028,-0.001000
137.032837,34.582011,-0.001000
137.033309,34.581891,-0.001000
137.033909,34.581762,-0.001000
137.034124,34.581693,-0.001000
137.034253,34.581625,-0.001000
137.034382,34.581539,-0.001000
137.034564,34.581316,-0.001000
137.035079,34.580440,-0.001000
137.035272,34.580174,-0.001000
137.035487,34.579908,-0.001000
137.035766,34.579616,-0.001000
137.035948,34.579307,-0.001000
137.036023,34.579170,-0.001000
137.036130,34.579050,-0.001000
137.036238,34.578973,-0.001000
137.036409,34.578913,-0.001000
137.036570,34.578921,-0.001000
137.036710,34.578956,-0.001000
137.036892,34.579016,-0.001000
137.037010,34.579084,-0.001000
137.037117,34.579196,-0.001000
137.037268,34.579385,-0.001000
137.037353,34.579625,-0.001000
137.037429,34.579754,-0.001000
137.037547,34.579840,-0.001000
137.037675,34.579891,-0.001000
137.038898,34.579977,-0.001000
137.039156,34.580020,-0.001000
137.039285,34.580071,-0.001000
137.039574,34.580217,-0.001000
137.040036,34.580492,-0.001000
137.040379,34.580741,-0.001000
137.040572,34.580870,-0.001000
137.040830,34.581007,-0.001000
137.042375,34.581376,-0.001000
137.042503,34.581376,-0.001000
137.042653,34.581350,-0.001000
137.043104,34.581161,-0.001000
137.043254,34.581093,-0.001000
137.043404,34.581067,-0.001000
137.043619,34.581058,-0.001000
137.043812,34.581076,-0.001000
137.044284,34.581213,-0.001000
137.046430,34.581805,-0.001000
137.047868,34.582208,-0.001000
137.048029,34.582260,-0.001000
137.048297,34.582380,-0.001000
137.049005,34.582818,-0.001000
137.049305,34.583024,-0.001000
137.049477,34.583127,-0.001000
137.049820,34.583273,-0.001000
137.051065,34.583822,-0.001000
137.052052,34.584354,-0.001000
137.053028,34.584904,-0.001000
137.053189,34.584998,-0.001000
137.053318,34.585032,-0.001000
137.053500,34.585041,-0.001000
137.054638,34.584912,-0.001000
137.054863,34.584904,-0.001000
137.055163,34.584904,-0.001000
137.055882,34.584938,-0.001000
137.057427,34.585067,-0.001000
137.059326,34.585281,-0.001000
137.060249,34.585384,-0.001000
137.060624,34.585444,-0.001000
137.062362,34.585788,-0.001000
137.064787,34.586285,-0.001000
137.067255,34.586861,-0.001000
137.069358,34.587341,-0.001000
137.070323,34.587539,-0.001000
137.071310,34.587727,-0.001000
137.072651,34.587968,-0.001000
137.075870,34.588543,-0.001000
137.078853,34.589041,-0.001000
137.079797,34.589195,-0.001000
137.080762,34.589375,-0.001000
137.086019,34.590380,-0.001000
137.086899,34.590551,-0.001000
137.087296,34.590637,-0.001000
137.087661,34.590740,-0.001000
137.087994,34.590860,-0.001000
137.088734,34.591169,-0.001000
137.091062,34.592122,-0.001000
137.092124,34.592551,-0.001000
137.092854,34.592851,-0.001000
137.093111,34.592929,-0.001000
137.093326,34.592963,-0.001000
137.093551,34.592963,-0.001000
137.094098,34.592954,-0.001000
137.094452,34.592937,-0.001000
137.094656,34.592912,-0.001000
137.094999,34.592851,-0.001000
137.095343,34.592766,-0.001000
137.095686,34.592654,-0.001000
137.096341,34.592457,-0.001000
137.096834,34.592388,-0.001000
137.097682,34.592294,-0.001000
137.098519,34.592199,-0.001000
137.099398,34.592096,-0.001000
137.101061,34.591864,-0.001000
137.101705,34.591770,-0.001000
137.102070,34.591667,-0.001000
137.103840,34.591092,-0.001000
137.105042,34.590723,-0.001000
137.105975,34.590414,-0.001000
137.106490,34.590259,-0.001000
137.106855,34.590174,-0.001000
137.107284,34.590088,-0.001000
137.107499,34.590053,-0.001000
137.108346,34.589985,-0.001000
137.108711,34.589959,-0.001000
137.108990,34.589950,-0.001000
137.109215,34.589968,-0.001000
137.109537,34.590002,-0.001000
137.109762,34.590053,-0.001000
137.110374,34.590225,-0.001000
137.111533,34.590628,-0.001000
137.111812,34.590766,-0.001000
137.112241,34.590989,-0.001000
137.113153,34.591461,-0.001000
137.113893,34.591839,-0.001000
137.114236,34.592002,-0.001000
137.114462,34.592079,-0.001000
137.114676,34.592131,-0.001000
137.114901,34.592182,-0.001000
137.115309,34.592234,-0.001000
137.115588,34.592242,-0.001000
137.116039,34.592225,-0.001000
137.121419,34.591740,-0.001000
137.122932,34.591641,-0.001000
137.124091,34.591568,-0.001000
137.124997,34.591517,-0.001000
137.125459,34.591504,-0.001000
137.127132,34.591504,-0.001000
137.128495,34.591470,-0.001000
137.129922,34.591470,-0.001000
137.130297,34.591444,-0.001000
137.131735,34.591195,-0.001000
137.132014,34.591152,-0.001000
137.132389,34.591126,-0.001000
137.132668,34.591126,-0.001000
137.133108,34.591161,-0.001000
137.133441,34.591195,-0.001000
137.133757,34.591246,-0.001000
137.134111,34.591332,-0.001000
137.134583,34.591487,-0.001000
137.135174,34.591710,-0.001000
137.135388,34.591779,-0.001000
137.135624,34.591847,-0.001000
137.135946,34.591899,-0.001000
137.136847,34.591950,-0.001000
137.137620,34.591959,-0.001000
137.138660,34.591925,-0.001000
137.138875,34.591916,-0.001000
137.139508,34.591942,-0.001000
137.139873,34.591985,-0.001000
137.140946,34.592148,-0.001000
137.144797,34.592663,-0.001000
137.145044,34.592706,-0.001000
137.146718,34.593135,-0.001000
137.147297,34.593263,-0.001000
137.147555,34.593315,-0.001000
137.149969,34.593684,-0.001000
137.152114,34.594002,-0.001000
137.152426,34.594070,-0.001000
137.152855,34.594190,-0.001000
137.153284,34.594319,-0.001000
137.153616,34.594457,-0.001000
137.153831,34.594560,-0.001000
137.154475,34.594903,-0.001000
137.154807,34.595117,-0.001000
137.155022,34.595263,-0.001000
137.155548,34.595684,-0.001000
137.157017,34.597049,-0.001000
137.157146,34.597169,-0.001000
137.157275,34.597255,-0.001000
137.157447,34.597349,-0.001000
137.157736,34.597478,-0.001000
137.158444,34.597735,-0.001000
137.159389,34.598027,-0.001000
137.159657,34.598096,-0.001000
137.160032,34.598182,-0.001000
137.162521,34.598688,-0.001000
137.163498,34.598885,-0.001000
137.163723,34.598945,-0.001000
137.164023,34.599066,-0.001000
137.164281,34.599212,-0.001000
137.167156,34.601340,-0.001000
137.167339,34.601460,-0.001000
137.167542,34.601563,-0.001000
137.167736,34.601632,-0.001000
137.168841,34.601924,-0.001000
137.169903,34.602181,-0.001000
137.170128,34.602250,-0.001000
137.171319,34.602696,-0.001000
137.171770,34.602851,-0.001000
137.172306,34.603057,-0.001000
137.173529,34.603563,-0.001000
137.174184,34.603778,-0.001000
137.174355,34.603846,-0.001000
137.174581,34.603958,-0.001000
137.174720,34.604035,-0.001000
137.174978,34.604215,-0.001000
137.176512,34.605409,-0.001000
137.177649,34.606327,-0.001000
137.177939,34.606533,-0.001000
137.178271,34.606730,-0.001000
137.178615,34.606885,-0.001000
137.179044,34.607074,-0.001000
137.179634,34.607245,-0.001000
137.183067,34.608078,-0.001000
137.183722,34.608241,-0.001000
137.184237,34.608395,-0.001000
137.185020,34.608644,-0.001000
137.186050,34.608996,-0.001000
137.187970,34.609674,-0.001000
137.189955,34.610412,-0.001000
137.191135,34.610833,-0.001000
137.191779,34.611099,-0.001000
137.192745,34.611520,-0.001000
137.193002,34.611631,-0.001000
137.193496,34.611889,-0.001000
137.193774,34.612017,-0.001000
137.193978,34.612103,-0.001000
137.194504,34.612275,-0.001000
137.197401,34.612987,-0.001000
137.199042,34.613391,-0.001000
137.199729,34.613562,-0.001000
137.200426,34.613743,-0.001000
137.202218,34.614163,-0.001000
137.205780,34.615047,-0.001000
137.206585,34.615245,-0.001000
137.207400,34.615373,-0.001000
137.207572,34.615434,-0.001000
137.207979,34.615674,-0.001000
137.208344,34.615931,-0.001000
137.208720,34.616326,-0.001000
137.209245,34.616927,-0.001000
137.209353,34.617047,-0.001000
137.209578,34.617193,-0.001000
137.209825,34.617322,-0.001000
137.210147,34.617433,-0.001000
137.212024,34.617811,-0.001000
137.212303,34.617863,-0.001000
137.212689,34.617905,-0.001000
137.213215,34.617940,-0.001000
137.214460,34.618008,-0.001000
137.214685,34.618026,-0.001000
137.214835,34.618060,-0.001000
137.215125,34.618154,-0.001000
137.215425,34.618292,-0.001000
137.215897,34.618532,-0.001000
137.217035,34.619090,-0.001000
137.217421,34.619279,-0.001000
137.217614,34.619330,-0.001000
137.217893,34.619365,-0.001000
137.218129,34.619373,-0.001000
137.218365,34.619347,-0.001000
137.218515,34.619330,-0.001000
137.218773,34.619262,-0.001000
137.218966,34.619193,-0.001000
137.219298,34.619004,-0.001000
137.219792,34.618549,-0.001000
137.220028,34.618335,-0.001000
137.220210,34.618249,-0.001000
137.220468,34.618163,-0.001000
137.220682,34.618129,-0.001000
137.220908,34.618129,-0.001000
137.222442,34.618077,-0.001000
137.222657,34.618086,-0.001000
137.222860,34.618129,-0.001000
137.223075,34.618214,-0.001000
137.223279,34.618335,-0.001000
137.223493,34.618498,-0.001000
137.224770,34.619948,-0.001000
137.224985,34.620128,-0.001000
137.225446,34.620377,-0.001000
137.225607,34.620437,-0.001000
137.226004,34.620549,-0.001000
137.227560,34.620892,-0.001000
137.227871,34.620978,-0.001000
137.228386,34.621184,-0.001000
137.229480,34.621596,-0.001000
137.232538,34.622746,-0.001000
137.233021,34.622927,-0.001000
137.233267,34.622987,-0.001000
137.233568,34.623030,-0.001000
137.233868,34.623038,-0.001000
137.234941,34.622952,-0.001000
137.235284,34.622944,-0.001000
137.235499,34.622969,-0.001000
137.235874,34.623090,-0.001000
137.236636,34.623364,-0.001000
137.237773,34.623725,-0.001000
137.238406,34.623896,-0.001000
137.239115,34.624060,-0.001000
137.241561,34.624592,-0.001000
137.243996,34.625115,-0.001000
137.244200,34.625201,-0.001000
137.244479,34.625364,-0.001000
137.245541,34.626145,-0.001000
137.246217,34.626660,-0.001000
137.246389,34.626780,-0.001000
137.246550,34.626883,-0.001000
137.246775,34.626986,-0.001000
137.247665,34.627321,-0.001000
137.248062,34.627519,-0.001000
137.248363,34.627682,-0.001000
137.252236,34.629922,-0.001000
137.253995,34.630917,-0.001000
137.254242,34.631055,-0.001000
137.254371,34.631123,-0.001000
137.254575,34.631201,-0.001000
137.254886,34.631278,-0.001000
137.256206,34.631527,-0.001000
137.260433,34.632411,-0.001000
137.265465,34.633467,-0.001000
137.268479,34.634119,-0.001000
137.271172,34.634677,-0.001000
137.272267,34.634891,-0.001000
137.275560,34.635604,-0.001000
137.276344,34.635784,-0.001000
137.279079,34.636462,-0.001000
137.280421,34.636797,-0.001000
137.280946,34.636960,-0.001000
137.281794,34.637252,-0.001000
137.283382,34.637861,-0.001000
137.284991,34.638505,-0.001000
137.287319,34.639526,-0.001000
137.288038,34.639870,-0.001000
137.290141,34.640857,-0.001000
137.290484,34.640977,-0.001000
137.291031,34.641097,-0.001000
137.294744,34.641938,-0.001000
137.294990,34.642007,-0.001000
137.295162,34.642075,-0.001000
137.295377,34.642196,-0.001000
137.296042,34.642633,-0.001000
137.297179,34.643354,-0.001000
137.297533,34.643500,-0.001000
137.297866,34.643603,-0.001000
137.298273,34.643723,-0.001000
137.298542,34.643801,-0.001000
137.298863,34.643869,-0.001000
137.299475,34.643972,-0.001000
137.300677,34.644152,-0.001000
137.301503,34.644264,-0.001000
137.302876,34.644479,-0.001000
137.303831,34.644616,-0.001000
137.304904,34.644770,-0.001000
137.305429,34.644839,-0.001000
137.305719,34.644882,-0.001000
137.305902,34.644891,-0.001000
137.306331,34.644899,-0.001000
137.306567,34.644899,-0.001000
137.306824,34.644891,-0.001000
137.306937,34.644899,-0.001000
137.307103,34.644882,-0.001000
137.307259,34.644865,-0.001000
137.307446,34.644831,-0.001000
137.307758,34.644745,-0.001000
137.308316,34.644573,-0.001000
137.308691,34.644470,-0.001000
137.308852,34.644453,-0.001000
137.309013,34.644461,-0.001000
137.309217,34.644487,-0.001000
137.309485,34.644556,-0.001000
137.310333,34.644891,-0.001000
137.312060,34.645603,-0.001000
137.314485,34.646547,-0.001000
137.315354,34.646916,-0.001000
137.316019,34.647157,-0.001000
137.318401,34.648118,-0.001000
137.319109,34.648375,-0.001000
137.319828,34.648667,-0.001000
137.320160,34.648787,-0.001000
137.320439,34.648865,-0.001000
137.320933,34.648950,-0.001000
137.321705,34.649053,-0.001000
137.322810,34.649199,-0.001000
137.327467,34.649834,-0.001000
137.328475,34.649998,-0.001000
137.329387,34.650152,-0.001000
137.329720,34.650229,-0.001000
137.329999,34.650307,-0.001000
137.330406,34.650444,-0.001000
137.332970,34.651345,-0.001000
137.333357,34.651431,-0.001000
137.333614,34.651448,-0.001000
137.335341,34.651405,-0.001000
137.338292,34.651302,-0.001000
137.339687,34.651302,-0.001000
137.339998,34.651319,-0.001000
137.340298,34.651345,-0.001000
137.340491,34.651388,-0.001000
137.340792,34.651465,-0.001000
137.341242,34.651628,-0.001000
137.341865,34.651886,-0.001000
137.344128,34.652881,-0.001000
137.347626,34.654358,-0.001000
137.348763,34.654856,-0.001000
137.349096,34.654967,-0.001000
137.349364,34.655049,-0.001000
137.349568,34.655092,-0.001000
137.349750,34.655130,-0.001000
137.350083,34.655177,-0.001000
137.350619,34.655212,-0.001000
137.351504,34.655268,-0.001000
137.351773,34.655310,-0.001000
137.351998,34.655362,-0.001000
137.353243,34.655825,-0.001000
137.353489,34.655954,-0.001000
137.353715,34.656100,-0.001000
137.356204,34.658160,-0.001000
137.356601,34.658418,-0.001000
137.357019,34.658589,-0.001000
137.358789,34.659242,-0.001000
137.360334,34.660066,-0.001000
137.360721,34.660297,-0.001000
137.360935,34.660426,-0.001000
137.361236,34.660529,-0.001000
137.361557,34.660598,-0.001000
137.365066,34.661044,-0.001000
137.365452,34.661130,-0.001000
137.366192,34.661353,-0.001000
137.367619,34.661748,-0.001000
137.369422,34.662297,-0.001000
137.370806,34.662701,-0.001000
137.372994,34.663353,-0.001000
137.373761,34.663567,-0.001000
137.373971,34.663653,-0.001000
137.374099,34.663718,-0.001000
137.374260,34.663816,-0.001000
137.374421,34.663936,-0.001000
137.375301,34.664632,-0.001000
137.375559,34.664821,-0.001000
137.375902,34.665009,-0.001000
137.376181,34.665112,-0.001000
137.377050,34.665336,-0.001000
137.378659,34.665799,-0.001000
137.379700,34.665988,-0.001000
137.380236,34.666056,-0.001000
137.381009,34.666117,-0.001000
137.381610,34.666142,-0.001000
137.382264,34.666134,-0.001000
137.383745,34.665928,-0.001000
137.385257,34.665842,-0.001000
137.386234,34.665722,-0.001000
137.386609,34.665696,-0.001000
137.386920,34.665696,-0.001000
137.387307,34.665739,-0.001000
137.387650,34.665808,-0.001000
137.387907,34.665876,-0.001000
137.388465,34.666065,-0.001000
137.389141,34.666305,-0.001000
137.389603,34.666460,-0.001000
137.390160,34.666674,-0.001000
137.390557,34.666812,-0.001000
137.390890,34.666880,-0.001000
137.392392,34.667112,-0.001000
137.392918,34.667181,-0.001000
137.393122,34.667181,-0.001000
137.393304,34.667164,-0.001000
137.393583,34.667095,-0.001000
137.393873,34.666983,-0.001000
137.394259,34.666777,-0.001000
137.396716,34.665567,-0.001000
137.396941,34.665499,-0.001000
137.397220,34.665439,-0.001000
137.397402,34.665421,-0.001000
137.400181,34.665361,-0.001000
137.401115,34.665361,-0.001000
137.401308,34.665396,-0.001000
137.401651,34.665499,-0.001000
137.401866,34.665602,-0.001000
137.404119,34.666769,-0.001000
137.406425,34.667953,-0.001000
137.406758,34.668091,-0.001000
137.407015,34.668185,-0.001000
137.407530,34.668340,-0.001000
137.409676,34.668837,-0.001000
137.413560,34.669773,-0.001000
137.413828,34.669842,-0.001000
137.416350,34.670812,-0.001000
137.417186,34.671146,-0.001000
137.417401,34.671266,-0.001000
137.417583,34.671429,-0.001000
137.418742,34.673515,-0.001000
137.419568,34.675034,-0.001000
137.420148,34.676039,-0.001000
137.420373,34.676296,-0.001000
137.420641,34.676502,-0.001000
137.420834,34.676614,-0.001000
137.421092,34.676708,-0.001000
137.421274,34.676760,-0.001000
137.421811,34.676811,-0.001000
137.426510,34.677257,-0.001000
137.431005,34.677669,-0.001000
137.431713,34.677721,-0.001000
137.433333,34.677764,-0.001000
137.434674,34.677790,-0.001000
137.435608,34.677807,-0.001000
137.436005,34.677832,-0.001000
137.436434,34.677910,-0.001000
137.436767,34.678030,-0.001000
137.437163,34.678176,-0.001000
137.437367,34.678287,-0.001000
137.437700,34.678502,-0.001000
137.438183,34.678768,-0.001000
137.438526,34.678905,-0.001000
137.438880,34.679026,-0.001000
137.440210,34.679326,-0.001000
137.441240,34.679540,-0.001000
137.443890,34.680107,-0.001000
137.444384,34.680210,-0.001000
137.444641,34.680279,-0.001000
137.444963,34.680399,-0.001000
137.445393,34.680622,-0.001000
137.445950,34.680957,-0.001000
137.447731,34.682021,-0.001000
137.448010,34.682244,-0.001000
137.449813,34.683506,-0.001000
137.450274,34.683823,-0.001000
137.450714,34.684227,-0.001000
137.451057,34.684450,-0.001000
137.451272,34.684536,-0.001000
137.451658,34.684639,-0.001000
137.451851,34.684686,-0.001000
137.452034,34.684712,-0.001000
137.452211,34.684720,-0.001000
137.452538,34.684712,-0.001000
137.463449,34.683956,-0.001000
137.465874,34.683759,-0.001000
137.466046,34.683759,-0.001000
137.466324,34.683776,-0.001000
137.466657,34.683828,-0.001000
137.466936,34.683905,-0.001000
137.467161,34.684008,-0.001000
137.467955,34.684403,-0.001000
137.468481,34.684660,-0.001000
137.468878,34.684755,-0.001000
137.469200,34.684798,-0.001000
137.469500,34.684918,-0.001000
137.469779,34.684978,-0.001000
137.469972,34.684986,-0.001000
137.470337,34.684986,-0.001000
137.470981,34.684961,-0.001000
137.471292,34.684986,-0.001000
137.471625,34.685055,-0.001000
137.471748,34.685094,-0.001000
137.471909,34.685111,-0.001000
137.472220,34.685111,-0.001000
137.472445,34.685098,-0.001000
137.472697,34.685085,-0.001000
137.472928,34.685047,-0.001000
137.473159,34.684974,-0.001000
137.475980,34.683987,-0.001000
137.478491,34.683094,-0.001000
137.478899,34.682982,-0.001000
137.479156,34.682931,-0.001000
137.479553,34.682896,-0.001000
137.480111,34.682896,-0.001000
137.480454,34.682854,-0.001000
137.481259,34.682562,-0.001000
137.481409,34.682545,-0.001000
137.481559,34.682570,-0.001000
137.482053,34.682742,-0.001000
137.482278,34.682802,-0.001000
137.482461,34.682836,-0.001000
137.482825,34.682888,-0.001000
137.484574,34.682888,-0.001000
137.484896,34.682905,-0.001000
137.485626,34.683051,-0.001000
137.485990,34.683137,-0.001000
137.486291,34.683180,-0.001000
137.486763,34.683197,-0.001000
137.488007,34.683257,-0.001000
137.488222,34.683266,-0.001000
137.488458,34.683326,-0.001000
137.488962,34.683626,-0.001000
137.489145,34.683806,-0.001000
137.489316,34.683952,-0.001000
137.490175,34.684587,-0.001000
137.490432,34.684699,-0.001000
137.490647,34.684759,-0.001000
137.490904,34.684776,-0.001000
137.492621,34.684785,-0.001000
137.493790,34.684785,-0.001000
137.496751,34.684793,-0.001000
137.496977,34.684819,-0.001000
137.497288,34.684896,-0.001000
137.497481,34.684999,-0.001000
137.497610,34.685102,-0.001000
137.497846,34.685360,-0.001000
137.498050,34.685686,-0.001000
137.498693,34.686733,-0.001000
137.498844,34.686836,-0.001000
137.499005,34.686888,-0.001000
137.499198,34.686922,-0.001000
137.499047,34.687729,-0.001000
137.499058,34.687935,-0.001000
</coordinates>
</LineString>
</Placemark>
</Folder>
<Folder>
<name>道の駅伊良湖クリスタルポルト</name>
<Folder>
<name>Points</name>
<Placemark>
<name>JT0013</name>
<TimeStamp><when>2026-09-23T08:33:56Z</when></TimeStamp>
<styleUrl>#route</styleUrl>
<Point>
<coordinates>137.019474,34.583522,-0.001000</coordinates>
</Point>
<ExtendedData>
	<Data name="IconNumber">
		<value>901001</value>
	</Data>
</ExtendedData>
</Placemark>
<Placemark>
<name>JT0017</name>
<TimeStamp><when>2026-09-23T08:34:06Z</when></TimeStamp>
<styleUrl>#route</styleUrl>
<Point>
<coordinates>137.019613,34.583492,-0.001000</coordinates>
</Point>
<ExtendedData>
	<Data name="IconNumber">
		<value>901001</value>
	</Data>
</ExtendedData>
</Placemark>
<Placemark>
<name>JU0003</name>
<TimeStamp><when>2026-09-23T08:34:16Z</when></TimeStamp>
<styleUrl>#route</styleUrl>
<Point>
<coordinates>137.019865,34.583444,-0.001000</coordinates>
</Point>
<ExtendedData>
	<Data name="IconNumber">
		<value>901001</value>
	</Data>
</ExtendedData>
</Placemark>
<Placemark>
<name>JU0004</name>
<TimeStamp><when>2026-09-23T08:34:26Z</when></TimeStamp>
<styleUrl>#route</styleUrl>
<Point>
<coordinates>137.021131,34.583101,-0.001000</coordinates>
</Point>
<ExtendedData>
	<Data name="IconNumber">
		<value>901001</value>
	</Data>
</ExtendedData>
</Placemark>
<Placemark>
<name>JU0005</name>
<TimeStamp><when>2026-09-23T08:34:36Z</when></TimeStamp>
<styleUrl>#route</styleUrl>
<Point>
<coordinates>137.021228,34.582899,-0.001000</coordinates>
</Point>
<ExtendedData>
	<Data name="IconNumber">
		<value>901001</value>
	</Data>
</ExtendedData>
</Placemark>
<Placemark>
<name>JT0025</name>
<TimeStamp><when>2026-09-23T08:34:46Z</when></TimeStamp>
<styleUrl>#route</styleUrl>
<Point>
<coordinates>137.021260,34.582732,-0.001000</coordinates>
</Point>
<ExtendedData>
	<Data name="IconNumber">
		<value>901001</value>
	</Data>
</ExtendedData>
</Placemark>
<Placemark>
<name>JT0005</name>
<TimeStamp><when>2026-09-23T08:34:56Z</when></TimeStamp>
<styleUrl>#route</styleUrl>
<Point>
<coordinates>137.021217,34.582633,-0.001000</coordinates>
</Point>
<ExtendedData>
	<Data name="IconNumber">
		<value>901001</value>
	</Data>
</ExtendedData>
</Placemark>
</Folder>
<Placemark>
<name>Path</name>
<Style>
<LineStyle>
 <color>ff0000ff</color>
 <width>2</width>
</LineStyle>
</Style>
<LineString>
<tessellate>1</tessellate>
<coordinates>
137.019474,34.583522,-0.001000
137.019613,34.583492,-0.001000
137.019865,34.583444,-0.001000
137.021131,34.583101,-0.001000
137.021228,34.582899,-0.001000
137.021260,34.582732,-0.001000
137.021217,34.582633,-0.001000
</coordinates>
</LineString>
</Placemark>
</Folder>
<Folder>
<name>伊良湖港</name>
<Folder>
<name>Points</name>
<Placemark>
<name>JS0779</name>
<TimeStamp><when>2026-09-23T08:32:44Z</when></TimeStamp>
<styleUrl>#route</styleUrl>
<Point>
<coordinates>137.022768,34.582294,-0.001000</coordinates>
</Point>
<ExtendedData>
	<Data name="IconNumber">
		<value>901001</value>
	</Data>
</ExtendedData>
</Placemark>
<Placemark>
<name>JT0002</name>
<TimeStamp><when>2026-09-23T08:32:54Z</when></TimeStamp>
<styleUrl>#route</styleUrl>
<Point>
<coordinates>137.022515,34.582346,-0.001000</coordinates>
</Point>
<ExtendedData>
	<Data name="IconNumber">
		<value>901001</value>
	</Data>
</ExtendedData>
</Placemark>
<Placemark>
<name>JT0003</name>
<TimeStamp><when>2026-09-23T08:33:04Z</when></TimeStamp>
<styleUrl>#route</styleUrl>
<Point>
<coordinates>137.021630,34.582522,-0.001000</coordinates>
</Point>
<ExtendedData>
	<Data name="IconNumber">
		<value>901001</value>
	</Data>
</ExtendedData>
</Placemark>
<Placemark>
<name>JT0004</name>
<TimeStamp><when>2026-09-23T08:33:14Z</when></TimeStamp>
<styleUrl>#route</styleUrl>
<Point>
<coordinates>137.021367,34.582595,-0.001000</coordinates>
</Point>
<ExtendedData>
	<Data name="IconNumber">
		<value>901001</value>
	</Data>
</ExtendedData>
</Placemark>
<Placemark>
<name>JT0005</name>
<TimeStamp><when>2026-09-23T08:33:24Z</when></TimeStamp>
<styleUrl>#route</styleUrl>
<Point>
<coordinates>137.021217,34.582633,-0.001000</coordinates>
</Point>
<ExtendedData>
	<Data name="IconNumber">
		<value>901001</value>
	</Data>
</ExtendedData>
</Placemark>
<Placemark>
<name>JT0006</name>
<TimeStamp><when>2026-09-23T08:33:34Z</when></TimeStamp>
<styleUrl>#route</styleUrl>
<Point>
<coordinates>137.020032,34.582929,-0.001000</coordinates>
</Point>
<ExtendedData>
	<Data name="IconNumber">
		<value>901001</value>
	</Data>
</ExtendedData>
</Placemark>
<Placemark>
<name>JT0007</name>
<TimeStamp><when>2026-09-23T08:33:44Z</when></TimeStamp>
<styleUrl>#route</styleUrl>
<Point>
<coordinates>137.019785,34.583007,-0.001000</coordinates>
</Point>
<ExtendedData>
	<Data name="IconNumber">
		<value>901001</value>
	</Data>
</ExtendedData>
</Placemark>
<Placemark>
<name>JT0008</name>
<TimeStamp><when>2026-09-23T08:33:54Z</when></TimeStamp>
<styleUrl>#route</styleUrl>
<Point>
<coordinates>137.019645,34.583075,-0.001000</coordinates>
</Point>
<ExtendedData>
	<Data name="IconNumber">
		<value>901001</value>
	</Data>
</ExtendedData>
</Placemark>
<Placemark>
<name>JT0009</name>
<TimeStamp><when>2026-09-23T08:34:04Z</when></TimeStamp>
<styleUrl>#route</styleUrl>
<Point>
<coordinates>137.019554,34.583144,-0.001000</coordinates>
</Point>
<ExtendedData>
	<Data name="IconNumber">
		<value>901001</value>
	</Data>
</ExtendedData>
</Placemark>
<Placemark>
<name>JT0010</name>
<TimeStamp><when>2026-09-23T08:34:14Z</when></TimeStamp>
<styleUrl>#route</styleUrl>
<Point>
<coordinates>137.019485,34.583217,-0.001000</coordinates>
</Point>
<ExtendedData>
	<Data name="IconNumber">
		<value>901001</value>
	</Data>
</ExtendedData>
</Placemark>
<Placemark>
<name>JT0011</name>
<TimeStamp><when>2026-09-23T08:34:24Z</when></TimeStamp>
<styleUrl>#route</styleUrl>
<Point>
<coordinates>137.019458,34.583294,-0.001000</coordinates>
</Point>
<ExtendedData>
	<Data name="IconNumber">
		<value>901001</value>
	</Data>
</ExtendedData>
</Placemark>
<Placemark>
<name>JT0012</name>
<TimeStamp><when>2026-09-23T08:34:34Z</when></TimeStamp>
<styleUrl>#route</styleUrl>
<Point>
<coordinates>137.019442,34.583380,-0.001000</coordinates>
</Point>
<ExtendedData>
	<Data name="IconNumber">
		<value>901001</value>
	</Data>
</ExtendedData>
</Placemark>
<Placemark>
<name>JT0013</name>
<TimeStamp><when>2026-09-23T08:34:44Z</when></TimeStamp>
<styleUrl>#route</styleUrl>
<Point>
<coordinates>137.019474,34.583522,-0.001000</coordinates>
</Point>
<ExtendedData>
	<Data name="IconNumber">
		<value>901001</value>
	</Data>
</ExtendedData>
</Placemark>
<Placemark>
<name>JT0014</name>
<TimeStamp><when>2026-09-23T08:34:54Z</when></TimeStamp>
<styleUrl>#route</styleUrl>
<Point>
<coordinates>137.019742,34.584080,-0.001000</coordinates>
</Point>
<ExtendedData>
	<Data name="IconNumber">
		<value>901001</value>
	</Data>
</ExtendedData>
</Placemark>
<Placemark>
<name>JT0015</name>
<TimeStamp><when>2026-09-23T08:35:04Z</when></TimeStamp>
<styleUrl>#route</styleUrl>
<Point>
<coordinates>137.019865,34.584041,-0.001000</coordinates>
</Point>
<ExtendedData>
	<Data name="IconNumber">
		<value>901001</value>
	</Data>
</ExtendedData>
</Placemark>
<Placemark>
<name>JT0016</name>
<TimeStamp><when>2026-09-23T08:35:14Z</when></TimeStamp>
<styleUrl>#route</styleUrl>
<Point>
<coordinates>137.019656,34.583603,-0.001000</coordinates>
</Point>
<ExtendedData>
	<Data name="IconNumber">
		<value>901001</value>
	</Data>
</ExtendedData>
</Placemark>
<Placemark>
<name>JT0017</name>
<TimeStamp><when>2026-09-23T08:35:24Z</when></TimeStamp>
<styleUrl>#route</styleUrl>
<Point>
<coordinates>137.019613,34.583492,-0.001000</coordinates>
</Point>
<ExtendedData>
	<Data name="IconNumber">
		<value>901001</value>
	</Data>
</ExtendedData>
</Placemark>
<Placemark>
<name>JT0018</name>
<TimeStamp><when>2026-09-23T08:35:34Z</when></TimeStamp>
<styleUrl>#route</styleUrl>
<Point>
<coordinates>137.019592,34.583414,-0.001000</coordinates>
</Point>
<ExtendedData>
	<Data name="IconNumber">
		<value>901001</value>
	</Data>
</ExtendedData>
</Placemark>
<Placemark>
<name>JT0019</name>
<TimeStamp><when>2026-09-23T08:35:44Z</when></TimeStamp>
<styleUrl>#route</styleUrl>
<Point>
<coordinates>137.019603,34.583316,-0.001000</coordinates>
</Point>
<ExtendedData>
	<Data name="IconNumber">
		<value>901001</value>
	</Data>
</ExtendedData>
</Placemark>
<Placemark>
<name>JT0020</name>
<TimeStamp><when>2026-09-23T08:35:54Z</when></TimeStamp>
<styleUrl>#route</styleUrl>
<Point>
<coordinates>137.019629,34.583247,-0.001000</coordinates>
</Point>
<ExtendedData>
	<Data name="IconNumber">
		<value>901001</value>
	</Data>
</ExtendedData>
</Placemark>
<Placemark>
<name>JT0021</name>
<TimeStamp><when>2026-09-23T08:36:04Z</when></TimeStamp>
<styleUrl>#route</styleUrl>
<Point>
<coordinates>137.019699,34.583170,-0.001000</coordinates>
</Point>
<ExtendedData>
	<Data name="IconNumber">
		<value>901001</value>
	</Data>
</ExtendedData>
</Placemark>
<Placemark>
<name>JT0022</name>
<TimeStamp><when>2026-09-23T08:36:14Z</when></TimeStamp>
<styleUrl>#route</styleUrl>
<Point>
<coordinates>137.019790,34.583127,-0.001000</coordinates>
</Point>
<ExtendedData>
	<Data name="IconNumber">
		<value>901001</value>
	</Data>
</ExtendedData>
</Placemark>
<Placemark>
<name>JT0023</name>
<TimeStamp><when>2026-09-23T08:36:24Z</when></TimeStamp>
<styleUrl>#route</styleUrl>
<Point>
<coordinates>137.019951,34.583084,-0.001000</coordinates>
</Point>
<ExtendedData>
	<Data name="IconNumber">
		<value>901001</value>
	</Data>
</ExtendedData>
</Placemark>
<Placemark>
<name>JT0024</name>
<TimeStamp><when>2026-09-23T08:36:34Z</when></TimeStamp>
<styleUrl>#route</styleUrl>
<Point>
<coordinates>137.020944,34.582818,-0.001000</coordinates>
</Point>
<ExtendedData>
	<Data name="IconNumber">
		<value>901001</value>
	</Data>
</ExtendedData>
</Placemark>
<Placemark>
<name>JT0025</name>
<TimeStamp><when>2026-09-23T08:36:44Z</when></TimeStamp>
<styleUrl>#route</styleUrl>
<Point>
<coordinates>137.021260,34.582732,-0.001000</coordinates>
</Point>
<ExtendedData>
	<Data name="IconNumber">
		<value>901001</value>
	</Data>
</ExtendedData>
</Placemark>
<Placemark>
<name>JT0026</name>
<TimeStamp><when>2026-09-23T08:36:54Z</when></TimeStamp>
<styleUrl>#route</styleUrl>
<Point>
<coordinates>137.022365,34.582509,-0.001000</coordinates>
</Point>
<ExtendedData>
	<Data name="IconNumber">
		<value>901001</value>
	</Data>
</ExtendedData>
</Placemark>
<Placemark>
<name>JT0027</name>
<TimeStamp><when>2026-09-23T08:37:04Z</when></TimeStamp>
<styleUrl>#route</styleUrl>
<Point>
<coordinates>137.022671,34.582445,-0.001000</coordinates>
</Point>
<ExtendedData>
	<Data name="IconNumber">
		<value>901001</value>
	</Data>
</ExtendedData>
</Placemark>
<Placemark>
<name>JS0778</name>
<TimeStamp><when>2026-09-23T08:37:14Z</when></TimeStamp>
<styleUrl>#route</styleUrl>
<Point>
<coordinates>137.022789,34.582423,-0.001000</coordinates>
</Point>
<ExtendedData>
	<Data name="IconNumber">
		<value>901001</value>
	</Data>
</ExtendedData>
</Placemark>
</Folder>
<Placemark>
<name>Path</name>
<Style>
<LineStyle>
 <color>ff0000ff</color>
 <width>2</width>
</LineStyle>
</Style>
<LineString>
<tessellate>1</tessellate>
<coordinates>
137.022768,34.582294,-0.001000
137.022515,34.582346,-0.001000
137.021630,34.582522,-0.001000
137.021367,34.582595,-0.001000
137.021217,34.582633,-0.001000
137.020032,34.582929,-0.001000
137.019785,34.583007,-0.001000
137.019645,34.583075,-0.001000
137.019554,34.583144,-0.001000
137.019485,34.583217,-0.001000
137.019458,34.583294,-0.001000
137.019442,34.583380,-0.001000
137.019474,34.583522,-0.001000
137.019742,34.584080,-0.001000
137.019865,34.584041,-0.001000
137.019656,34.583603,-0.001000
137.019613,34.583492,-0.001000
137.019592,34.583414,-0.001000
137.019603,34.583316,-0.001000
137.019629,34.583247,-0.001000
137.019699,34.583170,-0.001000
137.019790,34.583127,-0.001000
137.019951,34.583084,-0.001000
137.020944,34.582818,-0.001000
137.021260,34.582732,-0.001000
137.022365,34.582509,-0.001000
137.022671,34.582445,-0.001000
137.022789,34.582423,-0.001000
</coordinates>
</LineString>
</Placemark>
</Folder>
<Folder>
<name>三ヶ日JCT・豊橋PA・豊川IC・伊良湖岬</name>
<Folder>
<name>Points</name>
<Placemark>
<name>AQ0410</name>
<TimeStamp><when>2026-09-23T08:28:40Z</when></TimeStamp>
<styleUrl>#route</styleUrl>
<Point>
<coordinates>137.548138,34.827024,-0.001000</coordinates>
</Point>
<ExtendedData>
	<Data name="IconNumber">
		<value>901001</value>
	</Data>
</ExtendedData>
</Placemark>
<Placemark>
<name>JS0002</name>
<TimeStamp><when>2026-09-23T08:28:50Z</when></TimeStamp>
<styleUrl>#route</styleUrl>
<Point>
<coordinates>137.547619,34.826770,-0.001000</coordinates>
</Point>
<ExtendedData>
	<Data name="IconNumber">
		<value>901001</value>
	</Data>
</ExtendedData>
</Placemark>
<Placemark>
<name>JS0003</name>
<TimeStamp><when>2026-09-23T08:29:00Z</when></TimeStamp>
<styleUrl>#route</styleUrl>
<Point>
<coordinates>137.547453,34.826714,-0.001000</coordinates>
</Point>
<ExtendedData>
	<Data name="IconNumber">
		<value>901001</value>
	</Data>
</ExtendedData>
</Placemark>
<Placemark>
<name>JS0004</name>
<TimeStamp><when>2026-09-23T08:29:10Z</when></TimeStamp>
<styleUrl>#route</styleUrl>
<Point>
<coordinates>137.546503,34.826259,-0.001000</coordinates>
</Point>
<ExtendedData>
	<Data name="IconNumber">
		<value>901001</value>
	</Data>
</ExtendedData>
</Placemark>
<Placemark>
<name>JS0005</name>
<TimeStamp><when>2026-09-23T08:29:20Z</when></TimeStamp>
<styleUrl>#route</styleUrl>
<Point>
<coordinates>137.546208,34.826139,-0.001000</coordinates>
</Point>
<ExtendedData>
	<Data name="IconNumber">
		<value>901001</value>
	</Data>
</ExtendedData>
</Placemark>
<Placemark>
<name>JS0006</name>
<TimeStamp><when>2026-09-23T08:29:30Z</when></TimeStamp>
<styleUrl>#route</styleUrl>
<Point>
<coordinates>137.545951,34.826049,-0.001000</coordinates>
</Point>
<ExtendedData>
	<Data name="IconNumber">
		<value>901001</value>
	</Data>
</ExtendedData>
</Placemark>
<Placemark>
<name>JS0007</name>
<TimeStamp><when>2026-09-23T08:29:40Z</when></TimeStamp>
<styleUrl>#route</styleUrl>
<Point>
<coordinates>137.545688,34.825989,-0.001000</coordinates>
</Point>
<ExtendedData>
	<Data name="IconNumber">
		<value>901001</value>
	</Data>
</ExtendedData>
</Placemark>
<Placemark>
<name>JS0008</name>
<TimeStamp><when>2026-09-23T08:29:50Z</when></TimeStamp>
<styleUrl>#route</styleUrl>
<Point>
<coordinates>137.545500,34.825959,-0.001000</coordinates>
</Point>
<ExtendedData>
	<Data name="IconNumber">
		<value>901001</value>
	</Data>
</ExtendedData>
</Placemark>
<Placemark>
<name>JS0009</name>
<TimeStamp><when>2026-09-23T08:30:00Z</when></TimeStamp>
<styleUrl>#route</styleUrl>
<Point>
<coordinates>137.545323,34.825946,-0.001000</coordinates>
</Point>
<ExtendedData>
	<Data name="IconNumber">
		<value>901001</value>
	</Data>
</ExtendedData>
</Placemark>
<Placemark>
<name>JS0010</name>
<TimeStamp><when>2026-09-23T08:30:10Z</when></TimeStamp>
<styleUrl>#route</styleUrl>
<Point>
<coordinates>137.545151,34.825946,-0.001000</coordinates>
</Point>
<ExtendedData>
	<Data name="IconNumber">
		<value>901001</value>
	</Data>
</ExtendedData>
</Placemark>
<Placemark>
<name>JS0011</name>
<TimeStamp><when>2026-09-23T08:30:20Z</when></TimeStamp>
<styleUrl>#route</styleUrl>
<Point>
<coordinates>137.544964,34.825963,-0.001000</coordinates>
</Point>
<ExtendedData>
	<Data name="IconNumber">
		<value>901001</value>
	</Data>
</ExtendedData>
</Placemark>
<Placemark>
<name>JS0012</name>
<TimeStamp><when>2026-09-23T08:30:30Z</when></TimeStamp>
<styleUrl>#route</styleUrl>
<Point>
<coordinates>137.544760,34.826006,-0.001000</coordinates>
</Point>
<ExtendedData>
	<Data name="IconNumber">
		<value>901001</value>
	</Data>
</ExtendedData>
</Placemark>
<Placemark>
<name>JS0013</name>
<TimeStamp><when>2026-09-23T08:30:40Z</when></TimeStamp>
<styleUrl>#route</styleUrl>
<Point>
<coordinates>137.544567,34.826079,-0.001000</coordinates>
</Point>
<ExtendedData>
	<Data name="IconNumber">
		<value>901001</value>
	</Data>
</ExtendedData>
</Placemark>
<Placemark>
<name>JS0014</name>
<TimeStamp><when>2026-09-23T08:30:50Z</when></TimeStamp>
<styleUrl>#route</styleUrl>
<Point>
<coordinates>137.544331,34.826199,-0.001000</coordinates>
</Point>
<ExtendedData>
	<Data name="IconNumber">
		<value>901001</value>
	</Data>
</ExtendedData>
</Placemark>
<Placemark>
<name>JS0015</name>
<TimeStamp><when>2026-09-23T08:31:00Z</when></TimeStamp>
<styleUrl>#route</styleUrl>
<Point>
<coordinates>137.544143,34.826311,-0.001000</coordinates>
</Point>
<ExtendedData>
	<Data name="IconNumber">
		<value>901001</value>
	</Data>
</ExtendedData>
</Placemark>
<Placemark>
<name>JS0016</name>
<TimeStamp><when>2026-09-23T08:31:10Z</when></TimeStamp>
<styleUrl>#route</styleUrl>
<Point>
<coordinates>137.543944,34.826465,-0.001000</coordinates>
</Point>
<ExtendedData>
	<Data name="IconNumber">
		<value>901001</value>
	</Data>
</ExtendedData>
</Placemark>
<Placemark>
<name>JS0017</name>
<TimeStamp><when>2026-09-23T08:31:20Z</when></TimeStamp>
<styleUrl>#route</styleUrl>
<Point>
<coordinates>137.543773,34.826615,-0.001000</coordinates>
</Point>
<ExtendedData>
	<Data name="IconNumber">
		<value>901001</value>
	</Data>
</ExtendedData>
</Placemark>
<Placemark>
<name>JS0018</name>
<TimeStamp><when>2026-09-23T08:31:30Z</when></TimeStamp>
<styleUrl>#route</styleUrl>
<Point>
<coordinates>137.543494,34.826894,-0.001000</coordinates>
</Point>
<ExtendedData>
	<Data name="IconNumber">
		<value>901001</value>
	</Data>
</ExtendedData>
</Placemark>
<Placemark>
<name>JS0019</name>
<TimeStamp><when>2026-09-23T08:31:40Z</when></TimeStamp>
<styleUrl>#route</styleUrl>
<Point>
<coordinates>137.543204,34.827212,-0.001000</coordinates>
</Point>
<ExtendedData>
	<Data name="IconNumber">
		<value>901001</value>
	</Data>
</ExtendedData>
</Placemark>
<Placemark>
<name>JS0020</name>
<TimeStamp><when>2026-09-23T08:31:50Z</when></TimeStamp>
<styleUrl>#route</styleUrl>
<Point>
<coordinates>137.542850,34.827620,-0.001000</coordinates>
</Point>
<ExtendedData>
	<Data name="IconNumber">
		<value>901001</value>
	</Data>
</ExtendedData>
</Placemark>
<Placemark>
<name>JS0021</name>
<TimeStamp><when>2026-09-23T08:32:00Z</when></TimeStamp>
<styleUrl>#route</styleUrl>
<Point>
<coordinates>137.542646,34.827860,-0.001000</coordinates>
</Point>
<ExtendedData>
	<Data name="IconNumber">
		<value>901001</value>
	</Data>
</ExtendedData>
</Placemark>
<Placemark>
<name>JS0022</name>
<TimeStamp><when>2026-09-23T08:32:10Z</when></TimeStamp>
<styleUrl>#route</styleUrl>
<Point>
<coordinates>137.542555,34.827989,-0.001000</coordinates>
</Point>
<ExtendedData>
	<Data name="IconNumber">
		<value>901001</value>
	</Data>
</ExtendedData>
</Placemark>
<Placemark>
<name>JS0023</name>
<TimeStamp><when>2026-09-23T08:32:20Z</when></TimeStamp>
<styleUrl>#route</styleUrl>
<Point>
<coordinates>137.542340,34.828422,-0.001000</coordinates>
</Point>
<ExtendedData>
	<Data name="IconNumber">
		<value>901001</value>
	</Data>
</ExtendedData>
</Placemark>
<Placemark>
<name>JS0024</name>
<TimeStamp><when>2026-09-23T08:32:30Z</when></TimeStamp>
<styleUrl>#route</styleUrl>
<Point>
<coordinates>137.542158,34.828650,-0.001000</coordinates>
</Point>
<ExtendedData>
	<Data name="IconNumber">
		<value>901001</value>
	</Data>
</ExtendedData>
</Placemark>
<Placemark>
<name>JS0025</name>
<TimeStamp><when>2026-09-23T08:32:40Z</when></TimeStamp>
<styleUrl>#route</styleUrl>
<Point>
<coordinates>137.541235,34.829877,-0.001000</coordinates>
</Point>
<ExtendedData>
	<Data name="IconNumber">
		<value>901001</value>
	</Data>
</ExtendedData>
</Placemark>
<Placemark>
<name>JS0026</name>
<TimeStamp><when>2026-09-23T08:32:50Z</when></TimeStamp>
<styleUrl>#route</styleUrl>
<Point>
<coordinates>137.540811,34.830418,-0.001000</coordinates>
</Point>
<ExtendedData>
	<Data name="IconNumber">
		<value>901001</value>
	</Data>
</ExtendedData>
</Placemark>
<Placemark>
<name>JS0027</name>
<TimeStamp><when>2026-09-23T08:33:00Z</when></TimeStamp>
<styleUrl>#route</styleUrl>
<Point>
<coordinates>137.540629,34.830628,-0.001000</coordinates>
</Point>
<ExtendedData>
	<Data name="IconNumber">
		<value>901001</value>
	</Data>
</ExtendedData>
</Placemark>
<Placemark>
<name>JS0028</name>
<TimeStamp><when>2026-09-23T08:33:10Z</when></TimeStamp>
<styleUrl>#route</styleUrl>
<Point>
<coordinates>137.540205,34.831049,-0.001000</coordinates>
</Point>
<ExtendedData>
	<Data name="IconNumber">
		<value>901001</value>
	</Data>
</ExtendedData>
</Placemark>
<Placemark>
<name>JS0029</name>
<TimeStamp><when>2026-09-23T08:33:20Z</when></TimeStamp>
<styleUrl>#route</styleUrl>
<Point>
<coordinates>137.539792,34.831392,-0.001000</coordinates>
</Point>
<ExtendedData>
	<Data name="IconNumber">
		<value>901001</value>
	</Data>
</ExtendedData>
</Placemark>
<Placemark>
<name>JS0030</name>
<TimeStamp><when>2026-09-23T08:33:30Z</when></TimeStamp>
<styleUrl>#route</styleUrl>
<Point>
<coordinates>137.539299,34.831727,-0.001000</coordinates>
</Point>
<ExtendedData>
	<Data name="IconNumber">
		<value>901001</value>
	</Data>
</ExtendedData>
</Placemark>
<Placemark>
<name>JS0031</name>
<TimeStamp><when>2026-09-23T08:33:40Z</when></TimeStamp>
<styleUrl>#route</styleUrl>
<Point>
<coordinates>137.538945,34.831920,-0.001000</coordinates>
</Point>
<ExtendedData>
	<Data name="IconNumber">
		<value>901001</value>
	</Data>
</ExtendedData>
</Placemark>
<Placemark>
<name>JS0032</name>
<TimeStamp><when>2026-09-23T08:33:50Z</when></TimeStamp>
<styleUrl>#route</styleUrl>
<Point>
<coordinates>137.538623,34.832074,-0.001000</coordinates>
</Point>
<ExtendedData>
	<Data name="IconNumber">
		<value>901001</value>
	</Data>
</ExtendedData>
</Placemark>
<Placemark>
<name>JS0033</name>
<TimeStamp><when>2026-09-23T08:34:00Z</when></TimeStamp>
<styleUrl>#route</styleUrl>
<Point>
<coordinates>137.538231,34.832233,-0.001000</coordinates>
</Point>
<ExtendedData>
	<Data name="IconNumber">
		<value>901001</value>
	</Data>
</ExtendedData>
</Placemark>
<Placemark>
<name>JS0034</name>
<TimeStamp><when>2026-09-23T08:34:10Z</when></TimeStamp>
<styleUrl>#route</styleUrl>
<Point>
<coordinates>137.537775,34.832392,-0.001000</coordinates>
</Point>
<ExtendedData>
	<Data name="IconNumber">
		<value>901001</value>
	</Data>
</ExtendedData>
</Placemark>
<Placemark>
<name>JS0035</name>
<TimeStamp><when>2026-09-23T08:34:20Z</when></TimeStamp>
<styleUrl>#route</styleUrl>
<Point>
<coordinates>137.537362,34.832508,-0.001000</coordinates>
</Point>
<ExtendedData>
	<Data name="IconNumber">
		<value>901001</value>
	</Data>
</ExtendedData>
</Placemark>
<Placemark>
<name>JS0036</name>
<TimeStamp><when>2026-09-23T08:34:30Z</when></TimeStamp>
<styleUrl>#route</styleUrl>
<Point>
<coordinates>137.536590,34.832692,-0.001000</coordinates>
</Point>
<ExtendedData>
	<Data name="IconNumber">
		<value>901001</value>
	</Data>
</ExtendedData>
</Placemark>
<Placemark>
<name>JS0037</name>
<TimeStamp><when>2026-09-23T08:34:40Z</when></TimeStamp>
<styleUrl>#route</styleUrl>
<Point>
<coordinates>137.536354,34.832757,-0.001000</coordinates>
</Point>
<ExtendedData>
	<Data name="IconNumber">
		<value>901001</value>
	</Data>
</ExtendedData>
</Placemark>
<Placemark>
<name>JS0038</name>
<TimeStamp><when>2026-09-23T08:34:50Z</when></TimeStamp>
<styleUrl>#route</styleUrl>
<Point>
<coordinates>137.535828,34.832907,-0.001000</coordinates>
</Point>
<ExtendedData>
	<Data name="IconNumber">
		<value>901001</value>
	</Data>
</ExtendedData>
</Placemark>
<Placemark>
<name>JS0039</name>
<TimeStamp><when>2026-09-23T08:35:00Z</when></TimeStamp>
<styleUrl>#route</styleUrl>
<Point>
<coordinates>137.535409,34.833057,-0.001000</coordinates>
</Point>
<ExtendedData>
	<Data name="IconNumber">
		<value>901001</value>
	</Data>
</ExtendedData>
</Placemark>
<Placemark>
<name>JS0040</name>
<TimeStamp><when>2026-09-23T08:35:10Z</when></TimeStamp>
<styleUrl>#route</styleUrl>
<Point>
<coordinates>137.535147,34.833156,-0.001000</coordinates>
</Point>
<ExtendedData>
	<Data name="IconNumber">
		<value>901001</value>
	</Data>
</ExtendedData>
</Placemark>
<Placemark>
<name>JS0041</name>
<TimeStamp><when>2026-09-23T08:35:20Z</when></TimeStamp>
<styleUrl>#route</styleUrl>
<Point>
<coordinates>137.534782,34.833323,-0.001000</coordinates>
</Point>
<ExtendedData>
	<Data name="IconNumber">
		<value>901001</value>
	</Data>
</ExtendedData>
</Placemark>
<Placemark>
<name>JS0042</name>
<TimeStamp><when>2026-09-23T08:35:30Z</when></TimeStamp>
<styleUrl>#route</styleUrl>
<Point>
<coordinates>137.534610,34.833413,-0.001000</coordinates>
</Point>
<ExtendedData>
	<Data name="IconNumber">
		<value>901001</value>
	</Data>
</ExtendedData>
</Placemark>
<Placemark>
<name>JS0043</name>
<TimeStamp><when>2026-09-23T08:35:40Z</when></TimeStamp>
<styleUrl>#route</styleUrl>
<Point>
<coordinates>137.534149,34.833684,-0.001000</coordinates>
</Point>
<ExtendedData>
	<Data name="IconNumber">
		<value>901001</value>
	</Data>
</ExtendedData>
</Placemark>
<Placemark>
<name>JS0044</name>
<TimeStamp><when>2026-09-23T08:35:50Z</when></TimeStamp>
<styleUrl>#route</styleUrl>
<Point>
<coordinates>137.533655,34.834031,-0.001000</coordinates>
</Point>
<ExtendedData>
	<Data name="IconNumber">
		<value>901001</value>
	</Data>
</ExtendedData>
</Placemark>
<Placemark>
<name>JS0045</name>
<TimeStamp><when>2026-09-23T08:36:00Z</when></TimeStamp>
<styleUrl>#route</styleUrl>
<Point>
<coordinates>137.533221,34.834374,-0.001000</coordinates>
</Point>
<ExtendedData>
	<Data name="IconNumber">
		<value>901001</value>
	</Data>
</ExtendedData>
</Placemark>
<Placemark>
<name>JS0046</name>
<TimeStamp><when>2026-09-23T08:36:10Z</when></TimeStamp>
<styleUrl>#route</styleUrl>
<Point>
<coordinates>137.532255,34.835250,-0.001000</coordinates>
</Point>
<ExtendedData>
	<Data name="IconNumber">
		<value>901001</value>
	</Data>
</ExtendedData>
</Placemark>
<Placemark>
<name>JS0047</name>
<TimeStamp><when>2026-09-23T08:36:20Z</when></TimeStamp>
<styleUrl>#route</styleUrl>
<Point>
<coordinates>137.531429,34.835825,-0.001000</coordinates>
</Point>
<ExtendedData>
	<Data name="IconNumber">
		<value>901001</value>
	</Data>
</ExtendedData>
</Placemark>
<Placemark>
<name>JS0048</name>
<TimeStamp><when>2026-09-23T08:36:30Z</when></TimeStamp>
<styleUrl>#route</styleUrl>
<Point>
<coordinates>137.530818,34.836160,-0.001000</coordinates>
</Point>
<ExtendedData>
	<Data name="IconNumber">
		<value>901001</value>
	</Data>
</ExtendedData>
</Placemark>
<Placemark>
<name>JS0049</name>
<TimeStamp><when>2026-09-23T08:36:40Z</when></TimeStamp>
<styleUrl>#route</styleUrl>
<Point>
<coordinates>137.529873,34.836537,-0.001000</coordinates>
</Point>
<ExtendedData>
	<Data name="IconNumber">
		<value>901001</value>
	</Data>
</ExtendedData>
</Placemark>
<Placemark>
<name>JS0050</name>
<TimeStamp><when>2026-09-23T08:36:50Z</when></TimeStamp>
<styleUrl>#route</styleUrl>
<Point>
<coordinates>137.529155,34.836778,-0.001000</coordinates>
</Point>
<ExtendedData>
	<Data name="IconNumber">
		<value>901001</value>
	</Data>
</ExtendedData>
</Placemark>
<Placemark>
<name>JS0051</name>
<TimeStamp><when>2026-09-23T08:37:00Z</when></TimeStamp>
<styleUrl>#route</styleUrl>
<Point>
<coordinates>137.528618,34.836949,-0.001000</coordinates>
</Point>
<ExtendedData>
	<Data name="IconNumber">
		<value>901001</value>
	</Data>
</ExtendedData>
</Placemark>
<Placemark>
<name>JS0052</name>
<TimeStamp><when>2026-09-23T08:37:10Z</when></TimeStamp>
<styleUrl>#route</styleUrl>
<Point>
<coordinates>137.528296,34.837035,-0.001000</coordinates>
</Point>
<ExtendedData>
	<Data name="IconNumber">
		<value>901001</value>
	</Data>
</ExtendedData>
</Placemark>
<Placemark>
<name>JS0053</name>
<TimeStamp><when>2026-09-23T08:37:20Z</when></TimeStamp>
<styleUrl>#route</styleUrl>
<Point>
<coordinates>137.527931,34.837173,-0.001000</coordinates>
</Point>
<ExtendedData>
	<Data name="IconNumber">
		<value>901001</value>
	</Data>
</ExtendedData>
</Placemark>
<Placemark>
<name>JS0054</name>
<TimeStamp><when>2026-09-23T08:37:30Z</when></TimeStamp>
<styleUrl>#route</styleUrl>
<Point>
<coordinates>137.527620,34.837327,-0.001000</coordinates>
</Point>
<ExtendedData>
	<Data name="IconNumber">
		<value>901001</value>
	</Data>
</ExtendedData>
</Placemark>
<Placemark>
<name>JS0055</name>
<TimeStamp><when>2026-09-23T08:37:40Z</when></TimeStamp>
<styleUrl>#route</styleUrl>
<Point>
<coordinates>137.527288,34.837533,-0.001000</coordinates>
</Point>
<ExtendedData>
	<Data name="IconNumber">
		<value>901001</value>
	</Data>
</ExtendedData>
</Placemark>
<Placemark>
<name>JS0056</name>
<TimeStamp><when>2026-09-23T08:37:50Z</when></TimeStamp>
<styleUrl>#route</styleUrl>
<Point>
<coordinates>137.527009,34.837713,-0.001000</coordinates>
</Point>
<ExtendedData>
	<Data name="IconNumber">
		<value>901001</value>
	</Data>
</ExtendedData>
</Placemark>
<Placemark>
<name>JS0057</name>
<TimeStamp><when>2026-09-23T08:38:00Z</when></TimeStamp>
<styleUrl>#route</styleUrl>
<Point>
<coordinates>137.526623,34.838031,-0.001000</coordinates>
</Point>
<ExtendedData>
	<Data name="IconNumber">
		<value>901001</value>
	</Data>
</ExtendedData>
</Placemark>
<Placemark>
<name>JS0058</name>
<TimeStamp><when>2026-09-23T08:38:10Z</when></TimeStamp>
<styleUrl>#route</styleUrl>
<Point>
<coordinates>137.526258,34.838340,-0.001000</coordinates>
</Point>
<ExtendedData>
	<Data name="IconNumber">
		<value>901001</value>
	</Data>
</ExtendedData>
</Placemark>
<Placemark>
<name>JS0059</name>
<TimeStamp><when>2026-09-23T08:38:20Z</when></TimeStamp>
<styleUrl>#route</styleUrl>
<Point>
<coordinates>137.525914,34.838700,-0.001000</coordinates>
</Point>
<ExtendedData>
	<Data name="IconNumber">
		<value>901001</value>
	</Data>
</ExtendedData>
</Placemark>
<Placemark>
<name>JS0060</name>
<TimeStamp><when>2026-09-23T08:38:30Z</when></TimeStamp>
<styleUrl>#route</styleUrl>
<Point>
<coordinates>137.525292,34.839438,-0.001000</coordinates>
</Point>
<ExtendedData>
	<Data name="IconNumber">
		<value>901001</value>
	</Data>
</ExtendedData>
</Placemark>
<Placemark>
<name>JS0061</name>
<TimeStamp><when>2026-09-23T08:38:40Z</when></TimeStamp>
<styleUrl>#route</styleUrl>
<Point>
<coordinates>137.524713,34.840211,-0.001000</coordinates>
</Point>
<ExtendedData>
	<Data name="IconNumber">
		<value>901001</value>
	</Data>
</ExtendedData>
</Placemark>
<Placemark>
<name>JS0062</name>
<TimeStamp><when>2026-09-23T08:38:50Z</when></TimeStamp>
<styleUrl>#route</styleUrl>
<Point>
<coordinates>137.524176,34.840966,-0.001000</coordinates>
</Point>
<ExtendedData>
	<Data name="IconNumber">
		<value>901001</value>
	</Data>
</ExtendedData>
</Placemark>
<Placemark>
<name>JS0063</name>
<TimeStamp><when>2026-09-23T08:39:00Z</when></TimeStamp>
<styleUrl>#route</styleUrl>
<Point>
<coordinates>137.523619,34.841739,-0.001000</coordinates>
</Point>
<ExtendedData>
	<Data name="IconNumber">
		<value>901001</value>
	</Data>
</ExtendedData>
</Placemark>
<Placemark>
<name>JS0064</name>
<TimeStamp><when>2026-09-23T08:39:10Z</when></TimeStamp>
<styleUrl>#route</styleUrl>
<Point>
<coordinates>137.523318,34.842108,-0.001000</coordinates>
</Point>
<ExtendedData>
	<Data name="IconNumber">
		<value>901001</value>
	</Data>
</ExtendedData>
</Placemark>
<Placemark>
<name>JS0065</name>
<TimeStamp><when>2026-09-23T08:39:20Z</when></TimeStamp>
<styleUrl>#route</styleUrl>
<Point>
<coordinates>137.522996,34.842468,-0.001000</coordinates>
</Point>
<ExtendedData>
	<Data name="IconNumber">
		<value>901001</value>
	</Data>
</ExtendedData>
</Placemark>
<Placemark>
<name>JS0066</name>
<TimeStamp><when>2026-09-23T08:39:30Z</when></TimeStamp>
<styleUrl>#route</styleUrl>
<Point>
<coordinates>137.522653,34.842794,-0.001000</coordinates>
</Point>
<ExtendedData>
	<Data name="IconNumber">
		<value>901001</value>
	</Data>
</ExtendedData>
</Placemark>
<Placemark>
<name>JS0067</name>
<TimeStamp><when>2026-09-23T08:39:40Z</when></TimeStamp>
<styleUrl>#route</styleUrl>
<Point>
<coordinates>137.522267,34.843112,-0.001000</coordinates>
</Point>
<ExtendedData>
	<Data name="IconNumber">
		<value>901001</value>
	</Data>
</ExtendedData>
</Placemark>
<Placemark>
<name>JS0068</name>
<TimeStamp><when>2026-09-23T08:39:50Z</when></TimeStamp>
<styleUrl>#route</styleUrl>
<Point>
<coordinates>137.521870,34.843404,-0.001000</coordinates>
</Point>
<ExtendedData>
	<Data name="IconNumber">
		<value>901001</value>
	</Data>
</ExtendedData>
</Placemark>
<Placemark>
<name>JS0069</name>
<TimeStamp><when>2026-09-23T08:40:00Z</when></TimeStamp>
<styleUrl>#route</styleUrl>
<Point>
<coordinates>137.521462,34.843679,-0.001000</coordinates>
</Point>
<ExtendedData>
	<Data name="IconNumber">
		<value>901001</value>
	</Data>
</ExtendedData>
</Placemark>
<Placemark>
<name>JS0070</name>
<TimeStamp><when>2026-09-23T08:40:10Z</when></TimeStamp>
<styleUrl>#route</styleUrl>
<Point>
<coordinates>137.521097,34.843919,-0.001000</coordinates>
</Point>
<ExtendedData>
	<Data name="IconNumber">
		<value>901001</value>
	</Data>
</ExtendedData>
</Placemark>
<Placemark>
<name>JS0071</name>
<TimeStamp><when>2026-09-23T08:40:20Z</when></TimeStamp>
<styleUrl>#route</styleUrl>
<Point>
<coordinates>137.520690,34.844133,-0.001000</coordinates>
</Point>
<ExtendedData>
	<Data name="IconNumber">
		<value>901001</value>
	</Data>
</ExtendedData>
</Placemark>
<Placemark>
<name>JS0072</name>
<TimeStamp><when>2026-09-23T08:40:30Z</when></TimeStamp>
<styleUrl>#route</styleUrl>
<Point>
<coordinates>137.520153,34.844382,-0.001000</coordinates>
</Point>
<ExtendedData>
	<Data name="IconNumber">
		<value>901001</value>
	</Data>
</ExtendedData>
</Placemark>
<Placemark>
<name>JS0073</name>
<TimeStamp><when>2026-09-23T08:40:40Z</when></TimeStamp>
<styleUrl>#route</styleUrl>
<Point>
<coordinates>137.519692,34.844571,-0.001000</coordinates>
</Point>
<ExtendedData>
	<Data name="IconNumber">
		<value>901001</value>
	</Data>
</ExtendedData>
</Placemark>
<Placemark>
<name>JS0074</name>
<TimeStamp><when>2026-09-23T08:40:50Z</when></TimeStamp>
<styleUrl>#route</styleUrl>
<Point>
<coordinates>137.518951,34.844829,-0.001000</coordinates>
</Point>
<ExtendedData>
	<Data name="IconNumber">
		<value>901001</value>
	</Data>
</ExtendedData>
</Placemark>
<Placemark>
<name>JS0075</name>
<TimeStamp><when>2026-09-23T08:41:00Z</when></TimeStamp>
<styleUrl>#route</styleUrl>
<Point>
<coordinates>137.517879,34.845103,-0.001000</coordinates>
</Point>
<ExtendedData>
	<Data name="IconNumber">
		<value>901001</value>
	</Data>
</ExtendedData>
</Placemark>
<Placemark>
<name>JS0076</name>
<TimeStamp><when>2026-09-23T08:41:10Z</when></TimeStamp>
<styleUrl>#route</styleUrl>
<Point>
<coordinates>137.517482,34.845189,-0.001000</coordinates>
</Point>
<ExtendedData>
	<Data name="IconNumber">
		<value>901001</value>
	</Data>
</ExtendedData>
</Placemark>
<Placemark>
<name>JS0077</name>
<TimeStamp><when>2026-09-23T08:41:20Z</when></TimeStamp>
<styleUrl>#route</styleUrl>
<Point>
<coordinates>137.516441,34.845378,-0.001000</coordinates>
</Point>
<ExtendedData>
	<Data name="IconNumber">
		<value>901001</value>
	</Data>
</ExtendedData>
</Placemark>
<Placemark>
<name>JS0078</name>
<TimeStamp><when>2026-09-23T08:41:30Z</when></TimeStamp>
<styleUrl>#route</styleUrl>
<Point>
<coordinates>137.515411,34.845515,-0.001000</coordinates>
</Point>
<ExtendedData>
	<Data name="IconNumber">
		<value>901001</value>
	</Data>
</ExtendedData>
</Placemark>
<Placemark>
<name>JS0079</name>
<TimeStamp><when>2026-09-23T08:41:40Z</when></TimeStamp>
<styleUrl>#route</styleUrl>
<Point>
<coordinates>137.513458,34.845721,-0.001000</coordinates>
</Point>
<ExtendedData>
	<Data name="IconNumber">
		<value>901001</value>
	</Data>
</ExtendedData>
</Placemark>
<Placemark>
<name>JS0080</name>
<TimeStamp><when>2026-09-23T08:41:50Z</when></TimeStamp>
<styleUrl>#route</styleUrl>
<Point>
<coordinates>137.511205,34.845893,-0.001000</coordinates>
</Point>
<ExtendedData>
	<Data name="IconNumber">
		<value>901001</value>
	</Data>
</ExtendedData>
</Placemark>
<Placemark>
<name>JS0081</name>
<TimeStamp><when>2026-09-23T08:42:00Z</when></TimeStamp>
<styleUrl>#route</styleUrl>
<Point>
<coordinates>137.510122,34.845936,-0.001000</coordinates>
</Point>
<ExtendedData>
	<Data name="IconNumber">
		<value>901001</value>
	</Data>
</ExtendedData>
</Placemark>
<Placemark>
<name>JS0082</name>
<TimeStamp><when>2026-09-23T08:42:10Z</when></TimeStamp>
<styleUrl>#route</styleUrl>
<Point>
<coordinates>137.509274,34.845953,-0.001000</coordinates>
</Point>
<ExtendedData>
	<Data name="IconNumber">
		<value>901001</value>
	</Data>
</ExtendedData>
</Placemark>
<Placemark>
<name>JS0083</name>
<TimeStamp><when>2026-09-23T08:42:20Z</when></TimeStamp>
<styleUrl>#route</styleUrl>
<Point>
<coordinates>137.508223,34.845953,-0.001000</coordinates>
</Point>
<ExtendedData>
	<Data name="IconNumber">
		<value>901001</value>
	</Data>
</ExtendedData>
</Placemark>
<Placemark>
<name>JS0084</name>
<TimeStamp><when>2026-09-23T08:42:30Z</when></TimeStamp>
<styleUrl>#route</styleUrl>
<Point>
<coordinates>137.507225,34.845867,-0.001000</coordinates>
</Point>
<ExtendedData>
	<Data name="IconNumber">
		<value>901001</value>
	</Data>
</ExtendedData>
</Placemark>
<Placemark>
<name>JS0085</name>
<TimeStamp><when>2026-09-23T08:42:40Z</when></TimeStamp>
<styleUrl>#route</styleUrl>
<Point>
<coordinates>137.506774,34.845816,-0.001000</coordinates>
</Point>
<ExtendedData>
	<Data name="IconNumber">
		<value>901001</value>
	</Data>
</ExtendedData>
</Placemark>
<Placemark>
<name>JS0086</name>
<TimeStamp><when>2026-09-23T08:42:50Z</when></TimeStamp>
<styleUrl>#route</styleUrl>
<Point>
<coordinates>137.506232,34.845743,-0.001000</coordinates>
</Point>
<ExtendedData>
	<Data name="IconNumber">
		<value>901001</value>
	</Data>
</ExtendedData>
</Placemark>
<Placemark>
<name>JS0087</name>
<TimeStamp><when>2026-09-23T08:43:00Z</when></TimeStamp>
<styleUrl>#route</styleUrl>
<Point>
<coordinates>137.505760,34.845661,-0.001000</coordinates>
</Point>
<ExtendedData>
	<Data name="IconNumber">
		<value>901001</value>
	</Data>
</ExtendedData>
</Placemark>
<Placemark>
<name>JS0088</name>
<TimeStamp><when>2026-09-23T08:43:10Z</when></TimeStamp>
<styleUrl>#route</styleUrl>
<Point>
<coordinates>137.505256,34.845558,-0.001000</coordinates>
</Point>
<ExtendedData>
	<Data name="IconNumber">
		<value>901001</value>
	</Data>
</ExtendedData>
</Placemark>
<Placemark>
<name>JS0089</name>
<TimeStamp><when>2026-09-23T08:43:20Z</when></TimeStamp>
<styleUrl>#route</styleUrl>
<Point>
<coordinates>137.504827,34.845455,-0.001000</coordinates>
</Point>
<ExtendedData>
	<Data name="IconNumber">
		<value>901001</value>
	</Data>
</ExtendedData>
</Placemark>
<Placemark>
<name>JS0090</name>
<TimeStamp><when>2026-09-23T08:43:30Z</when></TimeStamp>
<styleUrl>#route</styleUrl>
<Point>
<coordinates>137.504344,34.845326,-0.001000</coordinates>
</Point>
<ExtendedData>
	<Data name="IconNumber">
		<value>901001</value>
	</Data>
</ExtendedData>
</Placemark>
<Placemark>
<name>JS0091</name>
<TimeStamp><when>2026-09-23T08:43:40Z</when></TimeStamp>
<styleUrl>#route</styleUrl>
<Point>
<coordinates>137.503620,34.845103,-0.001000</coordinates>
</Point>
<ExtendedData>
	<Data name="IconNumber">
		<value>901001</value>
	</Data>
</ExtendedData>
</Placemark>
<Placemark>
<name>JS0092</name>
<TimeStamp><when>2026-09-23T08:43:50Z</when></TimeStamp>
<styleUrl>#route</styleUrl>
<Point>
<coordinates>137.503094,34.844927,-0.001000</coordinates>
</Point>
<ExtendedData>
	<Data name="IconNumber">
		<value>901001</value>
	</Data>
</ExtendedData>
</Placemark>
<Placemark>
<name>JS0093</name>
<TimeStamp><when>2026-09-23T08:44:00Z</when></TimeStamp>
<styleUrl>#route</styleUrl>
<Point>
<coordinates>137.502735,34.844799,-0.001000</coordinates>
</Point>
<ExtendedData>
	<Data name="IconNumber">
		<value>901001</value>
	</Data>
</ExtendedData>
</Placemark>
<Placemark>
<name>JS0094</name>
<TimeStamp><when>2026-09-23T08:44:10Z</when></TimeStamp>
<styleUrl>#route</styleUrl>
<Point>
<coordinates>137.501898,34.844485,-0.001000</coordinates>
</Point>
<ExtendedData>
	<Data name="IconNumber">
		<value>901001</value>
	</Data>
</ExtendedData>
</Placemark>
<Placemark>
<name>JS0095</name>
<TimeStamp><when>2026-09-23T08:44:20Z</when></TimeStamp>
<styleUrl>#route</styleUrl>
<Point>
<coordinates>137.500889,34.844091,-0.001000</coordinates>
</Point>
<ExtendedData>
	<Data name="IconNumber">
		<value>901001</value>
	</Data>
</ExtendedData>
</Placemark>
<Placemark>
<name>JS0096</name>
<TimeStamp><when>2026-09-23T08:44:30Z</when></TimeStamp>
<styleUrl>#route</styleUrl>
<Point>
<coordinates>137.500321,34.843833,-0.001000</coordinates>
</Point>
<ExtendedData>
	<Data name="IconNumber">
		<value>901001</value>
	</Data>
</ExtendedData>
</Placemark>
<Placemark>
<name>JS0097</name>
<TimeStamp><when>2026-09-23T08:44:40Z</when></TimeStamp>
<styleUrl>#route</styleUrl>
<Point>
<coordinates>137.499978,34.843700,-0.001000</coordinates>
</Point>
<ExtendedData>
	<Data name="IconNumber">
		<value>901001</value>
	</Data>
</ExtendedData>
</Placemark>
<Placemark>
<name>JS0098</name>
<TimeStamp><when>2026-09-23T08:44:50Z</when></TimeStamp>
<styleUrl>#route</styleUrl>
<Point>
<coordinates>137.499656,34.843580,-0.001000</coordinates>
</Point>
<ExtendedData>
	<Data name="IconNumber">
		<value>901001</value>
	</Data>
</ExtendedData>
</Placemark>
<Placemark>
<name>JS0099</name>
<TimeStamp><when>2026-09-23T08:45:00Z</when></TimeStamp>
<styleUrl>#route</styleUrl>
<Point>
<coordinates>137.499012,34.843352,-0.001000</coordinates>
</Point>
<ExtendedData>
	<Data name="IconNumber">
		<value>901001</value>
	</Data>
</ExtendedData>
</Placemark>
<Placemark>
<name>JS0100</name>
<TimeStamp><when>2026-09-23T08:45:10Z</when></TimeStamp>
<styleUrl>#route</styleUrl>
<Point>
<coordinates>137.498454,34.843172,-0.001000</coordinates>
</Point>
<ExtendedData>
	<Data name="IconNumber">
		<value>901001</value>
	</Data>
</ExtendedData>
</Placemark>
<Placemark>
<name>JS0101</name>
<TimeStamp><when>2026-09-23T08:45:20Z</when></TimeStamp>
<styleUrl>#route</styleUrl>
<Point>
<coordinates>137.498068,34.843052,-0.001000</coordinates>
</Point>
<ExtendedData>
	<Data name="IconNumber">
		<value>901001</value>
	</Data>
</ExtendedData>
</Placemark>
<Placemark>
<name>JS0102</name>
<TimeStamp><when>2026-09-23T08:45:30Z</when></TimeStamp>
<styleUrl>#route</styleUrl>
<Point>
<coordinates>137.497596,34.842932,-0.001000</coordinates>
</Point>
<ExtendedData>
	<Data name="IconNumber">
		<value>901001</value>
	</Data>
</ExtendedData>
</Placemark>
<Placemark>
<name>JS0103</name>
<TimeStamp><when>2026-09-23T08:45:40Z</when></TimeStamp>
<styleUrl>#route</styleUrl>
<Point>
<coordinates>137.497231,34.842850,-0.001000</coordinates>
</Point>
<ExtendedData>
	<Data name="IconNumber">
		<value>901001</value>
	</Data>
</ExtendedData>
</Placemark>
<Placemark>
<name>JS0104</name>
<TimeStamp><when>2026-09-23T08:45:50Z</when></TimeStamp>
<styleUrl>#route</styleUrl>
<Point>
<coordinates>137.496834,34.842773,-0.001000</coordinates>
</Point>
<ExtendedData>
	<Data name="IconNumber">
		<value>901001</value>
	</Data>
</ExtendedData>
</Placemark>
<Placemark>
<name>JS0105</name>
<TimeStamp><when>2026-09-23T08:46:00Z</when></TimeStamp>
<styleUrl>#route</styleUrl>
<Point>
<coordinates>137.496512,34.842726,-0.001000</coordinates>
</Point>
<ExtendedData>
	<Data name="IconNumber">
		<value>901001</value>
	</Data>
</ExtendedData>
</Placemark>
<Placemark>
<name>JS0106</name>
<TimeStamp><when>2026-09-23T08:46:10Z</when></TimeStamp>
<styleUrl>#route</styleUrl>
<Point>
<coordinates>137.495960,34.842657,-0.001000</coordinates>
</Point>
<ExtendedData>
	<Data name="IconNumber">
		<value>901001</value>
	</Data>
</ExtendedData>
</Placemark>
<Placemark>
<name>JS0107</name>
<TimeStamp><when>2026-09-23T08:46:20Z</when></TimeStamp>
<styleUrl>#route</styleUrl>
<Point>
<coordinates>137.495606,34.842631,-0.001000</coordinates>
</Point>
<ExtendedData>
	<Data name="IconNumber">
		<value>901001</value>
	</Data>
</ExtendedData>
</Placemark>
<Placemark>
<name>JS0108</name>
<TimeStamp><when>2026-09-23T08:46:30Z</when></TimeStamp>
<styleUrl>#route</styleUrl>
<Point>
<coordinates>137.495091,34.842623,-0.001000</coordinates>
</Point>
<ExtendedData>
	<Data name="IconNumber">
		<value>901001</value>
	</Data>
</ExtendedData>
</Placemark>
<Placemark>
<name>JS0109</name>
<TimeStamp><when>2026-09-23T08:46:40Z</when></TimeStamp>
<styleUrl>#route</styleUrl>
<Point>
<coordinates>137.494554,34.842640,-0.001000</coordinates>
</Point>
<ExtendedData>
	<Data name="IconNumber">
		<value>901001</value>
	</Data>
</ExtendedData>
</Placemark>
<Placemark>
<name>JS0110</name>
<TimeStamp><when>2026-09-23T08:46:50Z</when></TimeStamp>
<styleUrl>#route</styleUrl>
<Point>
<coordinates>137.493889,34.842683,-0.001000</coordinates>
</Point>
<ExtendedData>
	<Data name="IconNumber">
		<value>901001</value>
	</Data>
</ExtendedData>
</Placemark>
<Placemark>
<name>JS0111</name>
<TimeStamp><when>2026-09-23T08:47:00Z</when></TimeStamp>
<styleUrl>#route</styleUrl>
<Point>
<coordinates>137.493395,34.842743,-0.001000</coordinates>
</Point>
<ExtendedData>
	<Data name="IconNumber">
		<value>901001</value>
	</Data>
</ExtendedData>
</Placemark>
<Placemark>
<name>JS0112</name>
<TimeStamp><when>2026-09-23T08:47:10Z</when></TimeStamp>
<styleUrl>#route</styleUrl>
<Point>
<coordinates>137.491926,34.843018,-0.001000</coordinates>
</Point>
<ExtendedData>
	<Data name="IconNumber">
		<value>901001</value>
	</Data>
</ExtendedData>
</Placemark>
<Placemark>
<name>JS0113</name>
<TimeStamp><when>2026-09-23T08:47:20Z</when></TimeStamp>
<styleUrl>#route</styleUrl>
<Point>
<coordinates>137.491121,34.843189,-0.001000</coordinates>
</Point>
<ExtendedData>
	<Data name="IconNumber">
		<value>901001</value>
	</Data>
</ExtendedData>
</Placemark>
<Placemark>
<name>JS0114</name>
<TimeStamp><when>2026-09-23T08:47:30Z</when></TimeStamp>
<styleUrl>#route</styleUrl>
<Point>
<coordinates>137.488803,34.843824,-0.001000</coordinates>
</Point>
<ExtendedData>
	<Data name="IconNumber">
		<value>901001</value>
	</Data>
</ExtendedData>
</Placemark>
<Placemark>
<name>JS0115</name>
<TimeStamp><when>2026-09-23T08:47:40Z</when></TimeStamp>
<styleUrl>#route</styleUrl>
<Point>
<coordinates>137.487988,34.844030,-0.001000</coordinates>
</Point>
<ExtendedData>
	<Data name="IconNumber">
		<value>901001</value>
	</Data>
</ExtendedData>
</Placemark>
<Placemark>
<name>JS0116</name>
<TimeStamp><when>2026-09-23T08:47:50Z</when></TimeStamp>
<styleUrl>#route</styleUrl>
<Point>
<coordinates>137.487387,34.844151,-0.001000</coordinates>
</Point>
<ExtendedData>
	<Data name="IconNumber">
		<value>901001</value>
	</Data>
</ExtendedData>
</Placemark>
<Placemark>
<name>JS0117</name>
<TimeStamp><when>2026-09-23T08:48:00Z</when></TimeStamp>
<styleUrl>#route</styleUrl>
<Point>
<coordinates>137.486561,34.844271,-0.001000</coordinates>
</Point>
<ExtendedData>
	<Data name="IconNumber">
		<value>901001</value>
	</Data>
</ExtendedData>
</Placemark>
<Placemark>
<name>JS0118</name>
<TimeStamp><when>2026-09-23T08:48:10Z</when></TimeStamp>
<styleUrl>#route</styleUrl>
<Point>
<coordinates>137.485177,34.844425,-0.001000</coordinates>
</Point>
<ExtendedData>
	<Data name="IconNumber">
		<value>901001</value>
	</Data>
</ExtendedData>
</Placemark>
<Placemark>
<name>JS0119</name>
<TimeStamp><when>2026-09-23T08:48:20Z</when></TimeStamp>
<styleUrl>#route</styleUrl>
<Point>
<coordinates>137.484136,34.844477,-0.001000</coordinates>
</Point>
<ExtendedData>
	<Data name="IconNumber">
		<value>901001</value>
	</Data>
</ExtendedData>
</Placemark>
<Placemark>
<name>JS0120</name>
<TimeStamp><when>2026-09-23T08:48:30Z</when></TimeStamp>
<styleUrl>#route</styleUrl>
<Point>
<coordinates>137.483514,34.844477,-0.001000</coordinates>
</Point>
<ExtendedData>
	<Data name="IconNumber">
		<value>901001</value>
	</Data>
</ExtendedData>
</Placemark>
<Placemark>
<name>JS0121</name>
<TimeStamp><when>2026-09-23T08:48:40Z</when></TimeStamp>
<styleUrl>#route</styleUrl>
<Point>
<coordinates>137.482656,34.844442,-0.001000</coordinates>
</Point>
<ExtendedData>
	<Data name="IconNumber">
		<value>901001</value>
	</Data>
</ExtendedData>
</Placemark>
<Placemark>
<name>JS0122</name>
<TimeStamp><when>2026-09-23T08:48:50Z</when></TimeStamp>
<styleUrl>#route</styleUrl>
<Point>
<coordinates>137.481862,34.844417,-0.001000</coordinates>
</Point>
<ExtendedData>
	<Data name="IconNumber">
		<value>901001</value>
	</Data>
</ExtendedData>
</Placemark>
<Placemark>
<name>JS0123</name>
<TimeStamp><when>2026-09-23T08:49:00Z</when></TimeStamp>
<styleUrl>#route</styleUrl>
<Point>
<coordinates>137.480521,34.844331,-0.001000</coordinates>
</Point>
<ExtendedData>
	<Data name="IconNumber">
		<value>901001</value>
	</Data>
</ExtendedData>
</Placemark>
<Placemark>
<name>JS0124</name>
<TimeStamp><when>2026-09-23T08:49:10Z</when></TimeStamp>
<styleUrl>#route</styleUrl>
<Point>
<coordinates>137.479641,34.844297,-0.001000</coordinates>
</Point>
<ExtendedData>
	<Data name="IconNumber">
		<value>901001</value>
	</Data>
</ExtendedData>
</Placemark>
<Placemark>
<name>JS0125</name>
<TimeStamp><when>2026-09-23T08:49:20Z</when></TimeStamp>
<styleUrl>#route</styleUrl>
<Point>
<coordinates>137.479244,34.844297,-0.001000</coordinates>
</Point>
<ExtendedData>
	<Data name="IconNumber">
		<value>901001</value>
	</Data>
</ExtendedData>
</Placemark>
<Placemark>
<name>JS0126</name>
<TimeStamp><when>2026-09-23T08:49:30Z</when></TimeStamp>
<styleUrl>#route</styleUrl>
<Point>
<coordinates>137.478547,34.844331,-0.001000</coordinates>
</Point>
<ExtendedData>
	<Data name="IconNumber">
		<value>901001</value>
	</Data>
</ExtendedData>
</Placemark>
<Placemark>
<name>JS0127</name>
<TimeStamp><when>2026-09-23T08:49:40Z</when></TimeStamp>
<styleUrl>#route</styleUrl>
<Point>
<coordinates>137.478042,34.844374,-0.001000</coordinates>
</Point>
<ExtendedData>
	<Data name="IconNumber">
		<value>901001</value>
	</Data>
</ExtendedData>
</Placemark>
<Placemark>
<name>JS0128</name>
<TimeStamp><when>2026-09-23T08:49:50Z</when></TimeStamp>
<styleUrl>#route</styleUrl>
<Point>
<coordinates>137.477442,34.844442,-0.001000</coordinates>
</Point>
<ExtendedData>
	<Data name="IconNumber">
		<value>901001</value>
	</Data>
</ExtendedData>
</Placemark>
<Placemark>
<name>JS0129</name>
<TimeStamp><when>2026-09-23T08:50:00Z</when></TimeStamp>
<styleUrl>#route</styleUrl>
<Point>
<coordinates>137.477002,34.844503,-0.001000</coordinates>
</Point>
<ExtendedData>
	<Data name="IconNumber">
		<value>901001</value>
	</Data>
</ExtendedData>
</Placemark>
<Placemark>
<name>JS0130</name>
<TimeStamp><when>2026-09-23T08:50:10Z</when></TimeStamp>
<styleUrl>#route</styleUrl>
<Point>
<coordinates>137.476390,34.844605,-0.001000</coordinates>
</Point>
<ExtendedData>
	<Data name="IconNumber">
		<value>901001</value>
	</Data>
</ExtendedData>
</Placemark>
<Placemark>
<name>JS0131</name>
<TimeStamp><when>2026-09-23T08:50:20Z</when></TimeStamp>
<styleUrl>#route</styleUrl>
<Point>
<coordinates>137.475532,34.844786,-0.001000</coordinates>
</Point>
<ExtendedData>
	<Data name="IconNumber">
		<value>901001</value>
	</Data>
</ExtendedData>
</Placemark>
<Placemark>
<name>JS0132</name>
<TimeStamp><when>2026-09-23T08:50:30Z</when></TimeStamp>
<styleUrl>#route</styleUrl>
<Point>
<coordinates>137.474706,34.844992,-0.001000</coordinates>
</Point>
<ExtendedData>
	<Data name="IconNumber">
		<value>901001</value>
	</Data>
</ExtendedData>
</Placemark>
<Placemark>
<name>JS0133</name>
<TimeStamp><when>2026-09-23T08:50:40Z</when></TimeStamp>
<styleUrl>#route</styleUrl>
<Point>
<coordinates>137.471487,34.845936,-0.001000</coordinates>
</Point>
<ExtendedData>
	<Data name="IconNumber">
		<value>901001</value>
	</Data>
</ExtendedData>
</Placemark>
<Placemark>
<name>JS0134</name>
<TimeStamp><when>2026-09-23T08:50:50Z</when></TimeStamp>
<styleUrl>#route</styleUrl>
<Point>
<coordinates>137.470908,34.846099,-0.001000</coordinates>
</Point>
<ExtendedData>
	<Data name="IconNumber">
		<value>901001</value>
	</Data>
</ExtendedData>
</Placemark>
<Placemark>
<name>JS0135</name>
<TimeStamp><when>2026-09-23T08:51:00Z</when></TimeStamp>
<styleUrl>#route</styleUrl>
<Point>
<coordinates>137.470210,34.846279,-0.001000</coordinates>
</Point>
<ExtendedData>
	<Data name="IconNumber">
		<value>901001</value>
	</Data>
</ExtendedData>
</Placemark>
<Placemark>
<name>JS0136</name>
<TimeStamp><when>2026-09-23T08:51:10Z</when></TimeStamp>
<styleUrl>#route</styleUrl>
<Point>
<coordinates>137.469492,34.846442,-0.001000</coordinates>
</Point>
<ExtendedData>
	<Data name="IconNumber">
		<value>901001</value>
	</Data>
</ExtendedData>
</Placemark>
<Placemark>
<name>JS0137</name>
<TimeStamp><when>2026-09-23T08:51:20Z</when></TimeStamp>
<styleUrl>#route</styleUrl>
<Point>
<coordinates>137.468848,34.846571,-0.001000</coordinates>
</Point>
<ExtendedData>
	<Data name="IconNumber">
		<value>901001</value>
	</Data>
</ExtendedData>
</Placemark>
<Placemark>
<name>JS0138</name>
<TimeStamp><when>2026-09-23T08:51:30Z</when></TimeStamp>
<styleUrl>#route</styleUrl>
<Point>
<coordinates>137.468043,34.846700,-0.001000</coordinates>
</Point>
<ExtendedData>
	<Data name="IconNumber">
		<value>901001</value>
	</Data>
</ExtendedData>
</Placemark>
<Placemark>
<name>JS0139</name>
<TimeStamp><when>2026-09-23T08:51:40Z</when></TimeStamp>
<styleUrl>#route</styleUrl>
<Point>
<coordinates>137.466702,34.846863,-0.001000</coordinates>
</Point>
<ExtendedData>
	<Data name="IconNumber">
		<value>901001</value>
	</Data>
</ExtendedData>
</Placemark>
<Placemark>
<name>JS0140</name>
<TimeStamp><when>2026-09-23T08:51:50Z</when></TimeStamp>
<styleUrl>#route</styleUrl>
<Point>
<coordinates>137.465576,34.846949,-0.001000</coordinates>
</Point>
<ExtendedData>
	<Data name="IconNumber">
		<value>901001</value>
	</Data>
</ExtendedData>
</Placemark>
<Placemark>
<name>JS0141</name>
<TimeStamp><when>2026-09-23T08:52:00Z</when></TimeStamp>
<styleUrl>#route</styleUrl>
<Point>
<coordinates>137.464245,34.847000,-0.001000</coordinates>
</Point>
<ExtendedData>
	<Data name="IconNumber">
		<value>901001</value>
	</Data>
</ExtendedData>
</Placemark>
<Placemark>
<name>JS0142</name>
<TimeStamp><when>2026-09-23T08:52:10Z</when></TimeStamp>
<styleUrl>#route</styleUrl>
<Point>
<coordinates>137.463408,34.846983,-0.001000</coordinates>
</Point>
<ExtendedData>
	<Data name="IconNumber">
		<value>901001</value>
	</Data>
</ExtendedData>
</Placemark>
<Placemark>
<name>JS0143</name>
<TimeStamp><when>2026-09-23T08:52:20Z</when></TimeStamp>
<styleUrl>#route</styleUrl>
<Point>
<coordinates>137.462368,34.846949,-0.001000</coordinates>
</Point>
<ExtendedData>
	<Data name="IconNumber">
		<value>901001</value>
	</Data>
</ExtendedData>
</Placemark>
<Placemark>
<name>JS0144</name>
<TimeStamp><when>2026-09-23T08:52:30Z</when></TimeStamp>
<styleUrl>#route</styleUrl>
<Point>
<coordinates>137.461842,34.846906,-0.001000</coordinates>
</Point>
<ExtendedData>
	<Data name="IconNumber">
		<value>901001</value>
	</Data>
</ExtendedData>
</Placemark>
<Placemark>
<name>JS0145</name>
<TimeStamp><when>2026-09-23T08:52:40Z</when></TimeStamp>
<styleUrl>#route</styleUrl>
<Point>
<coordinates>137.461134,34.846829,-0.001000</coordinates>
</Point>
<ExtendedData>
	<Data name="IconNumber">
		<value>901001</value>
	</Data>
</ExtendedData>
</Placemark>
<Placemark>
<name>JS0146</name>
<TimeStamp><when>2026-09-23T08:52:50Z</when></TimeStamp>
<styleUrl>#route</styleUrl>
<Point>
<coordinates>137.460340,34.846734,-0.001000</coordinates>
</Point>
<ExtendedData>
	<Data name="IconNumber">
		<value>901001</value>
	</Data>
</ExtendedData>
</Placemark>
<Placemark>
<name>JS0147</name>
<TimeStamp><when>2026-09-23T08:53:00Z</when></TimeStamp>
<styleUrl>#route</styleUrl>
<Point>
<coordinates>137.459589,34.846623,-0.001000</coordinates>
</Point>
<ExtendedData>
	<Data name="IconNumber">
		<value>901001</value>
	</Data>
</ExtendedData>
</Placemark>
<Placemark>
<name>JS0148</name>
<TimeStamp><when>2026-09-23T08:53:10Z</when></TimeStamp>
<styleUrl>#route</styleUrl>
<Point>
<coordinates>137.458162,34.846348,-0.001000</coordinates>
</Point>
<ExtendedData>
	<Data name="IconNumber">
		<value>901001</value>
	</Data>
</ExtendedData>
</Placemark>
<Placemark>
<name>JS0149</name>
<TimeStamp><when>2026-09-23T08:53:20Z</when></TimeStamp>
<styleUrl>#route</styleUrl>
<Point>
<coordinates>137.456016,34.845833,-0.001000</coordinates>
</Point>
<ExtendedData>
	<Data name="IconNumber">
		<value>901001</value>
	</Data>
</ExtendedData>
</Placemark>
<Placemark>
<name>JS0150</name>
<TimeStamp><when>2026-09-23T08:53:30Z</when></TimeStamp>
<styleUrl>#route</styleUrl>
<Point>
<coordinates>137.451918,34.844777,-0.001000</coordinates>
</Point>
<ExtendedData>
	<Data name="IconNumber">
		<value>901001</value>
	</Data>
</ExtendedData>
</Placemark>
<Placemark>
<name>JS0151</name>
<TimeStamp><when>2026-09-23T08:53:40Z</when></TimeStamp>
<styleUrl>#route</styleUrl>
<Point>
<coordinates>137.451714,34.844683,-0.001000</coordinates>
</Point>
<ExtendedData>
	<Data name="IconNumber">
		<value>901001</value>
	</Data>
</ExtendedData>
</Placemark>
<Placemark>
<name>JS0152</name>
<TimeStamp><when>2026-09-23T08:53:50Z</when></TimeStamp>
<styleUrl>#route</styleUrl>
<Point>
<coordinates>137.450555,34.844327,-0.001000</coordinates>
</Point>
<ExtendedData>
	<Data name="IconNumber">
		<value>901001</value>
	</Data>
</ExtendedData>
</Placemark>
<Placemark>
<name>JS0153</name>
<TimeStamp><when>2026-09-23T08:54:00Z</when></TimeStamp>
<styleUrl>#route</styleUrl>
<Point>
<coordinates>137.450190,34.844224,-0.001000</coordinates>
</Point>
<ExtendedData>
	<Data name="IconNumber">
		<value>901001</value>
	</Data>
</ExtendedData>
</Placemark>
<Placemark>
<name>JS0154</name>
<TimeStamp><when>2026-09-23T08:54:10Z</when></TimeStamp>
<styleUrl>#route</styleUrl>
<Point>
<coordinates>137.450008,34.844146,-0.001000</coordinates>
</Point>
<ExtendedData>
	<Data name="IconNumber">
		<value>901001</value>
	</Data>
</ExtendedData>
</Placemark>
<Placemark>
<name>JS0155</name>
<TimeStamp><when>2026-09-23T08:54:20Z</when></TimeStamp>
<styleUrl>#route</styleUrl>
<Point>
<coordinates>137.449729,34.843992,-0.001000</coordinates>
</Point>
<ExtendedData>
	<Data name="IconNumber">
		<value>901001</value>
	</Data>
</ExtendedData>
</Placemark>
<Placemark>
<name>JS0156</name>
<TimeStamp><when>2026-09-23T08:54:30Z</when></TimeStamp>
<styleUrl>#route</styleUrl>
<Point>
<coordinates>137.449557,34.843829,-0.001000</coordinates>
</Point>
<ExtendedData>
	<Data name="IconNumber">
		<value>901001</value>
	</Data>
</ExtendedData>
</Placemark>
<Placemark>
<name>JS0157</name>
<TimeStamp><when>2026-09-23T08:54:40Z</when></TimeStamp>
<styleUrl>#route</styleUrl>
<Point>
<coordinates>137.449332,34.843588,-0.001000</coordinates>
</Point>
<ExtendedData>
	<Data name="IconNumber">
		<value>901001</value>
	</Data>
</ExtendedData>
</Placemark>
<Placemark>
<name>JS0158</name>
<TimeStamp><when>2026-09-23T08:54:50Z</when></TimeStamp>
<styleUrl>#route</styleUrl>
<Point>
<coordinates>137.449225,34.843528,-0.001000</coordinates>
</Point>
<ExtendedData>
	<Data name="IconNumber">
		<value>901001</value>
	</Data>
</ExtendedData>
</Placemark>
<Placemark>
<name>JS0159</name>
<TimeStamp><when>2026-09-23T08:55:00Z</when></TimeStamp>
<styleUrl>#route</styleUrl>
<Point>
<coordinates>137.448088,34.843305,-0.001000</coordinates>
</Point>
<ExtendedData>
	<Data name="IconNumber">
		<value>901001</value>
	</Data>
</ExtendedData>
</Placemark>
<Placemark>
<name>JS0160</name>
<TimeStamp><when>2026-09-23T08:55:10Z</when></TimeStamp>
<styleUrl>#route</styleUrl>
<Point>
<coordinates>137.447927,34.843297,-0.001000</coordinates>
</Point>
<ExtendedData>
	<Data name="IconNumber">
		<value>901001</value>
	</Data>
</ExtendedData>
</Placemark>
<Placemark>
<name>JS0161</name>
<TimeStamp><when>2026-09-23T08:55:20Z</when></TimeStamp>
<styleUrl>#route</styleUrl>
<Point>
<coordinates>137.447809,34.843348,-0.001000</coordinates>
</Point>
<ExtendedData>
	<Data name="IconNumber">
		<value>901001</value>
	</Data>
</ExtendedData>
</Placemark>
<Placemark>
<name>JS0162</name>
<TimeStamp><when>2026-09-23T08:55:30Z</when></TimeStamp>
<styleUrl>#route</styleUrl>
<Point>
<coordinates>137.447573,34.843614,-0.001000</coordinates>
</Point>
<ExtendedData>
	<Data name="IconNumber">
		<value>901001</value>
	</Data>
</ExtendedData>
</Placemark>
<Placemark>
<name>JS0163</name>
<TimeStamp><when>2026-09-23T08:55:40Z</when></TimeStamp>
<styleUrl>#route</styleUrl>
<Point>
<coordinates>137.447465,34.843648,-0.001000</coordinates>
</Point>
<ExtendedData>
	<Data name="IconNumber">
		<value>901001</value>
	</Data>
</ExtendedData>
</Placemark>
<Placemark>
<name>JS0164</name>
<TimeStamp><when>2026-09-23T08:55:50Z</when></TimeStamp>
<styleUrl>#route</styleUrl>
<Point>
<coordinates>137.447315,34.843666,-0.001000</coordinates>
</Point>
<ExtendedData>
	<Data name="IconNumber">
		<value>901001</value>
	</Data>
</ExtendedData>
</Placemark>
<Placemark>
<name>JS0165</name>
<TimeStamp><when>2026-09-23T08:56:00Z</when></TimeStamp>
<styleUrl>#route</styleUrl>
<Point>
<coordinates>137.447036,34.843623,-0.001000</coordinates>
</Point>
<ExtendedData>
	<Data name="IconNumber">
		<value>901001</value>
	</Data>
</ExtendedData>
</Placemark>
<Placemark>
<name>JS0166</name>
<TimeStamp><when>2026-09-23T08:56:10Z</when></TimeStamp>
<styleUrl>#route</styleUrl>
<Point>
<coordinates>137.446156,34.843537,-0.001000</coordinates>
</Point>
<ExtendedData>
	<Data name="IconNumber">
		<value>901001</value>
	</Data>
</ExtendedData>
</Placemark>
<Placemark>
<name>JS0167</name>
<TimeStamp><when>2026-09-23T08:56:20Z</when></TimeStamp>
<styleUrl>#route</styleUrl>
<Point>
<coordinates>137.445314,34.843511,-0.001000</coordinates>
</Point>
<ExtendedData>
	<Data name="IconNumber">
		<value>901001</value>
	</Data>
</ExtendedData>
</Placemark>
<Placemark>
<name>JS0168</name>
<TimeStamp><when>2026-09-23T08:56:30Z</when></TimeStamp>
<styleUrl>#route</styleUrl>
<Point>
<coordinates>137.443222,34.843322,-0.001000</coordinates>
</Point>
<ExtendedData>
	<Data name="IconNumber">
		<value>901001</value>
	</Data>
</ExtendedData>
</Placemark>
<Placemark>
<name>JS0169</name>
<TimeStamp><when>2026-09-23T08:56:40Z</when></TimeStamp>
<styleUrl>#route</styleUrl>
<Point>
<coordinates>137.441033,34.843125,-0.001000</coordinates>
</Point>
<ExtendedData>
	<Data name="IconNumber">
		<value>901001</value>
	</Data>
</ExtendedData>
</Placemark>
<Placemark>
<name>JS0170</name>
<TimeStamp><when>2026-09-23T08:56:50Z</when></TimeStamp>
<styleUrl>#route</styleUrl>
<Point>
<coordinates>137.439596,34.843022,-0.001000</coordinates>
</Point>
<ExtendedData>
	<Data name="IconNumber">
		<value>901001</value>
	</Data>
</ExtendedData>
</Placemark>
<Placemark>
<name>JS0171</name>
<TimeStamp><when>2026-09-23T08:57:00Z</when></TimeStamp>
<styleUrl>#route</styleUrl>
<Point>
<coordinates>137.438072,34.842876,-0.001000</coordinates>
</Point>
<ExtendedData>
	<Data name="IconNumber">
		<value>901001</value>
	</Data>
</ExtendedData>
</Placemark>
<Placemark>
<name>JS0172</name>
<TimeStamp><when>2026-09-23T08:57:10Z</when></TimeStamp>
<styleUrl>#route</styleUrl>
<Point>
<coordinates>137.436634,34.842704,-0.001000</coordinates>
</Point>
<ExtendedData>
	<Data name="IconNumber">
		<value>901001</value>
	</Data>
</ExtendedData>
</Placemark>
<Placemark>
<name>JS0173</name>
<TimeStamp><when>2026-09-23T08:57:20Z</when></TimeStamp>
<styleUrl>#route</styleUrl>
<Point>
<coordinates>137.435197,34.842473,-0.001000</coordinates>
</Point>
<ExtendedData>
	<Data name="IconNumber">
		<value>901001</value>
	</Data>
</ExtendedData>
</Placemark>
<Placemark>
<name>JS0174</name>
<TimeStamp><when>2026-09-23T08:57:30Z</when></TimeStamp>
<styleUrl>#route</styleUrl>
<Point>
<coordinates>137.433888,34.842207,-0.001000</coordinates>
</Point>
<ExtendedData>
	<Data name="IconNumber">
		<value>901001</value>
	</Data>
</ExtendedData>
</Placemark>
<Placemark>
<name>JS0175</name>
<TimeStamp><when>2026-09-23T08:57:40Z</when></TimeStamp>
<styleUrl>#route</styleUrl>
<Point>
<coordinates>137.432944,34.841992,-0.001000</coordinates>
</Point>
<ExtendedData>
	<Data name="IconNumber">
		<value>901001</value>
	</Data>
</ExtendedData>
</Placemark>
<Placemark>
<name>JS0176</name>
<TimeStamp><when>2026-09-23T08:57:50Z</when></TimeStamp>
<styleUrl>#route</styleUrl>
<Point>
<coordinates>137.431034,34.841503,-0.001000</coordinates>
</Point>
<ExtendedData>
	<Data name="IconNumber">
		<value>901001</value>
	</Data>
</ExtendedData>
</Placemark>
<Placemark>
<name>JS0177</name>
<TimeStamp><when>2026-09-23T08:58:00Z</when></TimeStamp>
<styleUrl>#route</styleUrl>
<Point>
<coordinates>137.425133,34.839855,-0.001000</coordinates>
</Point>
<ExtendedData>
	<Data name="IconNumber">
		<value>901001</value>
	</Data>
</ExtendedData>
</Placemark>
<Placemark>
<name>JS0178</name>
<TimeStamp><when>2026-09-23T08:58:10Z</when></TimeStamp>
<styleUrl>#route</styleUrl>
<Point>
<coordinates>137.423846,34.839529,-0.001000</coordinates>
</Point>
<ExtendedData>
	<Data name="IconNumber">
		<value>901001</value>
	</Data>
</ExtendedData>
</Placemark>
<Placemark>
<name>JS0179</name>
<TimeStamp><when>2026-09-23T08:58:20Z</when></TimeStamp>
<styleUrl>#route</styleUrl>
<Point>
<coordinates>137.423084,34.839348,-0.001000</coordinates>
</Point>
<ExtendedData>
	<Data name="IconNumber">
		<value>901001</value>
	</Data>
</ExtendedData>
</Placemark>
<Placemark>
<name>JS0180</name>
<TimeStamp><when>2026-09-23T08:58:30Z</when></TimeStamp>
<styleUrl>#route</styleUrl>
<Point>
<coordinates>137.422505,34.839220,-0.001000</coordinates>
</Point>
<ExtendedData>
	<Data name="IconNumber">
		<value>901001</value>
	</Data>
</ExtendedData>
</Placemark>
<Placemark>
<name>JS0181</name>
<TimeStamp><when>2026-09-23T08:58:40Z</when></TimeStamp>
<styleUrl>#route</styleUrl>
<Point>
<coordinates>137.421957,34.839117,-0.001000</coordinates>
</Point>
<ExtendedData>
	<Data name="IconNumber">
		<value>901001</value>
	</Data>
</ExtendedData>
</Placemark>
<Placemark>
<name>JS0182</name>
<TimeStamp><when>2026-09-23T08:58:50Z</when></TimeStamp>
<styleUrl>#route</styleUrl>
<Point>
<coordinates>137.420434,34.838851,-0.001000</coordinates>
</Point>
<ExtendedData>
	<Data name="IconNumber">
		<value>901001</value>
	</Data>
</ExtendedData>
</Placemark>
<Placemark>
<name>JS0183</name>
<TimeStamp><when>2026-09-23T08:59:00Z</when></TimeStamp>
<styleUrl>#route</styleUrl>
<Point>
<coordinates>137.419704,34.838756,-0.001000</coordinates>
</Point>
<ExtendedData>
	<Data name="IconNumber">
		<value>901001</value>
	</Data>
</ExtendedData>
</Placemark>
<Placemark>
<name>JS0184</name>
<TimeStamp><when>2026-09-23T08:59:10Z</when></TimeStamp>
<styleUrl>#route</styleUrl>
<Point>
<coordinates>137.418395,34.838602,-0.001000</coordinates>
</Point>
<ExtendedData>
	<Data name="IconNumber">
		<value>901001</value>
	</Data>
</ExtendedData>
</Placemark>
<Placemark>
<name>JS0185</name>
<TimeStamp><when>2026-09-23T08:59:20Z</when></TimeStamp>
<styleUrl>#route</styleUrl>
<Point>
<coordinates>137.416969,34.838464,-0.001000</coordinates>
</Point>
<ExtendedData>
	<Data name="IconNumber">
		<value>901001</value>
	</Data>
</ExtendedData>
</Placemark>
<Placemark>
<name>JS0186</name>
<TimeStamp><when>2026-09-23T08:59:30Z</when></TimeStamp>
<styleUrl>#route</styleUrl>
<Point>
<coordinates>137.416588,34.838443,-0.001000</coordinates>
</Point>
<ExtendedData>
	<Data name="IconNumber">
		<value>901001</value>
	</Data>
</ExtendedData>
</Placemark>
<Placemark>
<name>JS0187</name>
<TimeStamp><when>2026-09-23T08:59:40Z</when></TimeStamp>
<styleUrl>#route</styleUrl>
<Point>
<coordinates>137.416395,34.838357,-0.001000</coordinates>
</Point>
<ExtendedData>
	<Data name="IconNumber">
		<value>901001</value>
	</Data>
</ExtendedData>
</Placemark>
<Placemark>
<name>JS0188</name>
<TimeStamp><when>2026-09-23T08:59:50Z</when></TimeStamp>
<styleUrl>#route</styleUrl>
<Point>
<coordinates>137.416196,34.838331,-0.001000</coordinates>
</Point>
<ExtendedData>
	<Data name="IconNumber">
		<value>901001</value>
	</Data>
</ExtendedData>
</Placemark>
<Placemark>
<name>JS0189</name>
<TimeStamp><when>2026-09-23T09:00:00Z</when></TimeStamp>
<styleUrl>#route</styleUrl>
<Point>
<coordinates>137.416062,34.838314,-0.001000</coordinates>
</Point>
<ExtendedData>
	<Data name="IconNumber">
		<value>901001</value>
	</Data>
</ExtendedData>
</Placemark>
<Placemark>
<name>JS0190</name>
<TimeStamp><when>2026-09-23T09:00:10Z</when></TimeStamp>
<styleUrl>#route</styleUrl>
<Point>
<coordinates>137.415568,34.838228,-0.001000</coordinates>
</Point>
<ExtendedData>
	<Data name="IconNumber">
		<value>901001</value>
	</Data>
</ExtendedData>
</Placemark>
<Placemark>
<name>JS0191</name>
<TimeStamp><when>2026-09-23T09:00:20Z</when></TimeStamp>
<styleUrl>#route</styleUrl>
<Point>
<coordinates>137.415370,34.838190,-0.001000</coordinates>
</Point>
<ExtendedData>
	<Data name="IconNumber">
		<value>901001</value>
	</Data>
</ExtendedData>
</Placemark>
<Placemark>
<name>JS0192</name>
<TimeStamp><when>2026-09-23T09:00:30Z</when></TimeStamp>
<styleUrl>#route</styleUrl>
<Point>
<coordinates>137.415118,34.838130,-0.001000</coordinates>
</Point>
<ExtendedData>
	<Data name="IconNumber">
		<value>901001</value>
	</Data>
</ExtendedData>
</Placemark>
<Placemark>
<name>JS0193</name>
<TimeStamp><when>2026-09-23T09:00:40Z</when></TimeStamp>
<styleUrl>#route</styleUrl>
<Point>
<coordinates>137.414850,34.838039,-0.001000</coordinates>
</Point>
<ExtendedData>
	<Data name="IconNumber">
		<value>901001</value>
	</Data>
</ExtendedData>
</Placemark>
<Placemark>
<name>JS0194</name>
<TimeStamp><when>2026-09-23T09:00:50Z</when></TimeStamp>
<styleUrl>#route</styleUrl>
<Point>
<coordinates>137.414646,34.837958,-0.001000</coordinates>
</Point>
<ExtendedData>
	<Data name="IconNumber">
		<value>901001</value>
	</Data>
</ExtendedData>
</Placemark>
<Placemark>
<name>JS0195</name>
<TimeStamp><when>2026-09-23T09:01:00Z</when></TimeStamp>
<styleUrl>#route</styleUrl>
<Point>
<coordinates>137.414431,34.837851,-0.001000</coordinates>
</Point>
<ExtendedData>
	<Data name="IconNumber">
		<value>901001</value>
	</Data>
</ExtendedData>
</Placemark>
<Placemark>
<name>JS0196</name>
<TimeStamp><when>2026-09-23T09:01:10Z</when></TimeStamp>
<styleUrl>#route</styleUrl>
<Point>
<coordinates>137.414217,34.837730,-0.001000</coordinates>
</Point>
<ExtendedData>
	<Data name="IconNumber">
		<value>901001</value>
	</Data>
</ExtendedData>
</Placemark>
<Placemark>
<name>JS0197</name>
<TimeStamp><when>2026-09-23T09:01:20Z</when></TimeStamp>
<styleUrl>#route</styleUrl>
<Point>
<coordinates>137.414066,34.837640,-0.001000</coordinates>
</Point>
<ExtendedData>
	<Data name="IconNumber">
		<value>901001</value>
	</Data>
</ExtendedData>
</Placemark>
<Placemark>
<name>JS0198</name>
<TimeStamp><when>2026-09-23T09:01:30Z</when></TimeStamp>
<styleUrl>#route</styleUrl>
<Point>
<coordinates>137.413804,34.837469,-0.001000</coordinates>
</Point>
<ExtendedData>
	<Data name="IconNumber">
		<value>901001</value>
	</Data>
</ExtendedData>
</Placemark>
<Placemark>
<name>JS0199</name>
<TimeStamp><when>2026-09-23T09:01:40Z</when></TimeStamp>
<styleUrl>#route</styleUrl>
<Point>
<coordinates>137.413466,34.837173,-0.001000</coordinates>
</Point>
<ExtendedData>
	<Data name="IconNumber">
		<value>901001</value>
	</Data>
</ExtendedData>
</Placemark>
<Placemark>
<name>JS0200</name>
<TimeStamp><when>2026-09-23T09:01:50Z</when></TimeStamp>
<styleUrl>#route</styleUrl>
<Point>
<coordinates>137.413369,34.837052,-0.001000</coordinates>
</Point>
<ExtendedData>
	<Data name="IconNumber">
		<value>901001</value>
	</Data>
</ExtendedData>
</Placemark>
<Placemark>
<name>JS0201</name>
<TimeStamp><when>2026-09-23T09:02:00Z</when></TimeStamp>
<styleUrl>#route</styleUrl>
<Point>
<coordinates>137.412967,34.836782,-0.001000</coordinates>
</Point>
<ExtendedData>
	<Data name="IconNumber">
		<value>901001</value>
	</Data>
</ExtendedData>
</Placemark>
<Placemark>
<name>JS0202</name>
<TimeStamp><when>2026-09-23T09:02:10Z</when></TimeStamp>
<styleUrl>#route</styleUrl>
<Point>
<coordinates>137.412698,34.836610,-0.001000</coordinates>
</Point>
<ExtendedData>
	<Data name="IconNumber">
		<value>901001</value>
	</Data>
</ExtendedData>
</Placemark>
<Placemark>
<name>JS0203</name>
<TimeStamp><when>2026-09-23T09:02:20Z</when></TimeStamp>
<styleUrl>#route</styleUrl>
<Point>
<coordinates>137.412473,34.836503,-0.001000</coordinates>
</Point>
<ExtendedData>
	<Data name="IconNumber">
		<value>901001</value>
	</Data>
</ExtendedData>
</Placemark>
<Placemark>
<name>JS0204</name>
<TimeStamp><when>2026-09-23T09:02:30Z</when></TimeStamp>
<styleUrl>#route</styleUrl>
<Point>
<coordinates>137.412216,34.836443,-0.001000</coordinates>
</Point>
<ExtendedData>
	<Data name="IconNumber">
		<value>901001</value>
	</Data>
</ExtendedData>
</Placemark>
<Placemark>
<name>JS0205</name>
<TimeStamp><when>2026-09-23T09:02:40Z</when></TimeStamp>
<styleUrl>#route</styleUrl>
<Point>
<coordinates>137.411905,34.836340,-0.001000</coordinates>
</Point>
<ExtendedData>
	<Data name="IconNumber">
		<value>901001</value>
	</Data>
</ExtendedData>
</Placemark>
<Placemark>
<name>JS0206</name>
<TimeStamp><when>2026-09-23T09:02:50Z</when></TimeStamp>
<styleUrl>#route</styleUrl>
<Point>
<coordinates>137.410993,34.836220,-0.001000</coordinates>
</Point>
<ExtendedData>
	<Data name="IconNumber">
		<value>901001</value>
	</Data>
</ExtendedData>
</Placemark>
<Placemark>
<name>JS0207</name>
<TimeStamp><when>2026-09-23T09:03:00Z</when></TimeStamp>
<styleUrl>#route</styleUrl>
<Point>
<coordinates>137.410617,34.836143,-0.001000</coordinates>
</Point>
<ExtendedData>
	<Data name="IconNumber">
		<value>901001</value>
	</Data>
</ExtendedData>
</Placemark>
<Placemark>
<name>JS0208</name>
<TimeStamp><when>2026-09-23T09:03:10Z</when></TimeStamp>
<styleUrl>#route</styleUrl>
<Point>
<coordinates>137.410370,34.836074,-0.001000</coordinates>
</Point>
<ExtendedData>
	<Data name="IconNumber">
		<value>901001</value>
	</Data>
</ExtendedData>
</Placemark>
<Placemark>
<name>JS0209</name>
<TimeStamp><when>2026-09-23T09:03:20Z</when></TimeStamp>
<styleUrl>#route</styleUrl>
<Point>
<coordinates>137.410156,34.835980,-0.001000</coordinates>
</Point>
<ExtendedData>
	<Data name="IconNumber">
		<value>901001</value>
	</Data>
</ExtendedData>
</Placemark>
<Placemark>
<name>JS0210</name>
<TimeStamp><when>2026-09-23T09:03:30Z</when></TimeStamp>
<styleUrl>#route</styleUrl>
<Point>
<coordinates>137.410016,34.835859,-0.001000</coordinates>
</Point>
<ExtendedData>
	<Data name="IconNumber">
		<value>901001</value>
	</Data>
</ExtendedData>
</Placemark>
<Placemark>
<name>JS0211</name>
<TimeStamp><when>2026-09-23T09:03:40Z</when></TimeStamp>
<styleUrl>#route</styleUrl>
<Point>
<coordinates>137.409802,34.835645,-0.001000</coordinates>
</Point>
<ExtendedData>
	<Data name="IconNumber">
		<value>901001</value>
	</Data>
</ExtendedData>
</Placemark>
<Placemark>
<name>JS0212</name>
<TimeStamp><when>2026-09-23T09:03:50Z</when></TimeStamp>
<styleUrl>#route</styleUrl>
<Point>
<coordinates>137.409394,34.834177,-0.001000</coordinates>
</Point>
<ExtendedData>
	<Data name="IconNumber">
		<value>901001</value>
	</Data>
</ExtendedData>
</Placemark>
<Placemark>
<name>JS0213</name>
<TimeStamp><when>2026-09-23T09:04:00Z</when></TimeStamp>
<styleUrl>#route</styleUrl>
<Point>
<coordinates>137.408546,34.831585,-0.001000</coordinates>
</Point>
<ExtendedData>
	<Data name="IconNumber">
		<value>901001</value>
	</Data>
</ExtendedData>
</Placemark>
<Placemark>
<name>JS0214</name>
<TimeStamp><when>2026-09-23T09:04:10Z</when></TimeStamp>
<styleUrl>#route</styleUrl>
<Point>
<coordinates>137.408123,34.830156,-0.001000</coordinates>
</Point>
<ExtendedData>
	<Data name="IconNumber">
		<value>901001</value>
	</Data>
</ExtendedData>
</Placemark>
<Placemark>
<name>JS0215</name>
<TimeStamp><when>2026-09-23T09:04:20Z</when></TimeStamp>
<styleUrl>#route</styleUrl>
<Point>
<coordinates>137.407565,34.828401,-0.001000</coordinates>
</Point>
<ExtendedData>
	<Data name="IconNumber">
		<value>901001</value>
	</Data>
</ExtendedData>
</Placemark>
<Placemark>
<name>JS0216</name>
<TimeStamp><when>2026-09-23T09:04:30Z</when></TimeStamp>
<styleUrl>#route</styleUrl>
<Point>
<coordinates>137.406685,34.825697,-0.001000</coordinates>
</Point>
<ExtendedData>
	<Data name="IconNumber">
		<value>901001</value>
	</Data>
</ExtendedData>
</Placemark>
<Placemark>
<name>JS0217</name>
<TimeStamp><when>2026-09-23T09:04:40Z</when></TimeStamp>
<styleUrl>#route</styleUrl>
<Point>
<coordinates>137.405988,34.823367,-0.001000</coordinates>
</Point>
<ExtendedData>
	<Data name="IconNumber">
		<value>901001</value>
	</Data>
</ExtendedData>
</Placemark>
<Placemark>
<name>JS0218</name>
<TimeStamp><when>2026-09-23T09:04:50Z</when></TimeStamp>
<styleUrl>#route</styleUrl>
<Point>
<coordinates>137.405183,34.820805,-0.001000</coordinates>
</Point>
<ExtendedData>
	<Data name="IconNumber">
		<value>901001</value>
	</Data>
</ExtendedData>
</Placemark>
<Placemark>
<name>JS0219</name>
<TimeStamp><when>2026-09-23T09:05:00Z</when></TimeStamp>
<styleUrl>#route</styleUrl>
<Point>
<coordinates>137.405097,34.820547,-0.001000</coordinates>
</Point>
<ExtendedData>
	<Data name="IconNumber">
		<value>901001</value>
	</Data>
</ExtendedData>
</Placemark>
<Placemark>
<name>JS0220</name>
<TimeStamp><when>2026-09-23T09:05:10Z</when></TimeStamp>
<styleUrl>#route</styleUrl>
<Point>
<coordinates>137.405006,34.820324,-0.001000</coordinates>
</Point>
<ExtendedData>
	<Data name="IconNumber">
		<value>901001</value>
	</Data>
</ExtendedData>
</Placemark>
<Placemark>
<name>JS0221</name>
<TimeStamp><when>2026-09-23T09:05:20Z</when></TimeStamp>
<styleUrl>#route</styleUrl>
<Point>
<coordinates>137.404904,34.820109,-0.001000</coordinates>
</Point>
<ExtendedData>
	<Data name="IconNumber">
		<value>901001</value>
	</Data>
</ExtendedData>
</Placemark>
<Placemark>
<name>JS0222</name>
<TimeStamp><when>2026-09-23T09:05:30Z</when></TimeStamp>
<styleUrl>#route</styleUrl>
<Point>
<coordinates>137.404732,34.819818,-0.001000</coordinates>
</Point>
<ExtendedData>
	<Data name="IconNumber">
		<value>901001</value>
	</Data>
</ExtendedData>
</Placemark>
<Placemark>
<name>JS0223</name>
<TimeStamp><when>2026-09-23T09:05:40Z</when></TimeStamp>
<styleUrl>#route</styleUrl>
<Point>
<coordinates>137.404410,34.819380,-0.001000</coordinates>
</Point>
<ExtendedData>
	<Data name="IconNumber">
		<value>901001</value>
	</Data>
</ExtendedData>
</Placemark>
<Placemark>
<name>JS0224</name>
<TimeStamp><when>2026-09-23T09:05:50Z</when></TimeStamp>
<styleUrl>#route</styleUrl>
<Point>
<coordinates>137.404030,34.818946,-0.001000</coordinates>
</Point>
<ExtendedData>
	<Data name="IconNumber">
		<value>901001</value>
	</Data>
</ExtendedData>
</Placemark>
<Placemark>
<name>JS0225</name>
<TimeStamp><when>2026-09-23T09:06:00Z</when></TimeStamp>
<styleUrl>#route</styleUrl>
<Point>
<coordinates>137.403858,34.818740,-0.001000</coordinates>
</Point>
<ExtendedData>
	<Data name="IconNumber">
		<value>901001</value>
	</Data>
</ExtendedData>
</Placemark>
<Placemark>
<name>JS0226</name>
<TimeStamp><when>2026-09-23T09:06:10Z</when></TimeStamp>
<styleUrl>#route</styleUrl>
<Point>
<coordinates>137.403477,34.818449,-0.001000</coordinates>
</Point>
<ExtendedData>
	<Data name="IconNumber">
		<value>901001</value>
	</Data>
</ExtendedData>
</Placemark>
<Placemark>
<name>JS0227</name>
<TimeStamp><when>2026-09-23T09:06:20Z</when></TimeStamp>
<styleUrl>#route</styleUrl>
<Point>
<coordinates>137.403268,34.818298,-0.001000</coordinates>
</Point>
<ExtendedData>
	<Data name="IconNumber">
		<value>901001</value>
	</Data>
</ExtendedData>
</Placemark>
<Placemark>
<name>JS0228</name>
<TimeStamp><when>2026-09-23T09:06:30Z</when></TimeStamp>
<styleUrl>#route</styleUrl>
<Point>
<coordinates>137.402533,34.817831,-0.001000</coordinates>
</Point>
<ExtendedData>
	<Data name="IconNumber">
		<value>901001</value>
	</Data>
</ExtendedData>
</Placemark>
<Placemark>
<name>JS0229</name>
<TimeStamp><when>2026-09-23T09:06:40Z</when></TimeStamp>
<styleUrl>#route</styleUrl>
<Point>
<coordinates>137.400419,34.816526,-0.001000</coordinates>
</Point>
<ExtendedData>
	<Data name="IconNumber">
		<value>901001</value>
	</Data>
</ExtendedData>
</Placemark>
<Placemark>
<name>JS0230</name>
<TimeStamp><when>2026-09-23T09:06:50Z</when></TimeStamp>
<styleUrl>#route</styleUrl>
<Point>
<coordinates>137.395725,34.813582,-0.001000</coordinates>
</Point>
<ExtendedData>
	<Data name="IconNumber">
		<value>901001</value>
	</Data>
</ExtendedData>
</Placemark>
<Placemark>
<name>JS0231</name>
<TimeStamp><when>2026-09-23T09:07:00Z</when></TimeStamp>
<styleUrl>#route</styleUrl>
<Point>
<coordinates>137.392743,34.811711,-0.001000</coordinates>
</Point>
<ExtendedData>
	<Data name="IconNumber">
		<value>901001</value>
	</Data>
</ExtendedData>
</Placemark>
<Placemark>
<name>JS0232</name>
<TimeStamp><when>2026-09-23T09:07:10Z</when></TimeStamp>
<styleUrl>#route</styleUrl>
<Point>
<coordinates>137.391740,34.811093,-0.001000</coordinates>
</Point>
<ExtendedData>
	<Data name="IconNumber">
		<value>901001</value>
	</Data>
</ExtendedData>
</Placemark>
<Placemark>
<name>JS0233</name>
<TimeStamp><when>2026-09-23T09:07:20Z</when></TimeStamp>
<styleUrl>#route</styleUrl>
<Point>
<coordinates>137.389755,34.809857,-0.001000</coordinates>
</Point>
<ExtendedData>
	<Data name="IconNumber">
		<value>901001</value>
	</Data>
</ExtendedData>
</Placemark>
<Placemark>
<name>JS0234</name>
<TimeStamp><when>2026-09-23T09:07:30Z</when></TimeStamp>
<styleUrl>#route</styleUrl>
<Point>
<coordinates>137.384798,34.806750,-0.001000</coordinates>
</Point>
<ExtendedData>
	<Data name="IconNumber">
		<value>901001</value>
	</Data>
</ExtendedData>
</Placemark>
<Placemark>
<name>JS0235</name>
<TimeStamp><when>2026-09-23T09:07:40Z</when></TimeStamp>
<styleUrl>#route</styleUrl>
<Point>
<coordinates>137.383790,34.806140,-0.001000</coordinates>
</Point>
<ExtendedData>
	<Data name="IconNumber">
		<value>901001</value>
	</Data>
</ExtendedData>
</Placemark>
<Placemark>
<name>JS0236</name>
<TimeStamp><when>2026-09-23T09:07:50Z</when></TimeStamp>
<styleUrl>#route</styleUrl>
<Point>
<coordinates>137.381826,34.804879,-0.001000</coordinates>
</Point>
<ExtendedData>
	<Data name="IconNumber">
		<value>901001</value>
	</Data>
</ExtendedData>
</Placemark>
<Placemark>
<name>JS0237</name>
<TimeStamp><when>2026-09-23T09:08:00Z</when></TimeStamp>
<styleUrl>#route</styleUrl>
<Point>
<coordinates>137.379809,34.803634,-0.001000</coordinates>
</Point>
<ExtendedData>
	<Data name="IconNumber">
		<value>901001</value>
	</Data>
</ExtendedData>
</Placemark>
<Placemark>
<name>JS0238</name>
<TimeStamp><when>2026-09-23T09:08:10Z</when></TimeStamp>
<styleUrl>#route</styleUrl>
<Point>
<coordinates>137.375850,34.801154,-0.001000</coordinates>
</Point>
<ExtendedData>
	<Data name="IconNumber">
		<value>901001</value>
	</Data>
</ExtendedData>
</Placemark>
<Placemark>
<name>JS0239</name>
<TimeStamp><when>2026-09-23T09:08:20Z</when></TimeStamp>
<styleUrl>#route</styleUrl>
<Point>
<coordinates>137.373898,34.799944,-0.001000</coordinates>
</Point>
<ExtendedData>
	<Data name="IconNumber">
		<value>901001</value>
	</Data>
</ExtendedData>
</Placemark>
<Placemark>
<name>JS0240</name>
<TimeStamp><when>2026-09-23T09:08:30Z</when></TimeStamp>
<styleUrl>#route</styleUrl>
<Point>
<coordinates>137.369949,34.797437,-0.001000</coordinates>
</Point>
<ExtendedData>
	<Data name="IconNumber">
		<value>901001</value>
	</Data>
</ExtendedData>
</Placemark>
<Placemark>
<name>JS0241</name>
<TimeStamp><when>2026-09-23T09:08:40Z</when></TimeStamp>
<styleUrl>#route</styleUrl>
<Point>
<coordinates>137.368962,34.796802,-0.001000</coordinates>
</Point>
<ExtendedData>
	<Data name="IconNumber">
		<value>901001</value>
	</Data>
</ExtendedData>
</Placemark>
<Placemark>
<name>JS0242</name>
<TimeStamp><when>2026-09-23T09:08:50Z</when></TimeStamp>
<styleUrl>#route</styleUrl>
<Point>
<coordinates>137.368490,34.796493,-0.001000</coordinates>
</Point>
<ExtendedData>
	<Data name="IconNumber">
		<value>901001</value>
	</Data>
</ExtendedData>
</Placemark>
<Placemark>
<name>JS0243</name>
<TimeStamp><when>2026-09-23T09:09:00Z</when></TimeStamp>
<styleUrl>#route</styleUrl>
<Point>
<coordinates>137.368040,34.796244,-0.001000</coordinates>
</Point>
<ExtendedData>
	<Data name="IconNumber">
		<value>901001</value>
	</Data>
</ExtendedData>
</Placemark>
<Placemark>
<name>JS0244</name>
<TimeStamp><when>2026-09-23T09:09:10Z</when></TimeStamp>
<styleUrl>#route</styleUrl>
<Point>
<coordinates>137.367916,34.796167,-0.001000</coordinates>
</Point>
<ExtendedData>
	<Data name="IconNumber">
		<value>901001</value>
	</Data>
</ExtendedData>
</Placemark>
<Placemark>
<name>JS0245</name>
<TimeStamp><when>2026-09-23T09:09:20Z</when></TimeStamp>
<styleUrl>#route</styleUrl>
<Point>
<coordinates>137.366978,34.795592,-0.001000</coordinates>
</Point>
<ExtendedData>
	<Data name="IconNumber">
		<value>901001</value>
	</Data>
</ExtendedData>
</Placemark>
<Placemark>
<name>JS0246</name>
<TimeStamp><when>2026-09-23T09:09:30Z</when></TimeStamp>
<styleUrl>#route</styleUrl>
<Point>
<coordinates>137.366119,34.795051,-0.001000</coordinates>
</Point>
<ExtendedData>
	<Data name="IconNumber">
		<value>901001</value>
	</Data>
</ExtendedData>
</Placemark>
<Placemark>
<name>JS0247</name>
<TimeStamp><when>2026-09-23T09:09:40Z</when></TimeStamp>
<styleUrl>#route</styleUrl>
<Point>
<coordinates>137.365894,34.794965,-0.001000</coordinates>
</Point>
<ExtendedData>
	<Data name="IconNumber">
		<value>901001</value>
	</Data>
</ExtendedData>
</Placemark>
<Placemark>
<name>JS0248</name>
<TimeStamp><when>2026-09-23T09:09:50Z</when></TimeStamp>
<styleUrl>#route</styleUrl>
<Point>
<coordinates>137.365293,34.794631,-0.001000</coordinates>
</Point>
<ExtendedData>
	<Data name="IconNumber">
		<value>901001</value>
	</Data>
</ExtendedData>
</Placemark>
<Placemark>
<name>JS0249</name>
<TimeStamp><when>2026-09-23T09:10:00Z</when></TimeStamp>
<styleUrl>#route</styleUrl>
<Point>
<coordinates>137.361517,34.792270,-0.001000</coordinates>
</Point>
<ExtendedData>
	<Data name="IconNumber">
		<value>901001</value>
	</Data>
</ExtendedData>
</Placemark>
<Placemark>
<name>JS0250</name>
<TimeStamp><when>2026-09-23T09:10:10Z</when></TimeStamp>
<styleUrl>#route</styleUrl>
<Point>
<coordinates>137.360637,34.791695,-0.001000</coordinates>
</Point>
<ExtendedData>
	<Data name="IconNumber">
		<value>901001</value>
	</Data>
</ExtendedData>
</Placemark>
<Placemark>
<name>JS0251</name>
<TimeStamp><when>2026-09-23T09:10:20Z</when></TimeStamp>
<styleUrl>#route</styleUrl>
<Point>
<coordinates>137.358545,34.790219,-0.001000</coordinates>
</Point>
<ExtendedData>
	<Data name="IconNumber">
		<value>901001</value>
	</Data>
</ExtendedData>
</Placemark>
<Placemark>
<name>JS0252</name>
<TimeStamp><when>2026-09-23T09:10:30Z</when></TimeStamp>
<styleUrl>#route</styleUrl>
<Point>
<coordinates>137.357332,34.789532,-0.001000</coordinates>
</Point>
<ExtendedData>
	<Data name="IconNumber">
		<value>901001</value>
	</Data>
</ExtendedData>
</Placemark>
<Placemark>
<name>JS0253</name>
<TimeStamp><when>2026-09-23T09:10:40Z</when></TimeStamp>
<styleUrl>#route</styleUrl>
<Point>
<coordinates>137.356710,34.789206,-0.001000</coordinates>
</Point>
<ExtendedData>
	<Data name="IconNumber">
		<value>901001</value>
	</Data>
</ExtendedData>
</Placemark>
<Placemark>
<name>JS0254</name>
<TimeStamp><when>2026-09-23T09:10:50Z</when></TimeStamp>
<styleUrl>#route</styleUrl>
<Point>
<coordinates>137.355750,34.788755,-0.001000</coordinates>
</Point>
<ExtendedData>
	<Data name="IconNumber">
		<value>901001</value>
	</Data>
</ExtendedData>
</Placemark>
<Placemark>
<name>JS0255</name>
<TimeStamp><when>2026-09-23T09:11:00Z</when></TimeStamp>
<styleUrl>#route</styleUrl>
<Point>
<coordinates>137.355192,34.788489,-0.001000</coordinates>
</Point>
<ExtendedData>
	<Data name="IconNumber">
		<value>901001</value>
	</Data>
</ExtendedData>
</Placemark>
<Placemark>
<name>JS0256</name>
<TimeStamp><when>2026-09-23T09:11:10Z</when></TimeStamp>
<styleUrl>#route</styleUrl>
<Point>
<coordinates>137.354709,34.788258,-0.001000</coordinates>
</Point>
<ExtendedData>
	<Data name="IconNumber">
		<value>901001</value>
	</Data>
</ExtendedData>
</Placemark>
<Placemark>
<name>JS0257</name>
<TimeStamp><when>2026-09-23T09:11:20Z</when></TimeStamp>
<styleUrl>#route</styleUrl>
<Point>
<coordinates>137.354280,34.788082,-0.001000</coordinates>
</Point>
<ExtendedData>
	<Data name="IconNumber">
		<value>901001</value>
	</Data>
</ExtendedData>
</Placemark>
<Placemark>
<name>JS0258</name>
<TimeStamp><when>2026-09-23T09:11:30Z</when></TimeStamp>
<styleUrl>#route</styleUrl>
<Point>
<coordinates>137.353706,34.787863,-0.001000</coordinates>
</Point>
<ExtendedData>
	<Data name="IconNumber">
		<value>901001</value>
	</Data>
</ExtendedData>
</Placemark>
<Placemark>
<name>JS0259</name>
<TimeStamp><when>2026-09-23T09:11:40Z</when></TimeStamp>
<styleUrl>#route</styleUrl>
<Point>
<coordinates>137.353255,34.787726,-0.001000</coordinates>
</Point>
<ExtendedData>
	<Data name="IconNumber">
		<value>901001</value>
	</Data>
</ExtendedData>
</Placemark>
<Placemark>
<name>JS0260</name>
<TimeStamp><when>2026-09-23T09:11:50Z</when></TimeStamp>
<styleUrl>#route</styleUrl>
<Point>
<coordinates>137.352880,34.787618,-0.001000</coordinates>
</Point>
<ExtendedData>
	<Data name="IconNumber">
		<value>901001</value>
	</Data>
</ExtendedData>
</Placemark>
<Placemark>
<name>JS0261</name>
<TimeStamp><when>2026-09-23T09:12:00Z</when></TimeStamp>
<styleUrl>#route</styleUrl>
<Point>
<coordinates>137.351507,34.787283,-0.001000</coordinates>
</Point>
<ExtendedData>
	<Data name="IconNumber">
		<value>901001</value>
	</Data>
</ExtendedData>
</Placemark>
<Placemark>
<name>JS0262</name>
<TimeStamp><when>2026-09-23T09:12:10Z</when></TimeStamp>
<styleUrl>#route</styleUrl>
<Point>
<coordinates>137.351013,34.787146,-0.001000</coordinates>
</Point>
<ExtendedData>
	<Data name="IconNumber">
		<value>901001</value>
	</Data>
</ExtendedData>
</Placemark>
<Placemark>
<name>JS0263</name>
<TimeStamp><when>2026-09-23T09:12:20Z</when></TimeStamp>
<styleUrl>#route</styleUrl>
<Point>
<coordinates>137.350498,34.786983,-0.001000</coordinates>
</Point>
<ExtendedData>
	<Data name="IconNumber">
		<value>901001</value>
	</Data>
</ExtendedData>
</Placemark>
<Placemark>
<name>JS0264</name>
<TimeStamp><when>2026-09-23T09:12:30Z</when></TimeStamp>
<styleUrl>#route</styleUrl>
<Point>
<coordinates>137.349597,34.786708,-0.001000</coordinates>
</Point>
<ExtendedData>
	<Data name="IconNumber">
		<value>901001</value>
	</Data>
</ExtendedData>
</Placemark>
<Placemark>
<name>JS0265</name>
<TimeStamp><when>2026-09-23T09:12:40Z</when></TimeStamp>
<styleUrl>#route</styleUrl>
<Point>
<coordinates>137.348899,34.786502,-0.001000</coordinates>
</Point>
<ExtendedData>
	<Data name="IconNumber">
		<value>901001</value>
	</Data>
</ExtendedData>
</Placemark>
<Placemark>
<name>JS0266</name>
<TimeStamp><when>2026-09-23T09:12:50Z</when></TimeStamp>
<styleUrl>#route</styleUrl>
<Point>
<coordinates>137.347590,34.786073,-0.001000</coordinates>
</Point>
<ExtendedData>
	<Data name="IconNumber">
		<value>901001</value>
	</Data>
</ExtendedData>
</Placemark>
<Placemark>
<name>JS0267</name>
<TimeStamp><when>2026-09-23T09:13:00Z</when></TimeStamp>
<styleUrl>#route</styleUrl>
<Point>
<coordinates>137.346893,34.785867,-0.001000</coordinates>
</Point>
<ExtendedData>
	<Data name="IconNumber">
		<value>901001</value>
	</Data>
</ExtendedData>
</Placemark>
<Placemark>
<name>JS0268</name>
<TimeStamp><when>2026-09-23T09:13:10Z</when></TimeStamp>
<styleUrl>#route</styleUrl>
<Point>
<coordinates>137.346196,34.785644,-0.001000</coordinates>
</Point>
<ExtendedData>
	<Data name="IconNumber">
		<value>901001</value>
	</Data>
</ExtendedData>
</Placemark>
<Placemark>
<name>JS0269</name>
<TimeStamp><when>2026-09-23T09:13:20Z</when></TimeStamp>
<styleUrl>#route</styleUrl>
<Point>
<coordinates>137.346046,34.785490,-0.001000</coordinates>
</Point>
<ExtendedData>
	<Data name="IconNumber">
		<value>901001</value>
	</Data>
</ExtendedData>
</Placemark>
<Placemark>
<name>JS0270</name>
<TimeStamp><when>2026-09-23T09:13:30Z</when></TimeStamp>
<styleUrl>#route</styleUrl>
<Point>
<coordinates>137.345681,34.785369,-0.001000</coordinates>
</Point>
<ExtendedData>
	<Data name="IconNumber">
		<value>901001</value>
	</Data>
</ExtendedData>
</Placemark>
<Placemark>
<name>JS0271</name>
<TimeStamp><when>2026-09-23T09:13:40Z</when></TimeStamp>
<styleUrl>#route</styleUrl>
<Point>
<coordinates>137.343664,34.784734,-0.001000</coordinates>
</Point>
<ExtendedData>
	<Data name="IconNumber">
		<value>901001</value>
	</Data>
</ExtendedData>
</Placemark>
<Placemark>
<name>JS0272</name>
<TimeStamp><when>2026-09-23T09:13:50Z</when></TimeStamp>
<styleUrl>#route</styleUrl>
<Point>
<coordinates>137.343310,34.784666,-0.001000</coordinates>
</Point>
<ExtendedData>
	<Data name="IconNumber">
		<value>901001</value>
	</Data>
</ExtendedData>
</Placemark>
<Placemark>
<name>JS0273</name>
<TimeStamp><when>2026-09-23T09:14:00Z</when></TimeStamp>
<styleUrl>#route</styleUrl>
<Point>
<coordinates>137.342130,34.784460,-0.001000</coordinates>
</Point>
<ExtendedData>
	<Data name="IconNumber">
		<value>901001</value>
	</Data>
</ExtendedData>
</Placemark>
<Placemark>
<name>JS0274</name>
<TimeStamp><when>2026-09-23T09:14:10Z</when></TimeStamp>
<styleUrl>#route</styleUrl>
<Point>
<coordinates>137.341690,34.784400,-0.001000</coordinates>
</Point>
<ExtendedData>
	<Data name="IconNumber">
		<value>901001</value>
	</Data>
</ExtendedData>
</Placemark>
<Placemark>
<name>JS0275</name>
<TimeStamp><when>2026-09-23T09:14:20Z</when></TimeStamp>
<styleUrl>#route</styleUrl>
<Point>
<coordinates>137.341057,34.784322,-0.001000</coordinates>
</Point>
<ExtendedData>
	<Data name="IconNumber">
		<value>901001</value>
	</Data>
</ExtendedData>
</Placemark>
<Placemark>
<name>JS0276</name>
<TimeStamp><when>2026-09-23T09:14:30Z</when></TimeStamp>
<styleUrl>#route</styleUrl>
<Point>
<coordinates>137.340391,34.784262,-0.001000</coordinates>
</Point>
<ExtendedData>
	<Data name="IconNumber">
		<value>901001</value>
	</Data>
</ExtendedData>
</Placemark>
<Placemark>
<name>JS0277</name>
<TimeStamp><when>2026-09-23T09:14:40Z</when></TimeStamp>
<styleUrl>#route</styleUrl>
<Point>
<coordinates>137.338535,34.784091,-0.001000</coordinates>
</Point>
<ExtendedData>
	<Data name="IconNumber">
		<value>901001</value>
	</Data>
</ExtendedData>
</Placemark>
<Placemark>
<name>JS0278</name>
<TimeStamp><when>2026-09-23T09:14:50Z</when></TimeStamp>
<styleUrl>#route</styleUrl>
<Point>
<coordinates>137.336100,34.783842,-0.001000</coordinates>
</Point>
<ExtendedData>
	<Data name="IconNumber">
		<value>901001</value>
	</Data>
</ExtendedData>
</Placemark>
<Placemark>
<name>JS0279</name>
<TimeStamp><when>2026-09-23T09:15:00Z</when></TimeStamp>
<styleUrl>#route</styleUrl>
<Point>
<coordinates>137.334855,34.783722,-0.001000</coordinates>
</Point>
<ExtendedData>
	<Data name="IconNumber">
		<value>901001</value>
	</Data>
</ExtendedData>
</Placemark>
<Placemark>
<name>JS0280</name>
<TimeStamp><when>2026-09-23T09:15:10Z</when></TimeStamp>
<styleUrl>#route</styleUrl>
<Point>
<coordinates>137.334662,34.783713,-0.001000</coordinates>
</Point>
<ExtendedData>
	<Data name="IconNumber">
		<value>901001</value>
	</Data>
</ExtendedData>
</Placemark>
<Placemark>
<name>JS0281</name>
<TimeStamp><when>2026-09-23T09:15:20Z</when></TimeStamp>
<styleUrl>#route</styleUrl>
<Point>
<coordinates>137.333782,34.783644,-0.001000</coordinates>
</Point>
<ExtendedData>
	<Data name="IconNumber">
		<value>901001</value>
	</Data>
</ExtendedData>
</Placemark>
<Placemark>
<name>JS0282</name>
<TimeStamp><when>2026-09-23T09:15:30Z</when></TimeStamp>
<styleUrl>#route</styleUrl>
<Point>
<coordinates>137.333053,34.783567,-0.001000</coordinates>
</Point>
<ExtendedData>
	<Data name="IconNumber">
		<value>901001</value>
	</Data>
</ExtendedData>
</Placemark>
<Placemark>
<name>JS0283</name>
<TimeStamp><when>2026-09-23T09:15:40Z</when></TimeStamp>
<styleUrl>#route</styleUrl>
<Point>
<coordinates>137.333053,34.783172,-0.001000</coordinates>
</Point>
<ExtendedData>
	<Data name="IconNumber">
		<value>901001</value>
	</Data>
</ExtendedData>
</Placemark>
<Placemark>
<name>JS0284</name>
<TimeStamp><when>2026-09-23T09:15:50Z</when></TimeStamp>
<styleUrl>#route</styleUrl>
<Point>
<coordinates>137.333031,34.782649,-0.001000</coordinates>
</Point>
<ExtendedData>
	<Data name="IconNumber">
		<value>901001</value>
	</Data>
</ExtendedData>
</Placemark>
<Placemark>
<name>JS0285</name>
<TimeStamp><when>2026-09-23T09:16:00Z</when></TimeStamp>
<styleUrl>#route</styleUrl>
<Point>
<coordinates>137.332924,34.781559,-0.001000</coordinates>
</Point>
<ExtendedData>
	<Data name="IconNumber">
		<value>901001</value>
	</Data>
</ExtendedData>
</Placemark>
<Placemark>
<name>JS0286</name>
<TimeStamp><when>2026-09-23T09:16:10Z</when></TimeStamp>
<styleUrl>#route</styleUrl>
<Point>
<coordinates>137.332828,34.781344,-0.001000</coordinates>
</Point>
<ExtendedData>
	<Data name="IconNumber">
		<value>901001</value>
	</Data>
</ExtendedData>
</Placemark>
<Placemark>
<name>JS0287</name>
<TimeStamp><when>2026-09-23T09:16:20Z</when></TimeStamp>
<styleUrl>#route</styleUrl>
<Point>
<coordinates>137.332806,34.780606,-0.001000</coordinates>
</Point>
<ExtendedData>
	<Data name="IconNumber">
		<value>901001</value>
	</Data>
</ExtendedData>
</Placemark>
<Placemark>
<name>JS0288</name>
<TimeStamp><when>2026-09-23T09:16:30Z</when></TimeStamp>
<styleUrl>#route</styleUrl>
<Point>
<coordinates>137.332753,34.779121,-0.001000</coordinates>
</Point>
<ExtendedData>
	<Data name="IconNumber">
		<value>901001</value>
	</Data>
</ExtendedData>
</Placemark>
<Placemark>
<name>JS0289</name>
<TimeStamp><when>2026-09-23T09:16:40Z</when></TimeStamp>
<styleUrl>#route</styleUrl>
<Point>
<coordinates>137.332581,34.775293,-0.001000</coordinates>
</Point>
<ExtendedData>
	<Data name="IconNumber">
		<value>901001</value>
	</Data>
</ExtendedData>
</Placemark>
<Placemark>
<name>JS0290</name>
<TimeStamp><when>2026-09-23T09:16:50Z</when></TimeStamp>
<styleUrl>#route</styleUrl>
<Point>
<coordinates>137.332431,34.771499,-0.001000</coordinates>
</Point>
<ExtendedData>
	<Data name="IconNumber">
		<value>901001</value>
	</Data>
</ExtendedData>
</Placemark>
<Placemark>
<name>JS0291</name>
<TimeStamp><when>2026-09-23T09:17:00Z</when></TimeStamp>
<styleUrl>#route</styleUrl>
<Point>
<coordinates>137.332280,34.768186,-0.001000</coordinates>
</Point>
<ExtendedData>
	<Data name="IconNumber">
		<value>901001</value>
	</Data>
</ExtendedData>
</Placemark>
<Placemark>
<name>JS0292</name>
<TimeStamp><when>2026-09-23T09:17:10Z</when></TimeStamp>
<styleUrl>#route</styleUrl>
<Point>
<coordinates>137.332227,34.766615,-0.001000</coordinates>
</Point>
<ExtendedData>
	<Data name="IconNumber">
		<value>901001</value>
	</Data>
</ExtendedData>
</Placemark>
<Placemark>
<name>JS0293</name>
<TimeStamp><when>2026-09-23T09:17:20Z</when></TimeStamp>
<styleUrl>#route</styleUrl>
<Point>
<coordinates>137.332227,34.765551,-0.001000</coordinates>
</Point>
<ExtendedData>
	<Data name="IconNumber">
		<value>901001</value>
	</Data>
</ExtendedData>
</Placemark>
<Placemark>
<name>JS0294</name>
<TimeStamp><when>2026-09-23T09:17:30Z</when></TimeStamp>
<styleUrl>#route</styleUrl>
<Point>
<coordinates>137.332291,34.764375,-0.001000</coordinates>
</Point>
<ExtendedData>
	<Data name="IconNumber">
		<value>901001</value>
	</Data>
</ExtendedData>
</Placemark>
<Placemark>
<name>JS0295</name>
<TimeStamp><when>2026-09-23T09:17:40Z</when></TimeStamp>
<styleUrl>#route</styleUrl>
<Point>
<coordinates>137.332420,34.763397,-0.001000</coordinates>
</Point>
<ExtendedData>
	<Data name="IconNumber">
		<value>901001</value>
	</Data>
</ExtendedData>
</Placemark>
<Placemark>
<name>JS0296</name>
<TimeStamp><when>2026-09-23T09:17:50Z</when></TimeStamp>
<styleUrl>#route</styleUrl>
<Point>
<coordinates>137.332570,34.762444,-0.001000</coordinates>
</Point>
<ExtendedData>
	<Data name="IconNumber">
		<value>901001</value>
	</Data>
</ExtendedData>
</Placemark>
<Placemark>
<name>JS0297</name>
<TimeStamp><when>2026-09-23T09:18:00Z</when></TimeStamp>
<styleUrl>#route</styleUrl>
<Point>
<coordinates>137.332774,34.761526,-0.001000</coordinates>
</Point>
<ExtendedData>
	<Data name="IconNumber">
		<value>901001</value>
	</Data>
</ExtendedData>
</Placemark>
<Placemark>
<name>JS0298</name>
<TimeStamp><when>2026-09-23T09:18:10Z</when></TimeStamp>
<styleUrl>#route</styleUrl>
<Point>
<coordinates>137.333031,34.760436,-0.001000</coordinates>
</Point>
<ExtendedData>
	<Data name="IconNumber">
		<value>901001</value>
	</Data>
</ExtendedData>
</Placemark>
<Placemark>
<name>JS0299</name>
<TimeStamp><when>2026-09-23T09:18:20Z</when></TimeStamp>
<styleUrl>#route</styleUrl>
<Point>
<coordinates>137.333461,34.758650,-0.001000</coordinates>
</Point>
<ExtendedData>
	<Data name="IconNumber">
		<value>901001</value>
	</Data>
</ExtendedData>
</Placemark>
<Placemark>
<name>JS0300</name>
<TimeStamp><when>2026-09-23T09:18:30Z</when></TimeStamp>
<styleUrl>#route</styleUrl>
<Point>
<coordinates>137.334480,34.754359,-0.001000</coordinates>
</Point>
<ExtendedData>
	<Data name="IconNumber">
		<value>901001</value>
	</Data>
</ExtendedData>
</Placemark>
<Placemark>
<name>JS0301</name>
<TimeStamp><when>2026-09-23T09:18:40Z</when></TimeStamp>
<styleUrl>#route</styleUrl>
<Point>
<coordinates>137.335317,34.750814,-0.001000</coordinates>
</Point>
<ExtendedData>
	<Data name="IconNumber">
		<value>901001</value>
	</Data>
</ExtendedData>
</Placemark>
<Placemark>
<name>JS0302</name>
<TimeStamp><when>2026-09-23T09:18:50Z</when></TimeStamp>
<styleUrl>#route</styleUrl>
<Point>
<coordinates>137.335531,34.749930,-0.001000</coordinates>
</Point>
<ExtendedData>
	<Data name="IconNumber">
		<value>901001</value>
	</Data>
</ExtendedData>
</Placemark>
<Placemark>
<name>JS0303</name>
<TimeStamp><when>2026-09-23T09:19:00Z</when></TimeStamp>
<styleUrl>#route</styleUrl>
<Point>
<coordinates>137.335724,34.749235,-0.001000</coordinates>
</Point>
<ExtendedData>
	<Data name="IconNumber">
		<value>901001</value>
	</Data>
</ExtendedData>
</Placemark>
<Placemark>
<name>JS0304</name>
<TimeStamp><when>2026-09-23T09:19:10Z</when></TimeStamp>
<styleUrl>#route</styleUrl>
<Point>
<coordinates>137.335960,34.748505,-0.001000</coordinates>
</Point>
<ExtendedData>
	<Data name="IconNumber">
		<value>901001</value>
	</Data>
</ExtendedData>
</Placemark>
<Placemark>
<name>JS0305</name>
<TimeStamp><when>2026-09-23T09:19:20Z</when></TimeStamp>
<styleUrl>#route</styleUrl>
<Point>
<coordinates>137.336196,34.747904,-0.001000</coordinates>
</Point>
<ExtendedData>
	<Data name="IconNumber">
		<value>901001</value>
	</Data>
</ExtendedData>
</Placemark>
<Placemark>
<name>JS0306</name>
<TimeStamp><when>2026-09-23T09:19:30Z</when></TimeStamp>
<styleUrl>#route</styleUrl>
<Point>
<coordinates>137.336357,34.747535,-0.001000</coordinates>
</Point>
<ExtendedData>
	<Data name="IconNumber">
		<value>901001</value>
	</Data>
</ExtendedData>
</Placemark>
<Placemark>
<name>JS0307</name>
<TimeStamp><when>2026-09-23T09:19:40Z</when></TimeStamp>
<styleUrl>#route</styleUrl>
<Point>
<coordinates>137.336475,34.747278,-0.001000</coordinates>
</Point>
<ExtendedData>
	<Data name="IconNumber">
		<value>901001</value>
	</Data>
</ExtendedData>
</Placemark>
<Placemark>
<name>JS0308</name>
<TimeStamp><when>2026-09-23T09:19:50Z</when></TimeStamp>
<styleUrl>#route</styleUrl>
<Point>
<coordinates>137.336829,34.746634,-0.001000</coordinates>
</Point>
<ExtendedData>
	<Data name="IconNumber">
		<value>901001</value>
	</Data>
</ExtendedData>
</Placemark>
<Placemark>
<name>JS0309</name>
<TimeStamp><when>2026-09-23T09:20:00Z</when></TimeStamp>
<styleUrl>#route</styleUrl>
<Point>
<coordinates>137.337259,34.745896,-0.001000</coordinates>
</Point>
<ExtendedData>
	<Data name="IconNumber">
		<value>901001</value>
	</Data>
</ExtendedData>
</Placemark>
<Placemark>
<name>JS0310</name>
<TimeStamp><when>2026-09-23T09:20:10Z</when></TimeStamp>
<styleUrl>#route</styleUrl>
<Point>
<coordinates>137.337699,34.745269,-0.001000</coordinates>
</Point>
<ExtendedData>
	<Data name="IconNumber">
		<value>901001</value>
	</Data>
</ExtendedData>
</Placemark>
<Placemark>
<name>JS0311</name>
<TimeStamp><when>2026-09-23T09:20:20Z</when></TimeStamp>
<styleUrl>#route</styleUrl>
<Point>
<coordinates>137.338428,34.744368,-0.001000</coordinates>
</Point>
<ExtendedData>
	<Data name="IconNumber">
		<value>901001</value>
	</Data>
</ExtendedData>
</Placemark>
<Placemark>
<name>JS0312</name>
<TimeStamp><when>2026-09-23T09:20:30Z</when></TimeStamp>
<styleUrl>#route</styleUrl>
<Point>
<coordinates>137.339383,34.743295,-0.001000</coordinates>
</Point>
<ExtendedData>
	<Data name="IconNumber">
		<value>901001</value>
	</Data>
</ExtendedData>
</Placemark>
<Placemark>
<name>JS0313</name>
<TimeStamp><when>2026-09-23T09:20:40Z</when></TimeStamp>
<styleUrl>#route</styleUrl>
<Point>
<coordinates>137.342516,34.739948,-0.001000</coordinates>
</Point>
<ExtendedData>
	<Data name="IconNumber">
		<value>901001</value>
	</Data>
</ExtendedData>
</Placemark>
<Placemark>
<name>JS0314</name>
<TimeStamp><when>2026-09-23T09:20:50Z</when></TimeStamp>
<styleUrl>#route</styleUrl>
<Point>
<coordinates>137.343696,34.738703,-0.001000</coordinates>
</Point>
<ExtendedData>
	<Data name="IconNumber">
		<value>901001</value>
	</Data>
</ExtendedData>
</Placemark>
<Placemark>
<name>JS0315</name>
<TimeStamp><when>2026-09-23T09:21:00Z</when></TimeStamp>
<styleUrl>#route</styleUrl>
<Point>
<coordinates>137.344608,34.737785,-0.001000</coordinates>
</Point>
<ExtendedData>
	<Data name="IconNumber">
		<value>901001</value>
	</Data>
</ExtendedData>
</Placemark>
<Placemark>
<name>JS0316</name>
<TimeStamp><when>2026-09-23T09:21:10Z</when></TimeStamp>
<styleUrl>#route</styleUrl>
<Point>
<coordinates>137.345101,34.737321,-0.001000</coordinates>
</Point>
<ExtendedData>
	<Data name="IconNumber">
		<value>901001</value>
	</Data>
</ExtendedData>
</Placemark>
<Placemark>
<name>JS0317</name>
<TimeStamp><when>2026-09-23T09:21:20Z</when></TimeStamp>
<styleUrl>#route</styleUrl>
<Point>
<coordinates>137.345638,34.736849,-0.001000</coordinates>
</Point>
<ExtendedData>
	<Data name="IconNumber">
		<value>901001</value>
	</Data>
</ExtendedData>
</Placemark>
<Placemark>
<name>JS0318</name>
<TimeStamp><when>2026-09-23T09:21:30Z</when></TimeStamp>
<styleUrl>#route</styleUrl>
<Point>
<coordinates>137.346743,34.735931,-0.001000</coordinates>
</Point>
<ExtendedData>
	<Data name="IconNumber">
		<value>901001</value>
	</Data>
</ExtendedData>
</Placemark>
<Placemark>
<name>JS0319</name>
<TimeStamp><when>2026-09-23T09:21:40Z</when></TimeStamp>
<styleUrl>#route</styleUrl>
<Point>
<coordinates>137.347859,34.735098,-0.001000</coordinates>
</Point>
<ExtendedData>
	<Data name="IconNumber">
		<value>901001</value>
	</Data>
</ExtendedData>
</Placemark>
<Placemark>
<name>JS0320</name>
<TimeStamp><when>2026-09-23T09:21:50Z</when></TimeStamp>
<styleUrl>#route</styleUrl>
<Point>
<coordinates>137.349768,34.733725,-0.001000</coordinates>
</Point>
<ExtendedData>
	<Data name="IconNumber">
		<value>901001</value>
	</Data>
</ExtendedData>
</Placemark>
<Placemark>
<name>JS0321</name>
<TimeStamp><when>2026-09-23T09:22:00Z</when></TimeStamp>
<styleUrl>#route</styleUrl>
<Point>
<coordinates>137.350455,34.733227,-0.001000</coordinates>
</Point>
<ExtendedData>
	<Data name="IconNumber">
		<value>901001</value>
	</Data>
</ExtendedData>
</Placemark>
<Placemark>
<name>JS0322</name>
<TimeStamp><when>2026-09-23T09:22:10Z</when></TimeStamp>
<styleUrl>#route</styleUrl>
<Point>
<coordinates>137.351303,34.732566,-0.001000</coordinates>
</Point>
<ExtendedData>
	<Data name="IconNumber">
		<value>901001</value>
	</Data>
</ExtendedData>
</Placemark>
<Placemark>
<name>JS0323</name>
<TimeStamp><when>2026-09-23T09:22:20Z</when></TimeStamp>
<styleUrl>#route</styleUrl>
<Point>
<coordinates>137.351743,34.732197,-0.001000</coordinates>
</Point>
<ExtendedData>
	<Data name="IconNumber">
		<value>901001</value>
	</Data>
</ExtendedData>
</Placemark>
<Placemark>
<name>JS0324</name>
<TimeStamp><when>2026-09-23T09:22:30Z</when></TimeStamp>
<styleUrl>#route</styleUrl>
<Point>
<coordinates>137.352376,34.731614,-0.001000</coordinates>
</Point>
<ExtendedData>
	<Data name="IconNumber">
		<value>901001</value>
	</Data>
</ExtendedData>
</Placemark>
<Placemark>
<name>JS0325</name>
<TimeStamp><when>2026-09-23T09:22:40Z</when></TimeStamp>
<styleUrl>#route</styleUrl>
<Point>
<coordinates>137.352783,34.731167,-0.001000</coordinates>
</Point>
<ExtendedData>
	<Data name="IconNumber">
		<value>901001</value>
	</Data>
</ExtendedData>
</Placemark>
<Placemark>
<name>JS0326</name>
<TimeStamp><when>2026-09-23T09:22:50Z</when></TimeStamp>
<styleUrl>#route</styleUrl>
<Point>
<coordinates>137.353051,34.730841,-0.001000</coordinates>
</Point>
<ExtendedData>
	<Data name="IconNumber">
		<value>901001</value>
	</Data>
</ExtendedData>
</Placemark>
<Placemark>
<name>JS0327</name>
<TimeStamp><when>2026-09-23T09:23:00Z</when></TimeStamp>
<styleUrl>#route</styleUrl>
<Point>
<coordinates>137.353288,34.730541,-0.001000</coordinates>
</Point>
<ExtendedData>
	<Data name="IconNumber">
		<value>901001</value>
	</Data>
</ExtendedData>
</Placemark>
<Placemark>
<name>JS0328</name>
<TimeStamp><when>2026-09-23T09:23:10Z</when></TimeStamp>
<styleUrl>#route</styleUrl>
<Point>
<coordinates>137.353674,34.729966,-0.001000</coordinates>
</Point>
<ExtendedData>
	<Data name="IconNumber">
		<value>901001</value>
	</Data>
</ExtendedData>
</Placemark>
<Placemark>
<name>JS0329</name>
<TimeStamp><when>2026-09-23T09:23:20Z</when></TimeStamp>
<styleUrl>#route</styleUrl>
<Point>
<coordinates>137.354006,34.729365,-0.001000</coordinates>
</Point>
<ExtendedData>
	<Data name="IconNumber">
		<value>901001</value>
	</Data>
</ExtendedData>
</Placemark>
<Placemark>
<name>JS0330</name>
<TimeStamp><when>2026-09-23T09:23:30Z</when></TimeStamp>
<styleUrl>#route</styleUrl>
<Point>
<coordinates>137.354317,34.728678,-0.001000</coordinates>
</Point>
<ExtendedData>
	<Data name="IconNumber">
		<value>901001</value>
	</Data>
</ExtendedData>
</Placemark>
<Placemark>
<name>JS0331</name>
<TimeStamp><when>2026-09-23T09:23:40Z</when></TimeStamp>
<styleUrl>#route</styleUrl>
<Point>
<coordinates>137.354468,34.728266,-0.001000</coordinates>
</Point>
<ExtendedData>
	<Data name="IconNumber">
		<value>901001</value>
	</Data>
</ExtendedData>
</Placemark>
<Placemark>
<name>JS0332</name>
<TimeStamp><when>2026-09-23T09:23:50Z</when></TimeStamp>
<styleUrl>#route</styleUrl>
<Point>
<coordinates>137.354596,34.727854,-0.001000</coordinates>
</Point>
<ExtendedData>
	<Data name="IconNumber">
		<value>901001</value>
	</Data>
</ExtendedData>
</Placemark>
<Placemark>
<name>JS0333</name>
<TimeStamp><when>2026-09-23T09:24:00Z</when></TimeStamp>
<styleUrl>#route</styleUrl>
<Point>
<coordinates>137.354725,34.727356,-0.001000</coordinates>
</Point>
<ExtendedData>
	<Data name="IconNumber">
		<value>901001</value>
	</Data>
</ExtendedData>
</Placemark>
<Placemark>
<name>JS0334</name>
<TimeStamp><when>2026-09-23T09:24:10Z</when></TimeStamp>
<styleUrl>#route</styleUrl>
<Point>
<coordinates>137.354800,34.726910,-0.001000</coordinates>
</Point>
<ExtendedData>
	<Data name="IconNumber">
		<value>901001</value>
	</Data>
</ExtendedData>
</Placemark>
<Placemark>
<name>JS0335</name>
<TimeStamp><when>2026-09-23T09:24:20Z</when></TimeStamp>
<styleUrl>#route</styleUrl>
<Point>
<coordinates>137.354843,34.726533,-0.001000</coordinates>
</Point>
<ExtendedData>
	<Data name="IconNumber">
		<value>901001</value>
	</Data>
</ExtendedData>
</Placemark>
<Placemark>
<name>JS0336</name>
<TimeStamp><when>2026-09-23T09:24:30Z</when></TimeStamp>
<styleUrl>#route</styleUrl>
<Point>
<coordinates>137.354865,34.726189,-0.001000</coordinates>
</Point>
<ExtendedData>
	<Data name="IconNumber">
		<value>901001</value>
	</Data>
</ExtendedData>
</Placemark>
<Placemark>
<name>JS0337</name>
<TimeStamp><when>2026-09-23T09:24:40Z</when></TimeStamp>
<styleUrl>#route</styleUrl>
<Point>
<coordinates>137.354865,34.725537,-0.001000</coordinates>
</Point>
<ExtendedData>
	<Data name="IconNumber">
		<value>901001</value>
	</Data>
</ExtendedData>
</Placemark>
<Placemark>
<name>JS0338</name>
<TimeStamp><when>2026-09-23T09:24:50Z</when></TimeStamp>
<styleUrl>#route</styleUrl>
<Point>
<coordinates>137.354854,34.725176,-0.001000</coordinates>
</Point>
<ExtendedData>
	<Data name="IconNumber">
		<value>901001</value>
	</Data>
</ExtendedData>
</Placemark>
<Placemark>
<name>JS0339</name>
<TimeStamp><when>2026-09-23T09:25:00Z</when></TimeStamp>
<styleUrl>#route</styleUrl>
<Point>
<coordinates>137.354800,34.724807,-0.001000</coordinates>
</Point>
<ExtendedData>
	<Data name="IconNumber">
		<value>901001</value>
	</Data>
</ExtendedData>
</Placemark>
<Placemark>
<name>JS0340</name>
<TimeStamp><when>2026-09-23T09:25:10Z</when></TimeStamp>
<styleUrl>#route</styleUrl>
<Point>
<coordinates>137.354596,34.723657,-0.001000</coordinates>
</Point>
<ExtendedData>
	<Data name="IconNumber">
		<value>901001</value>
	</Data>
</ExtendedData>
</Placemark>
<Placemark>
<name>JS0341</name>
<TimeStamp><when>2026-09-23T09:25:20Z</when></TimeStamp>
<styleUrl>#route</styleUrl>
<Point>
<coordinates>137.354264,34.722327,-0.001000</coordinates>
</Point>
<ExtendedData>
	<Data name="IconNumber">
		<value>901001</value>
	</Data>
</ExtendedData>
</Placemark>
<Placemark>
<name>JS0342</name>
<TimeStamp><when>2026-09-23T09:25:30Z</when></TimeStamp>
<styleUrl>#route</styleUrl>
<Point>
<coordinates>137.353255,34.718439,-0.001000</coordinates>
</Point>
<ExtendedData>
	<Data name="IconNumber">
		<value>901001</value>
	</Data>
</ExtendedData>
</Placemark>
<Placemark>
<name>JS0343</name>
<TimeStamp><when>2026-09-23T09:25:40Z</when></TimeStamp>
<styleUrl>#route</styleUrl>
<Point>
<coordinates>137.352622,34.716010,-0.001000</coordinates>
</Point>
<ExtendedData>
	<Data name="IconNumber">
		<value>901001</value>
	</Data>
</ExtendedData>
</Placemark>
<Placemark>
<name>JS0344</name>
<TimeStamp><when>2026-09-23T09:25:50Z</when></TimeStamp>
<styleUrl>#route</styleUrl>
<Point>
<coordinates>137.352461,34.715289,-0.001000</coordinates>
</Point>
<ExtendedData>
	<Data name="IconNumber">
		<value>901001</value>
	</Data>
</ExtendedData>
</Placemark>
<Placemark>
<name>JS0345</name>
<TimeStamp><when>2026-09-23T09:26:00Z</when></TimeStamp>
<styleUrl>#route</styleUrl>
<Point>
<coordinates>137.352343,34.714722,-0.001000</coordinates>
</Point>
<ExtendedData>
	<Data name="IconNumber">
		<value>901001</value>
	</Data>
</ExtendedData>
</Placemark>
<Placemark>
<name>JS0346</name>
<TimeStamp><when>2026-09-23T09:26:10Z</when></TimeStamp>
<styleUrl>#route</styleUrl>
<Point>
<coordinates>137.352247,34.714181,-0.001000</coordinates>
</Point>
<ExtendedData>
	<Data name="IconNumber">
		<value>901001</value>
	</Data>
</ExtendedData>
</Placemark>
<Placemark>
<name>JS0347</name>
<TimeStamp><when>2026-09-23T09:26:20Z</when></TimeStamp>
<styleUrl>#route</styleUrl>
<Point>
<coordinates>137.352166,34.713701,-0.001000</coordinates>
</Point>
<ExtendedData>
	<Data name="IconNumber">
		<value>901001</value>
	</Data>
</ExtendedData>
</Placemark>
<Placemark>
<name>JS0348</name>
<TimeStamp><when>2026-09-23T09:26:30Z</when></TimeStamp>
<styleUrl>#route</styleUrl>
<Point>
<coordinates>137.352123,34.713186,-0.001000</coordinates>
</Point>
<ExtendedData>
	<Data name="IconNumber">
		<value>901001</value>
	</Data>
</ExtendedData>
</Placemark>
<Placemark>
<name>JS0349</name>
<TimeStamp><when>2026-09-23T09:26:40Z</when></TimeStamp>
<styleUrl>#route</styleUrl>
<Point>
<coordinates>137.352102,34.712688,-0.001000</coordinates>
</Point>
<ExtendedData>
	<Data name="IconNumber">
		<value>901001</value>
	</Data>
</ExtendedData>
</Placemark>
<Placemark>
<name>JS0350</name>
<TimeStamp><when>2026-09-23T09:26:50Z</when></TimeStamp>
<styleUrl>#route</styleUrl>
<Point>
<coordinates>137.352102,34.712276,-0.001000</coordinates>
</Point>
<ExtendedData>
	<Data name="IconNumber">
		<value>901001</value>
	</Data>
</ExtendedData>
</Placemark>
<Placemark>
<name>JS0351</name>
<TimeStamp><when>2026-09-23T09:27:00Z</when></TimeStamp>
<styleUrl>#route</styleUrl>
<Point>
<coordinates>137.352113,34.711916,-0.001000</coordinates>
</Point>
<ExtendedData>
	<Data name="IconNumber">
		<value>901001</value>
	</Data>
</ExtendedData>
</Placemark>
<Placemark>
<name>JS0352</name>
<TimeStamp><when>2026-09-23T09:27:10Z</when></TimeStamp>
<styleUrl>#route</styleUrl>
<Point>
<coordinates>137.352177,34.711298,-0.001000</coordinates>
</Point>
<ExtendedData>
	<Data name="IconNumber">
		<value>901001</value>
	</Data>
</ExtendedData>
</Placemark>
<Placemark>
<name>JS0353</name>
<TimeStamp><when>2026-09-23T09:27:20Z</when></TimeStamp>
<styleUrl>#route</styleUrl>
<Point>
<coordinates>137.352220,34.711031,-0.001000</coordinates>
</Point>
<ExtendedData>
	<Data name="IconNumber">
		<value>901001</value>
	</Data>
</ExtendedData>
</Placemark>
<Placemark>
<name>JS0354</name>
<TimeStamp><when>2026-09-23T09:27:30Z</when></TimeStamp>
<styleUrl>#route</styleUrl>
<Point>
<coordinates>137.352317,34.710585,-0.001000</coordinates>
</Point>
<ExtendedData>
	<Data name="IconNumber">
		<value>901001</value>
	</Data>
</ExtendedData>
</Placemark>
<Placemark>
<name>JS0355</name>
<TimeStamp><when>2026-09-23T09:27:40Z</when></TimeStamp>
<styleUrl>#route</styleUrl>
<Point>
<coordinates>137.352411,34.710272,-0.001000</coordinates>
</Point>
<ExtendedData>
	<Data name="IconNumber">
		<value>901001</value>
	</Data>
</ExtendedData>
</Placemark>
<Placemark>
<name>JS0356</name>
<TimeStamp><when>2026-09-23T09:27:50Z</when></TimeStamp>
<styleUrl>#route</styleUrl>
<Point>
<coordinates>137.352722,34.709577,-0.001000</coordinates>
</Point>
<ExtendedData>
	<Data name="IconNumber">
		<value>901001</value>
	</Data>
</ExtendedData>
</Placemark>
<Placemark>
<name>JS0357</name>
<TimeStamp><when>2026-09-23T09:28:00Z</when></TimeStamp>
<styleUrl>#route</styleUrl>
<Point>
<coordinates>137.352862,34.709225,-0.001000</coordinates>
</Point>
<ExtendedData>
	<Data name="IconNumber">
		<value>901001</value>
	</Data>
</ExtendedData>
</Placemark>
<Placemark>
<name>JS0358</name>
<TimeStamp><when>2026-09-23T09:28:10Z</when></TimeStamp>
<styleUrl>#route</styleUrl>
<Point>
<coordinates>137.353114,34.708719,-0.001000</coordinates>
</Point>
<ExtendedData>
	<Data name="IconNumber">
		<value>901001</value>
	</Data>
</ExtendedData>
</Placemark>
<Placemark>
<name>JS0359</name>
<TimeStamp><when>2026-09-23T09:28:20Z</when></TimeStamp>
<styleUrl>#route</styleUrl>
<Point>
<coordinates>137.353248,34.708457,-0.001000</coordinates>
</Point>
<ExtendedData>
	<Data name="IconNumber">
		<value>901001</value>
	</Data>
</ExtendedData>
</Placemark>
<Placemark>
<name>JS0360</name>
<TimeStamp><when>2026-09-23T09:28:30Z</when></TimeStamp>
<styleUrl>#route</styleUrl>
<Point>
<coordinates>137.353591,34.707895,-0.001000</coordinates>
</Point>
<ExtendedData>
	<Data name="IconNumber">
		<value>901001</value>
	</Data>
</ExtendedData>
</Placemark>
<Placemark>
<name>JS0361</name>
<TimeStamp><when>2026-09-23T09:28:40Z</when></TimeStamp>
<styleUrl>#route</styleUrl>
<Point>
<coordinates>137.353677,34.707757,-0.001000</coordinates>
</Point>
<ExtendedData>
	<Data name="IconNumber">
		<value>901001</value>
	</Data>
</ExtendedData>
</Placemark>
<Placemark>
<name>JS0362</name>
<TimeStamp><when>2026-09-23T09:28:50Z</when></TimeStamp>
<styleUrl>#route</styleUrl>
<Point>
<coordinates>137.353377,34.707504,-0.001000</coordinates>
</Point>
<ExtendedData>
	<Data name="IconNumber">
		<value>901001</value>
	</Data>
</ExtendedData>
</Placemark>
<Placemark>
<name>JS0363</name>
<TimeStamp><when>2026-09-23T09:29:00Z</when></TimeStamp>
<styleUrl>#route</styleUrl>
<Point>
<coordinates>137.352078,34.706594,-0.001000</coordinates>
</Point>
<ExtendedData>
	<Data name="IconNumber">
		<value>901001</value>
	</Data>
</ExtendedData>
</Placemark>
<Placemark>
<name>JS0364</name>
<TimeStamp><when>2026-09-23T09:29:10Z</when></TimeStamp>
<styleUrl>#route</styleUrl>
<Point>
<coordinates>137.351306,34.706071,-0.001000</coordinates>
</Point>
<ExtendedData>
	<Data name="IconNumber">
		<value>901001</value>
	</Data>
</ExtendedData>
</Placemark>
<Placemark>
<name>JS0365</name>
<TimeStamp><when>2026-09-23T09:29:20Z</when></TimeStamp>
<styleUrl>#route</styleUrl>
<Point>
<coordinates>137.350534,34.705616,-0.001000</coordinates>
</Point>
<ExtendedData>
	<Data name="IconNumber">
		<value>901001</value>
	</Data>
</ExtendedData>
</Placemark>
<Placemark>
<name>JS0366</name>
<TimeStamp><when>2026-09-23T09:29:30Z</when></TimeStamp>
<styleUrl>#route</styleUrl>
<Point>
<coordinates>137.349139,34.704878,-0.001000</coordinates>
</Point>
<ExtendedData>
	<Data name="IconNumber">
		<value>901001</value>
	</Data>
</ExtendedData>
</Placemark>
<Placemark>
<name>JS0367</name>
<TimeStamp><when>2026-09-23T09:29:40Z</when></TimeStamp>
<styleUrl>#route</styleUrl>
<Point>
<coordinates>137.348506,34.704569,-0.001000</coordinates>
</Point>
<ExtendedData>
	<Data name="IconNumber">
		<value>901001</value>
	</Data>
</ExtendedData>
</Placemark>
<Placemark>
<name>JS0368</name>
<TimeStamp><when>2026-09-23T09:29:50Z</when></TimeStamp>
<styleUrl>#route</styleUrl>
<Point>
<coordinates>137.345706,34.703092,-0.001000</coordinates>
</Point>
<ExtendedData>
	<Data name="IconNumber">
		<value>901001</value>
	</Data>
</ExtendedData>
</Placemark>
<Placemark>
<name>JS0369</name>
<TimeStamp><when>2026-09-23T09:30:00Z</when></TimeStamp>
<styleUrl>#route</styleUrl>
<Point>
<coordinates>137.344354,34.702406,-0.001000</coordinates>
</Point>
<ExtendedData>
	<Data name="IconNumber">
		<value>901001</value>
	</Data>
</ExtendedData>
</Placemark>
<Placemark>
<name>JS0370</name>
<TimeStamp><when>2026-09-23T09:30:10Z</when></TimeStamp>
<styleUrl>#route</styleUrl>
<Point>
<coordinates>137.342884,34.701616,-0.001000</coordinates>
</Point>
<ExtendedData>
	<Data name="IconNumber">
		<value>901001</value>
	</Data>
</ExtendedData>
</Placemark>
<Placemark>
<name>JS0371</name>
<TimeStamp><when>2026-09-23T09:30:20Z</when></TimeStamp>
<styleUrl>#route</styleUrl>
<Point>
<coordinates>137.341092,34.700689,-0.001000</coordinates>
</Point>
<ExtendedData>
	<Data name="IconNumber">
		<value>901001</value>
	</Data>
</ExtendedData>
</Placemark>
<Placemark>
<name>JS0372</name>
<TimeStamp><when>2026-09-23T09:30:30Z</when></TimeStamp>
<styleUrl>#route</styleUrl>
<Point>
<coordinates>137.339869,34.700071,-0.001000</coordinates>
</Point>
<ExtendedData>
	<Data name="IconNumber">
		<value>901001</value>
	</Data>
</ExtendedData>
</Placemark>
<Placemark>
<name>JS0373</name>
<TimeStamp><when>2026-09-23T09:30:40Z</when></TimeStamp>
<styleUrl>#route</styleUrl>
<Point>
<coordinates>137.336876,34.698483,-0.001000</coordinates>
</Point>
<ExtendedData>
	<Data name="IconNumber">
		<value>901001</value>
	</Data>
</ExtendedData>
</Placemark>
<Placemark>
<name>JS0374</name>
<TimeStamp><when>2026-09-23T09:30:50Z</when></TimeStamp>
<styleUrl>#route</styleUrl>
<Point>
<coordinates>137.335889,34.697994,-0.001000</coordinates>
</Point>
<ExtendedData>
	<Data name="IconNumber">
		<value>901001</value>
	</Data>
</ExtendedData>
</Placemark>
<Placemark>
<name>JS0375</name>
<TimeStamp><when>2026-09-23T09:31:00Z</when></TimeStamp>
<styleUrl>#route</styleUrl>
<Point>
<coordinates>137.335384,34.697719,-0.001000</coordinates>
</Point>
<ExtendedData>
	<Data name="IconNumber">
		<value>901001</value>
	</Data>
</ExtendedData>
</Placemark>
<Placemark>
<name>JS0376</name>
<TimeStamp><when>2026-09-23T09:31:10Z</when></TimeStamp>
<styleUrl>#route</styleUrl>
<Point>
<coordinates>137.335105,34.697531,-0.001000</coordinates>
</Point>
<ExtendedData>
	<Data name="IconNumber">
		<value>901001</value>
	</Data>
</ExtendedData>
</Placemark>
<Placemark>
<name>JS0377</name>
<TimeStamp><when>2026-09-23T09:31:20Z</when></TimeStamp>
<styleUrl>#route</styleUrl>
<Point>
<coordinates>137.334923,34.697376,-0.001000</coordinates>
</Point>
<ExtendedData>
	<Data name="IconNumber">
		<value>901001</value>
	</Data>
</ExtendedData>
</Placemark>
<Placemark>
<name>JS0378</name>
<TimeStamp><when>2026-09-23T09:31:30Z</when></TimeStamp>
<styleUrl>#route</styleUrl>
<Point>
<coordinates>137.333711,34.696312,-0.001000</coordinates>
</Point>
<ExtendedData>
	<Data name="IconNumber">
		<value>901001</value>
	</Data>
</ExtendedData>
</Placemark>
<Placemark>
<name>JS0379</name>
<TimeStamp><when>2026-09-23T09:31:40Z</when></TimeStamp>
<styleUrl>#route</styleUrl>
<Point>
<coordinates>137.332541,34.695213,-0.001000</coordinates>
</Point>
<ExtendedData>
	<Data name="IconNumber">
		<value>901001</value>
	</Data>
</ExtendedData>
</Placemark>
<Placemark>
<name>JS0380</name>
<TimeStamp><when>2026-09-23T09:31:50Z</when></TimeStamp>
<styleUrl>#route</styleUrl>
<Point>
<coordinates>137.331973,34.694715,-0.001000</coordinates>
</Point>
<ExtendedData>
	<Data name="IconNumber">
		<value>901001</value>
	</Data>
</ExtendedData>
</Placemark>
<Placemark>
<name>JS0381</name>
<TimeStamp><when>2026-09-23T09:32:00Z</when></TimeStamp>
<styleUrl>#route</styleUrl>
<Point>
<coordinates>137.331372,34.694157,-0.001000</coordinates>
</Point>
<ExtendedData>
	<Data name="IconNumber">
		<value>901001</value>
	</Data>
</ExtendedData>
</Placemark>
<Placemark>
<name>JS0382</name>
<TimeStamp><when>2026-09-23T09:32:10Z</when></TimeStamp>
<styleUrl>#route</styleUrl>
<Point>
<coordinates>137.330363,34.693230,-0.001000</coordinates>
</Point>
<ExtendedData>
	<Data name="IconNumber">
		<value>901001</value>
	</Data>
</ExtendedData>
</Placemark>
<Placemark>
<name>JS0383</name>
<TimeStamp><when>2026-09-23T09:32:20Z</when></TimeStamp>
<styleUrl>#route</styleUrl>
<Point>
<coordinates>137.329290,34.692295,-0.001000</coordinates>
</Point>
<ExtendedData>
	<Data name="IconNumber">
		<value>901001</value>
	</Data>
</ExtendedData>
</Placemark>
<Placemark>
<name>JS0384</name>
<TimeStamp><when>2026-09-23T09:32:30Z</when></TimeStamp>
<styleUrl>#route</styleUrl>
<Point>
<coordinates>137.328711,34.691857,-0.001000</coordinates>
</Point>
<ExtendedData>
	<Data name="IconNumber">
		<value>901001</value>
	</Data>
</ExtendedData>
</Placemark>
<Placemark>
<name>JS0385</name>
<TimeStamp><when>2026-09-23T09:32:40Z</when></TimeStamp>
<styleUrl>#route</styleUrl>
<Point>
<coordinates>137.328496,34.691746,-0.001000</coordinates>
</Point>
<ExtendedData>
	<Data name="IconNumber">
		<value>901001</value>
	</Data>
</ExtendedData>
</Placemark>
<Placemark>
<name>JS0386</name>
<TimeStamp><when>2026-09-23T09:32:50Z</when></TimeStamp>
<styleUrl>#route</styleUrl>
<Point>
<coordinates>137.328239,34.691557,-0.001000</coordinates>
</Point>
<ExtendedData>
	<Data name="IconNumber">
		<value>901001</value>
	</Data>
</ExtendedData>
</Placemark>
<Placemark>
<name>JS0387</name>
<TimeStamp><when>2026-09-23T09:33:00Z</when></TimeStamp>
<styleUrl>#route</styleUrl>
<Point>
<coordinates>137.327488,34.690999,-0.001000</coordinates>
</Point>
<ExtendedData>
	<Data name="IconNumber">
		<value>901001</value>
	</Data>
</ExtendedData>
</Placemark>
<Placemark>
<name>JS0388</name>
<TimeStamp><when>2026-09-23T09:33:10Z</when></TimeStamp>
<styleUrl>#route</styleUrl>
<Point>
<coordinates>137.327166,34.690784,-0.001000</coordinates>
</Point>
<ExtendedData>
	<Data name="IconNumber">
		<value>901001</value>
	</Data>
</ExtendedData>
</Placemark>
<Placemark>
<name>JS0389</name>
<TimeStamp><when>2026-09-23T09:33:20Z</when></TimeStamp>
<styleUrl>#route</styleUrl>
<Point>
<coordinates>137.326834,34.690570,-0.001000</coordinates>
</Point>
<ExtendedData>
	<Data name="IconNumber">
		<value>901001</value>
	</Data>
</ExtendedData>
</Placemark>
<Placemark>
<name>JS0390</name>
<TimeStamp><when>2026-09-23T09:33:30Z</when></TimeStamp>
<styleUrl>#route</styleUrl>
<Point>
<coordinates>137.326608,34.690441,-0.001000</coordinates>
</Point>
<ExtendedData>
	<Data name="IconNumber">
		<value>901001</value>
	</Data>
</ExtendedData>
</Placemark>
<Placemark>
<name>JS0391</name>
<TimeStamp><when>2026-09-23T09:33:40Z</when></TimeStamp>
<styleUrl>#route</styleUrl>
<Point>
<coordinates>137.326286,34.690295,-0.001000</coordinates>
</Point>
<ExtendedData>
	<Data name="IconNumber">
		<value>901001</value>
	</Data>
</ExtendedData>
</Placemark>
<Placemark>
<name>JS0392</name>
<TimeStamp><when>2026-09-23T09:33:50Z</when></TimeStamp>
<styleUrl>#route</styleUrl>
<Point>
<coordinates>137.326115,34.690218,-0.001000</coordinates>
</Point>
<ExtendedData>
	<Data name="IconNumber">
		<value>901001</value>
	</Data>
</ExtendedData>
</Placemark>
<Placemark>
<name>JS0393</name>
<TimeStamp><when>2026-09-23T09:34:00Z</when></TimeStamp>
<styleUrl>#route</styleUrl>
<Point>
<coordinates>137.325889,34.690098,-0.001000</coordinates>
</Point>
<ExtendedData>
	<Data name="IconNumber">
		<value>901001</value>
	</Data>
</ExtendedData>
</Placemark>
<Placemark>
<name>JS0394</name>
<TimeStamp><when>2026-09-23T09:34:10Z</when></TimeStamp>
<styleUrl>#route</styleUrl>
<Point>
<coordinates>137.324709,34.689299,-0.001000</coordinates>
</Point>
<ExtendedData>
	<Data name="IconNumber">
		<value>901001</value>
	</Data>
</ExtendedData>
</Placemark>
<Placemark>
<name>JS0395</name>
<TimeStamp><when>2026-09-23T09:34:20Z</when></TimeStamp>
<styleUrl>#route</styleUrl>
<Point>
<coordinates>137.324366,34.689059,-0.001000</coordinates>
</Point>
<ExtendedData>
	<Data name="IconNumber">
		<value>901001</value>
	</Data>
</ExtendedData>
</Placemark>
<Placemark>
<name>JS0396</name>
<TimeStamp><when>2026-09-23T09:34:30Z</when></TimeStamp>
<styleUrl>#route</styleUrl>
<Point>
<coordinates>137.323722,34.688673,-0.001000</coordinates>
</Point>
<ExtendedData>
	<Data name="IconNumber">
		<value>901001</value>
	</Data>
</ExtendedData>
</Placemark>
<Placemark>
<name>JS0397</name>
<TimeStamp><when>2026-09-23T09:34:40Z</when></TimeStamp>
<styleUrl>#route</styleUrl>
<Point>
<coordinates>137.323207,34.688312,-0.001000</coordinates>
</Point>
<ExtendedData>
	<Data name="IconNumber">
		<value>901001</value>
	</Data>
</ExtendedData>
</Placemark>
<Placemark>
<name>JS0398</name>
<TimeStamp><when>2026-09-23T09:34:50Z</when></TimeStamp>
<styleUrl>#route</styleUrl>
<Point>
<coordinates>137.320804,34.686664,-0.001000</coordinates>
</Point>
<ExtendedData>
	<Data name="IconNumber">
		<value>901001</value>
	</Data>
</ExtendedData>
</Placemark>
<Placemark>
<name>JS0399</name>
<TimeStamp><when>2026-09-23T09:35:00Z</when></TimeStamp>
<styleUrl>#route</styleUrl>
<Point>
<coordinates>137.320321,34.686321,-0.001000</coordinates>
</Point>
<ExtendedData>
	<Data name="IconNumber">
		<value>901001</value>
	</Data>
</ExtendedData>
</Placemark>
<Placemark>
<name>JS0400</name>
<TimeStamp><when>2026-09-23T09:35:10Z</when></TimeStamp>
<styleUrl>#route</styleUrl>
<Point>
<coordinates>137.320042,34.686081,-0.001000</coordinates>
</Point>
<ExtendedData>
	<Data name="IconNumber">
		<value>901001</value>
	</Data>
</ExtendedData>
</Placemark>
<Placemark>
<name>JS0401</name>
<TimeStamp><when>2026-09-23T09:35:20Z</when></TimeStamp>
<styleUrl>#route</styleUrl>
<Point>
<coordinates>137.319860,34.685892,-0.001000</coordinates>
</Point>
<ExtendedData>
	<Data name="IconNumber">
		<value>901001</value>
	</Data>
</ExtendedData>
</Placemark>
<Placemark>
<name>JS0402</name>
<TimeStamp><when>2026-09-23T09:35:30Z</when></TimeStamp>
<styleUrl>#route</styleUrl>
<Point>
<coordinates>137.319710,34.685729,-0.001000</coordinates>
</Point>
<ExtendedData>
	<Data name="IconNumber">
		<value>901001</value>
	</Data>
</ExtendedData>
</Placemark>
<Placemark>
<name>JS0403</name>
<TimeStamp><when>2026-09-23T09:35:40Z</when></TimeStamp>
<styleUrl>#route</styleUrl>
<Point>
<coordinates>137.319527,34.685463,-0.001000</coordinates>
</Point>
<ExtendedData>
	<Data name="IconNumber">
		<value>901001</value>
	</Data>
</ExtendedData>
</Placemark>
<Placemark>
<name>JS0404</name>
<TimeStamp><when>2026-09-23T09:35:50Z</when></TimeStamp>
<styleUrl>#route</styleUrl>
<Point>
<coordinates>137.318390,34.683660,-0.001000</coordinates>
</Point>
<ExtendedData>
	<Data name="IconNumber">
		<value>901001</value>
	</Data>
</ExtendedData>
</Placemark>
<Placemark>
<name>JS0405</name>
<TimeStamp><when>2026-09-23T09:36:00Z</when></TimeStamp>
<styleUrl>#route</styleUrl>
<Point>
<coordinates>137.318057,34.683163,-0.001000</coordinates>
</Point>
<ExtendedData>
	<Data name="IconNumber">
		<value>901001</value>
	</Data>
</ExtendedData>
</Placemark>
<Placemark>
<name>JS0406</name>
<TimeStamp><when>2026-09-23T09:36:10Z</when></TimeStamp>
<styleUrl>#route</styleUrl>
<Point>
<coordinates>137.317821,34.682871,-0.001000</coordinates>
</Point>
<ExtendedData>
	<Data name="IconNumber">
		<value>901001</value>
	</Data>
</ExtendedData>
</Placemark>
<Placemark>
<name>JS0407</name>
<TimeStamp><when>2026-09-23T09:36:20Z</when></TimeStamp>
<styleUrl>#route</styleUrl>
<Point>
<coordinates>137.317510,34.682587,-0.001000</coordinates>
</Point>
<ExtendedData>
	<Data name="IconNumber">
		<value>901001</value>
	</Data>
</ExtendedData>
</Placemark>
<Placemark>
<name>JS0408</name>
<TimeStamp><when>2026-09-23T09:36:30Z</when></TimeStamp>
<styleUrl>#route</styleUrl>
<Point>
<coordinates>137.317156,34.682321,-0.001000</coordinates>
</Point>
<ExtendedData>
	<Data name="IconNumber">
		<value>901001</value>
	</Data>
</ExtendedData>
</Placemark>
<Placemark>
<name>JS0409</name>
<TimeStamp><when>2026-09-23T09:36:40Z</when></TimeStamp>
<styleUrl>#route</styleUrl>
<Point>
<coordinates>137.316663,34.682047,-0.001000</coordinates>
</Point>
<ExtendedData>
	<Data name="IconNumber">
		<value>901001</value>
	</Data>
</ExtendedData>
</Placemark>
<Placemark>
<name>JS0410</name>
<TimeStamp><when>2026-09-23T09:36:50Z</when></TimeStamp>
<styleUrl>#route</styleUrl>
<Point>
<coordinates>137.316212,34.681884,-0.001000</coordinates>
</Point>
<ExtendedData>
	<Data name="IconNumber">
		<value>901001</value>
	</Data>
</ExtendedData>
</Placemark>
<Placemark>
<name>JS0411</name>
<TimeStamp><when>2026-09-23T09:37:00Z</when></TimeStamp>
<styleUrl>#route</styleUrl>
<Point>
<coordinates>137.315203,34.681472,-0.001000</coordinates>
</Point>
<ExtendedData>
	<Data name="IconNumber">
		<value>901001</value>
	</Data>
</ExtendedData>
</Placemark>
<Placemark>
<name>JS0412</name>
<TimeStamp><when>2026-09-23T09:37:10Z</when></TimeStamp>
<styleUrl>#route</styleUrl>
<Point>
<coordinates>137.314603,34.681171,-0.001000</coordinates>
</Point>
<ExtendedData>
	<Data name="IconNumber">
		<value>901001</value>
	</Data>
</ExtendedData>
</Placemark>
<Placemark>
<name>JS0413</name>
<TimeStamp><when>2026-09-23T09:37:20Z</when></TimeStamp>
<styleUrl>#route</styleUrl>
<Point>
<coordinates>137.314345,34.681025,-0.001000</coordinates>
</Point>
<ExtendedData>
	<Data name="IconNumber">
		<value>901001</value>
	</Data>
</ExtendedData>
</Placemark>
<Placemark>
<name>JS0414</name>
<TimeStamp><when>2026-09-23T09:37:30Z</when></TimeStamp>
<styleUrl>#route</styleUrl>
<Point>
<coordinates>137.313637,34.680588,-0.001000</coordinates>
</Point>
<ExtendedData>
	<Data name="IconNumber">
		<value>901001</value>
	</Data>
</ExtendedData>
</Placemark>
<Placemark>
<name>JS0415</name>
<TimeStamp><when>2026-09-23T09:37:40Z</when></TimeStamp>
<styleUrl>#route</styleUrl>
<Point>
<coordinates>137.313294,34.680347,-0.001000</coordinates>
</Point>
<ExtendedData>
	<Data name="IconNumber">
		<value>901001</value>
	</Data>
</ExtendedData>
</Placemark>
<Placemark>
<name>JS0416</name>
<TimeStamp><when>2026-09-23T09:37:50Z</when></TimeStamp>
<styleUrl>#route</styleUrl>
<Point>
<coordinates>137.311695,34.678777,-0.001000</coordinates>
</Point>
<ExtendedData>
	<Data name="IconNumber">
		<value>901001</value>
	</Data>
</ExtendedData>
</Placemark>
<Placemark>
<name>JS0417</name>
<TimeStamp><when>2026-09-23T09:38:00Z</when></TimeStamp>
<styleUrl>#route</styleUrl>
<Point>
<coordinates>137.309356,34.676845,-0.001000</coordinates>
</Point>
<ExtendedData>
	<Data name="IconNumber">
		<value>901001</value>
	</Data>
</ExtendedData>
</Placemark>
<Placemark>
<name>JS0418</name>
<TimeStamp><when>2026-09-23T09:38:10Z</when></TimeStamp>
<styleUrl>#route</styleUrl>
<Point>
<coordinates>137.308777,34.676348,-0.001000</coordinates>
</Point>
<ExtendedData>
	<Data name="IconNumber">
		<value>901001</value>
	</Data>
</ExtendedData>
</Placemark>
<Placemark>
<name>JS0419</name>
<TimeStamp><when>2026-09-23T09:38:20Z</when></TimeStamp>
<styleUrl>#route</styleUrl>
<Point>
<coordinates>137.308283,34.675996,-0.001000</coordinates>
</Point>
<ExtendedData>
	<Data name="IconNumber">
		<value>901001</value>
	</Data>
</ExtendedData>
</Placemark>
<Placemark>
<name>JS0420</name>
<TimeStamp><when>2026-09-23T09:38:30Z</when></TimeStamp>
<styleUrl>#route</styleUrl>
<Point>
<coordinates>137.307983,34.675824,-0.001000</coordinates>
</Point>
<ExtendedData>
	<Data name="IconNumber">
		<value>901001</value>
	</Data>
</ExtendedData>
</Placemark>
<Placemark>
<name>JS0421</name>
<TimeStamp><when>2026-09-23T09:38:40Z</when></TimeStamp>
<styleUrl>#route</styleUrl>
<Point>
<coordinates>137.307683,34.675704,-0.001000</coordinates>
</Point>
<ExtendedData>
	<Data name="IconNumber">
		<value>901001</value>
	</Data>
</ExtendedData>
</Placemark>
<Placemark>
<name>JS0422</name>
<TimeStamp><when>2026-09-23T09:38:50Z</when></TimeStamp>
<styleUrl>#route</styleUrl>
<Point>
<coordinates>137.303552,34.674502,-0.001000</coordinates>
</Point>
<ExtendedData>
	<Data name="IconNumber">
		<value>901001</value>
	</Data>
</ExtendedData>
</Placemark>
<Placemark>
<name>JS0423</name>
<TimeStamp><when>2026-09-23T09:39:00Z</when></TimeStamp>
<styleUrl>#route</styleUrl>
<Point>
<coordinates>137.303294,34.674399,-0.001000</coordinates>
</Point>
<ExtendedData>
	<Data name="IconNumber">
		<value>901001</value>
	</Data>
</ExtendedData>
</Placemark>
<Placemark>
<name>JS0424</name>
<TimeStamp><when>2026-09-23T09:39:10Z</when></TimeStamp>
<styleUrl>#route</styleUrl>
<Point>
<coordinates>137.302973,34.674262,-0.001000</coordinates>
</Point>
<ExtendedData>
	<Data name="IconNumber">
		<value>901001</value>
	</Data>
</ExtendedData>
</Placemark>
<Placemark>
<name>JS0425</name>
<TimeStamp><when>2026-09-23T09:39:20Z</when></TimeStamp>
<styleUrl>#route</styleUrl>
<Point>
<coordinates>137.301846,34.673721,-0.001000</coordinates>
</Point>
<ExtendedData>
	<Data name="IconNumber">
		<value>901001</value>
	</Data>
</ExtendedData>
</Placemark>
<Placemark>
<name>JS0426</name>
<TimeStamp><when>2026-09-23T09:39:30Z</when></TimeStamp>
<styleUrl>#route</styleUrl>
<Point>
<coordinates>137.300730,34.673180,-0.001000</coordinates>
</Point>
<ExtendedData>
	<Data name="IconNumber">
		<value>901001</value>
	</Data>
</ExtendedData>
</Placemark>
<Placemark>
<name>JS0427</name>
<TimeStamp><when>2026-09-23T09:39:40Z</when></TimeStamp>
<styleUrl>#route</styleUrl>
<Point>
<coordinates>137.299625,34.672657,-0.001000</coordinates>
</Point>
<ExtendedData>
	<Data name="IconNumber">
		<value>901001</value>
	</Data>
</ExtendedData>
</Placemark>
<Placemark>
<name>JS0428</name>
<TimeStamp><when>2026-09-23T09:39:50Z</when></TimeStamp>
<styleUrl>#route</styleUrl>
<Point>
<coordinates>137.299110,34.672468,-0.001000</coordinates>
</Point>
<ExtendedData>
	<Data name="IconNumber">
		<value>901001</value>
	</Data>
</ExtendedData>
</Placemark>
<Placemark>
<name>JS0429</name>
<TimeStamp><when>2026-09-23T09:40:00Z</when></TimeStamp>
<styleUrl>#route</styleUrl>
<Point>
<coordinates>137.298767,34.672382,-0.001000</coordinates>
</Point>
<ExtendedData>
	<Data name="IconNumber">
		<value>901001</value>
	</Data>
</ExtendedData>
</Placemark>
<Placemark>
<name>JS0430</name>
<TimeStamp><when>2026-09-23T09:40:10Z</when></TimeStamp>
<styleUrl>#route</styleUrl>
<Point>
<coordinates>137.298445,34.672322,-0.001000</coordinates>
</Point>
<ExtendedData>
	<Data name="IconNumber">
		<value>901001</value>
	</Data>
</ExtendedData>
</Placemark>
<Placemark>
<name>JS0431</name>
<TimeStamp><when>2026-09-23T09:40:20Z</when></TimeStamp>
<styleUrl>#route</styleUrl>
<Point>
<coordinates>137.297125,34.672236,-0.001000</coordinates>
</Point>
<ExtendedData>
	<Data name="IconNumber">
		<value>901001</value>
	</Data>
</ExtendedData>
</Placemark>
<Placemark>
<name>JS0432</name>
<TimeStamp><when>2026-09-23T09:40:30Z</when></TimeStamp>
<styleUrl>#route</styleUrl>
<Point>
<coordinates>137.296449,34.672176,-0.001000</coordinates>
</Point>
<ExtendedData>
	<Data name="IconNumber">
		<value>901001</value>
	</Data>
</ExtendedData>
</Placemark>
<Placemark>
<name>JS0433</name>
<TimeStamp><when>2026-09-23T09:40:40Z</when></TimeStamp>
<styleUrl>#route</styleUrl>
<Point>
<coordinates>137.295698,34.672099,-0.001000</coordinates>
</Point>
<ExtendedData>
	<Data name="IconNumber">
		<value>901001</value>
	</Data>
</ExtendedData>
</Placemark>
<Placemark>
<name>JS0434</name>
<TimeStamp><when>2026-09-23T09:40:50Z</when></TimeStamp>
<styleUrl>#route</styleUrl>
<Point>
<coordinates>137.295226,34.672039,-0.001000</coordinates>
</Point>
<ExtendedData>
	<Data name="IconNumber">
		<value>901001</value>
	</Data>
</ExtendedData>
</Placemark>
<Placemark>
<name>JS0435</name>
<TimeStamp><when>2026-09-23T09:41:00Z</when></TimeStamp>
<styleUrl>#route</styleUrl>
<Point>
<coordinates>137.294068,34.671919,-0.001000</coordinates>
</Point>
<ExtendedData>
	<Data name="IconNumber">
		<value>901001</value>
	</Data>
</ExtendedData>
</Placemark>
<Placemark>
<name>JS0436</name>
<TimeStamp><when>2026-09-23T09:41:10Z</when></TimeStamp>
<styleUrl>#route</styleUrl>
<Point>
<coordinates>137.291739,34.671653,-0.001000</coordinates>
</Point>
<ExtendedData>
	<Data name="IconNumber">
		<value>901001</value>
	</Data>
</ExtendedData>
</Placemark>
<Placemark>
<name>JS0437</name>
<TimeStamp><when>2026-09-23T09:41:20Z</when></TimeStamp>
<styleUrl>#route</styleUrl>
<Point>
<coordinates>137.290710,34.671541,-0.001000</coordinates>
</Point>
<ExtendedData>
	<Data name="IconNumber">
		<value>901001</value>
	</Data>
</ExtendedData>
</Placemark>
<Placemark>
<name>JS0438</name>
<TimeStamp><when>2026-09-23T09:41:30Z</when></TimeStamp>
<styleUrl>#route</styleUrl>
<Point>
<coordinates>137.290195,34.671455,-0.001000</coordinates>
</Point>
<ExtendedData>
	<Data name="IconNumber">
		<value>901001</value>
	</Data>
</ExtendedData>
</Placemark>
<Placemark>
<name>JS0439</name>
<TimeStamp><when>2026-09-23T09:41:40Z</when></TimeStamp>
<styleUrl>#route</styleUrl>
<Point>
<coordinates>137.289851,34.671361,-0.001000</coordinates>
</Point>
<ExtendedData>
	<Data name="IconNumber">
		<value>901001</value>
	</Data>
</ExtendedData>
</Placemark>
<Placemark>
<name>JS0440</name>
<TimeStamp><when>2026-09-23T09:41:50Z</when></TimeStamp>
<styleUrl>#route</styleUrl>
<Point>
<coordinates>137.289508,34.671215,-0.001000</coordinates>
</Point>
<ExtendedData>
	<Data name="IconNumber">
		<value>901001</value>
	</Data>
</ExtendedData>
</Placemark>
<Placemark>
<name>JS0441</name>
<TimeStamp><when>2026-09-23T09:42:00Z</when></TimeStamp>
<styleUrl>#route</styleUrl>
<Point>
<coordinates>137.289207,34.671060,-0.001000</coordinates>
</Point>
<ExtendedData>
	<Data name="IconNumber">
		<value>901001</value>
	</Data>
</ExtendedData>
</Placemark>
<Placemark>
<name>JS0442</name>
<TimeStamp><when>2026-09-23T09:42:10Z</when></TimeStamp>
<styleUrl>#route</styleUrl>
<Point>
<coordinates>137.288929,34.670889,-0.001000</coordinates>
</Point>
<ExtendedData>
	<Data name="IconNumber">
		<value>901001</value>
	</Data>
</ExtendedData>
</Placemark>
<Placemark>
<name>JS0443</name>
<TimeStamp><when>2026-09-23T09:42:20Z</when></TimeStamp>
<styleUrl>#route</styleUrl>
<Point>
<coordinates>137.288714,34.670709,-0.001000</coordinates>
</Point>
<ExtendedData>
	<Data name="IconNumber">
		<value>901001</value>
	</Data>
</ExtendedData>
</Placemark>
<Placemark>
<name>JS0444</name>
<TimeStamp><when>2026-09-23T09:42:30Z</when></TimeStamp>
<styleUrl>#route</styleUrl>
<Point>
<coordinates>137.288478,34.670477,-0.001000</coordinates>
</Point>
<ExtendedData>
	<Data name="IconNumber">
		<value>901001</value>
	</Data>
</ExtendedData>
</Placemark>
<Placemark>
<name>JS0445</name>
<TimeStamp><when>2026-09-23T09:42:40Z</when></TimeStamp>
<styleUrl>#route</styleUrl>
<Point>
<coordinates>137.288306,34.670271,-0.001000</coordinates>
</Point>
<ExtendedData>
	<Data name="IconNumber">
		<value>901001</value>
	</Data>
</ExtendedData>
</Placemark>
<Placemark>
<name>JS0446</name>
<TimeStamp><when>2026-09-23T09:42:50Z</when></TimeStamp>
<styleUrl>#route</styleUrl>
<Point>
<coordinates>137.287620,34.669327,-0.001000</coordinates>
</Point>
<ExtendedData>
	<Data name="IconNumber">
		<value>901001</value>
	</Data>
</ExtendedData>
</Placemark>
<Placemark>
<name>JS0447</name>
<TimeStamp><when>2026-09-23T09:43:00Z</when></TimeStamp>
<styleUrl>#route</styleUrl>
<Point>
<coordinates>137.287394,34.669035,-0.001000</coordinates>
</Point>
<ExtendedData>
	<Data name="IconNumber">
		<value>901001</value>
	</Data>
</ExtendedData>
</Placemark>
<Placemark>
<name>JS0448</name>
<TimeStamp><when>2026-09-23T09:43:10Z</when></TimeStamp>
<styleUrl>#route</styleUrl>
<Point>
<coordinates>137.286064,34.667301,-0.001000</coordinates>
</Point>
<ExtendedData>
	<Data name="IconNumber">
		<value>901001</value>
	</Data>
</ExtendedData>
</Placemark>
<Placemark>
<name>JS0449</name>
<TimeStamp><when>2026-09-23T09:43:20Z</when></TimeStamp>
<styleUrl>#route</styleUrl>
<Point>
<coordinates>137.285667,34.666820,-0.001000</coordinates>
</Point>
<ExtendedData>
	<Data name="IconNumber">
		<value>901001</value>
	</Data>
</ExtendedData>
</Placemark>
<Placemark>
<name>JS0450</name>
<TimeStamp><when>2026-09-23T09:43:30Z</when></TimeStamp>
<styleUrl>#route</styleUrl>
<Point>
<coordinates>137.285216,34.666365,-0.001000</coordinates>
</Point>
<ExtendedData>
	<Data name="IconNumber">
		<value>901001</value>
	</Data>
</ExtendedData>
</Placemark>
<Placemark>
<name>JS0451</name>
<TimeStamp><when>2026-09-23T09:43:40Z</when></TimeStamp>
<styleUrl>#route</styleUrl>
<Point>
<coordinates>137.285082,34.666232,-0.001000</coordinates>
</Point>
<ExtendedData>
	<Data name="IconNumber">
		<value>901001</value>
	</Data>
</ExtendedData>
</Placemark>
<Placemark>
<name>JS0452</name>
<TimeStamp><when>2026-09-23T09:43:50Z</when></TimeStamp>
<styleUrl>#route</styleUrl>
<Point>
<coordinates>137.284948,34.666117,-0.001000</coordinates>
</Point>
<ExtendedData>
	<Data name="IconNumber">
		<value>901001</value>
	</Data>
</ExtendedData>
</Placemark>
<Placemark>
<name>JS0453</name>
<TimeStamp><when>2026-09-23T09:44:00Z</when></TimeStamp>
<styleUrl>#route</styleUrl>
<Point>
<coordinates>137.284750,34.665941,-0.001000</coordinates>
</Point>
<ExtendedData>
	<Data name="IconNumber">
		<value>901001</value>
	</Data>
</ExtendedData>
</Placemark>
<Placemark>
<name>JS0454</name>
<TimeStamp><when>2026-09-23T09:44:10Z</when></TimeStamp>
<styleUrl>#route</styleUrl>
<Point>
<coordinates>137.284551,34.665795,-0.001000</coordinates>
</Point>
<ExtendedData>
	<Data name="IconNumber">
		<value>901001</value>
	</Data>
</ExtendedData>
</Placemark>
<Placemark>
<name>JS0455</name>
<TimeStamp><when>2026-09-23T09:44:20Z</when></TimeStamp>
<styleUrl>#route</styleUrl>
<Point>
<coordinates>137.284299,34.665597,-0.001000</coordinates>
</Point>
<ExtendedData>
	<Data name="IconNumber">
		<value>901001</value>
	</Data>
</ExtendedData>
</Placemark>
<Placemark>
<name>JS0456</name>
<TimeStamp><when>2026-09-23T09:44:30Z</when></TimeStamp>
<styleUrl>#route</styleUrl>
<Point>
<coordinates>137.284036,34.665400,-0.001000</coordinates>
</Point>
<ExtendedData>
	<Data name="IconNumber">
		<value>901001</value>
	</Data>
</ExtendedData>
</Placemark>
<Placemark>
<name>JS0457</name>
<TimeStamp><when>2026-09-23T09:44:40Z</when></TimeStamp>
<styleUrl>#route</styleUrl>
<Point>
<coordinates>137.283564,34.665074,-0.001000</coordinates>
</Point>
<ExtendedData>
	<Data name="IconNumber">
		<value>901001</value>
	</Data>
</ExtendedData>
</Placemark>
<Placemark>
<name>JS0458</name>
<TimeStamp><when>2026-09-23T09:44:50Z</when></TimeStamp>
<styleUrl>#route</styleUrl>
<Point>
<coordinates>137.283146,34.664812,-0.001000</coordinates>
</Point>
<ExtendedData>
	<Data name="IconNumber">
		<value>901001</value>
	</Data>
</ExtendedData>
</Placemark>
<Placemark>
<name>JS0459</name>
<TimeStamp><when>2026-09-23T09:45:00Z</when></TimeStamp>
<styleUrl>#route</styleUrl>
<Point>
<coordinates>137.282620,34.664524,-0.001000</coordinates>
</Point>
<ExtendedData>
	<Data name="IconNumber">
		<value>901001</value>
	</Data>
</ExtendedData>
</Placemark>
<Placemark>
<name>JS0460</name>
<TimeStamp><when>2026-09-23T09:45:10Z</when></TimeStamp>
<styleUrl>#route</styleUrl>
<Point>
<coordinates>137.282094,34.664275,-0.001000</coordinates>
</Point>
<ExtendedData>
	<Data name="IconNumber">
		<value>901001</value>
	</Data>
</ExtendedData>
</Placemark>
<Placemark>
<name>JS0461</name>
<TimeStamp><when>2026-09-23T09:45:20Z</when></TimeStamp>
<styleUrl>#route</styleUrl>
<Point>
<coordinates>137.281440,34.663992,-0.001000</coordinates>
</Point>
<ExtendedData>
	<Data name="IconNumber">
		<value>901001</value>
	</Data>
</ExtendedData>
</Placemark>
<Placemark>
<name>JS0462</name>
<TimeStamp><when>2026-09-23T09:45:30Z</when></TimeStamp>
<styleUrl>#route</styleUrl>
<Point>
<coordinates>137.280785,34.663778,-0.001000</coordinates>
</Point>
<ExtendedData>
	<Data name="IconNumber">
		<value>901001</value>
	</Data>
</ExtendedData>
</Placemark>
<Placemark>
<name>JS0463</name>
<TimeStamp><when>2026-09-23T09:45:40Z</when></TimeStamp>
<styleUrl>#route</styleUrl>
<Point>
<coordinates>137.279659,34.663486,-0.001000</coordinates>
</Point>
<ExtendedData>
	<Data name="IconNumber">
		<value>901001</value>
	</Data>
</ExtendedData>
</Placemark>
<Placemark>
<name>JS0464</name>
<TimeStamp><when>2026-09-23T09:45:50Z</when></TimeStamp>
<styleUrl>#route</styleUrl>
<Point>
<coordinates>137.277148,34.662945,-0.001000</coordinates>
</Point>
<ExtendedData>
	<Data name="IconNumber">
		<value>901001</value>
	</Data>
</ExtendedData>
</Placemark>
<Placemark>
<name>JS0465</name>
<TimeStamp><when>2026-09-23T09:46:00Z</when></TimeStamp>
<styleUrl>#route</styleUrl>
<Point>
<coordinates>137.274981,34.662464,-0.001000</coordinates>
</Point>
<ExtendedData>
	<Data name="IconNumber">
		<value>901001</value>
	</Data>
</ExtendedData>
</Placemark>
<Placemark>
<name>JS0466</name>
<TimeStamp><when>2026-09-23T09:46:10Z</when></TimeStamp>
<styleUrl>#route</styleUrl>
<Point>
<coordinates>137.272395,34.661881,-0.001000</coordinates>
</Point>
<ExtendedData>
	<Data name="IconNumber">
		<value>901001</value>
	</Data>
</ExtendedData>
</Placemark>
<Placemark>
<name>JS0467</name>
<TimeStamp><when>2026-09-23T09:46:20Z</when></TimeStamp>
<styleUrl>#route</styleUrl>
<Point>
<coordinates>137.270507,34.661469,-0.001000</coordinates>
</Point>
<ExtendedData>
	<Data name="IconNumber">
		<value>901001</value>
	</Data>
</ExtendedData>
</Placemark>
<Placemark>
<name>JS0468</name>
<TimeStamp><when>2026-09-23T09:46:30Z</when></TimeStamp>
<styleUrl>#route</styleUrl>
<Point>
<coordinates>137.268941,34.661143,-0.001000</coordinates>
</Point>
<ExtendedData>
	<Data name="IconNumber">
		<value>901001</value>
	</Data>
</ExtendedData>
</Placemark>
<Placemark>
<name>JS0469</name>
<TimeStamp><when>2026-09-23T09:46:40Z</when></TimeStamp>
<styleUrl>#route</styleUrl>
<Point>
<coordinates>137.266827,34.660619,-0.001000</coordinates>
</Point>
<ExtendedData>
	<Data name="IconNumber">
		<value>901001</value>
	</Data>
</ExtendedData>
</Placemark>
<Placemark>
<name>JS0470</name>
<TimeStamp><when>2026-09-23T09:46:50Z</when></TimeStamp>
<styleUrl>#route</styleUrl>
<Point>
<coordinates>137.264982,34.660147,-0.001000</coordinates>
</Point>
<ExtendedData>
	<Data name="IconNumber">
		<value>901001</value>
	</Data>
</ExtendedData>
</Placemark>
<Placemark>
<name>JS0471</name>
<TimeStamp><when>2026-09-23T09:47:00Z</when></TimeStamp>
<styleUrl>#route</styleUrl>
<Point>
<coordinates>137.262407,34.659495,-0.001000</coordinates>
</Point>
<ExtendedData>
	<Data name="IconNumber">
		<value>901001</value>
	</Data>
</ExtendedData>
</Placemark>
<Placemark>
<name>JS0472</name>
<TimeStamp><when>2026-09-23T09:47:10Z</when></TimeStamp>
<styleUrl>#route</styleUrl>
<Point>
<coordinates>137.258716,34.658636,-0.001000</coordinates>
</Point>
<ExtendedData>
	<Data name="IconNumber">
		<value>901001</value>
	</Data>
</ExtendedData>
</Placemark>
<Placemark>
<name>JS0473</name>
<TimeStamp><when>2026-09-23T09:47:20Z</when></TimeStamp>
<styleUrl>#route</styleUrl>
<Point>
<coordinates>137.257450,34.658302,-0.001000</coordinates>
</Point>
<ExtendedData>
	<Data name="IconNumber">
		<value>901001</value>
	</Data>
</ExtendedData>
</Placemark>
<Placemark>
<name>JS0474</name>
<TimeStamp><when>2026-09-23T09:47:30Z</when></TimeStamp>
<styleUrl>#route</styleUrl>
<Point>
<coordinates>137.254500,34.657598,-0.001000</coordinates>
</Point>
<ExtendedData>
	<Data name="IconNumber">
		<value>901001</value>
	</Data>
</ExtendedData>
</Placemark>
<Placemark>
<name>JS0475</name>
<TimeStamp><when>2026-09-23T09:47:40Z</when></TimeStamp>
<styleUrl>#route</styleUrl>
<Point>
<coordinates>137.252692,34.657156,-0.001000</coordinates>
</Point>
<ExtendedData>
	<Data name="IconNumber">
		<value>901001</value>
	</Data>
</ExtendedData>
</Placemark>
<Placemark>
<name>JS0476</name>
<TimeStamp><when>2026-09-23T09:47:50Z</when></TimeStamp>
<styleUrl>#route</styleUrl>
<Point>
<coordinates>137.252241,34.657036,-0.001000</coordinates>
</Point>
<ExtendedData>
	<Data name="IconNumber">
		<value>901001</value>
	</Data>
</ExtendedData>
</Placemark>
<Placemark>
<name>JS0477</name>
<TimeStamp><when>2026-09-23T09:48:00Z</when></TimeStamp>
<styleUrl>#route</styleUrl>
<Point>
<coordinates>137.251222,34.656722,-0.001000</coordinates>
</Point>
<ExtendedData>
	<Data name="IconNumber">
		<value>901001</value>
	</Data>
</ExtendedData>
</Placemark>
<Placemark>
<name>JS0478</name>
<TimeStamp><when>2026-09-23T09:48:10Z</when></TimeStamp>
<styleUrl>#route</styleUrl>
<Point>
<coordinates>137.250428,34.656443,-0.001000</coordinates>
</Point>
<ExtendedData>
	<Data name="IconNumber">
		<value>901001</value>
	</Data>
</ExtendedData>
</Placemark>
<Placemark>
<name>JS0479</name>
<TimeStamp><when>2026-09-23T09:48:20Z</when></TimeStamp>
<styleUrl>#route</styleUrl>
<Point>
<coordinates>137.249768,34.656182,-0.001000</coordinates>
</Point>
<ExtendedData>
	<Data name="IconNumber">
		<value>901001</value>
	</Data>
</ExtendedData>
</Placemark>
<Placemark>
<name>JS0480</name>
<TimeStamp><when>2026-09-23T09:48:30Z</when></TimeStamp>
<styleUrl>#route</styleUrl>
<Point>
<coordinates>137.248148,34.655508,-0.001000</coordinates>
</Point>
<ExtendedData>
	<Data name="IconNumber">
		<value>901001</value>
	</Data>
</ExtendedData>
</Placemark>
<Placemark>
<name>JS0481</name>
<TimeStamp><when>2026-09-23T09:48:40Z</when></TimeStamp>
<styleUrl>#route</styleUrl>
<Point>
<coordinates>137.246432,34.654830,-0.001000</coordinates>
</Point>
<ExtendedData>
	<Data name="IconNumber">
		<value>901001</value>
	</Data>
</ExtendedData>
</Placemark>
<Placemark>
<name>JS0482</name>
<TimeStamp><when>2026-09-23T09:48:50Z</when></TimeStamp>
<styleUrl>#route</styleUrl>
<Point>
<coordinates>137.244919,34.654203,-0.001000</coordinates>
</Point>
<ExtendedData>
	<Data name="IconNumber">
		<value>901001</value>
	</Data>
</ExtendedData>
</Placemark>
<Placemark>
<name>JS0483</name>
<TimeStamp><when>2026-09-23T09:49:00Z</when></TimeStamp>
<styleUrl>#route</styleUrl>
<Point>
<coordinates>137.243867,34.653791,-0.001000</coordinates>
</Point>
<ExtendedData>
	<Data name="IconNumber">
		<value>901001</value>
	</Data>
</ExtendedData>
</Placemark>
<Placemark>
<name>JS0484</name>
<TimeStamp><when>2026-09-23T09:49:10Z</when></TimeStamp>
<styleUrl>#route</styleUrl>
<Point>
<coordinates>137.243546,34.653663,-0.001000</coordinates>
</Point>
<ExtendedData>
	<Data name="IconNumber">
		<value>901001</value>
	</Data>
</ExtendedData>
</Placemark>
<Placemark>
<name>JS0485</name>
<TimeStamp><when>2026-09-23T09:49:20Z</when></TimeStamp>
<styleUrl>#route</styleUrl>
<Point>
<coordinates>137.243256,34.653551,-0.001000</coordinates>
</Point>
<ExtendedData>
	<Data name="IconNumber">
		<value>901001</value>
	</Data>
</ExtendedData>
</Placemark>
<Placemark>
<name>JS0486</name>
<TimeStamp><when>2026-09-23T09:49:30Z</when></TimeStamp>
<styleUrl>#route</styleUrl>
<Point>
<coordinates>137.243009,34.653422,-0.001000</coordinates>
</Point>
<ExtendedData>
	<Data name="IconNumber">
		<value>901001</value>
	</Data>
</ExtendedData>
</Placemark>
<Placemark>
<name>JS0487</name>
<TimeStamp><when>2026-09-23T09:49:40Z</when></TimeStamp>
<styleUrl>#route</styleUrl>
<Point>
<coordinates>137.242247,34.653225,-0.001000</coordinates>
</Point>
<ExtendedData>
	<Data name="IconNumber">
		<value>901001</value>
	</Data>
</ExtendedData>
</Placemark>
<Placemark>
<name>JS0488</name>
<TimeStamp><when>2026-09-23T09:49:50Z</when></TimeStamp>
<styleUrl>#route</styleUrl>
<Point>
<coordinates>137.241636,34.653087,-0.001000</coordinates>
</Point>
<ExtendedData>
	<Data name="IconNumber">
		<value>901001</value>
	</Data>
</ExtendedData>
</Placemark>
<Placemark>
<name>JS0489</name>
<TimeStamp><when>2026-09-23T09:50:00Z</when></TimeStamp>
<styleUrl>#route</styleUrl>
<Point>
<coordinates>137.241378,34.653079,-0.001000</coordinates>
</Point>
<ExtendedData>
	<Data name="IconNumber">
		<value>901001</value>
	</Data>
</ExtendedData>
</Placemark>
<Placemark>
<name>JS0490</name>
<TimeStamp><when>2026-09-23T09:50:10Z</when></TimeStamp>
<styleUrl>#route</styleUrl>
<Point>
<coordinates>137.240681,34.652967,-0.001000</coordinates>
</Point>
<ExtendedData>
	<Data name="IconNumber">
		<value>901001</value>
	</Data>
</ExtendedData>
</Placemark>
<Placemark>
<name>JS0491</name>
<TimeStamp><when>2026-09-23T09:50:20Z</when></TimeStamp>
<styleUrl>#route</styleUrl>
<Point>
<coordinates>137.237720,34.652435,-0.001000</coordinates>
</Point>
<ExtendedData>
	<Data name="IconNumber">
		<value>901001</value>
	</Data>
</ExtendedData>
</Placemark>
<Placemark>
<name>JS0492</name>
<TimeStamp><when>2026-09-23T09:50:30Z</when></TimeStamp>
<styleUrl>#route</styleUrl>
<Point>
<coordinates>137.230381,34.651096,-0.001000</coordinates>
</Point>
<ExtendedData>
	<Data name="IconNumber">
		<value>901001</value>
	</Data>
</ExtendedData>
</Placemark>
<Placemark>
<name>JS0493</name>
<TimeStamp><when>2026-09-23T09:50:40Z</when></TimeStamp>
<styleUrl>#route</styleUrl>
<Point>
<coordinates>137.226240,34.650324,-0.001000</coordinates>
</Point>
<ExtendedData>
	<Data name="IconNumber">
		<value>901001</value>
	</Data>
</ExtendedData>
</Placemark>
<Placemark>
<name>JS0494</name>
<TimeStamp><when>2026-09-23T09:50:50Z</when></TimeStamp>
<styleUrl>#route</styleUrl>
<Point>
<coordinates>137.224802,34.650066,-0.001000</coordinates>
</Point>
<ExtendedData>
	<Data name="IconNumber">
		<value>901001</value>
	</Data>
</ExtendedData>
</Placemark>
<Placemark>
<name>JS0495</name>
<TimeStamp><when>2026-09-23T09:51:00Z</when></TimeStamp>
<styleUrl>#route</styleUrl>
<Point>
<coordinates>137.223901,34.649912,-0.001000</coordinates>
</Point>
<ExtendedData>
	<Data name="IconNumber">
		<value>901001</value>
	</Data>
</ExtendedData>
</Placemark>
<Placemark>
<name>JS0496</name>
<TimeStamp><when>2026-09-23T09:51:10Z</when></TimeStamp>
<styleUrl>#route</styleUrl>
<Point>
<coordinates>137.223601,34.649877,-0.001000</coordinates>
</Point>
<ExtendedData>
	<Data name="IconNumber">
		<value>901001</value>
	</Data>
</ExtendedData>
</Placemark>
<Placemark>
<name>JS0497</name>
<TimeStamp><when>2026-09-23T09:51:20Z</when></TimeStamp>
<styleUrl>#route</styleUrl>
<Point>
<coordinates>137.223053,34.649843,-0.001000</coordinates>
</Point>
<ExtendedData>
	<Data name="IconNumber">
		<value>901001</value>
	</Data>
</ExtendedData>
</Placemark>
<Placemark>
<name>JS0498</name>
<TimeStamp><when>2026-09-23T09:51:30Z</when></TimeStamp>
<styleUrl>#route</styleUrl>
<Point>
<coordinates>137.222614,34.649877,-0.001000</coordinates>
</Point>
<ExtendedData>
	<Data name="IconNumber">
		<value>901001</value>
	</Data>
</ExtendedData>
</Placemark>
<Placemark>
<name>JS0499</name>
<TimeStamp><when>2026-09-23T09:51:40Z</when></TimeStamp>
<styleUrl>#route</styleUrl>
<Point>
<coordinates>137.222131,34.649912,-0.001000</coordinates>
</Point>
<ExtendedData>
	<Data name="IconNumber">
		<value>901001</value>
	</Data>
</ExtendedData>
</Placemark>
<Placemark>
<name>JS0500</name>
<TimeStamp><when>2026-09-23T09:51:50Z</when></TimeStamp>
<styleUrl>#route</styleUrl>
<Point>
<coordinates>137.221830,34.649955,-0.001000</coordinates>
</Point>
<ExtendedData>
	<Data name="IconNumber">
		<value>901001</value>
	</Data>
</ExtendedData>
</Placemark>
<Placemark>
<name>JS0501</name>
<TimeStamp><when>2026-09-23T09:52:00Z</when></TimeStamp>
<styleUrl>#route</styleUrl>
<Point>
<coordinates>137.221648,34.649998,-0.001000</coordinates>
</Point>
<ExtendedData>
	<Data name="IconNumber">
		<value>901001</value>
	</Data>
</ExtendedData>
</Placemark>
<Placemark>
<name>JS0502</name>
<TimeStamp><when>2026-09-23T09:52:10Z</when></TimeStamp>
<styleUrl>#route</styleUrl>
<Point>
<coordinates>137.221251,34.650169,-0.001000</coordinates>
</Point>
<ExtendedData>
	<Data name="IconNumber">
		<value>901001</value>
	</Data>
</ExtendedData>
</Placemark>
<Placemark>
<name>JS0503</name>
<TimeStamp><when>2026-09-23T09:52:20Z</when></TimeStamp>
<styleUrl>#route</styleUrl>
<Point>
<coordinates>137.219127,34.651216,-0.001000</coordinates>
</Point>
<ExtendedData>
	<Data name="IconNumber">
		<value>901001</value>
	</Data>
</ExtendedData>
</Placemark>
<Placemark>
<name>JS0504</name>
<TimeStamp><when>2026-09-23T09:52:30Z</when></TimeStamp>
<styleUrl>#route</styleUrl>
<Point>
<coordinates>137.218000,34.651766,-0.001000</coordinates>
</Point>
<ExtendedData>
	<Data name="IconNumber">
		<value>901001</value>
	</Data>
</ExtendedData>
</Placemark>
<Placemark>
<name>JS0505</name>
<TimeStamp><when>2026-09-23T09:52:40Z</when></TimeStamp>
<styleUrl>#route</styleUrl>
<Point>
<coordinates>137.217163,34.652195,-0.001000</coordinates>
</Point>
<ExtendedData>
	<Data name="IconNumber">
		<value>901001</value>
	</Data>
</ExtendedData>
</Placemark>
<Placemark>
<name>JS0506</name>
<TimeStamp><when>2026-09-23T09:52:50Z</when></TimeStamp>
<styleUrl>#route</styleUrl>
<Point>
<coordinates>137.214964,34.653276,-0.001000</coordinates>
</Point>
<ExtendedData>
	<Data name="IconNumber">
		<value>901001</value>
	</Data>
</ExtendedData>
</Placemark>
<Placemark>
<name>JS0507</name>
<TimeStamp><when>2026-09-23T09:53:00Z</when></TimeStamp>
<styleUrl>#route</styleUrl>
<Point>
<coordinates>137.214642,34.653405,-0.001000</coordinates>
</Point>
<ExtendedData>
	<Data name="IconNumber">
		<value>901001</value>
	</Data>
</ExtendedData>
</Placemark>
<Placemark>
<name>JS0508</name>
<TimeStamp><when>2026-09-23T09:53:10Z</when></TimeStamp>
<styleUrl>#route</styleUrl>
<Point>
<coordinates>137.214417,34.653474,-0.001000</coordinates>
</Point>
<ExtendedData>
	<Data name="IconNumber">
		<value>901001</value>
	</Data>
</ExtendedData>
</Placemark>
<Placemark>
<name>JS0509</name>
<TimeStamp><when>2026-09-23T09:53:20Z</when></TimeStamp>
<styleUrl>#route</styleUrl>
<Point>
<coordinates>137.214041,34.653560,-0.001000</coordinates>
</Point>
<ExtendedData>
	<Data name="IconNumber">
		<value>901001</value>
	</Data>
</ExtendedData>
</Placemark>
<Placemark>
<name>JS0510</name>
<TimeStamp><when>2026-09-23T09:53:30Z</when></TimeStamp>
<styleUrl>#route</styleUrl>
<Point>
<coordinates>137.213505,34.653654,-0.001000</coordinates>
</Point>
<ExtendedData>
	<Data name="IconNumber">
		<value>901001</value>
	</Data>
</ExtendedData>
</Placemark>
<Placemark>
<name>JS0511</name>
<TimeStamp><when>2026-09-23T09:53:40Z</when></TimeStamp>
<styleUrl>#route</styleUrl>
<Point>
<coordinates>137.212893,34.653723,-0.001000</coordinates>
</Point>
<ExtendedData>
	<Data name="IconNumber">
		<value>901001</value>
	</Data>
</ExtendedData>
</Placemark>
<Placemark>
<name>JS0512</name>
<TimeStamp><when>2026-09-23T09:53:50Z</when></TimeStamp>
<styleUrl>#route</styleUrl>
<Point>
<coordinates>137.212024,34.653800,-0.001000</coordinates>
</Point>
<ExtendedData>
	<Data name="IconNumber">
		<value>901001</value>
	</Data>
</ExtendedData>
</Placemark>
<Placemark>
<name>JS0513</name>
<TimeStamp><when>2026-09-23T09:54:00Z</when></TimeStamp>
<styleUrl>#route</styleUrl>
<Point>
<coordinates>137.210479,34.653911,-0.001000</coordinates>
</Point>
<ExtendedData>
	<Data name="IconNumber">
		<value>901001</value>
	</Data>
</ExtendedData>
</Placemark>
<Placemark>
<name>JS0514</name>
<TimeStamp><when>2026-09-23T09:54:10Z</when></TimeStamp>
<styleUrl>#route</styleUrl>
<Point>
<coordinates>137.208838,34.654057,-0.001000</coordinates>
</Point>
<ExtendedData>
	<Data name="IconNumber">
		<value>901001</value>
	</Data>
</ExtendedData>
</Placemark>
<Placemark>
<name>JS0515</name>
<TimeStamp><when>2026-09-23T09:54:20Z</when></TimeStamp>
<styleUrl>#route</styleUrl>
<Point>
<coordinates>137.208591,34.654092,-0.001000</coordinates>
</Point>
<ExtendedData>
	<Data name="IconNumber">
		<value>901001</value>
	</Data>
</ExtendedData>
</Placemark>
<Placemark>
<name>JS0516</name>
<TimeStamp><when>2026-09-23T09:54:30Z</when></TimeStamp>
<styleUrl>#route</styleUrl>
<Point>
<coordinates>137.208334,34.654152,-0.001000</coordinates>
</Point>
<ExtendedData>
	<Data name="IconNumber">
		<value>901001</value>
	</Data>
</ExtendedData>
</Placemark>
<Placemark>
<name>JS0517</name>
<TimeStamp><when>2026-09-23T09:54:40Z</when></TimeStamp>
<styleUrl>#route</styleUrl>
<Point>
<coordinates>137.208022,34.654238,-0.001000</coordinates>
</Point>
<ExtendedData>
	<Data name="IconNumber">
		<value>901001</value>
	</Data>
</ExtendedData>
</Placemark>
<Placemark>
<name>JS0518</name>
<TimeStamp><when>2026-09-23T09:54:50Z</when></TimeStamp>
<styleUrl>#route</styleUrl>
<Point>
<coordinates>137.207679,34.654392,-0.001000</coordinates>
</Point>
<ExtendedData>
	<Data name="IconNumber">
		<value>901001</value>
	</Data>
</ExtendedData>
</Placemark>
<Placemark>
<name>JS0519</name>
<TimeStamp><when>2026-09-23T09:55:00Z</when></TimeStamp>
<styleUrl>#route</styleUrl>
<Point>
<coordinates>137.206939,34.654804,-0.001000</coordinates>
</Point>
<ExtendedData>
	<Data name="IconNumber">
		<value>901001</value>
	</Data>
</ExtendedData>
</Placemark>
<Placemark>
<name>JS0520</name>
<TimeStamp><when>2026-09-23T09:55:10Z</when></TimeStamp>
<styleUrl>#route</styleUrl>
<Point>
<coordinates>137.206585,34.654984,-0.001000</coordinates>
</Point>
<ExtendedData>
	<Data name="IconNumber">
		<value>901001</value>
	</Data>
</ExtendedData>
</Placemark>
<Placemark>
<name>JS0521</name>
<TimeStamp><when>2026-09-23T09:55:20Z</when></TimeStamp>
<styleUrl>#route</styleUrl>
<Point>
<coordinates>137.206091,34.655165,-0.001000</coordinates>
</Point>
<ExtendedData>
	<Data name="IconNumber">
		<value>901001</value>
	</Data>
</ExtendedData>
</Placemark>
<Placemark>
<name>JS0522</name>
<TimeStamp><when>2026-09-23T09:55:30Z</when></TimeStamp>
<styleUrl>#route</styleUrl>
<Point>
<coordinates>137.204986,34.655542,-0.001000</coordinates>
</Point>
<ExtendedData>
	<Data name="IconNumber">
		<value>901001</value>
	</Data>
</ExtendedData>
</Placemark>
<Placemark>
<name>JS0523</name>
<TimeStamp><when>2026-09-23T09:55:40Z</when></TimeStamp>
<styleUrl>#route</styleUrl>
<Point>
<coordinates>137.204621,34.655645,-0.001000</coordinates>
</Point>
<ExtendedData>
	<Data name="IconNumber">
		<value>901001</value>
	</Data>
</ExtendedData>
</Placemark>
<Placemark>
<name>JS0524</name>
<TimeStamp><when>2026-09-23T09:55:50Z</when></TimeStamp>
<styleUrl>#route</styleUrl>
<Point>
<coordinates>137.203130,34.656143,-0.001000</coordinates>
</Point>
<ExtendedData>
	<Data name="IconNumber">
		<value>901001</value>
	</Data>
</ExtendedData>
</Placemark>
<Placemark>
<name>JS0525</name>
<TimeStamp><when>2026-09-23T09:56:00Z</when></TimeStamp>
<styleUrl>#route</styleUrl>
<Point>
<coordinates>137.200598,34.656984,-0.001000</coordinates>
</Point>
<ExtendedData>
	<Data name="IconNumber">
		<value>901001</value>
	</Data>
</ExtendedData>
</Placemark>
<Placemark>
<name>JS0526</name>
<TimeStamp><when>2026-09-23T09:56:10Z</when></TimeStamp>
<styleUrl>#route</styleUrl>
<Point>
<coordinates>137.200255,34.657122,-0.001000</coordinates>
</Point>
<ExtendedData>
	<Data name="IconNumber">
		<value>901001</value>
	</Data>
</ExtendedData>
</Placemark>
<Placemark>
<name>JS0527</name>
<TimeStamp><when>2026-09-23T09:56:20Z</when></TimeStamp>
<styleUrl>#route</styleUrl>
<Point>
<coordinates>137.199997,34.657242,-0.001000</coordinates>
</Point>
<ExtendedData>
	<Data name="IconNumber">
		<value>901001</value>
	</Data>
</ExtendedData>
</Placemark>
<Placemark>
<name>JS0528</name>
<TimeStamp><when>2026-09-23T09:56:30Z</when></TimeStamp>
<styleUrl>#route</styleUrl>
<Point>
<coordinates>137.199761,34.657370,-0.001000</coordinates>
</Point>
<ExtendedData>
	<Data name="IconNumber">
		<value>901001</value>
	</Data>
</ExtendedData>
</Placemark>
<Placemark>
<name>JS0529</name>
<TimeStamp><when>2026-09-23T09:56:40Z</when></TimeStamp>
<styleUrl>#route</styleUrl>
<Point>
<coordinates>137.199557,34.657499,-0.001000</coordinates>
</Point>
<ExtendedData>
	<Data name="IconNumber">
		<value>901001</value>
	</Data>
</ExtendedData>
</Placemark>
<Placemark>
<name>JS0530</name>
<TimeStamp><when>2026-09-23T09:56:50Z</when></TimeStamp>
<styleUrl>#route</styleUrl>
<Point>
<coordinates>137.199353,34.657662,-0.001000</coordinates>
</Point>
<ExtendedData>
	<Data name="IconNumber">
		<value>901001</value>
	</Data>
</ExtendedData>
</Placemark>
<Placemark>
<name>JS0531</name>
<TimeStamp><when>2026-09-23T09:57:00Z</when></TimeStamp>
<styleUrl>#route</styleUrl>
<Point>
<coordinates>137.199150,34.657825,-0.001000</coordinates>
</Point>
<ExtendedData>
	<Data name="IconNumber">
		<value>901001</value>
	</Data>
</ExtendedData>
</Placemark>
<Placemark>
<name>JS0532</name>
<TimeStamp><when>2026-09-23T09:57:10Z</when></TimeStamp>
<styleUrl>#route</styleUrl>
<Point>
<coordinates>137.198935,34.658048,-0.001000</coordinates>
</Point>
<ExtendedData>
	<Data name="IconNumber">
		<value>901001</value>
	</Data>
</ExtendedData>
</Placemark>
<Placemark>
<name>JS0533</name>
<TimeStamp><when>2026-09-23T09:57:20Z</when></TimeStamp>
<styleUrl>#route</styleUrl>
<Point>
<coordinates>137.198796,34.658203,-0.001000</coordinates>
</Point>
<ExtendedData>
	<Data name="IconNumber">
		<value>901001</value>
	</Data>
</ExtendedData>
</Placemark>
<Placemark>
<name>JS0534</name>
<TimeStamp><when>2026-09-23T09:57:30Z</when></TimeStamp>
<styleUrl>#route</styleUrl>
<Point>
<coordinates>137.197444,34.659860,-0.001000</coordinates>
</Point>
<ExtendedData>
	<Data name="IconNumber">
		<value>901001</value>
	</Data>
</ExtendedData>
</Placemark>
<Placemark>
<name>JS0535</name>
<TimeStamp><when>2026-09-23T09:57:40Z</when></TimeStamp>
<styleUrl>#route</styleUrl>
<Point>
<coordinates>137.196779,34.660718,-0.001000</coordinates>
</Point>
<ExtendedData>
	<Data name="IconNumber">
		<value>901001</value>
	</Data>
</ExtendedData>
</Placemark>
<Placemark>
<name>JS0536</name>
<TimeStamp><when>2026-09-23T09:57:50Z</when></TimeStamp>
<styleUrl>#route</styleUrl>
<Point>
<coordinates>137.196521,34.661147,-0.001000</coordinates>
</Point>
<ExtendedData>
	<Data name="IconNumber">
		<value>901001</value>
	</Data>
</ExtendedData>
</Placemark>
<Placemark>
<name>JS0537</name>
<TimeStamp><when>2026-09-23T09:58:00Z</when></TimeStamp>
<styleUrl>#route</styleUrl>
<Point>
<coordinates>137.195888,34.662443,-0.001000</coordinates>
</Point>
<ExtendedData>
	<Data name="IconNumber">
		<value>901001</value>
	</Data>
</ExtendedData>
</Placemark>
<Placemark>
<name>JS0538</name>
<TimeStamp><when>2026-09-23T09:58:10Z</when></TimeStamp>
<styleUrl>#route</styleUrl>
<Point>
<coordinates>137.194922,34.664348,-0.001000</coordinates>
</Point>
<ExtendedData>
	<Data name="IconNumber">
		<value>901001</value>
	</Data>
</ExtendedData>
</Placemark>
<Placemark>
<name>JS0539</name>
<TimeStamp><when>2026-09-23T09:58:20Z</when></TimeStamp>
<styleUrl>#route</styleUrl>
<Point>
<coordinates>137.194762,34.664589,-0.001000</coordinates>
</Point>
<ExtendedData>
	<Data name="IconNumber">
		<value>901001</value>
	</Data>
</ExtendedData>
</Placemark>
<Placemark>
<name>JS0540</name>
<TimeStamp><when>2026-09-23T09:58:30Z</when></TimeStamp>
<styleUrl>#route</styleUrl>
<Point>
<coordinates>137.194601,34.664778,-0.001000</coordinates>
</Point>
<ExtendedData>
	<Data name="IconNumber">
		<value>901001</value>
	</Data>
</ExtendedData>
</Placemark>
<Placemark>
<name>JS0541</name>
<TimeStamp><when>2026-09-23T09:58:40Z</when></TimeStamp>
<styleUrl>#route</styleUrl>
<Point>
<coordinates>137.194397,34.664958,-0.001000</coordinates>
</Point>
<ExtendedData>
	<Data name="IconNumber">
		<value>901001</value>
	</Data>
</ExtendedData>
</Placemark>
<Placemark>
<name>JS0542</name>
<TimeStamp><when>2026-09-23T09:58:50Z</when></TimeStamp>
<styleUrl>#route</styleUrl>
<Point>
<coordinates>137.194247,34.665087,-0.001000</coordinates>
</Point>
<ExtendedData>
	<Data name="IconNumber">
		<value>901001</value>
	</Data>
</ExtendedData>
</Placemark>
<Placemark>
<name>JS0543</name>
<TimeStamp><when>2026-09-23T09:59:00Z</when></TimeStamp>
<styleUrl>#route</styleUrl>
<Point>
<coordinates>137.194011,34.665241,-0.001000</coordinates>
</Point>
<ExtendedData>
	<Data name="IconNumber">
		<value>901001</value>
	</Data>
</ExtendedData>
</Placemark>
<Placemark>
<name>JS0544</name>
<TimeStamp><when>2026-09-23T09:59:10Z</when></TimeStamp>
<styleUrl>#route</styleUrl>
<Point>
<coordinates>137.193721,34.665396,-0.001000</coordinates>
</Point>
<ExtendedData>
	<Data name="IconNumber">
		<value>901001</value>
	</Data>
</ExtendedData>
</Placemark>
<Placemark>
<name>JS0545</name>
<TimeStamp><when>2026-09-23T09:59:20Z</when></TimeStamp>
<styleUrl>#route</styleUrl>
<Point>
<coordinates>137.193528,34.665481,-0.001000</coordinates>
</Point>
<ExtendedData>
	<Data name="IconNumber">
		<value>901001</value>
	</Data>
</ExtendedData>
</Placemark>
<Placemark>
<name>JS0546</name>
<TimeStamp><when>2026-09-23T09:59:30Z</when></TimeStamp>
<styleUrl>#route</styleUrl>
<Point>
<coordinates>137.193077,34.665632,-0.001000</coordinates>
</Point>
<ExtendedData>
	<Data name="IconNumber">
		<value>901001</value>
	</Data>
</ExtendedData>
</Placemark>
<Placemark>
<name>JS0547</name>
<TimeStamp><when>2026-09-23T09:59:40Z</when></TimeStamp>
<styleUrl>#route</styleUrl>
<Point>
<coordinates>137.192417,34.665825,-0.001000</coordinates>
</Point>
<ExtendedData>
	<Data name="IconNumber">
		<value>901001</value>
	</Data>
</ExtendedData>
</Placemark>
<Placemark>
<name>JS0548</name>
<TimeStamp><when>2026-09-23T09:59:50Z</when></TimeStamp>
<styleUrl>#route</styleUrl>
<Point>
<coordinates>137.191216,34.666211,-0.001000</coordinates>
</Point>
<ExtendedData>
	<Data name="IconNumber">
		<value>901001</value>
	</Data>
</ExtendedData>
</Placemark>
<Placemark>
<name>JS0549</name>
<TimeStamp><when>2026-09-23T10:00:00Z</when></TimeStamp>
<styleUrl>#route</styleUrl>
<Point>
<coordinates>137.190749,34.666365,-0.001000</coordinates>
</Point>
<ExtendedData>
	<Data name="IconNumber">
		<value>901001</value>
	</Data>
</ExtendedData>
</Placemark>
<Placemark>
<name>JS0550</name>
<TimeStamp><when>2026-09-23T10:00:10Z</when></TimeStamp>
<styleUrl>#route</styleUrl>
<Point>
<coordinates>137.189504,34.666760,-0.001000</coordinates>
</Point>
<ExtendedData>
	<Data name="IconNumber">
		<value>901001</value>
	</Data>
</ExtendedData>
</Placemark>
<Placemark>
<name>JS0551</name>
<TimeStamp><when>2026-09-23T10:00:20Z</when></TimeStamp>
<styleUrl>#route</styleUrl>
<Point>
<coordinates>137.188753,34.667001,-0.001000</coordinates>
</Point>
<ExtendedData>
	<Data name="IconNumber">
		<value>901001</value>
	</Data>
</ExtendedData>
</Placemark>
<Placemark>
<name>JS0552</name>
<TimeStamp><when>2026-09-23T10:00:30Z</when></TimeStamp>
<styleUrl>#route</styleUrl>
<Point>
<coordinates>137.188142,34.667189,-0.001000</coordinates>
</Point>
<ExtendedData>
	<Data name="IconNumber">
		<value>901001</value>
	</Data>
</ExtendedData>
</Placemark>
<Placemark>
<name>JS0553</name>
<TimeStamp><when>2026-09-23T10:00:40Z</when></TimeStamp>
<styleUrl>#route</styleUrl>
<Point>
<coordinates>137.187841,34.667241,-0.001000</coordinates>
</Point>
<ExtendedData>
	<Data name="IconNumber">
		<value>901001</value>
	</Data>
</ExtendedData>
</Placemark>
<Placemark>
<name>JS0554</name>
<TimeStamp><when>2026-09-23T10:00:50Z</when></TimeStamp>
<styleUrl>#route</styleUrl>
<Point>
<coordinates>137.187562,34.667275,-0.001000</coordinates>
</Point>
<ExtendedData>
	<Data name="IconNumber">
		<value>901001</value>
	</Data>
</ExtendedData>
</Placemark>
<Placemark>
<name>JS0555</name>
<TimeStamp><when>2026-09-23T10:01:00Z</when></TimeStamp>
<styleUrl>#route</styleUrl>
<Point>
<coordinates>137.187294,34.667292,-0.001000</coordinates>
</Point>
<ExtendedData>
	<Data name="IconNumber">
		<value>901001</value>
	</Data>
</ExtendedData>
</Placemark>
<Placemark>
<name>JS0556</name>
<TimeStamp><when>2026-09-23T10:01:10Z</when></TimeStamp>
<styleUrl>#route</styleUrl>
<Point>
<coordinates>137.187112,34.667292,-0.001000</coordinates>
</Point>
<ExtendedData>
	<Data name="IconNumber">
		<value>901001</value>
	</Data>
</ExtendedData>
</Placemark>
<Placemark>
<name>JS0557</name>
<TimeStamp><when>2026-09-23T10:01:20Z</when></TimeStamp>
<styleUrl>#route</styleUrl>
<Point>
<coordinates>137.186908,34.667275,-0.001000</coordinates>
</Point>
<ExtendedData>
	<Data name="IconNumber">
		<value>901001</value>
	</Data>
</ExtendedData>
</Placemark>
<Placemark>
<name>JS0558</name>
<TimeStamp><when>2026-09-23T10:01:30Z</when></TimeStamp>
<styleUrl>#route</styleUrl>
<Point>
<coordinates>137.186618,34.667241,-0.001000</coordinates>
</Point>
<ExtendedData>
	<Data name="IconNumber">
		<value>901001</value>
	</Data>
</ExtendedData>
</Placemark>
<Placemark>
<name>JS0559</name>
<TimeStamp><when>2026-09-23T10:01:40Z</when></TimeStamp>
<styleUrl>#route</styleUrl>
<Point>
<coordinates>137.186254,34.667172,-0.001000</coordinates>
</Point>
<ExtendedData>
	<Data name="IconNumber">
		<value>901001</value>
	</Data>
</ExtendedData>
</Placemark>
<Placemark>
<name>JS0560</name>
<TimeStamp><when>2026-09-23T10:01:50Z</when></TimeStamp>
<styleUrl>#route</styleUrl>
<Point>
<coordinates>137.185857,34.667009,-0.001000</coordinates>
</Point>
<ExtendedData>
	<Data name="IconNumber">
		<value>901001</value>
	</Data>
</ExtendedData>
</Placemark>
<Placemark>
<name>JS0561</name>
<TimeStamp><when>2026-09-23T10:02:00Z</when></TimeStamp>
<styleUrl>#route</styleUrl>
<Point>
<coordinates>137.185449,34.666829,-0.001000</coordinates>
</Point>
<ExtendedData>
	<Data name="IconNumber">
		<value>901001</value>
	</Data>
</ExtendedData>
</Placemark>
<Placemark>
<name>JS0562</name>
<TimeStamp><when>2026-09-23T10:02:10Z</when></TimeStamp>
<styleUrl>#route</styleUrl>
<Point>
<coordinates>137.185181,34.666674,-0.001000</coordinates>
</Point>
<ExtendedData>
	<Data name="IconNumber">
		<value>901001</value>
	</Data>
</ExtendedData>
</Placemark>
<Placemark>
<name>JS0563</name>
<TimeStamp><when>2026-09-23T10:02:20Z</when></TimeStamp>
<styleUrl>#route</styleUrl>
<Point>
<coordinates>137.184870,34.666434,-0.001000</coordinates>
</Point>
<ExtendedData>
	<Data name="IconNumber">
		<value>901001</value>
	</Data>
</ExtendedData>
</Placemark>
<Placemark>
<name>JS0564</name>
<TimeStamp><when>2026-09-23T10:02:30Z</when></TimeStamp>
<styleUrl>#route</styleUrl>
<Point>
<coordinates>137.183378,34.665104,-0.001000</coordinates>
</Point>
<ExtendedData>
	<Data name="IconNumber">
		<value>901001</value>
	</Data>
</ExtendedData>
</Placemark>
<Placemark>
<name>JS0565</name>
<TimeStamp><when>2026-09-23T10:02:40Z</when></TimeStamp>
<styleUrl>#route</styleUrl>
<Point>
<coordinates>137.181061,34.663035,-0.001000</coordinates>
</Point>
<ExtendedData>
	<Data name="IconNumber">
		<value>901001</value>
	</Data>
</ExtendedData>
</Placemark>
<Placemark>
<name>JS0566</name>
<TimeStamp><when>2026-09-23T10:02:50Z</when></TimeStamp>
<styleUrl>#route</styleUrl>
<Point>
<coordinates>137.180632,34.662623,-0.001000</coordinates>
</Point>
<ExtendedData>
	<Data name="IconNumber">
		<value>901001</value>
	</Data>
</ExtendedData>
</Placemark>
<Placemark>
<name>JS0567</name>
<TimeStamp><when>2026-09-23T10:03:00Z</when></TimeStamp>
<styleUrl>#route</styleUrl>
<Point>
<coordinates>137.179537,34.661353,-0.001000</coordinates>
</Point>
<ExtendedData>
	<Data name="IconNumber">
		<value>901001</value>
	</Data>
</ExtendedData>
</Placemark>
<Placemark>
<name>JS0568</name>
<TimeStamp><when>2026-09-23T10:03:10Z</when></TimeStamp>
<styleUrl>#route</styleUrl>
<Point>
<coordinates>137.178658,34.660297,-0.001000</coordinates>
</Point>
<ExtendedData>
	<Data name="IconNumber">
		<value>901001</value>
	</Data>
</ExtendedData>
</Placemark>
<Placemark>
<name>JS0569</name>
<TimeStamp><when>2026-09-23T10:03:20Z</when></TimeStamp>
<styleUrl>#route</styleUrl>
<Point>
<coordinates>137.178422,34.660023,-0.001000</coordinates>
</Point>
<ExtendedData>
	<Data name="IconNumber">
		<value>901001</value>
	</Data>
</ExtendedData>
</Placemark>
<Placemark>
<name>JS0570</name>
<TimeStamp><when>2026-09-23T10:03:30Z</when></TimeStamp>
<styleUrl>#route</styleUrl>
<Point>
<coordinates>137.178228,34.659842,-0.001000</coordinates>
</Point>
<ExtendedData>
	<Data name="IconNumber">
		<value>901001</value>
	</Data>
</ExtendedData>
</Placemark>
<Placemark>
<name>JS0571</name>
<TimeStamp><when>2026-09-23T10:03:40Z</when></TimeStamp>
<styleUrl>#route</styleUrl>
<Point>
<coordinates>137.177939,34.659619,-0.001000</coordinates>
</Point>
<ExtendedData>
	<Data name="IconNumber">
		<value>901001</value>
	</Data>
</ExtendedData>
</Placemark>
<Placemark>
<name>JS0572</name>
<TimeStamp><when>2026-09-23T10:03:50Z</when></TimeStamp>
<styleUrl>#route</styleUrl>
<Point>
<coordinates>137.177617,34.659413,-0.001000</coordinates>
</Point>
<ExtendedData>
	<Data name="IconNumber">
		<value>901001</value>
	</Data>
</ExtendedData>
</Placemark>
<Placemark>
<name>JS0573</name>
<TimeStamp><when>2026-09-23T10:04:00Z</when></TimeStamp>
<styleUrl>#route</styleUrl>
<Point>
<coordinates>137.177316,34.659276,-0.001000</coordinates>
</Point>
<ExtendedData>
	<Data name="IconNumber">
		<value>901001</value>
	</Data>
</ExtendedData>
</Placemark>
<Placemark>
<name>JS0574</name>
<TimeStamp><when>2026-09-23T10:04:10Z</when></TimeStamp>
<styleUrl>#route</styleUrl>
<Point>
<coordinates>137.177048,34.659190,-0.001000</coordinates>
</Point>
<ExtendedData>
	<Data name="IconNumber">
		<value>901001</value>
	</Data>
</ExtendedData>
</Placemark>
<Placemark>
<name>JS0575</name>
<TimeStamp><when>2026-09-23T10:04:20Z</when></TimeStamp>
<styleUrl>#route</styleUrl>
<Point>
<coordinates>137.176533,34.659087,-0.001000</coordinates>
</Point>
<ExtendedData>
	<Data name="IconNumber">
		<value>901001</value>
	</Data>
</ExtendedData>
</Placemark>
<Placemark>
<name>JS0576</name>
<TimeStamp><when>2026-09-23T10:04:30Z</when></TimeStamp>
<styleUrl>#route</styleUrl>
<Point>
<coordinates>137.174870,34.658795,-0.001000</coordinates>
</Point>
<ExtendedData>
	<Data name="IconNumber">
		<value>901001</value>
	</Data>
</ExtendedData>
</Placemark>
<Placemark>
<name>JS0577</name>
<TimeStamp><when>2026-09-23T10:04:40Z</when></TimeStamp>
<styleUrl>#route</styleUrl>
<Point>
<coordinates>137.174624,34.658744,-0.001000</coordinates>
</Point>
<ExtendedData>
	<Data name="IconNumber">
		<value>901001</value>
	</Data>
</ExtendedData>
</Placemark>
<Placemark>
<name>JS0578</name>
<TimeStamp><when>2026-09-23T10:04:50Z</when></TimeStamp>
<styleUrl>#route</styleUrl>
<Point>
<coordinates>137.174430,34.658684,-0.001000</coordinates>
</Point>
<ExtendedData>
	<Data name="IconNumber">
		<value>901001</value>
	</Data>
</ExtendedData>
</Placemark>
<Placemark>
<name>JS0579</name>
<TimeStamp><when>2026-09-23T10:05:00Z</when></TimeStamp>
<styleUrl>#route</styleUrl>
<Point>
<coordinates>137.174205,34.658598,-0.001000</coordinates>
</Point>
<ExtendedData>
	<Data name="IconNumber">
		<value>901001</value>
	</Data>
</ExtendedData>
</Placemark>
<Placemark>
<name>JS0580</name>
<TimeStamp><when>2026-09-23T10:05:10Z</when></TimeStamp>
<styleUrl>#route</styleUrl>
<Point>
<coordinates>137.173980,34.658495,-0.001000</coordinates>
</Point>
<ExtendedData>
	<Data name="IconNumber">
		<value>901001</value>
	</Data>
</ExtendedData>
</Placemark>
<Placemark>
<name>JS0581</name>
<TimeStamp><when>2026-09-23T10:05:20Z</when></TimeStamp>
<styleUrl>#route</styleUrl>
<Point>
<coordinates>137.173776,34.658383,-0.001000</coordinates>
</Point>
<ExtendedData>
	<Data name="IconNumber">
		<value>901001</value>
	</Data>
</ExtendedData>
</Placemark>
<Placemark>
<name>JS0582</name>
<TimeStamp><when>2026-09-23T10:05:30Z</when></TimeStamp>
<styleUrl>#route</styleUrl>
<Point>
<coordinates>137.173508,34.658212,-0.001000</coordinates>
</Point>
<ExtendedData>
	<Data name="IconNumber">
		<value>901001</value>
	</Data>
</ExtendedData>
</Placemark>
<Placemark>
<name>JS0583</name>
<TimeStamp><when>2026-09-23T10:05:40Z</when></TimeStamp>
<styleUrl>#route</styleUrl>
<Point>
<coordinates>137.173154,34.657928,-0.001000</coordinates>
</Point>
<ExtendedData>
	<Data name="IconNumber">
		<value>901001</value>
	</Data>
</ExtendedData>
</Placemark>
<Placemark>
<name>JS0584</name>
<TimeStamp><when>2026-09-23T10:05:50Z</when></TimeStamp>
<styleUrl>#route</styleUrl>
<Point>
<coordinates>137.172446,34.657242,-0.001000</coordinates>
</Point>
<ExtendedData>
	<Data name="IconNumber">
		<value>901001</value>
	</Data>
</ExtendedData>
</Placemark>
<Placemark>
<name>JS0585</name>
<TimeStamp><when>2026-09-23T10:06:00Z</when></TimeStamp>
<styleUrl>#route</styleUrl>
<Point>
<coordinates>137.172070,34.656950,-0.001000</coordinates>
</Point>
<ExtendedData>
	<Data name="IconNumber">
		<value>901001</value>
	</Data>
</ExtendedData>
</Placemark>
<Placemark>
<name>JS0586</name>
<TimeStamp><when>2026-09-23T10:06:10Z</when></TimeStamp>
<styleUrl>#route</styleUrl>
<Point>
<coordinates>137.171737,34.656718,-0.001000</coordinates>
</Point>
<ExtendedData>
	<Data name="IconNumber">
		<value>901001</value>
	</Data>
</ExtendedData>
</Placemark>
<Placemark>
<name>JS0587</name>
<TimeStamp><when>2026-09-23T10:06:20Z</when></TimeStamp>
<styleUrl>#route</styleUrl>
<Point>
<coordinates>137.171276,34.656469,-0.001000</coordinates>
</Point>
<ExtendedData>
	<Data name="IconNumber">
		<value>901001</value>
	</Data>
</ExtendedData>
</Placemark>
<Placemark>
<name>JS0588</name>
<TimeStamp><when>2026-09-23T10:06:30Z</when></TimeStamp>
<styleUrl>#route</styleUrl>
<Point>
<coordinates>137.170933,34.656323,-0.001000</coordinates>
</Point>
<ExtendedData>
	<Data name="IconNumber">
		<value>901001</value>
	</Data>
</ExtendedData>
</Placemark>
<Placemark>
<name>JS0589</name>
<TimeStamp><when>2026-09-23T10:06:40Z</when></TimeStamp>
<styleUrl>#route</styleUrl>
<Point>
<coordinates>137.170665,34.656229,-0.001000</coordinates>
</Point>
<ExtendedData>
	<Data name="IconNumber">
		<value>901001</value>
	</Data>
</ExtendedData>
</Placemark>
<Placemark>
<name>JS0590</name>
<TimeStamp><when>2026-09-23T10:06:50Z</when></TimeStamp>
<styleUrl>#route</styleUrl>
<Point>
<coordinates>137.170396,34.656160,-0.001000</coordinates>
</Point>
<ExtendedData>
	<Data name="IconNumber">
		<value>901001</value>
	</Data>
</ExtendedData>
</Placemark>
<Placemark>
<name>JS0591</name>
<TimeStamp><when>2026-09-23T10:07:00Z</when></TimeStamp>
<styleUrl>#route</styleUrl>
<Point>
<coordinates>137.166706,34.655422,-0.001000</coordinates>
</Point>
<ExtendedData>
	<Data name="IconNumber">
		<value>901001</value>
	</Data>
</ExtendedData>
</Placemark>
<Placemark>
<name>JS0592</name>
<TimeStamp><when>2026-09-23T10:07:10Z</when></TimeStamp>
<styleUrl>#route</styleUrl>
<Point>
<coordinates>137.164925,34.655122,-0.001000</coordinates>
</Point>
<ExtendedData>
	<Data name="IconNumber">
		<value>901001</value>
	</Data>
</ExtendedData>
</Placemark>
<Placemark>
<name>JS0593</name>
<TimeStamp><when>2026-09-23T10:07:20Z</when></TimeStamp>
<styleUrl>#route</styleUrl>
<Point>
<coordinates>137.164056,34.654967,-0.001000</coordinates>
</Point>
<ExtendedData>
	<Data name="IconNumber">
		<value>901001</value>
	</Data>
</ExtendedData>
</Placemark>
<Placemark>
<name>JS0594</name>
<TimeStamp><when>2026-09-23T10:07:30Z</when></TimeStamp>
<styleUrl>#route</styleUrl>
<Point>
<coordinates>137.163594,34.654864,-0.001000</coordinates>
</Point>
<ExtendedData>
	<Data name="IconNumber">
		<value>901001</value>
	</Data>
</ExtendedData>
</Placemark>
<Placemark>
<name>JS0595</name>
<TimeStamp><when>2026-09-23T10:07:40Z</when></TimeStamp>
<styleUrl>#route</styleUrl>
<Point>
<coordinates>137.163272,34.654761,-0.001000</coordinates>
</Point>
<ExtendedData>
	<Data name="IconNumber">
		<value>901001</value>
	</Data>
</ExtendedData>
</Placemark>
<Placemark>
<name>JS0596</name>
<TimeStamp><when>2026-09-23T10:07:50Z</when></TimeStamp>
<styleUrl>#route</styleUrl>
<Point>
<coordinates>137.162715,34.654538,-0.001000</coordinates>
</Point>
<ExtendedData>
	<Data name="IconNumber">
		<value>901001</value>
	</Data>
</ExtendedData>
</Placemark>
<Placemark>
<name>JS0597</name>
<TimeStamp><when>2026-09-23T10:08:00Z</when></TimeStamp>
<styleUrl>#route</styleUrl>
<Point>
<coordinates>137.162092,34.654263,-0.001000</coordinates>
</Point>
<ExtendedData>
	<Data name="IconNumber">
		<value>901001</value>
	</Data>
</ExtendedData>
</Placemark>
<Placemark>
<name>JS0598</name>
<TimeStamp><when>2026-09-23T10:08:10Z</when></TimeStamp>
<styleUrl>#route</styleUrl>
<Point>
<coordinates>137.161470,34.653989,-0.001000</coordinates>
</Point>
<ExtendedData>
	<Data name="IconNumber">
		<value>901001</value>
	</Data>
</ExtendedData>
</Placemark>
<Placemark>
<name>JS0599</name>
<TimeStamp><when>2026-09-23T10:08:20Z</when></TimeStamp>
<styleUrl>#route</styleUrl>
<Point>
<coordinates>137.161116,34.653817,-0.001000</coordinates>
</Point>
<ExtendedData>
	<Data name="IconNumber">
		<value>901001</value>
	</Data>
</ExtendedData>
</Placemark>
<Placemark>
<name>JS0600</name>
<TimeStamp><when>2026-09-23T10:08:30Z</when></TimeStamp>
<styleUrl>#route</styleUrl>
<Point>
<coordinates>137.160354,34.653457,-0.001000</coordinates>
</Point>
<ExtendedData>
	<Data name="IconNumber">
		<value>901001</value>
	</Data>
</ExtendedData>
</Placemark>
<Placemark>
<name>JS0601</name>
<TimeStamp><when>2026-09-23T10:08:40Z</when></TimeStamp>
<styleUrl>#route</styleUrl>
<Point>
<coordinates>137.159764,34.653173,-0.001000</coordinates>
</Point>
<ExtendedData>
	<Data name="IconNumber">
		<value>901001</value>
	</Data>
</ExtendedData>
</Placemark>
<Placemark>
<name>JS0602</name>
<TimeStamp><when>2026-09-23T10:08:50Z</when></TimeStamp>
<styleUrl>#route</styleUrl>
<Point>
<coordinates>137.158348,34.652658,-0.001000</coordinates>
</Point>
<ExtendedData>
	<Data name="IconNumber">
		<value>901001</value>
	</Data>
</ExtendedData>
</Placemark>
<Placemark>
<name>JS0603</name>
<TimeStamp><when>2026-09-23T10:09:00Z</when></TimeStamp>
<styleUrl>#route</styleUrl>
<Point>
<coordinates>137.156814,34.652083,-0.001000</coordinates>
</Point>
<ExtendedData>
	<Data name="IconNumber">
		<value>901001</value>
	</Data>
</ExtendedData>
</Placemark>
<Placemark>
<name>JS0604</name>
<TimeStamp><when>2026-09-23T10:09:10Z</when></TimeStamp>
<styleUrl>#route</styleUrl>
<Point>
<coordinates>137.155548,34.651628,-0.001000</coordinates>
</Point>
<ExtendedData>
	<Data name="IconNumber">
		<value>901001</value>
	</Data>
</ExtendedData>
</Placemark>
<Placemark>
<name>JS0605</name>
<TimeStamp><when>2026-09-23T10:09:20Z</when></TimeStamp>
<styleUrl>#route</styleUrl>
<Point>
<coordinates>137.155322,34.651551,-0.001000</coordinates>
</Point>
<ExtendedData>
	<Data name="IconNumber">
		<value>901001</value>
	</Data>
</ExtendedData>
</Placemark>
<Placemark>
<name>JS0606</name>
<TimeStamp><when>2026-09-23T10:09:30Z</when></TimeStamp>
<styleUrl>#route</styleUrl>
<Point>
<coordinates>137.155000,34.651414,-0.001000</coordinates>
</Point>
<ExtendedData>
	<Data name="IconNumber">
		<value>901001</value>
	</Data>
</ExtendedData>
</Placemark>
<Placemark>
<name>JS0607</name>
<TimeStamp><when>2026-09-23T10:09:40Z</when></TimeStamp>
<styleUrl>#route</styleUrl>
<Point>
<coordinates>137.154518,34.651173,-0.001000</coordinates>
</Point>
<ExtendedData>
	<Data name="IconNumber">
		<value>901001</value>
	</Data>
</ExtendedData>
</Placemark>
<Placemark>
<name>JS0608</name>
<TimeStamp><when>2026-09-23T10:09:50Z</when></TimeStamp>
<styleUrl>#route</styleUrl>
<Point>
<coordinates>137.153198,34.650435,-0.001000</coordinates>
</Point>
<ExtendedData>
	<Data name="IconNumber">
		<value>901001</value>
	</Data>
</ExtendedData>
</Placemark>
<Placemark>
<name>JS0609</name>
<TimeStamp><when>2026-09-23T10:10:00Z</when></TimeStamp>
<styleUrl>#route</styleUrl>
<Point>
<coordinates>137.152737,34.650161,-0.001000</coordinates>
</Point>
<ExtendedData>
	<Data name="IconNumber">
		<value>901001</value>
	</Data>
</ExtendedData>
</Placemark>
<Placemark>
<name>JS0610</name>
<TimeStamp><when>2026-09-23T10:10:10Z</when></TimeStamp>
<styleUrl>#route</styleUrl>
<Point>
<coordinates>137.152576,34.650049,-0.001000</coordinates>
</Point>
<ExtendedData>
	<Data name="IconNumber">
		<value>901001</value>
	</Data>
</ExtendedData>
</Placemark>
<Placemark>
<name>JS0611</name>
<TimeStamp><when>2026-09-23T10:10:20Z</when></TimeStamp>
<styleUrl>#route</styleUrl>
<Point>
<coordinates>137.152275,34.649766,-0.001000</coordinates>
</Point>
<ExtendedData>
	<Data name="IconNumber">
		<value>901001</value>
	</Data>
</ExtendedData>
</Placemark>
<Placemark>
<name>JS0612</name>
<TimeStamp><when>2026-09-23T10:10:30Z</when></TimeStamp>
<styleUrl>#route</styleUrl>
<Point>
<coordinates>137.151739,34.649217,-0.001000</coordinates>
</Point>
<ExtendedData>
	<Data name="IconNumber">
		<value>901001</value>
	</Data>
</ExtendedData>
</Placemark>
<Placemark>
<name>JS0613</name>
<TimeStamp><when>2026-09-23T10:10:40Z</when></TimeStamp>
<styleUrl>#route</styleUrl>
<Point>
<coordinates>137.150054,34.647448,-0.001000</coordinates>
</Point>
<ExtendedData>
	<Data name="IconNumber">
		<value>901001</value>
	</Data>
</ExtendedData>
</Placemark>
<Placemark>
<name>JS0614</name>
<TimeStamp><when>2026-09-23T10:10:50Z</when></TimeStamp>
<styleUrl>#route</styleUrl>
<Point>
<coordinates>137.149840,34.647251,-0.001000</coordinates>
</Point>
<ExtendedData>
	<Data name="IconNumber">
		<value>901001</value>
	</Data>
</ExtendedData>
</Placemark>
<Placemark>
<name>JS0615</name>
<TimeStamp><when>2026-09-23T10:11:00Z</when></TimeStamp>
<styleUrl>#route</styleUrl>
<Point>
<coordinates>137.149475,34.647002,-0.001000</coordinates>
</Point>
<ExtendedData>
	<Data name="IconNumber">
		<value>901001</value>
	</Data>
</ExtendedData>
</Placemark>
<Placemark>
<name>JS0616</name>
<TimeStamp><when>2026-09-23T10:11:10Z</when></TimeStamp>
<styleUrl>#route</styleUrl>
<Point>
<coordinates>137.148005,34.646315,-0.001000</coordinates>
</Point>
<ExtendedData>
	<Data name="IconNumber">
		<value>901001</value>
	</Data>
</ExtendedData>
</Placemark>
<Placemark>
<name>JS0617</name>
<TimeStamp><when>2026-09-23T10:11:20Z</when></TimeStamp>
<styleUrl>#route</styleUrl>
<Point>
<coordinates>137.146922,34.645809,-0.001000</coordinates>
</Point>
<ExtendedData>
	<Data name="IconNumber">
		<value>901001</value>
	</Data>
</ExtendedData>
</Placemark>
<Placemark>
<name>JS0618</name>
<TimeStamp><when>2026-09-23T10:11:30Z</when></TimeStamp>
<styleUrl>#route</styleUrl>
<Point>
<coordinates>137.146321,34.645543,-0.001000</coordinates>
</Point>
<ExtendedData>
	<Data name="IconNumber">
		<value>901001</value>
	</Data>
</ExtendedData>
</Placemark>
<Placemark>
<name>JS0619</name>
<TimeStamp><when>2026-09-23T10:11:40Z</when></TimeStamp>
<styleUrl>#route</styleUrl>
<Point>
<coordinates>137.144990,34.644916,-0.001000</coordinates>
</Point>
<ExtendedData>
	<Data name="IconNumber">
		<value>901001</value>
	</Data>
</ExtendedData>
</Placemark>
<Placemark>
<name>JS0620</name>
<TimeStamp><when>2026-09-23T10:11:50Z</when></TimeStamp>
<styleUrl>#route</styleUrl>
<Point>
<coordinates>137.144551,34.644702,-0.001000</coordinates>
</Point>
<ExtendedData>
	<Data name="IconNumber">
		<value>901001</value>
	</Data>
</ExtendedData>
</Placemark>
<Placemark>
<name>JS0621</name>
<TimeStamp><when>2026-09-23T10:12:00Z</when></TimeStamp>
<styleUrl>#route</styleUrl>
<Point>
<coordinates>137.144239,34.644504,-0.001000</coordinates>
</Point>
<ExtendedData>
	<Data name="IconNumber">
		<value>901001</value>
	</Data>
</ExtendedData>
</Placemark>
<Placemark>
<name>JS0622</name>
<TimeStamp><when>2026-09-23T10:12:10Z</when></TimeStamp>
<styleUrl>#route</styleUrl>
<Point>
<coordinates>137.142973,34.643758,-0.001000</coordinates>
</Point>
<ExtendedData>
	<Data name="IconNumber">
		<value>901001</value>
	</Data>
</ExtendedData>
</Placemark>
<Placemark>
<name>JS0623</name>
<TimeStamp><when>2026-09-23T10:12:20Z</when></TimeStamp>
<styleUrl>#route</styleUrl>
<Point>
<coordinates>137.140763,34.642470,-0.001000</coordinates>
</Point>
<ExtendedData>
	<Data name="IconNumber">
		<value>901001</value>
	</Data>
</ExtendedData>
</Placemark>
<Placemark>
<name>JS0624</name>
<TimeStamp><when>2026-09-23T10:12:30Z</when></TimeStamp>
<styleUrl>#route</styleUrl>
<Point>
<coordinates>137.140152,34.642127,-0.001000</coordinates>
</Point>
<ExtendedData>
	<Data name="IconNumber">
		<value>901001</value>
	</Data>
</ExtendedData>
</Placemark>
<Placemark>
<name>JS0625</name>
<TimeStamp><when>2026-09-23T10:12:40Z</when></TimeStamp>
<styleUrl>#route</styleUrl>
<Point>
<coordinates>137.138993,34.641423,-0.001000</coordinates>
</Point>
<ExtendedData>
	<Data name="IconNumber">
		<value>901001</value>
	</Data>
</ExtendedData>
</Placemark>
<Placemark>
<name>JS0626</name>
<TimeStamp><when>2026-09-23T10:12:50Z</when></TimeStamp>
<styleUrl>#route</styleUrl>
<Point>
<coordinates>137.137352,34.640496,-0.001000</coordinates>
</Point>
<ExtendedData>
	<Data name="IconNumber">
		<value>901001</value>
	</Data>
</ExtendedData>
</Placemark>
<Placemark>
<name>JS0627</name>
<TimeStamp><when>2026-09-23T10:13:00Z</when></TimeStamp>
<styleUrl>#route</styleUrl>
<Point>
<coordinates>137.136740,34.640179,-0.001000</coordinates>
</Point>
<ExtendedData>
	<Data name="IconNumber">
		<value>901001</value>
	</Data>
</ExtendedData>
</Placemark>
<Placemark>
<name>JS0628</name>
<TimeStamp><when>2026-09-23T10:13:10Z</when></TimeStamp>
<styleUrl>#route</styleUrl>
<Point>
<coordinates>137.131204,34.637664,-0.001000</coordinates>
</Point>
<ExtendedData>
	<Data name="IconNumber">
		<value>901001</value>
	</Data>
</ExtendedData>
</Placemark>
<Placemark>
<name>JS0629</name>
<TimeStamp><when>2026-09-23T10:13:20Z</when></TimeStamp>
<styleUrl>#route</styleUrl>
<Point>
<coordinates>137.130904,34.637518,-0.001000</coordinates>
</Point>
<ExtendedData>
	<Data name="IconNumber">
		<value>901001</value>
	</Data>
</ExtendedData>
</Placemark>
<Placemark>
<name>JS0630</name>
<TimeStamp><when>2026-09-23T10:13:30Z</when></TimeStamp>
<styleUrl>#route</styleUrl>
<Point>
<coordinates>137.130625,34.637406,-0.001000</coordinates>
</Point>
<ExtendedData>
	<Data name="IconNumber">
		<value>901001</value>
	</Data>
</ExtendedData>
</Placemark>
<Placemark>
<name>JS0631</name>
<TimeStamp><when>2026-09-23T10:13:40Z</when></TimeStamp>
<styleUrl>#route</styleUrl>
<Point>
<coordinates>137.129992,34.637166,-0.001000</coordinates>
</Point>
<ExtendedData>
	<Data name="IconNumber">
		<value>901001</value>
	</Data>
</ExtendedData>
</Placemark>
<Placemark>
<name>JS0632</name>
<TimeStamp><when>2026-09-23T10:13:50Z</when></TimeStamp>
<styleUrl>#route</styleUrl>
<Point>
<coordinates>137.128457,34.636565,-0.001000</coordinates>
</Point>
<ExtendedData>
	<Data name="IconNumber">
		<value>901001</value>
	</Data>
</ExtendedData>
</Placemark>
<Placemark>
<name>JS0633</name>
<TimeStamp><when>2026-09-23T10:14:00Z</when></TimeStamp>
<styleUrl>#route</styleUrl>
<Point>
<coordinates>137.127760,34.636308,-0.001000</coordinates>
</Point>
<ExtendedData>
	<Data name="IconNumber">
		<value>901001</value>
	</Data>
</ExtendedData>
</Placemark>
<Placemark>
<name>JS0634</name>
<TimeStamp><when>2026-09-23T10:14:10Z</when></TimeStamp>
<styleUrl>#route</styleUrl>
<Point>
<coordinates>137.127846,34.635947,-0.001000</coordinates>
</Point>
<ExtendedData>
	<Data name="IconNumber">
		<value>901001</value>
	</Data>
</ExtendedData>
</Placemark>
<Placemark>
<name>JS0635</name>
<TimeStamp><when>2026-09-23T10:14:20Z</when></TimeStamp>
<styleUrl>#route</styleUrl>
<Point>
<coordinates>137.127910,34.635840,-0.001000</coordinates>
</Point>
<ExtendedData>
	<Data name="IconNumber">
		<value>901001</value>
	</Data>
</ExtendedData>
</Placemark>
<Placemark>
<name>JS0636</name>
<TimeStamp><when>2026-09-23T10:14:30Z</when></TimeStamp>
<styleUrl>#route</styleUrl>
<Point>
<coordinates>137.127916,34.635750,-0.001000</coordinates>
</Point>
<ExtendedData>
	<Data name="IconNumber">
		<value>901001</value>
	</Data>
</ExtendedData>
</Placemark>
<Placemark>
<name>JS0637</name>
<TimeStamp><when>2026-09-23T10:14:40Z</when></TimeStamp>
<styleUrl>#route</styleUrl>
<Point>
<coordinates>137.127910,34.635681,-0.001000</coordinates>
</Point>
<ExtendedData>
	<Data name="IconNumber">
		<value>901001</value>
	</Data>
</ExtendedData>
</Placemark>
<Placemark>
<name>JS0638</name>
<TimeStamp><when>2026-09-23T10:14:50Z</when></TimeStamp>
<styleUrl>#route</styleUrl>
<Point>
<coordinates>137.127873,34.635612,-0.001000</coordinates>
</Point>
<ExtendedData>
	<Data name="IconNumber">
		<value>901001</value>
	</Data>
</ExtendedData>
</Placemark>
<Placemark>
<name>JS0639</name>
<TimeStamp><when>2026-09-23T10:15:00Z</when></TimeStamp>
<styleUrl>#route</styleUrl>
<Point>
<coordinates>137.127808,34.635544,-0.001000</coordinates>
</Point>
<ExtendedData>
	<Data name="IconNumber">
		<value>901001</value>
	</Data>
</ExtendedData>
</Placemark>
<Placemark>
<name>JS0640</name>
<TimeStamp><when>2026-09-23T10:15:10Z</when></TimeStamp>
<styleUrl>#route</styleUrl>
<Point>
<coordinates>137.127728,34.635492,-0.001000</coordinates>
</Point>
<ExtendedData>
	<Data name="IconNumber">
		<value>901001</value>
	</Data>
</ExtendedData>
</Placemark>
<Placemark>
<name>JS0641</name>
<TimeStamp><when>2026-09-23T10:15:20Z</when></TimeStamp>
<styleUrl>#route</styleUrl>
<Point>
<coordinates>137.127599,34.635432,-0.001000</coordinates>
</Point>
<ExtendedData>
	<Data name="IconNumber">
		<value>901001</value>
	</Data>
</ExtendedData>
</Placemark>
<Placemark>
<name>JS0642</name>
<TimeStamp><when>2026-09-23T10:15:30Z</when></TimeStamp>
<styleUrl>#route</styleUrl>
<Point>
<coordinates>137.127497,34.635415,-0.001000</coordinates>
</Point>
<ExtendedData>
	<Data name="IconNumber">
		<value>901001</value>
	</Data>
</ExtendedData>
</Placemark>
<Placemark>
<name>JS0643</name>
<TimeStamp><when>2026-09-23T10:15:40Z</when></TimeStamp>
<styleUrl>#route</styleUrl>
<Point>
<coordinates>137.126843,34.635102,-0.001000</coordinates>
</Point>
<ExtendedData>
	<Data name="IconNumber">
		<value>901001</value>
	</Data>
</ExtendedData>
</Placemark>
<Placemark>
<name>JS0644</name>
<TimeStamp><when>2026-09-23T10:15:50Z</when></TimeStamp>
<styleUrl>#route</styleUrl>
<Point>
<coordinates>137.125845,34.634612,-0.001000</coordinates>
</Point>
<ExtendedData>
	<Data name="IconNumber">
		<value>901001</value>
	</Data>
</ExtendedData>
</Placemark>
<Placemark>
<name>JS0645</name>
<TimeStamp><when>2026-09-23T10:16:00Z</when></TimeStamp>
<styleUrl>#route</styleUrl>
<Point>
<coordinates>137.124461,34.633926,-0.001000</coordinates>
</Point>
<ExtendedData>
	<Data name="IconNumber">
		<value>901001</value>
	</Data>
</ExtendedData>
</Placemark>
<Placemark>
<name>JS0646</name>
<TimeStamp><when>2026-09-23T10:16:10Z</when></TimeStamp>
<styleUrl>#route</styleUrl>
<Point>
<coordinates>137.121714,34.632595,-0.001000</coordinates>
</Point>
<ExtendedData>
	<Data name="IconNumber">
		<value>901001</value>
	</Data>
</ExtendedData>
</Placemark>
<Placemark>
<name>JS0647</name>
<TimeStamp><when>2026-09-23T10:16:20Z</when></TimeStamp>
<styleUrl>#route</styleUrl>
<Point>
<coordinates>137.120395,34.631952,-0.001000</coordinates>
</Point>
<ExtendedData>
	<Data name="IconNumber">
		<value>901001</value>
	</Data>
</ExtendedData>
</Placemark>
<Placemark>
<name>JS0648</name>
<TimeStamp><when>2026-09-23T10:16:30Z</when></TimeStamp>
<styleUrl>#route</styleUrl>
<Point>
<coordinates>137.117906,34.630750,-0.001000</coordinates>
</Point>
<ExtendedData>
	<Data name="IconNumber">
		<value>901001</value>
	</Data>
</ExtendedData>
</Placemark>
<Placemark>
<name>JS0649</name>
<TimeStamp><when>2026-09-23T10:16:40Z</when></TimeStamp>
<styleUrl>#route</styleUrl>
<Point>
<coordinates>137.116779,34.630244,-0.001000</coordinates>
</Point>
<ExtendedData>
	<Data name="IconNumber">
		<value>901001</value>
	</Data>
</ExtendedData>
</Placemark>
<Placemark>
<name>JS0650</name>
<TimeStamp><when>2026-09-23T10:16:50Z</when></TimeStamp>
<styleUrl>#route</styleUrl>
<Point>
<coordinates>137.115717,34.629806,-0.001000</coordinates>
</Point>
<ExtendedData>
	<Data name="IconNumber">
		<value>901001</value>
	</Data>
</ExtendedData>
</Placemark>
<Placemark>
<name>JS0651</name>
<TimeStamp><when>2026-09-23T10:17:00Z</when></TimeStamp>
<styleUrl>#route</styleUrl>
<Point>
<coordinates>137.114612,34.629377,-0.001000</coordinates>
</Point>
<ExtendedData>
	<Data name="IconNumber">
		<value>901001</value>
	</Data>
</ExtendedData>
</Placemark>
<Placemark>
<name>JS0652</name>
<TimeStamp><when>2026-09-23T10:17:10Z</when></TimeStamp>
<styleUrl>#route</styleUrl>
<Point>
<coordinates>137.112455,34.628613,-0.001000</coordinates>
</Point>
<ExtendedData>
	<Data name="IconNumber">
		<value>901001</value>
	</Data>
</ExtendedData>
</Placemark>
<Placemark>
<name>JS0653</name>
<TimeStamp><when>2026-09-23T10:17:20Z</when></TimeStamp>
<styleUrl>#route</styleUrl>
<Point>
<coordinates>137.110149,34.627815,-0.001000</coordinates>
</Point>
<ExtendedData>
	<Data name="IconNumber">
		<value>901001</value>
	</Data>
</ExtendedData>
</Placemark>
<Placemark>
<name>JS0654</name>
<TimeStamp><when>2026-09-23T10:17:30Z</when></TimeStamp>
<styleUrl>#route</styleUrl>
<Point>
<coordinates>137.107896,34.627059,-0.001000</coordinates>
</Point>
<ExtendedData>
	<Data name="IconNumber">
		<value>901001</value>
	</Data>
</ExtendedData>
</Placemark>
<Placemark>
<name>JS0655</name>
<TimeStamp><when>2026-09-23T10:17:40Z</when></TimeStamp>
<styleUrl>#route</styleUrl>
<Point>
<coordinates>137.107381,34.626905,-0.001000</coordinates>
</Point>
<ExtendedData>
	<Data name="IconNumber">
		<value>901001</value>
	</Data>
</ExtendedData>
</Placemark>
<Placemark>
<name>JS0656</name>
<TimeStamp><when>2026-09-23T10:17:50Z</when></TimeStamp>
<styleUrl>#route</styleUrl>
<Point>
<coordinates>137.106930,34.626785,-0.001000</coordinates>
</Point>
<ExtendedData>
	<Data name="IconNumber">
		<value>901001</value>
	</Data>
</ExtendedData>
</Placemark>
<Placemark>
<name>JS0657</name>
<TimeStamp><when>2026-09-23T10:18:00Z</when></TimeStamp>
<styleUrl>#route</styleUrl>
<Point>
<coordinates>137.106308,34.626673,-0.001000</coordinates>
</Point>
<ExtendedData>
	<Data name="IconNumber">
		<value>901001</value>
	</Data>
</ExtendedData>
</Placemark>
<Placemark>
<name>JS0658</name>
<TimeStamp><when>2026-09-23T10:18:10Z</when></TimeStamp>
<styleUrl>#route</styleUrl>
<Point>
<coordinates>137.105149,34.626510,-0.001000</coordinates>
</Point>
<ExtendedData>
	<Data name="IconNumber">
		<value>901001</value>
	</Data>
</ExtendedData>
</Placemark>
<Placemark>
<name>JS0659</name>
<TimeStamp><when>2026-09-23T10:18:20Z</when></TimeStamp>
<styleUrl>#route</styleUrl>
<Point>
<coordinates>137.104419,34.626407,-0.001000</coordinates>
</Point>
<ExtendedData>
	<Data name="IconNumber">
		<value>901001</value>
	</Data>
</ExtendedData>
</Placemark>
<Placemark>
<name>JS0660</name>
<TimeStamp><when>2026-09-23T10:18:30Z</when></TimeStamp>
<styleUrl>#route</styleUrl>
<Point>
<coordinates>137.103089,34.626210,-0.001000</coordinates>
</Point>
<ExtendedData>
	<Data name="IconNumber">
		<value>901001</value>
	</Data>
</ExtendedData>
</Placemark>
<Placemark>
<name>JS0661</name>
<TimeStamp><when>2026-09-23T10:18:40Z</when></TimeStamp>
<styleUrl>#route</styleUrl>
<Point>
<coordinates>137.102628,34.626098,-0.001000</coordinates>
</Point>
<ExtendedData>
	<Data name="IconNumber">
		<value>901001</value>
	</Data>
</ExtendedData>
</Placemark>
<Placemark>
<name>JS0662</name>
<TimeStamp><when>2026-09-23T10:18:50Z</when></TimeStamp>
<styleUrl>#route</styleUrl>
<Point>
<coordinates>137.102220,34.625978,-0.001000</coordinates>
</Point>
<ExtendedData>
	<Data name="IconNumber">
		<value>901001</value>
	</Data>
</ExtendedData>
</Placemark>
<Placemark>
<name>JS0663</name>
<TimeStamp><when>2026-09-23T10:19:00Z</when></TimeStamp>
<styleUrl>#route</styleUrl>
<Point>
<coordinates>137.101694,34.625806,-0.001000</coordinates>
</Point>
<ExtendedData>
	<Data name="IconNumber">
		<value>901001</value>
	</Data>
</ExtendedData>
</Placemark>
<Placemark>
<name>JS0664</name>
<TimeStamp><when>2026-09-23T10:19:10Z</when></TimeStamp>
<styleUrl>#route</styleUrl>
<Point>
<coordinates>137.101372,34.625686,-0.001000</coordinates>
</Point>
<ExtendedData>
	<Data name="IconNumber">
		<value>901001</value>
	</Data>
</ExtendedData>
</Placemark>
<Placemark>
<name>JS0665</name>
<TimeStamp><when>2026-09-23T10:19:20Z</when></TimeStamp>
<styleUrl>#route</styleUrl>
<Point>
<coordinates>137.100675,34.625411,-0.001000</coordinates>
</Point>
<ExtendedData>
	<Data name="IconNumber">
		<value>901001</value>
	</Data>
</ExtendedData>
</Placemark>
<Placemark>
<name>JS0666</name>
<TimeStamp><when>2026-09-23T10:19:30Z</when></TimeStamp>
<styleUrl>#route</styleUrl>
<Point>
<coordinates>137.098497,34.624407,-0.001000</coordinates>
</Point>
<ExtendedData>
	<Data name="IconNumber">
		<value>901001</value>
	</Data>
</ExtendedData>
</Placemark>
<Placemark>
<name>JS0667</name>
<TimeStamp><when>2026-09-23T10:19:40Z</when></TimeStamp>
<styleUrl>#route</styleUrl>
<Point>
<coordinates>137.096695,34.623557,-0.001000</coordinates>
</Point>
<ExtendedData>
	<Data name="IconNumber">
		<value>901001</value>
	</Data>
</ExtendedData>
</Placemark>
<Placemark>
<name>JS0668</name>
<TimeStamp><when>2026-09-23T10:19:50Z</when></TimeStamp>
<styleUrl>#route</styleUrl>
<Point>
<coordinates>137.096255,34.623309,-0.001000</coordinates>
</Point>
<ExtendedData>
	<Data name="IconNumber">
		<value>901001</value>
	</Data>
</ExtendedData>
</Placemark>
<Placemark>
<name>JS0669</name>
<TimeStamp><when>2026-09-23T10:20:00Z</when></TimeStamp>
<styleUrl>#route</styleUrl>
<Point>
<coordinates>137.095718,34.622965,-0.001000</coordinates>
</Point>
<ExtendedData>
	<Data name="IconNumber">
		<value>901001</value>
	</Data>
</ExtendedData>
</Placemark>
<Placemark>
<name>JS0670</name>
<TimeStamp><when>2026-09-23T10:20:10Z</when></TimeStamp>
<styleUrl>#route</styleUrl>
<Point>
<coordinates>137.095332,34.622768,-0.001000</coordinates>
</Point>
<ExtendedData>
	<Data name="IconNumber">
		<value>901001</value>
	</Data>
</ExtendedData>
</Placemark>
<Placemark>
<name>JS0671</name>
<TimeStamp><when>2026-09-23T10:20:20Z</when></TimeStamp>
<styleUrl>#route</styleUrl>
<Point>
<coordinates>137.094527,34.622562,-0.001000</coordinates>
</Point>
<ExtendedData>
	<Data name="IconNumber">
		<value>901001</value>
	</Data>
</ExtendedData>
</Placemark>
<Placemark>
<name>JS0672</name>
<TimeStamp><when>2026-09-23T10:20:30Z</when></TimeStamp>
<styleUrl>#route</styleUrl>
<Point>
<coordinates>137.093519,34.622296,-0.001000</coordinates>
</Point>
<ExtendedData>
	<Data name="IconNumber">
		<value>901001</value>
	</Data>
</ExtendedData>
</Placemark>
<Placemark>
<name>JS0673</name>
<TimeStamp><when>2026-09-23T10:20:40Z</when></TimeStamp>
<styleUrl>#route</styleUrl>
<Point>
<coordinates>137.093304,34.622218,-0.001000</coordinates>
</Point>
<ExtendedData>
	<Data name="IconNumber">
		<value>901001</value>
	</Data>
</ExtendedData>
</Placemark>
<Placemark>
<name>JS0674</name>
<TimeStamp><when>2026-09-23T10:20:50Z</when></TimeStamp>
<styleUrl>#route</styleUrl>
<Point>
<coordinates>137.093058,34.622090,-0.001000</coordinates>
</Point>
<ExtendedData>
	<Data name="IconNumber">
		<value>901001</value>
	</Data>
</ExtendedData>
</Placemark>
<Placemark>
<name>JS0675</name>
<TimeStamp><when>2026-09-23T10:21:00Z</when></TimeStamp>
<styleUrl>#route</styleUrl>
<Point>
<coordinates>137.091641,34.621188,-0.001000</coordinates>
</Point>
<ExtendedData>
	<Data name="IconNumber">
		<value>901001</value>
	</Data>
</ExtendedData>
</Placemark>
<Placemark>
<name>JS0676</name>
<TimeStamp><when>2026-09-23T10:21:10Z</when></TimeStamp>
<styleUrl>#route</styleUrl>
<Point>
<coordinates>137.091105,34.620880,-0.001000</coordinates>
</Point>
<ExtendedData>
	<Data name="IconNumber">
		<value>901001</value>
	</Data>
</ExtendedData>
</Placemark>
<Placemark>
<name>JS0677</name>
<TimeStamp><when>2026-09-23T10:21:20Z</when></TimeStamp>
<styleUrl>#route</styleUrl>
<Point>
<coordinates>137.090654,34.620639,-0.001000</coordinates>
</Point>
<ExtendedData>
	<Data name="IconNumber">
		<value>901001</value>
	</Data>
</ExtendedData>
</Placemark>
<Placemark>
<name>JS0678</name>
<TimeStamp><when>2026-09-23T10:21:30Z</when></TimeStamp>
<styleUrl>#route</styleUrl>
<Point>
<coordinates>137.089796,34.620262,-0.001000</coordinates>
</Point>
<ExtendedData>
	<Data name="IconNumber">
		<value>901001</value>
	</Data>
</ExtendedData>
</Placemark>
<Placemark>
<name>JS0679</name>
<TimeStamp><when>2026-09-23T10:21:40Z</when></TimeStamp>
<styleUrl>#route</styleUrl>
<Point>
<coordinates>137.089581,34.620219,-0.001000</coordinates>
</Point>
<ExtendedData>
	<Data name="IconNumber">
		<value>901001</value>
	</Data>
</ExtendedData>
</Placemark>
<Placemark>
<name>JS0680</name>
<TimeStamp><when>2026-09-23T10:21:50Z</when></TimeStamp>
<styleUrl>#route</styleUrl>
<Point>
<coordinates>137.085183,34.619566,-0.001000</coordinates>
</Point>
<ExtendedData>
	<Data name="IconNumber">
		<value>901001</value>
	</Data>
</ExtendedData>
</Placemark>
<Placemark>
<name>JS0681</name>
<TimeStamp><when>2026-09-23T10:22:00Z</when></TimeStamp>
<styleUrl>#route</styleUrl>
<Point>
<coordinates>137.084668,34.619455,-0.001000</coordinates>
</Point>
<ExtendedData>
	<Data name="IconNumber">
		<value>901001</value>
	</Data>
</ExtendedData>
</Placemark>
<Placemark>
<name>JS0682</name>
<TimeStamp><when>2026-09-23T10:22:10Z</when></TimeStamp>
<styleUrl>#route</styleUrl>
<Point>
<coordinates>137.084281,34.619335,-0.001000</coordinates>
</Point>
<ExtendedData>
	<Data name="IconNumber">
		<value>901001</value>
	</Data>
</ExtendedData>
</Placemark>
<Placemark>
<name>JS0683</name>
<TimeStamp><when>2026-09-23T10:22:20Z</when></TimeStamp>
<styleUrl>#route</styleUrl>
<Point>
<coordinates>137.084131,34.619283,-0.001000</coordinates>
</Point>
<ExtendedData>
	<Data name="IconNumber">
		<value>901001</value>
	</Data>
</ExtendedData>
</Placemark>
<Placemark>
<name>JS0684</name>
<TimeStamp><when>2026-09-23T10:22:30Z</when></TimeStamp>
<styleUrl>#route</styleUrl>
<Point>
<coordinates>137.083809,34.619111,-0.001000</coordinates>
</Point>
<ExtendedData>
	<Data name="IconNumber">
		<value>901001</value>
	</Data>
</ExtendedData>
</Placemark>
<Placemark>
<name>JS0685</name>
<TimeStamp><when>2026-09-23T10:22:40Z</when></TimeStamp>
<styleUrl>#route</styleUrl>
<Point>
<coordinates>137.082565,34.618408,-0.001000</coordinates>
</Point>
<ExtendedData>
	<Data name="IconNumber">
		<value>901001</value>
	</Data>
</ExtendedData>
</Placemark>
<Placemark>
<name>JS0686</name>
<TimeStamp><when>2026-09-23T10:22:50Z</when></TimeStamp>
<styleUrl>#route</styleUrl>
<Point>
<coordinates>137.080108,34.617000,-0.001000</coordinates>
</Point>
<ExtendedData>
	<Data name="IconNumber">
		<value>901001</value>
	</Data>
</ExtendedData>
</Placemark>
<Placemark>
<name>JS0687</name>
<TimeStamp><when>2026-09-23T10:23:00Z</when></TimeStamp>
<styleUrl>#route</styleUrl>
<Point>
<coordinates>137.077544,34.615541,-0.001000</coordinates>
</Point>
<ExtendedData>
	<Data name="IconNumber">
		<value>901001</value>
	</Data>
</ExtendedData>
</Placemark>
<Placemark>
<name>JS0688</name>
<TimeStamp><when>2026-09-23T10:23:10Z</when></TimeStamp>
<styleUrl>#route</styleUrl>
<Point>
<coordinates>137.076889,34.615137,-0.001000</coordinates>
</Point>
<ExtendedData>
	<Data name="IconNumber">
		<value>901001</value>
	</Data>
</ExtendedData>
</Placemark>
<Placemark>
<name>JS0689</name>
<TimeStamp><when>2026-09-23T10:23:20Z</when></TimeStamp>
<styleUrl>#route</styleUrl>
<Point>
<coordinates>137.075784,34.614511,-0.001000</coordinates>
</Point>
<ExtendedData>
	<Data name="IconNumber">
		<value>901001</value>
	</Data>
</ExtendedData>
</Placemark>
<Placemark>
<name>JS0690</name>
<TimeStamp><when>2026-09-23T10:23:30Z</when></TimeStamp>
<styleUrl>#route</styleUrl>
<Point>
<coordinates>137.075087,34.614082,-0.001000</coordinates>
</Point>
<ExtendedData>
	<Data name="IconNumber">
		<value>901001</value>
	</Data>
</ExtendedData>
</Placemark>
<Placemark>
<name>JS0691</name>
<TimeStamp><when>2026-09-23T10:23:40Z</when></TimeStamp>
<styleUrl>#route</styleUrl>
<Point>
<coordinates>137.074679,34.613816,-0.001000</coordinates>
</Point>
<ExtendedData>
	<Data name="IconNumber">
		<value>901001</value>
	</Data>
</ExtendedData>
</Placemark>
<Placemark>
<name>JS0692</name>
<TimeStamp><when>2026-09-23T10:23:50Z</when></TimeStamp>
<styleUrl>#route</styleUrl>
<Point>
<coordinates>137.074475,34.613644,-0.001000</coordinates>
</Point>
<ExtendedData>
	<Data name="IconNumber">
		<value>901001</value>
	</Data>
</ExtendedData>
</Placemark>
<Placemark>
<name>JS0693</name>
<TimeStamp><when>2026-09-23T10:24:00Z</when></TimeStamp>
<styleUrl>#route</styleUrl>
<Point>
<coordinates>137.074293,34.613472,-0.001000</coordinates>
</Point>
<ExtendedData>
	<Data name="IconNumber">
		<value>901001</value>
	</Data>
</ExtendedData>
</Placemark>
<Placemark>
<name>JS0694</name>
<TimeStamp><when>2026-09-23T10:24:10Z</when></TimeStamp>
<styleUrl>#route</styleUrl>
<Point>
<coordinates>137.074175,34.613335,-0.001000</coordinates>
</Point>
<ExtendedData>
	<Data name="IconNumber">
		<value>901001</value>
	</Data>
</ExtendedData>
</Placemark>
<Placemark>
<name>JS0695</name>
<TimeStamp><when>2026-09-23T10:24:20Z</when></TimeStamp>
<styleUrl>#route</styleUrl>
<Point>
<coordinates>137.074046,34.613198,-0.001000</coordinates>
</Point>
<ExtendedData>
	<Data name="IconNumber">
		<value>901001</value>
	</Data>
</ExtendedData>
</Placemark>
<Placemark>
<name>JS0696</name>
<TimeStamp><when>2026-09-23T10:24:30Z</when></TimeStamp>
<styleUrl>#route</styleUrl>
<Point>
<coordinates>137.073917,34.612992,-0.001000</coordinates>
</Point>
<ExtendedData>
	<Data name="IconNumber">
		<value>901001</value>
	</Data>
</ExtendedData>
</Placemark>
<Placemark>
<name>JS0697</name>
<TimeStamp><when>2026-09-23T10:24:40Z</when></TimeStamp>
<styleUrl>#route</styleUrl>
<Point>
<coordinates>137.073038,34.611095,-0.001000</coordinates>
</Point>
<ExtendedData>
	<Data name="IconNumber">
		<value>901001</value>
	</Data>
</ExtendedData>
</Placemark>
<Placemark>
<name>JS0698</name>
<TimeStamp><when>2026-09-23T10:24:50Z</when></TimeStamp>
<styleUrl>#route</styleUrl>
<Point>
<coordinates>137.072780,34.610640,-0.001000</coordinates>
</Point>
<ExtendedData>
	<Data name="IconNumber">
		<value>901001</value>
	</Data>
</ExtendedData>
</Placemark>
<Placemark>
<name>JS0699</name>
<TimeStamp><when>2026-09-23T10:25:00Z</when></TimeStamp>
<styleUrl>#route</styleUrl>
<Point>
<coordinates>137.072683,34.610485,-0.001000</coordinates>
</Point>
<ExtendedData>
	<Data name="IconNumber">
		<value>901001</value>
	</Data>
</ExtendedData>
</Placemark>
<Placemark>
<name>JS0700</name>
<TimeStamp><when>2026-09-23T10:25:10Z</when></TimeStamp>
<styleUrl>#route</styleUrl>
<Point>
<coordinates>137.072244,34.609953,-0.001000</coordinates>
</Point>
<ExtendedData>
	<Data name="IconNumber">
		<value>901001</value>
	</Data>
</ExtendedData>
</Placemark>
<Placemark>
<name>JS0701</name>
<TimeStamp><when>2026-09-23T10:25:20Z</when></TimeStamp>
<styleUrl>#route</styleUrl>
<Point>
<coordinates>137.071943,34.609619,-0.001000</coordinates>
</Point>
<ExtendedData>
	<Data name="IconNumber">
		<value>901001</value>
	</Data>
</ExtendedData>
</Placemark>
<Placemark>
<name>JS0702</name>
<TimeStamp><when>2026-09-23T10:25:30Z</when></TimeStamp>
<styleUrl>#route</styleUrl>
<Point>
<coordinates>137.071546,34.609258,-0.001000</coordinates>
</Point>
<ExtendedData>
	<Data name="IconNumber">
		<value>901001</value>
	</Data>
</ExtendedData>
</Placemark>
<Placemark>
<name>JS0703</name>
<TimeStamp><when>2026-09-23T10:25:40Z</when></TimeStamp>
<styleUrl>#route</styleUrl>
<Point>
<coordinates>137.071203,34.609009,-0.001000</coordinates>
</Point>
<ExtendedData>
	<Data name="IconNumber">
		<value>901001</value>
	</Data>
</ExtendedData>
</Placemark>
<Placemark>
<name>JS0704</name>
<TimeStamp><when>2026-09-23T10:25:50Z</when></TimeStamp>
<styleUrl>#route</styleUrl>
<Point>
<coordinates>137.070892,34.608795,-0.001000</coordinates>
</Point>
<ExtendedData>
	<Data name="IconNumber">
		<value>901001</value>
	</Data>
</ExtendedData>
</Placemark>
<Placemark>
<name>JS0705</name>
<TimeStamp><when>2026-09-23T10:26:00Z</when></TimeStamp>
<styleUrl>#route</styleUrl>
<Point>
<coordinates>137.068928,34.607679,-0.001000</coordinates>
</Point>
<ExtendedData>
	<Data name="IconNumber">
		<value>901001</value>
	</Data>
</ExtendedData>
</Placemark>
<Placemark>
<name>JS0706</name>
<TimeStamp><when>2026-09-23T10:26:10Z</when></TimeStamp>
<styleUrl>#route</styleUrl>
<Point>
<coordinates>137.066986,34.606494,-0.001000</coordinates>
</Point>
<ExtendedData>
	<Data name="IconNumber">
		<value>901001</value>
	</Data>
</ExtendedData>
</Placemark>
<Placemark>
<name>JS0707</name>
<TimeStamp><when>2026-09-23T10:26:20Z</when></TimeStamp>
<styleUrl>#route</styleUrl>
<Point>
<coordinates>137.066697,34.606305,-0.001000</coordinates>
</Point>
<ExtendedData>
	<Data name="IconNumber">
		<value>901001</value>
	</Data>
</ExtendedData>
</Placemark>
<Placemark>
<name>JS0708</name>
<TimeStamp><when>2026-09-23T10:26:30Z</when></TimeStamp>
<styleUrl>#route</styleUrl>
<Point>
<coordinates>137.066010,34.605911,-0.001000</coordinates>
</Point>
<ExtendedData>
	<Data name="IconNumber">
		<value>901001</value>
	</Data>
</ExtendedData>
</Placemark>
<Placemark>
<name>JS0709</name>
<TimeStamp><when>2026-09-23T10:26:40Z</when></TimeStamp>
<styleUrl>#route</styleUrl>
<Point>
<coordinates>137.065431,34.605627,-0.001000</coordinates>
</Point>
<ExtendedData>
	<Data name="IconNumber">
		<value>901001</value>
	</Data>
</ExtendedData>
</Placemark>
<Placemark>
<name>JS0710</name>
<TimeStamp><when>2026-09-23T10:26:50Z</when></TimeStamp>
<styleUrl>#route</styleUrl>
<Point>
<coordinates>137.064873,34.605421,-0.001000</coordinates>
</Point>
<ExtendedData>
	<Data name="IconNumber">
		<value>901001</value>
	</Data>
</ExtendedData>
</Placemark>
<Placemark>
<name>JS0711</name>
<TimeStamp><when>2026-09-23T10:27:00Z</when></TimeStamp>
<styleUrl>#route</styleUrl>
<Point>
<coordinates>137.063768,34.605061,-0.001000</coordinates>
</Point>
<ExtendedData>
	<Data name="IconNumber">
		<value>901001</value>
	</Data>
</ExtendedData>
</Placemark>
<Placemark>
<name>JS0712</name>
<TimeStamp><when>2026-09-23T10:27:10Z</when></TimeStamp>
<styleUrl>#route</styleUrl>
<Point>
<coordinates>137.061665,34.604246,-0.001000</coordinates>
</Point>
<ExtendedData>
	<Data name="IconNumber">
		<value>901001</value>
	</Data>
</ExtendedData>
</Placemark>
<Placemark>
<name>JS0713</name>
<TimeStamp><when>2026-09-23T10:27:20Z</when></TimeStamp>
<styleUrl>#route</styleUrl>
<Point>
<coordinates>137.061429,34.604160,-0.001000</coordinates>
</Point>
<ExtendedData>
	<Data name="IconNumber">
		<value>901001</value>
	</Data>
</ExtendedData>
</Placemark>
<Placemark>
<name>JS0714</name>
<TimeStamp><when>2026-09-23T10:27:30Z</when></TimeStamp>
<styleUrl>#route</styleUrl>
<Point>
<coordinates>137.061139,34.604108,-0.001000</coordinates>
</Point>
<ExtendedData>
	<Data name="IconNumber">
		<value>901001</value>
	</Data>
</ExtendedData>
</Placemark>
<Placemark>
<name>JS0715</name>
<TimeStamp><when>2026-09-23T10:27:40Z</when></TimeStamp>
<styleUrl>#route</styleUrl>
<Point>
<coordinates>137.060238,34.603979,-0.001000</coordinates>
</Point>
<ExtendedData>
	<Data name="IconNumber">
		<value>901001</value>
	</Data>
</ExtendedData>
</Placemark>
<Placemark>
<name>JS0716</name>
<TimeStamp><when>2026-09-23T10:27:50Z</when></TimeStamp>
<styleUrl>#route</styleUrl>
<Point>
<coordinates>137.060056,34.603954,-0.001000</coordinates>
</Point>
<ExtendedData>
	<Data name="IconNumber">
		<value>901001</value>
	</Data>
</ExtendedData>
</Placemark>
<Placemark>
<name>JS0717</name>
<TimeStamp><when>2026-09-23T10:28:00Z</when></TimeStamp>
<styleUrl>#route</styleUrl>
<Point>
<coordinates>137.059648,34.603851,-0.001000</coordinates>
</Point>
<ExtendedData>
	<Data name="IconNumber">
		<value>901001</value>
	</Data>
</ExtendedData>
</Placemark>
<Placemark>
<name>JS0718</name>
<TimeStamp><when>2026-09-23T10:28:10Z</when></TimeStamp>
<styleUrl>#route</styleUrl>
<Point>
<coordinates>137.059240,34.603705,-0.001000</coordinates>
</Point>
<ExtendedData>
	<Data name="IconNumber">
		<value>901001</value>
	</Data>
</ExtendedData>
</Placemark>
<Placemark>
<name>JS0719</name>
<TimeStamp><when>2026-09-23T10:28:20Z</when></TimeStamp>
<styleUrl>#route</styleUrl>
<Point>
<coordinates>137.058983,34.603576,-0.001000</coordinates>
</Point>
<ExtendedData>
	<Data name="IconNumber">
		<value>901001</value>
	</Data>
</ExtendedData>
</Placemark>
<Placemark>
<name>JS0720</name>
<TimeStamp><when>2026-09-23T10:28:30Z</when></TimeStamp>
<styleUrl>#route</styleUrl>
<Point>
<coordinates>137.056515,34.602220,-0.001000</coordinates>
</Point>
<ExtendedData>
	<Data name="IconNumber">
		<value>901001</value>
	</Data>
</ExtendedData>
</Placemark>
<Placemark>
<name>JS0721</name>
<TimeStamp><when>2026-09-23T10:28:40Z</when></TimeStamp>
<styleUrl>#route</styleUrl>
<Point>
<coordinates>137.051172,34.599465,-0.001000</coordinates>
</Point>
<ExtendedData>
	<Data name="IconNumber">
		<value>901001</value>
	</Data>
</ExtendedData>
</Placemark>
<Placemark>
<name>JS0722</name>
<TimeStamp><when>2026-09-23T10:28:50Z</when></TimeStamp>
<styleUrl>#route</styleUrl>
<Point>
<coordinates>137.050743,34.599250,-0.001000</coordinates>
</Point>
<ExtendedData>
	<Data name="IconNumber">
		<value>901001</value>
	</Data>
</ExtendedData>
</Placemark>
<Placemark>
<name>JS0723</name>
<TimeStamp><when>2026-09-23T10:29:00Z</when></TimeStamp>
<styleUrl>#route</styleUrl>
<Point>
<coordinates>137.050453,34.599096,-0.001000</coordinates>
</Point>
<ExtendedData>
	<Data name="IconNumber">
		<value>901001</value>
	</Data>
</ExtendedData>
</Placemark>
<Placemark>
<name>JS0724</name>
<TimeStamp><when>2026-09-23T10:29:10Z</when></TimeStamp>
<styleUrl>#route</styleUrl>
<Point>
<coordinates>137.050271,34.598976,-0.001000</coordinates>
</Point>
<ExtendedData>
	<Data name="IconNumber">
		<value>901001</value>
	</Data>
</ExtendedData>
</Placemark>
<Placemark>
<name>JS0725</name>
<TimeStamp><when>2026-09-23T10:29:20Z</when></TimeStamp>
<styleUrl>#route</styleUrl>
<Point>
<coordinates>137.050089,34.598804,-0.001000</coordinates>
</Point>
<ExtendedData>
	<Data name="IconNumber">
		<value>901001</value>
	</Data>
</ExtendedData>
</Placemark>
<Placemark>
<name>JS0726</name>
<TimeStamp><when>2026-09-23T10:29:30Z</when></TimeStamp>
<styleUrl>#route</styleUrl>
<Point>
<coordinates>137.049842,34.598495,-0.001000</coordinates>
</Point>
<ExtendedData>
	<Data name="IconNumber">
		<value>901001</value>
	</Data>
</ExtendedData>
</Placemark>
<Placemark>
<name>JS0727</name>
<TimeStamp><when>2026-09-23T10:29:40Z</when></TimeStamp>
<styleUrl>#route</styleUrl>
<Point>
<coordinates>137.049466,34.598023,-0.001000</coordinates>
</Point>
<ExtendedData>
	<Data name="IconNumber">
		<value>901001</value>
	</Data>
</ExtendedData>
</Placemark>
<Placemark>
<name>JS0728</name>
<TimeStamp><when>2026-09-23T10:29:50Z</when></TimeStamp>
<styleUrl>#route</styleUrl>
<Point>
<coordinates>137.049177,34.597654,-0.001000</coordinates>
</Point>
<ExtendedData>
	<Data name="IconNumber">
		<value>901001</value>
	</Data>
</ExtendedData>
</Placemark>
<Placemark>
<name>JS0729</name>
<TimeStamp><when>2026-09-23T10:30:00Z</when></TimeStamp>
<styleUrl>#route</styleUrl>
<Point>
<coordinates>137.049048,34.597439,-0.001000</coordinates>
</Point>
<ExtendedData>
	<Data name="IconNumber">
		<value>901001</value>
	</Data>
</ExtendedData>
</Placemark>
<Placemark>
<name>JS0730</name>
<TimeStamp><when>2026-09-23T10:30:10Z</when></TimeStamp>
<styleUrl>#route</styleUrl>
<Point>
<coordinates>137.048426,34.595937,-0.001000</coordinates>
</Point>
<ExtendedData>
	<Data name="IconNumber">
		<value>901001</value>
	</Data>
</ExtendedData>
</Placemark>
<Placemark>
<name>JS0731</name>
<TimeStamp><when>2026-09-23T10:30:20Z</when></TimeStamp>
<styleUrl>#route</styleUrl>
<Point>
<coordinates>137.048286,34.595336,-0.001000</coordinates>
</Point>
<ExtendedData>
	<Data name="IconNumber">
		<value>901001</value>
	</Data>
</ExtendedData>
</Placemark>
<Placemark>
<name>JS0732</name>
<TimeStamp><when>2026-09-23T10:30:30Z</when></TimeStamp>
<styleUrl>#route</styleUrl>
<Point>
<coordinates>137.048190,34.594933,-0.001000</coordinates>
</Point>
<ExtendedData>
	<Data name="IconNumber">
		<value>901001</value>
	</Data>
</ExtendedData>
</Placemark>
<Placemark>
<name>JS0733</name>
<TimeStamp><when>2026-09-23T10:30:40Z</when></TimeStamp>
<styleUrl>#route</styleUrl>
<Point>
<coordinates>137.048114,34.594710,-0.001000</coordinates>
</Point>
<ExtendedData>
	<Data name="IconNumber">
		<value>901001</value>
	</Data>
</ExtendedData>
</Placemark>
<Placemark>
<name>JS0734</name>
<TimeStamp><when>2026-09-23T10:30:50Z</when></TimeStamp>
<styleUrl>#route</styleUrl>
<Point>
<coordinates>137.048029,34.594572,-0.001000</coordinates>
</Point>
<ExtendedData>
	<Data name="IconNumber">
		<value>901001</value>
	</Data>
</ExtendedData>
</Placemark>
<Placemark>
<name>JS0735</name>
<TimeStamp><when>2026-09-23T10:31:00Z</when></TimeStamp>
<styleUrl>#route</styleUrl>
<Point>
<coordinates>137.047900,34.594409,-0.001000</coordinates>
</Point>
<ExtendedData>
	<Data name="IconNumber">
		<value>901001</value>
	</Data>
</ExtendedData>
</Placemark>
<Placemark>
<name>JS0736</name>
<TimeStamp><when>2026-09-23T10:31:10Z</when></TimeStamp>
<styleUrl>#route</styleUrl>
<Point>
<coordinates>137.046462,34.593225,-0.001000</coordinates>
</Point>
<ExtendedData>
	<Data name="IconNumber">
		<value>901001</value>
	</Data>
</ExtendedData>
</Placemark>
<Placemark>
<name>JS0737</name>
<TimeStamp><when>2026-09-23T10:31:20Z</when></TimeStamp>
<styleUrl>#route</styleUrl>
<Point>
<coordinates>137.046258,34.593027,-0.001000</coordinates>
</Point>
<ExtendedData>
	<Data name="IconNumber">
		<value>901001</value>
	</Data>
</ExtendedData>
</Placemark>
<Placemark>
<name>JS0738</name>
<TimeStamp><when>2026-09-23T10:31:30Z</when></TimeStamp>
<styleUrl>#route</styleUrl>
<Point>
<coordinates>137.046108,34.592804,-0.001000</coordinates>
</Point>
<ExtendedData>
	<Data name="IconNumber">
		<value>901001</value>
	</Data>
</ExtendedData>
</Placemark>
<Placemark>
<name>JS0739</name>
<TimeStamp><when>2026-09-23T10:31:40Z</when></TimeStamp>
<styleUrl>#route</styleUrl>
<Point>
<coordinates>137.045711,34.592161,-0.001000</coordinates>
</Point>
<ExtendedData>
	<Data name="IconNumber">
		<value>901001</value>
	</Data>
</ExtendedData>
</Placemark>
<Placemark>
<name>JS0740</name>
<TimeStamp><when>2026-09-23T10:31:50Z</when></TimeStamp>
<styleUrl>#route</styleUrl>
<Point>
<coordinates>137.045518,34.591877,-0.001000</coordinates>
</Point>
<ExtendedData>
	<Data name="IconNumber">
		<value>901001</value>
	</Data>
</ExtendedData>
</Placemark>
<Placemark>
<name>JS0741</name>
<TimeStamp><when>2026-09-23T10:32:00Z</when></TimeStamp>
<styleUrl>#route</styleUrl>
<Point>
<coordinates>137.044896,34.591036,-0.001000</coordinates>
</Point>
<ExtendedData>
	<Data name="IconNumber">
		<value>901001</value>
	</Data>
</ExtendedData>
</Placemark>
<Placemark>
<name>JS0742</name>
<TimeStamp><when>2026-09-23T10:32:10Z</when></TimeStamp>
<styleUrl>#route</styleUrl>
<Point>
<coordinates>137.044338,34.590547,-0.001000</coordinates>
</Point>
<ExtendedData>
	<Data name="IconNumber">
		<value>901001</value>
	</Data>
</ExtendedData>
</Placemark>
<Placemark>
<name>JS0743</name>
<TimeStamp><when>2026-09-23T10:32:20Z</when></TimeStamp>
<styleUrl>#route</styleUrl>
<Point>
<coordinates>137.043823,34.590169,-0.001000</coordinates>
</Point>
<ExtendedData>
	<Data name="IconNumber">
		<value>901001</value>
	</Data>
</ExtendedData>
</Placemark>
<Placemark>
<name>JS0744</name>
<TimeStamp><when>2026-09-23T10:32:30Z</when></TimeStamp>
<styleUrl>#route</styleUrl>
<Point>
<coordinates>137.043372,34.589903,-0.001000</coordinates>
</Point>
<ExtendedData>
	<Data name="IconNumber">
		<value>901001</value>
	</Data>
</ExtendedData>
</Placemark>
<Placemark>
<name>JS0745</name>
<TimeStamp><when>2026-09-23T10:32:40Z</when></TimeStamp>
<styleUrl>#route</styleUrl>
<Point>
<coordinates>137.042825,34.589586,-0.001000</coordinates>
</Point>
<ExtendedData>
	<Data name="IconNumber">
		<value>901001</value>
	</Data>
</ExtendedData>
</Placemark>
<Placemark>
<name>JS0746</name>
<TimeStamp><when>2026-09-23T10:32:50Z</when></TimeStamp>
<styleUrl>#route</styleUrl>
<Point>
<coordinates>137.042611,34.589465,-0.001000</coordinates>
</Point>
<ExtendedData>
	<Data name="IconNumber">
		<value>901001</value>
	</Data>
</ExtendedData>
</Placemark>
<Placemark>
<name>JS0747</name>
<TimeStamp><when>2026-09-23T10:33:00Z</when></TimeStamp>
<styleUrl>#route</styleUrl>
<Point>
<coordinates>137.042385,34.589414,-0.001000</coordinates>
</Point>
<ExtendedData>
	<Data name="IconNumber">
		<value>901001</value>
	</Data>
</ExtendedData>
</Placemark>
<Placemark>
<name>JS0748</name>
<TimeStamp><when>2026-09-23T10:33:10Z</when></TimeStamp>
<styleUrl>#route</styleUrl>
<Point>
<coordinates>137.042181,34.589380,-0.001000</coordinates>
</Point>
<ExtendedData>
	<Data name="IconNumber">
		<value>901001</value>
	</Data>
</ExtendedData>
</Placemark>
<Placemark>
<name>JS0749</name>
<TimeStamp><when>2026-09-23T10:33:20Z</when></TimeStamp>
<styleUrl>#route</styleUrl>
<Point>
<coordinates>137.041935,34.589380,-0.001000</coordinates>
</Point>
<ExtendedData>
	<Data name="IconNumber">
		<value>901001</value>
	</Data>
</ExtendedData>
</Placemark>
<Placemark>
<name>JS0750</name>
<TimeStamp><when>2026-09-23T10:33:30Z</when></TimeStamp>
<styleUrl>#route</styleUrl>
<Point>
<coordinates>137.041591,34.589405,-0.001000</coordinates>
</Point>
<ExtendedData>
	<Data name="IconNumber">
		<value>901001</value>
	</Data>
</ExtendedData>
</Placemark>
<Placemark>
<name>JS0751</name>
<TimeStamp><when>2026-09-23T10:33:40Z</when></TimeStamp>
<styleUrl>#route</styleUrl>
<Point>
<coordinates>137.040175,34.589603,-0.001000</coordinates>
</Point>
<ExtendedData>
	<Data name="IconNumber">
		<value>901001</value>
	</Data>
</ExtendedData>
</Placemark>
<Placemark>
<name>JS0752</name>
<TimeStamp><when>2026-09-23T10:33:50Z</when></TimeStamp>
<styleUrl>#route</styleUrl>
<Point>
<coordinates>137.038287,34.589860,-0.001000</coordinates>
</Point>
<ExtendedData>
	<Data name="IconNumber">
		<value>901001</value>
	</Data>
</ExtendedData>
</Placemark>
<Placemark>
<name>JS0753</name>
<TimeStamp><when>2026-09-23T10:34:00Z</when></TimeStamp>
<styleUrl>#route</styleUrl>
<Point>
<coordinates>137.037139,34.590032,-0.001000</coordinates>
</Point>
<ExtendedData>
	<Data name="IconNumber">
		<value>901001</value>
	</Data>
</ExtendedData>
</Placemark>
<Placemark>
<name>JS0754</name>
<TimeStamp><when>2026-09-23T10:34:10Z</when></TimeStamp>
<styleUrl>#route</styleUrl>
<Point>
<coordinates>137.036806,34.590049,-0.001000</coordinates>
</Point>
<ExtendedData>
	<Data name="IconNumber">
		<value>901001</value>
	</Data>
</ExtendedData>
</Placemark>
<Placemark>
<name>JS0755</name>
<TimeStamp><when>2026-09-23T10:34:20Z</when></TimeStamp>
<styleUrl>#route</styleUrl>
<Point>
<coordinates>137.036613,34.590049,-0.001000</coordinates>
</Point>
<ExtendedData>
	<Data name="IconNumber">
		<value>901001</value>
	</Data>
</ExtendedData>
</Placemark>
<Placemark>
<name>JS0756</name>
<TimeStamp><when>2026-09-23T10:34:30Z</when></TimeStamp>
<styleUrl>#route</styleUrl>
<Point>
<coordinates>137.036334,34.590032,-0.001000</coordinates>
</Point>
<ExtendedData>
	<Data name="IconNumber">
		<value>901001</value>
	</Data>
</ExtendedData>
</Placemark>
<Placemark>
<name>JS0757</name>
<TimeStamp><when>2026-09-23T10:34:40Z</when></TimeStamp>
<styleUrl>#route</styleUrl>
<Point>
<coordinates>137.035873,34.589963,-0.001000</coordinates>
</Point>
<ExtendedData>
	<Data name="IconNumber">
		<value>901001</value>
	</Data>
</ExtendedData>
</Placemark>
<Placemark>
<name>JS0758</name>
<TimeStamp><when>2026-09-23T10:34:50Z</when></TimeStamp>
<styleUrl>#route</styleUrl>
<Point>
<coordinates>137.029596,34.588847,-0.001000</coordinates>
</Point>
<ExtendedData>
	<Data name="IconNumber">
		<value>901001</value>
	</Data>
</ExtendedData>
</Placemark>
<Placemark>
<name>JS0759</name>
<TimeStamp><when>2026-09-23T10:35:00Z</when></TimeStamp>
<styleUrl>#route</styleUrl>
<Point>
<coordinates>137.029328,34.588762,-0.001000</coordinates>
</Point>
<ExtendedData>
	<Data name="IconNumber">
		<value>901001</value>
	</Data>
</ExtendedData>
</Placemark>
<Placemark>
<name>JS0760</name>
<TimeStamp><when>2026-09-23T10:35:10Z</when></TimeStamp>
<styleUrl>#route</styleUrl>
<Point>
<coordinates>137.028856,34.588538,-0.001000</coordinates>
</Point>
<ExtendedData>
	<Data name="IconNumber">
		<value>901001</value>
	</Data>
</ExtendedData>
</Placemark>
<Placemark>
<name>JS0761</name>
<TimeStamp><when>2026-09-23T10:35:20Z</when></TimeStamp>
<styleUrl>#route</styleUrl>
<Point>
<coordinates>137.028642,34.588410,-0.001000</coordinates>
</Point>
<ExtendedData>
	<Data name="IconNumber">
		<value>901001</value>
	</Data>
</ExtendedData>
</Placemark>
<Placemark>
<name>JS0762</name>
<TimeStamp><when>2026-09-23T10:35:30Z</when></TimeStamp>
<styleUrl>#route</styleUrl>
<Point>
<coordinates>137.028352,34.588161,-0.001000</coordinates>
</Point>
<ExtendedData>
	<Data name="IconNumber">
		<value>901001</value>
	</Data>
</ExtendedData>
</Placemark>
<Placemark>
<name>JS0763</name>
<TimeStamp><when>2026-09-23T10:35:40Z</when></TimeStamp>
<styleUrl>#route</styleUrl>
<Point>
<coordinates>137.028062,34.587895,-0.001000</coordinates>
</Point>
<ExtendedData>
	<Data name="IconNumber">
		<value>901001</value>
	</Data>
</ExtendedData>
</Placemark>
<Placemark>
<name>JS0764</name>
<TimeStamp><when>2026-09-23T10:35:50Z</when></TimeStamp>
<styleUrl>#route</styleUrl>
<Point>
<coordinates>137.027429,34.587242,-0.001000</coordinates>
</Point>
<ExtendedData>
	<Data name="IconNumber">
		<value>901001</value>
	</Data>
</ExtendedData>
</Placemark>
<Placemark>
<name>JS0765</name>
<TimeStamp><when>2026-09-23T10:36:00Z</when></TimeStamp>
<styleUrl>#route</styleUrl>
<Point>
<coordinates>137.027150,34.586994,-0.001000</coordinates>
</Point>
<ExtendedData>
	<Data name="IconNumber">
		<value>901001</value>
	</Data>
</ExtendedData>
</Placemark>
<Placemark>
<name>JS0766</name>
<TimeStamp><when>2026-09-23T10:36:10Z</when></TimeStamp>
<styleUrl>#route</styleUrl>
<Point>
<coordinates>137.026861,34.586702,-0.001000</coordinates>
</Point>
<ExtendedData>
	<Data name="IconNumber">
		<value>901001</value>
	</Data>
</ExtendedData>
</Placemark>
<Placemark>
<name>JS0767</name>
<TimeStamp><when>2026-09-23T10:36:20Z</when></TimeStamp>
<styleUrl>#route</styleUrl>
<Point>
<coordinates>137.026700,34.586513,-0.001000</coordinates>
</Point>
<ExtendedData>
	<Data name="IconNumber">
		<value>901001</value>
	</Data>
</ExtendedData>
</Placemark>
<Placemark>
<name>JS0768</name>
<TimeStamp><when>2026-09-23T10:36:30Z</when></TimeStamp>
<styleUrl>#route</styleUrl>
<Point>
<coordinates>137.026582,34.586350,-0.001000</coordinates>
</Point>
<ExtendedData>
	<Data name="IconNumber">
		<value>901001</value>
	</Data>
</ExtendedData>
</Placemark>
<Placemark>
<name>JS0769</name>
<TimeStamp><when>2026-09-23T10:36:40Z</when></TimeStamp>
<styleUrl>#route</styleUrl>
<Point>
<coordinates>137.026496,34.586195,-0.001000</coordinates>
</Point>
<ExtendedData>
	<Data name="IconNumber">
		<value>901001</value>
	</Data>
</ExtendedData>
</Placemark>
<Placemark>
<name>JS0770</name>
<TimeStamp><when>2026-09-23T10:36:50Z</when></TimeStamp>
<styleUrl>#route</styleUrl>
<Point>
<coordinates>137.026206,34.585672,-0.001000</coordinates>
</Point>
<ExtendedData>
	<Data name="IconNumber">
		<value>901001</value>
	</Data>
</ExtendedData>
</Placemark>
<Placemark>
<name>JS0771</name>
<TimeStamp><when>2026-09-23T10:37:00Z</when></TimeStamp>
<styleUrl>#route</styleUrl>
<Point>
<coordinates>137.025777,34.584951,-0.001000</coordinates>
</Point>
<ExtendedData>
	<Data name="IconNumber">
		<value>901001</value>
	</Data>
</ExtendedData>
</Placemark>
<Placemark>
<name>JS0772</name>
<TimeStamp><when>2026-09-23T10:37:10Z</when></TimeStamp>
<styleUrl>#route</styleUrl>
<Point>
<coordinates>137.025509,34.584547,-0.001000</coordinates>
</Point>
<ExtendedData>
	<Data name="IconNumber">
		<value>901001</value>
	</Data>
</ExtendedData>
</Placemark>
<Placemark>
<name>JS0773</name>
<TimeStamp><when>2026-09-23T10:37:20Z</when></TimeStamp>
<styleUrl>#route</styleUrl>
<Point>
<coordinates>137.025187,34.584221,-0.001000</coordinates>
</Point>
<ExtendedData>
	<Data name="IconNumber">
		<value>901001</value>
	</Data>
</ExtendedData>
</Placemark>
<Placemark>
<name>JS0774</name>
<TimeStamp><when>2026-09-23T10:37:30Z</when></TimeStamp>
<styleUrl>#route</styleUrl>
<Point>
<coordinates>137.025037,34.584071,-0.001000</coordinates>
</Point>
<ExtendedData>
	<Data name="IconNumber">
		<value>901001</value>
	</Data>
</ExtendedData>
</Placemark>
<Placemark>
<name>JS0775</name>
<TimeStamp><when>2026-09-23T10:37:40Z</when></TimeStamp>
<styleUrl>#route</styleUrl>
<Point>
<coordinates>137.023862,34.583187,-0.001000</coordinates>
</Point>
<ExtendedData>
	<Data name="IconNumber">
		<value>901001</value>
	</Data>
</ExtendedData>
</Placemark>
<Placemark>
<name>JS0776</name>
<TimeStamp><when>2026-09-23T10:37:50Z</when></TimeStamp>
<styleUrl>#route</styleUrl>
<Point>
<coordinates>137.023025,34.582633,-0.001000</coordinates>
</Point>
<ExtendedData>
	<Data name="IconNumber">
		<value>901001</value>
	</Data>
</ExtendedData>
</Placemark>
<Placemark>
<name>JS0777</name>
<TimeStamp><when>2026-09-23T10:38:00Z</when></TimeStamp>
<styleUrl>#route</styleUrl>
<Point>
<coordinates>137.022875,34.582530,-0.001000</coordinates>
</Point>
<ExtendedData>
	<Data name="IconNumber">
		<value>901001</value>
	</Data>
</ExtendedData>
</Placemark>
<Placemark>
<name>JS0778</name>
<TimeStamp><when>2026-09-23T10:38:10Z</when></TimeStamp>
<styleUrl>#route</styleUrl>
<Point>
<coordinates>137.022789,34.582423,-0.001000</coordinates>
</Point>
<ExtendedData>
	<Data name="IconNumber">
		<value>901001</value>
	</Data>
</ExtendedData>
</Placemark>
<Placemark>
<name>JS0779</name>
<TimeStamp><when>2026-09-23T10:38:20Z</when></TimeStamp>
<styleUrl>#route</styleUrl>
<Point>
<coordinates>137.022768,34.582294,-0.001000</coordinates>
</Point>
<ExtendedData>
	<Data name="IconNumber">
		<value>901001</value>
	</Data>
</ExtendedData>
</Placemark>
<Placemark>
<name>JS0780</name>
<TimeStamp><when>2026-09-23T10:38:30Z</when></TimeStamp>
<styleUrl>#route</styleUrl>
<Point>
<coordinates>137.022768,34.582208,-0.001000</coordinates>
</Point>
<ExtendedData>
	<Data name="IconNumber">
		<value>901001</value>
	</Data>
</ExtendedData>
</Placemark>
<Placemark>
<name>JS0781</name>
<TimeStamp><when>2026-09-23T10:38:40Z</when></TimeStamp>
<styleUrl>#route</styleUrl>
<Point>
<coordinates>137.022778,34.582131,-0.001000</coordinates>
</Point>
<ExtendedData>
	<Data name="IconNumber">
		<value>901001</value>
	</Data>
</ExtendedData>
</Placemark>
<Placemark>
<name>JS0782</name>
<TimeStamp><when>2026-09-23T10:38:50Z</when></TimeStamp>
<styleUrl>#route</styleUrl>
<Point>
<coordinates>137.022794,34.582067,-0.001000</coordinates>
</Point>
<ExtendedData>
	<Data name="IconNumber">
		<value>901001</value>
	</Data>
</ExtendedData>
</Placemark>
<Placemark>
<name>JS0783</name>
<TimeStamp><when>2026-09-23T10:39:00Z</when></TimeStamp>
<styleUrl>#route</styleUrl>
<Point>
<coordinates>137.022623,34.581981,-0.001000</coordinates>
</Point>
<ExtendedData>
	<Data name="IconNumber">
		<value>901001</value>
	</Data>
</ExtendedData>
</Placemark>
<Placemark>
<name>JS0784</name>
<TimeStamp><when>2026-09-23T10:39:10Z</when></TimeStamp>
<styleUrl>#route</styleUrl>
<Point>
<coordinates>137.021738,34.581264,-0.001000</coordinates>
</Point>
<ExtendedData>
	<Data name="IconNumber">
		<value>901001</value>
	</Data>
</ExtendedData>
</Placemark>
<Placemark>
<name>JS0785</name>
<TimeStamp><when>2026-09-23T10:39:20Z</when></TimeStamp>
<styleUrl>#route</styleUrl>
<Point>
<coordinates>137.021040,34.580711,-0.001000</coordinates>
</Point>
<ExtendedData>
	<Data name="IconNumber">
		<value>901001</value>
	</Data>
</ExtendedData>
</Placemark>
<Placemark>
<name>JS0786</name>
<TimeStamp><when>2026-09-23T10:39:30Z</when></TimeStamp>
<styleUrl>#route</styleUrl>
<Point>
<coordinates>137.020686,34.580419,-0.001000</coordinates>
</Point>
<ExtendedData>
	<Data name="IconNumber">
		<value>901001</value>
	</Data>
</ExtendedData>
</Placemark>
</Folder>
<Placemark>
<name>Path</name>
<Style>
<LineStyle>
 <color>ff0000ff</color>
 <width>2</width>
</LineStyle>
</Style>
<LineString>
<tessellate>1</tessellate>
<coordinates>
137.548138,34.827024,-0.001000
137.547619,34.826770,-0.001000
137.547453,34.826714,-0.001000
137.546503,34.826259,-0.001000
137.546208,34.826139,-0.001000
137.545951,34.826049,-0.001000
137.545688,34.825989,-0.001000
137.545500,34.825959,-0.001000
137.545323,34.825946,-0.001000
137.545151,34.825946,-0.001000
137.544964,34.825963,-0.001000
137.544760,34.826006,-0.001000
137.544567,34.826079,-0.001000
137.544331,34.826199,-0.001000
137.544143,34.826311,-0.001000
137.543944,34.826465,-0.001000
137.543773,34.826615,-0.001000
137.543494,34.826894,-0.001000
137.543204,34.827212,-0.001000
137.542850,34.827620,-0.001000
137.542646,34.827860,-0.001000
137.542555,34.827989,-0.001000
137.542340,34.828422,-0.001000
137.542158,34.828650,-0.001000
137.541235,34.829877,-0.001000
137.540811,34.830418,-0.001000
137.540629,34.830628,-0.001000
137.540205,34.831049,-0.001000
137.539792,34.831392,-0.001000
137.539299,34.831727,-0.001000
137.538945,34.831920,-0.001000
137.538623,34.832074,-0.001000
137.538231,34.832233,-0.001000
137.537775,34.832392,-0.001000
137.537362,34.832508,-0.001000
137.536590,34.832692,-0.001000
137.536354,34.832757,-0.001000
137.535828,34.832907,-0.001000
137.535409,34.833057,-0.001000
137.535147,34.833156,-0.001000
137.534782,34.833323,-0.001000
137.534610,34.833413,-0.001000
137.534149,34.833684,-0.001000
137.533655,34.834031,-0.001000
137.533221,34.834374,-0.001000
137.532255,34.835250,-0.001000
137.531429,34.835825,-0.001000
137.530818,34.836160,-0.001000
137.529873,34.836537,-0.001000
137.529155,34.836778,-0.001000
137.528618,34.836949,-0.001000
137.528296,34.837035,-0.001000
137.527931,34.837173,-0.001000
137.527620,34.837327,-0.001000
137.527288,34.837533,-0.001000
137.527009,34.837713,-0.001000
137.526623,34.838031,-0.001000
137.526258,34.838340,-0.001000
137.525914,34.838700,-0.001000
137.525292,34.839438,-0.001000
137.524713,34.840211,-0.001000
137.524176,34.840966,-0.001000
137.523619,34.841739,-0.001000
137.523318,34.842108,-0.001000
137.522996,34.842468,-0.001000
137.522653,34.842794,-0.001000
137.522267,34.843112,-0.001000
137.521870,34.843404,-0.001000
137.521462,34.843679,-0.001000
137.521097,34.843919,-0.001000
137.520690,34.844133,-0.001000
137.520153,34.844382,-0.001000
137.519692,34.844571,-0.001000
137.518951,34.844829,-0.001000
137.517879,34.845103,-0.001000
137.517482,34.845189,-0.001000
137.516441,34.845378,-0.001000
137.515411,34.845515,-0.001000
137.513458,34.845721,-0.001000
137.511205,34.845893,-0.001000
137.510122,34.845936,-0.001000
137.509274,34.845953,-0.001000
137.508223,34.845953,-0.001000
137.507225,34.845867,-0.001000
137.506774,34.845816,-0.001000
137.506232,34.845743,-0.001000
137.505760,34.845661,-0.001000
137.505256,34.845558,-0.001000
137.504827,34.845455,-0.001000
137.504344,34.845326,-0.001000
137.503620,34.845103,-0.001000
137.503094,34.844927,-0.001000
137.502735,34.844799,-0.001000
137.501898,34.844485,-0.001000
137.500889,34.844091,-0.001000
137.500321,34.843833,-0.001000
137.499978,34.843700,-0.001000
137.499656,34.843580,-0.001000
137.499012,34.843352,-0.001000
137.498454,34.843172,-0.001000
137.498068,34.843052,-0.001000
137.497596,34.842932,-0.001000
137.497231,34.842850,-0.001000
137.496834,34.842773,-0.001000
137.496512,34.842726,-0.001000
137.495960,34.842657,-0.001000
137.495606,34.842631,-0.001000
137.495091,34.842623,-0.001000
137.494554,34.842640,-0.001000
137.493889,34.842683,-0.001000
137.493395,34.842743,-0.001000
137.491926,34.843018,-0.001000
137.491121,34.843189,-0.001000
137.488803,34.843824,-0.001000
137.487988,34.844030,-0.001000
137.487387,34.844151,-0.001000
137.486561,34.844271,-0.001000
137.485177,34.844425,-0.001000
137.484136,34.844477,-0.001000
137.483514,34.844477,-0.001000
137.482656,34.844442,-0.001000
137.481862,34.844417,-0.001000
137.480521,34.844331,-0.001000
137.479641,34.844297,-0.001000
137.479244,34.844297,-0.001000
137.478547,34.844331,-0.001000
137.478042,34.844374,-0.001000
137.477442,34.844442,-0.001000
137.477002,34.844503,-0.001000
137.476390,34.844605,-0.001000
137.475532,34.844786,-0.001000
137.474706,34.844992,-0.001000
137.471487,34.845936,-0.001000
137.470908,34.846099,-0.001000
137.470210,34.846279,-0.001000
137.469492,34.846442,-0.001000
137.468848,34.846571,-0.001000
137.468043,34.846700,-0.001000
137.466702,34.846863,-0.001000
137.465576,34.846949,-0.001000
137.464245,34.847000,-0.001000
137.463408,34.846983,-0.001000
137.462368,34.846949,-0.001000
137.461842,34.846906,-0.001000
137.461134,34.846829,-0.001000
137.460340,34.846734,-0.001000
137.459589,34.846623,-0.001000
137.458162,34.846348,-0.001000
137.456016,34.845833,-0.001000
137.451918,34.844777,-0.001000
137.451714,34.844683,-0.001000
137.450555,34.844327,-0.001000
137.450190,34.844224,-0.001000
137.450008,34.844146,-0.001000
137.449729,34.843992,-0.001000
137.449557,34.843829,-0.001000
137.449332,34.843588,-0.001000
137.449225,34.843528,-0.001000
137.448088,34.843305,-0.001000
137.447927,34.843297,-0.001000
137.447809,34.843348,-0.001000
137.447573,34.843614,-0.001000
137.447465,34.843648,-0.001000
137.447315,34.843666,-0.001000
137.447036,34.843623,-0.001000
137.446156,34.843537,-0.001000
137.445314,34.843511,-0.001000
137.443222,34.843322,-0.001000
137.441033,34.843125,-0.001000
137.439596,34.843022,-0.001000
137.438072,34.842876,-0.001000
137.436634,34.842704,-0.001000
137.435197,34.842473,-0.001000
137.433888,34.842207,-0.001000
137.432944,34.841992,-0.001000
137.431034,34.841503,-0.001000
137.425133,34.839855,-0.001000
137.423846,34.839529,-0.001000
137.423084,34.839348,-0.001000
137.422505,34.839220,-0.001000
137.421957,34.839117,-0.001000
137.420434,34.838851,-0.001000
137.419704,34.838756,-0.001000
137.418395,34.838602,-0.001000
137.416969,34.838464,-0.001000
137.416588,34.838443,-0.001000
137.416395,34.838357,-0.001000
137.416196,34.838331,-0.001000
137.416062,34.838314,-0.001000
137.415568,34.838228,-0.001000
137.415370,34.838190,-0.001000
137.415118,34.838130,-0.001000
137.414850,34.838039,-0.001000
137.414646,34.837958,-0.001000
137.414431,34.837851,-0.001000
137.414217,34.837730,-0.001000
137.414066,34.837640,-0.001000
137.413804,34.837469,-0.001000
137.413466,34.837173,-0.001000
137.413369,34.837052,-0.001000
137.412967,34.836782,-0.001000
137.412698,34.836610,-0.001000
137.412473,34.836503,-0.001000
137.412216,34.836443,-0.001000
137.411905,34.836340,-0.001000
137.410993,34.836220,-0.001000
137.410617,34.836143,-0.001000
137.410370,34.836074,-0.001000
137.410156,34.835980,-0.001000
137.410016,34.835859,-0.001000
137.409802,34.835645,-0.001000
137.409394,34.834177,-0.001000
137.408546,34.831585,-0.001000
137.408123,34.830156,-0.001000
137.407565,34.828401,-0.001000
137.406685,34.825697,-0.001000
137.405988,34.823367,-0.001000
137.405183,34.820805,-0.001000
137.405097,34.820547,-0.001000
137.405006,34.820324,-0.001000
137.404904,34.820109,-0.001000
137.404732,34.819818,-0.001000
137.404410,34.819380,-0.001000
137.404030,34.818946,-0.001000
137.403858,34.818740,-0.001000
137.403477,34.818449,-0.001000
137.403268,34.818298,-0.001000
137.402533,34.817831,-0.001000
137.400419,34.816526,-0.001000
137.395725,34.813582,-0.001000
137.392743,34.811711,-0.001000
137.391740,34.811093,-0.001000
137.389755,34.809857,-0.001000
137.384798,34.806750,-0.001000
137.383790,34.806140,-0.001000
137.381826,34.804879,-0.001000
137.379809,34.803634,-0.001000
137.375850,34.801154,-0.001000
137.373898,34.799944,-0.001000
137.369949,34.797437,-0.001000
137.368962,34.796802,-0.001000
137.368490,34.796493,-0.001000
137.368040,34.796244,-0.001000
137.367916,34.796167,-0.001000
137.366978,34.795592,-0.001000
137.366119,34.795051,-0.001000
137.365894,34.794965,-0.001000
137.365293,34.794631,-0.001000
137.361517,34.792270,-0.001000
137.360637,34.791695,-0.001000
137.358545,34.790219,-0.001000
137.357332,34.789532,-0.001000
137.356710,34.789206,-0.001000
137.355750,34.788755,-0.001000
137.355192,34.788489,-0.001000
137.354709,34.788258,-0.001000
137.354280,34.788082,-0.001000
137.353706,34.787863,-0.001000
137.353255,34.787726,-0.001000
137.352880,34.787618,-0.001000
137.351507,34.787283,-0.001000
137.351013,34.787146,-0.001000
137.350498,34.786983,-0.001000
137.349597,34.786708,-0.001000
137.348899,34.786502,-0.001000
137.347590,34.786073,-0.001000
137.346893,34.785867,-0.001000
137.346196,34.785644,-0.001000
137.346046,34.785490,-0.001000
137.345681,34.785369,-0.001000
137.343664,34.784734,-0.001000
137.343310,34.784666,-0.001000
137.342130,34.784460,-0.001000
137.341690,34.784400,-0.001000
137.341057,34.784322,-0.001000
137.340391,34.784262,-0.001000
137.338535,34.784091,-0.001000
137.336100,34.783842,-0.001000
137.334855,34.783722,-0.001000
137.334662,34.783713,-0.001000
137.333782,34.783644,-0.001000
137.333053,34.783567,-0.001000
137.333053,34.783172,-0.001000
137.333031,34.782649,-0.001000
137.332924,34.781559,-0.001000
137.332828,34.781344,-0.001000
137.332806,34.780606,-0.001000
137.332753,34.779121,-0.001000
137.332581,34.775293,-0.001000
137.332431,34.771499,-0.001000
137.332280,34.768186,-0.001000
137.332227,34.766615,-0.001000
137.332227,34.765551,-0.001000
137.332291,34.764375,-0.001000
137.332420,34.763397,-0.001000
137.332570,34.762444,-0.001000
137.332774,34.761526,-0.001000
137.333031,34.760436,-0.001000
137.333461,34.758650,-0.001000
137.334480,34.754359,-0.001000
137.335317,34.750814,-0.001000
137.335531,34.749930,-0.001000
137.335724,34.749235,-0.001000
137.335960,34.748505,-0.001000
137.336196,34.747904,-0.001000
137.336357,34.747535,-0.001000
137.336475,34.747278,-0.001000
137.336829,34.746634,-0.001000
137.337259,34.745896,-0.001000
137.337699,34.745269,-0.001000
137.338428,34.744368,-0.001000
137.339383,34.743295,-0.001000
137.342516,34.739948,-0.001000
137.343696,34.738703,-0.001000
137.344608,34.737785,-0.001000
137.345101,34.737321,-0.001000
137.345638,34.736849,-0.001000
137.346743,34.735931,-0.001000
137.347859,34.735098,-0.001000
137.349768,34.733725,-0.001000
137.350455,34.733227,-0.001000
137.351303,34.732566,-0.001000
137.351743,34.732197,-0.001000
137.352376,34.731614,-0.001000
137.352783,34.731167,-0.001000
137.353051,34.730841,-0.001000
137.353288,34.730541,-0.001000
137.353674,34.729966,-0.001000
137.354006,34.729365,-0.001000
137.354317,34.728678,-0.001000
137.354468,34.728266,-0.001000
137.354596,34.727854,-0.001000
137.354725,34.727356,-0.001000
137.354800,34.726910,-0.001000
137.354843,34.726533,-0.001000
137.354865,34.726189,-0.001000
137.354865,34.725537,-0.001000
137.354854,34.725176,-0.001000
137.354800,34.724807,-0.001000
137.354596,34.723657,-0.001000
137.354264,34.722327,-0.001000
137.353255,34.718439,-0.001000
137.352622,34.716010,-0.001000
137.352461,34.715289,-0.001000
137.352343,34.714722,-0.001000
137.352247,34.714181,-0.001000
137.352166,34.713701,-0.001000
137.352123,34.713186,-0.001000
137.352102,34.712688,-0.001000
137.352102,34.712276,-0.001000
137.352113,34.711916,-0.001000
137.352177,34.711298,-0.001000
137.352220,34.711031,-0.001000
137.352317,34.710585,-0.001000
137.352411,34.710272,-0.001000
137.352722,34.709577,-0.001000
137.352862,34.709225,-0.001000
137.353114,34.708719,-0.001000
137.353248,34.708457,-0.001000
137.353591,34.707895,-0.001000
137.353677,34.707757,-0.001000
137.353377,34.707504,-0.001000
137.352078,34.706594,-0.001000
137.351306,34.706071,-0.001000
137.350534,34.705616,-0.001000
137.349139,34.704878,-0.001000
137.348506,34.704569,-0.001000
137.345706,34.703092,-0.001000
137.344354,34.702406,-0.001000
137.342884,34.701616,-0.001000
137.341092,34.700689,-0.001000
137.339869,34.700071,-0.001000
137.336876,34.698483,-0.001000
137.335889,34.697994,-0.001000
137.335384,34.697719,-0.001000
137.335105,34.697531,-0.001000
137.334923,34.697376,-0.001000
137.333711,34.696312,-0.001000
137.332541,34.695213,-0.001000
137.331973,34.694715,-0.001000
137.331372,34.694157,-0.001000
137.330363,34.693230,-0.001000
137.329290,34.692295,-0.001000
137.328711,34.691857,-0.001000
137.328496,34.691746,-0.001000
137.328239,34.691557,-0.001000
137.327488,34.690999,-0.001000
137.327166,34.690784,-0.001000
137.326834,34.690570,-0.001000
137.326608,34.690441,-0.001000
137.326286,34.690295,-0.001000
137.326115,34.690218,-0.001000
137.325889,34.690098,-0.001000
137.324709,34.689299,-0.001000
137.324366,34.689059,-0.001000
137.323722,34.688673,-0.001000
137.323207,34.688312,-0.001000
137.320804,34.686664,-0.001000
137.320321,34.686321,-0.001000
137.320042,34.686081,-0.001000
137.319860,34.685892,-0.001000
137.319710,34.685729,-0.001000
137.319527,34.685463,-0.001000
137.318390,34.683660,-0.001000
137.318057,34.683163,-0.001000
137.317821,34.682871,-0.001000
137.317510,34.682587,-0.001000
137.317156,34.682321,-0.001000
137.316663,34.682047,-0.001000
137.316212,34.681884,-0.001000
137.315203,34.681472,-0.001000
137.314603,34.681171,-0.001000
137.314345,34.681025,-0.001000
137.313637,34.680588,-0.001000
137.313294,34.680347,-0.001000
137.311695,34.678777,-0.001000
137.309356,34.676845,-0.001000
137.308777,34.676348,-0.001000
137.308283,34.675996,-0.001000
137.307983,34.675824,-0.001000
137.307683,34.675704,-0.001000
137.303552,34.674502,-0.001000
137.303294,34.674399,-0.001000
137.302973,34.674262,-0.001000
137.301846,34.673721,-0.001000
137.300730,34.673180,-0.001000
137.299625,34.672657,-0.001000
137.299110,34.672468,-0.001000
137.298767,34.672382,-0.001000
137.298445,34.672322,-0.001000
137.297125,34.672236,-0.001000
137.296449,34.672176,-0.001000
137.295698,34.672099,-0.001000
137.295226,34.672039,-0.001000
137.294068,34.671919,-0.001000
137.291739,34.671653,-0.001000
137.290710,34.671541,-0.001000
137.290195,34.671455,-0.001000
137.289851,34.671361,-0.001000
137.289508,34.671215,-0.001000
137.289207,34.671060,-0.001000
137.288929,34.670889,-0.001000
137.288714,34.670709,-0.001000
137.288478,34.670477,-0.001000
137.288306,34.670271,-0.001000
137.287620,34.669327,-0.001000
137.287394,34.669035,-0.001000
137.286064,34.667301,-0.001000
137.285667,34.666820,-0.001000
137.285216,34.666365,-0.001000
137.285082,34.666232,-0.001000
137.284948,34.666117,-0.001000
137.284750,34.665941,-0.001000
137.284551,34.665795,-0.001000
137.284299,34.665597,-0.001000
137.284036,34.665400,-0.001000
137.283564,34.665074,-0.001000
137.283146,34.664812,-0.001000
137.282620,34.664524,-0.001000
137.282094,34.664275,-0.001000
137.281440,34.663992,-0.001000
137.280785,34.663778,-0.001000
137.279659,34.663486,-0.001000
137.277148,34.662945,-0.001000
137.274981,34.662464,-0.001000
137.272395,34.661881,-0.001000
137.270507,34.661469,-0.001000
137.268941,34.661143,-0.001000
137.266827,34.660619,-0.001000
137.264982,34.660147,-0.001000
137.262407,34.659495,-0.001000
137.258716,34.658636,-0.001000
137.257450,34.658302,-0.001000
137.254500,34.657598,-0.001000
137.252692,34.657156,-0.001000
137.252241,34.657036,-0.001000
137.251222,34.656722,-0.001000
137.250428,34.656443,-0.001000
137.249768,34.656182,-0.001000
137.248148,34.655508,-0.001000
137.246432,34.654830,-0.001000
137.244919,34.654203,-0.001000
137.243867,34.653791,-0.001000
137.243546,34.653663,-0.001000
137.243256,34.653551,-0.001000
137.243009,34.653422,-0.001000
137.242247,34.653225,-0.001000
137.241636,34.653087,-0.001000
137.241378,34.653079,-0.001000
137.240681,34.652967,-0.001000
137.237720,34.652435,-0.001000
137.230381,34.651096,-0.001000
137.226240,34.650324,-0.001000
137.224802,34.650066,-0.001000
137.223901,34.649912,-0.001000
137.223601,34.649877,-0.001000
137.223053,34.649843,-0.001000
137.222614,34.649877,-0.001000
137.222131,34.649912,-0.001000
137.221830,34.649955,-0.001000
137.221648,34.649998,-0.001000
137.221251,34.650169,-0.001000
137.219127,34.651216,-0.001000
137.218000,34.651766,-0.001000
137.217163,34.652195,-0.001000
137.214964,34.653276,-0.001000
137.214642,34.653405,-0.001000
137.214417,34.653474,-0.001000
137.214041,34.653560,-0.001000
137.213505,34.653654,-0.001000
137.212893,34.653723,-0.001000
137.212024,34.653800,-0.001000
137.210479,34.653911,-0.001000
137.208838,34.654057,-0.001000
137.208591,34.654092,-0.001000
137.208334,34.654152,-0.001000
137.208022,34.654238,-0.001000
137.207679,34.654392,-0.001000
137.206939,34.654804,-0.001000
137.206585,34.654984,-0.001000
137.206091,34.655165,-0.001000
137.204986,34.655542,-0.001000
137.204621,34.655645,-0.001000
137.203130,34.656143,-0.001000
137.200598,34.656984,-0.001000
137.200255,34.657122,-0.001000
137.199997,34.657242,-0.001000
137.199761,34.657370,-0.001000
137.199557,34.657499,-0.001000
137.199353,34.657662,-0.001000
137.199150,34.657825,-0.001000
137.198935,34.658048,-0.001000
137.198796,34.658203,-0.001000
137.197444,34.659860,-0.001000
137.196779,34.660718,-0.001000
137.196521,34.661147,-0.001000
137.195888,34.662443,-0.001000
137.194922,34.664348,-0.001000
137.194762,34.664589,-0.001000
137.194601,34.664778,-0.001000
137.194397,34.664958,-0.001000
137.194247,34.665087,-0.001000
137.194011,34.665241,-0.001000
137.193721,34.665396,-0.001000
137.193528,34.665481,-0.001000
137.193077,34.665632,-0.001000
137.192417,34.665825,-0.001000
137.191216,34.666211,-0.001000
137.190749,34.666365,-0.001000
137.189504,34.666760,-0.001000
137.188753,34.667001,-0.001000
137.188142,34.667189,-0.001000
137.187841,34.667241,-0.001000
137.187562,34.667275,-0.001000
137.187294,34.667292,-0.001000
137.187112,34.667292,-0.001000
137.186908,34.667275,-0.001000
137.186618,34.667241,-0.001000
137.186254,34.667172,-0.001000
137.185857,34.667009,-0.001000
137.185449,34.666829,-0.001000
137.185181,34.666674,-0.001000
137.184870,34.666434,-0.001000
137.183378,34.665104,-0.001000
137.181061,34.663035,-0.001000
137.180632,34.662623,-0.001000
137.179537,34.661353,-0.001000
137.178658,34.660297,-0.001000
137.178422,34.660023,-0.001000
137.178228,34.659842,-0.001000
137.177939,34.659619,-0.001000
137.177617,34.659413,-0.001000
137.177316,34.659276,-0.001000
137.177048,34.659190,-0.001000
137.176533,34.659087,-0.001000
137.174870,34.658795,-0.001000
137.174624,34.658744,-0.001000
137.174430,34.658684,-0.001000
137.174205,34.658598,-0.001000
137.173980,34.658495,-0.001000
137.173776,34.658383,-0.001000
137.173508,34.658212,-0.001000
137.173154,34.657928,-0.001000
137.172446,34.657242,-0.001000
137.172070,34.656950,-0.001000
137.171737,34.656718,-0.001000
137.171276,34.656469,-0.001000
137.170933,34.656323,-0.001000
137.170665,34.656229,-0.001000
137.170396,34.656160,-0.001000
137.166706,34.655422,-0.001000
137.164925,34.655122,-0.001000
137.164056,34.654967,-0.001000
137.163594,34.654864,-0.001000
137.163272,34.654761,-0.001000
137.162715,34.654538,-0.001000
137.162092,34.654263,-0.001000
137.161470,34.653989,-0.001000
137.161116,34.653817,-0.001000
137.160354,34.653457,-0.001000
137.159764,34.653173,-0.001000
137.158348,34.652658,-0.001000
137.156814,34.652083,-0.001000
137.155548,34.651628,-0.001000
137.155322,34.651551,-0.001000
137.155000,34.651414,-0.001000
137.154518,34.651173,-0.001000
137.153198,34.650435,-0.001000
137.152737,34.650161,-0.001000
137.152576,34.650049,-0.001000
137.152275,34.649766,-0.001000
137.151739,34.649217,-0.001000
137.150054,34.647448,-0.001000
137.149840,34.647251,-0.001000
137.149475,34.647002,-0.001000
137.148005,34.646315,-0.001000
137.146922,34.645809,-0.001000
137.146321,34.645543,-0.001000
137.144990,34.644916,-0.001000
137.144551,34.644702,-0.001000
137.144239,34.644504,-0.001000
137.142973,34.643758,-0.001000
137.140763,34.642470,-0.001000
137.140152,34.642127,-0.001000
137.138993,34.641423,-0.001000
137.137352,34.640496,-0.001000
137.136740,34.640179,-0.001000
137.131204,34.637664,-0.001000
137.130904,34.637518,-0.001000
137.130625,34.637406,-0.001000
137.129992,34.637166,-0.001000
137.128457,34.636565,-0.001000
137.127760,34.636308,-0.001000
137.127846,34.635947,-0.001000
137.127910,34.635840,-0.001000
137.127916,34.635750,-0.001000
137.127910,34.635681,-0.001000
137.127873,34.635612,-0.001000
137.127808,34.635544,-0.001000
137.127728,34.635492,-0.001000
137.127599,34.635432,-0.001000
137.127497,34.635415,-0.001000
137.126843,34.635102,-0.001000
137.125845,34.634612,-0.001000
137.124461,34.633926,-0.001000
137.121714,34.632595,-0.001000
137.120395,34.631952,-0.001000
137.117906,34.630750,-0.001000
137.116779,34.630244,-0.001000
137.115717,34.629806,-0.001000
137.114612,34.629377,-0.001000
137.112455,34.628613,-0.001000
137.110149,34.627815,-0.001000
137.107896,34.627059,-0.001000
137.107381,34.626905,-0.001000
137.106930,34.626785,-0.001000
137.106308,34.626673,-0.001000
137.105149,34.626510,-0.001000
137.104419,34.626407,-0.001000
137.103089,34.626210,-0.001000
137.102628,34.626098,-0.001000
137.102220,34.625978,-0.001000
137.101694,34.625806,-0.001000
137.101372,34.625686,-0.001000
137.100675,34.625411,-0.001000
137.098497,34.624407,-0.001000
137.096695,34.623557,-0.001000
137.096255,34.623309,-0.001000
137.095718,34.622965,-0.001000
137.095332,34.622768,-0.001000
137.094527,34.622562,-0.001000
137.093519,34.622296,-0.001000
137.093304,34.622218,-0.001000
137.093058,34.622090,-0.001000
137.091641,34.621188,-0.001000
137.091105,34.620880,-0.001000
137.090654,34.620639,-0.001000
137.089796,34.620262,-0.001000
137.089581,34.620219,-0.001000
137.085183,34.619566,-0.001000
137.084668,34.619455,-0.001000
137.084281,34.619335,-0.001000
137.084131,34.619283,-0.001000
137.083809,34.619111,-0.001000
137.082565,34.618408,-0.001000
137.080108,34.617000,-0.001000
137.077544,34.615541,-0.001000
137.076889,34.615137,-0.001000
137.075784,34.614511,-0.001000
137.075087,34.614082,-0.001000
137.074679,34.613816,-0.001000
137.074475,34.613644,-0.001000
137.074293,34.613472,-0.001000
137.074175,34.613335,-0.001000
137.074046,34.613198,-0.001000
137.073917,34.612992,-0.001000
137.073038,34.611095,-0.001000
137.072780,34.610640,-0.001000
137.072683,34.610485,-0.001000
137.072244,34.609953,-0.001000
137.071943,34.609619,-0.001000
137.071546,34.609258,-0.001000
137.071203,34.609009,-0.001000
137.070892,34.608795,-0.001000
137.068928,34.607679,-0.001000
137.066986,34.606494,-0.001000
137.066697,34.606305,-0.001000
137.066010,34.605911,-0.001000
137.065431,34.605627,-0.001000
137.064873,34.605421,-0.001000
137.063768,34.605061,-0.001000
137.061665,34.604246,-0.001000
137.061429,34.604160,-0.001000
137.061139,34.604108,-0.001000
137.060238,34.603979,-0.001000
137.060056,34.603954,-0.001000
137.059648,34.603851,-0.001000
137.059240,34.603705,-0.001000
137.058983,34.603576,-0.001000
137.056515,34.602220,-0.001000
137.051172,34.599465,-0.001000
137.050743,34.599250,-0.001000
137.050453,34.599096,-0.001000
137.050271,34.598976,-0.001000
137.050089,34.598804,-0.001000
137.049842,34.598495,-0.001000
137.049466,34.598023,-0.001000
137.049177,34.597654,-0.001000
137.049048,34.597439,-0.001000
137.048426,34.595937,-0.001000
137.048286,34.595336,-0.001000
137.048190,34.594933,-0.001000
137.048114,34.594710,-0.001000
137.048029,34.594572,-0.001000
137.047900,34.594409,-0.001000
137.046462,34.593225,-0.001000
137.046258,34.593027,-0.001000
137.046108,34.592804,-0.001000
137.045711,34.592161,-0.001000
137.045518,34.591877,-0.001000
137.044896,34.591036,-0.001000
137.044338,34.590547,-0.001000
137.043823,34.590169,-0.001000
137.043372,34.589903,-0.001000
137.042825,34.589586,-0.001000
137.042611,34.589465,-0.001000
137.042385,34.589414,-0.001000
137.042181,34.589380,-0.001000
137.041935,34.589380,-0.001000
137.041591,34.589405,-0.001000
137.040175,34.589603,-0.001000
137.038287,34.589860,-0.001000
137.037139,34.590032,-0.001000
137.036806,34.590049,-0.001000
137.036613,34.590049,-0.001000
137.036334,34.590032,-0.001000
137.035873,34.589963,-0.001000
137.029596,34.588847,-0.001000
137.029328,34.588762,-0.001000
137.028856,34.588538,-0.001000
137.028642,34.588410,-0.001000
137.028352,34.588161,-0.001000
137.028062,34.587895,-0.001000
137.027429,34.587242,-0.001000
137.027150,34.586994,-0.001000
137.026861,34.586702,-0.001000
137.026700,34.586513,-0.001000
137.026582,34.586350,-0.001000
137.026496,34.586195,-0.001000
137.026206,34.585672,-0.001000
137.025777,34.584951,-0.001000
137.025509,34.584547,-0.001000
137.025187,34.584221,-0.001000
137.025037,34.584071,-0.001000
137.023862,34.583187,-0.001000
137.023025,34.582633,-0.001000
137.022875,34.582530,-0.001000
137.022789,34.582423,-0.001000
137.022768,34.582294,-0.001000
137.022768,34.582208,-0.001000
137.022778,34.582131,-0.001000
137.022794,34.582067,-0.001000
137.022623,34.581981,-0.001000
137.021738,34.581264,-0.001000
137.021040,34.580711,-0.001000
137.020686,34.580419,-0.001000
</coordinates>
</LineString>
</Placemark>
</Folder>
<Folder>
<name>幸手IC交差点</name>
<Folder>
<name>Points</name>
<Placemark>
<name>JR0001</name>
<TimeStamp><when>2026-09-23T06:39:22Z</when></TimeStamp>
<styleUrl>#route</styleUrl>
<Point>
<coordinates>139.740677,36.065897,-0.001000</coordinates>
</Point>
<ExtendedData>
	<Data name="IconNumber">
		<value>901001</value>
	</Data>
</ExtendedData>
</Placemark>
<Placemark>
<name>JR0002</name>
<TimeStamp><when>2026-09-23T06:39:32Z</when></TimeStamp>
<styleUrl>#route</styleUrl>
<Point>
<coordinates>139.740843,36.065799,-0.001000</coordinates>
</Point>
<ExtendedData>
	<Data name="IconNumber">
		<value>901001</value>
	</Data>
</ExtendedData>
</Placemark>
<Placemark>
<name>ZV0096</name>
<TimeStamp><when>2026-09-23T06:39:42Z</when></TimeStamp>
<styleUrl>#route</styleUrl>
<Point>
<coordinates>139.740989,36.065636,-0.001000</coordinates>
</Point>
<ExtendedData>
	<Data name="IconNumber">
		<value>901001</value>
	</Data>
</ExtendedData>
</Placemark>
</Folder>
<Placemark>
<name>Path</name>
<Style>
<LineStyle>
 <color>ff0000ff</color>
 <width>2</width>
</LineStyle>
</Style>
<LineString>
<tessellate>1</tessellate>
<coordinates>
139.740677,36.065897,-0.001000
139.740843,36.065799,-0.001000
139.740989,36.065636,-0.001000
</coordinates>
</LineString>
</Placemark>
</Folder>
</Folder>
</Document>
</kml>
